solid OpenSCAD_Model
  facet normal -0.97237 0.233444 0
    outer loop
      vertex 5.86402 59.0135 0
      vertex 6.05451 59.8069 2
      vertex 6.05451 59.8069 0
    endloop
  endfacet
  facet normal -0.97237 0.233444 0
    outer loop
      vertex 6.05451 59.8069 2
      vertex 5.86402 59.0135 0
      vertex 5.86402 59.0135 2
    endloop
  endfacet
  facet normal -0.382683 0.92388 0
    outer loop
      vertex 9.39311 63.1455 0
      vertex 8.63925 62.8332 2
      vertex 9.39311 63.1455 2
    endloop
  endfacet
  facet normal -0.382683 0.92388 0
    outer loop
      vertex 8.63925 62.8332 2
      vertex 9.39311 63.1455 0
      vertex 8.63925 62.8332 0
    endloop
  endfacet
  facet normal -0.923879 0.382685 0
    outer loop
      vertex 6.05451 59.8069 0
      vertex 6.36677 60.5607 2
      vertex 6.36677 60.5607 0
    endloop
  endfacet
  facet normal -0.923879 0.382685 0
    outer loop
      vertex 6.36677 60.5607 2
      vertex 6.05451 59.8069 0
      vertex 6.05451 59.8069 2
    endloop
  endfacet
  facet normal -0.996917 0.0784597 0
    outer loop
      vertex 5.86402 59.0135 0
      vertex 5.80082 58.2104 2
      vertex 5.86402 59.0135 2
    endloop
  endfacet
  facet normal -0.996917 0.0784598 4.16175e-008
    outer loop
      vertex 5.8 58.2 0
      vertex 5.80082 58.2104 2
      vertex 5.86402 59.0135 0
    endloop
  endfacet
  facet normal -0.996917 0.0784678 0
    outer loop
      vertex 5.80082 58.2104 2
      vertex 5.8 58.2 0
      vertex 5.8 58.2 1.99854
    endloop
  endfacet
  facet normal -0.760404 0.64945 0
    outer loop
      vertex 6.79311 61.2565 0
      vertex 7.32304 61.877 2
      vertex 7.32304 61.877 0
    endloop
  endfacet
  facet normal -0.760404 0.64945 0
    outer loop
      vertex 7.32304 61.877 2
      vertex 6.79311 61.2565 0
      vertex 6.79311 61.2565 2
    endloop
  endfacet
  facet normal -0.522499 0.85264 0
    outer loop
      vertex 8.63925 62.8332 0
      vertex 7.94352 62.4069 2
      vertex 8.63925 62.8332 2
    endloop
  endfacet
  facet normal -0.522499 0.85264 0
    outer loop
      vertex 7.94352 62.4069 2
      vertex 8.63925 62.8332 0
      vertex 7.94352 62.4069 0
    endloop
  endfacet
  facet normal -0.233447 0.97237 0
    outer loop
      vertex 10.1865 63.336 0
      vertex 9.39311 63.1455 2
      vertex 10.1865 63.336 2
    endloop
  endfacet
  facet normal -0.233447 0.97237 0
    outer loop
      vertex 9.39311 63.1455 2
      vertex 10.1865 63.336 0
      vertex 9.39311 63.1455 0
    endloop
  endfacet
  facet normal -0.649449 0.760405 0
    outer loop
      vertex 7.94352 62.4069 0
      vertex 7.32304 61.877 2
      vertex 7.94352 62.4069 2
    endloop
  endfacet
  facet normal -0.649449 0.760405 0
    outer loop
      vertex 7.32304 61.877 2
      vertex 7.94352 62.4069 0
      vertex 7.32304 61.877 0
    endloop
  endfacet
  facet normal 0.104685 0.994505 -0
    outer loop
      vertex 11.0001 63.4 0
      vertex 11 63.4 2
      vertex 11.0001 63.4 2
    endloop
  endfacet
  facet normal 0.104685 0.994505 0
    outer loop
      vertex 11 63.4 2
      vertex 11.0001 63.4 0
      vertex 11 63.4 0
    endloop
  endfacet
  facet normal 0 0 1
    outer loop
      vertex 67 60.65 2
      vertex 66.8077 60.7067 2
      vertex 66.8167 60.65 2
    endloop
  endfacet
  facet normal 0 0 1
    outer loop
      vertex 66.6674 61.4788 2
      vertex 66.8679 61.4843 2
      vertex 66.7057 61.8758 2
    endloop
  endfacet
  facet normal 0 0 1
    outer loop
      vertex 66.9668 61.0724 2
      vertex 66.6935 61.4277 2
      vertex 66.8077 60.7067 2
    endloop
  endfacet
  facet normal 0 0 1
    outer loop
      vertex 66.8679 61.4843 2
      vertex 66.6674 61.4788 2
      vertex 66.6935 61.4277 2
    endloop
  endfacet
  facet normal -0 0 1
    outer loop
      vertex 66.336 62.1293 2
      vertex 66.7057 61.8758 2
      vertex 66.4843 62.237 2
    endloop
  endfacet
  facet normal 0 0 1
    outer loop
      vertex 66.7057 61.8758 2
      vertex 66.336 62.1293 2
      vertex 66.6674 61.4788 2
    endloop
  endfacet
  facet normal 0 0 1
    outer loop
      vertex 66.4843 62.237 2
      vertex 66.2955 62.1698 2
      vertex 66.336 62.1293 2
    endloop
  endfacet
  facet normal 0 0 1
    outer loop
      vertex 66.2092 62.5592 2
      vertex 66.2955 62.1698 2
      vertex 66.4843 62.237 2
    endloop
  endfacet
  facet normal -0 0 1
    outer loop
      vertex 65.7793 62.686 2
      vertex 66.2092 62.5592 2
      vertex 65.887 62.8343 2
    endloop
  endfacet
  facet normal 0 0 1
    outer loop
      vertex 66.2092 62.5592 2
      vertex 65.7793 62.686 2
      vertex 66.2955 62.1698 2
    endloop
  endfacet
  facet normal 0 0 1
    outer loop
      vertex 65.5258 63.0557 2
      vertex 65.7793 62.686 2
      vertex 65.887 62.8343 2
    endloop
  endfacet
  facet normal 0 0 1
    outer loop
      vertex 65.1288 63.0175 2
      vertex 65.5258 63.0557 2
      vertex 65.1343 63.2179 2
    endloop
  endfacet
  facet normal 0 0 1
    outer loop
      vertex 65.5258 63.0557 2
      vertex 65.1288 63.0175 2
      vertex 65.7793 62.686 2
    endloop
  endfacet
  facet normal 0 0 1
    outer loop
      vertex 65.1343 63.2179 2
      vertex 65.0777 63.0435 2
      vertex 65.1288 63.0175 2
    endloop
  endfacet
  facet normal 0 0 1
    outer loop
      vertex 65.1343 63.2179 2
      vertex 65.021 63.0525 2
      vertex 65.0777 63.0435 2
    endloop
  endfacet
  facet normal 0 0 1
    outer loop
      vertex 64.7224 63.3168 2
      vertex 65.021 63.0525 2
      vertex 65.1343 63.2179 2
    endloop
  endfacet
  facet normal 0 0 1
    outer loop
      vertex 64.3 63.1667 2
      vertex 64.7224 63.3168 2
      vertex 64.3 63.35 2
    endloop
  endfacet
  facet normal 0 0 1
    outer loop
      vertex 64.7224 63.3168 2
      vertex 64.3 63.1667 2
      vertex 65.021 63.0525 2
    endloop
  endfacet
  facet normal -0 0 1
    outer loop
      vertex 64.0704 63.3319 2
      vertex 64.3 63.1667 2
      vertex 64.3 63.35 2
    endloop
  endfacet
  facet normal 0 0 1
    outer loop
      vertex 64.0704 63.3319 2
      vertex 63.579 63.0525 2
      vertex 64.3 63.1667 2
    endloop
  endfacet
  facet normal 0 0 1
    outer loop
      vertex 64 63.4 2
      vertex 63.579 63.0525 2
      vertex 64.0704 63.3319 2
    endloop
  endfacet
  facet normal 0 0 1
    outer loop
      vertex 64 63.4 2
      vertex 63.5223 63.0435 2
      vertex 63.579 63.0525 2
    endloop
  endfacet
  facet normal 0 0 1
    outer loop
      vertex 64 63.4 2
      vertex 63.4712 63.0175 2
      vertex 63.5223 63.0435 2
    endloop
  endfacet
  facet normal 0 0 1
    outer loop
      vertex 64 63.4 2
      vertex 62.8207 62.686 2
      vertex 63.4712 63.0175 2
    endloop
  endfacet
  facet normal 0 0 1
    outer loop
      vertex 60 60.5 2
      vertex 61.9325 61.4788 2
      vertex 62.264 62.1293 2
    endloop
  endfacet
  facet normal 0 0 1
    outer loop
      vertex 60 60.5 2
      vertex 61.8975 61.371 2
      vertex 61.9065 61.4277 2
    endloop
  endfacet
  facet normal 0 0 1
    outer loop
      vertex 61.8975 61.371 2
      vertex 60 60.5 2
      vertex 61.7833 60.65 2
    endloop
  endfacet
  facet normal 0 0 1
    outer loop
      vertex 61.9325 61.4788 2
      vertex 60 60.5 2
      vertex 61.9065 61.4277 2
    endloop
  endfacet
  facet normal 0 0 1
    outer loop
      vertex 58.5 60.5 2
      vertex 62.264 62.1293 2
      vertex 62.8207 62.686 2
    endloop
  endfacet
  facet normal 0 0 1
    outer loop
      vertex 62.264 62.1293 2
      vertex 58.5 60.5 2
      vertex 60 60.5 2
    endloop
  endfacet
  facet normal 0 0 1
    outer loop
      vertex 50 60.5 2
      vertex 62.8207 62.686 2
      vertex 64 63.4 2
    endloop
  endfacet
  facet normal 0 0 1
    outer loop
      vertex 58.5 60.5 2
      vertex 57 58.5 2
      vertex 58.5 55 2
    endloop
  endfacet
  facet normal 0 0 1
    outer loop
      vertex 58.5 60.5 2
      vertex 51.5 58.5 2
      vertex 57 58.5 2
    endloop
  endfacet
  facet normal 0 0 1
    outer loop
      vertex 62.8207 62.686 2
      vertex 50 60.5 2
      vertex 58.5 60.5 2
    endloop
  endfacet
  facet normal 0 0 1
    outer loop
      vertex 51.5 58.5 2
      vertex 50 60.5 2
      vertex 51.5 57 2
    endloop
  endfacet
  facet normal 0 0 1
    outer loop
      vertex 58.5 60.5 2
      vertex 50 60.5 2
      vertex 51.5 58.5 2
    endloop
  endfacet
  facet normal 0 0 1
    outer loop
      vertex 64 63.4 2
      vertex 48.5 60.5 2
      vertex 50 60.5 2
    endloop
  endfacet
  facet normal 0 0 1
    outer loop
      vertex 48.5 60.5 2
      vertex 47 58.5 2
      vertex 48.5 55 2
    endloop
  endfacet
  facet normal 0 0 1
    outer loop
      vertex 48.5 60.5 2
      vertex 41.5 58.5 2
      vertex 47 58.5 2
    endloop
  endfacet
  facet normal 0 0 1
    outer loop
      vertex 41.5 58.5 2
      vertex 40 60.5 2
      vertex 41.5 57 2
    endloop
  endfacet
  facet normal 0 0 1
    outer loop
      vertex 48.5 60.5 2
      vertex 40 60.5 2
      vertex 41.5 58.5 2
    endloop
  endfacet
  facet normal 0 0 1
    outer loop
      vertex 64 63.4 2
      vertex 40 60.5 2
      vertex 48.5 60.5 2
    endloop
  endfacet
  facet normal 0 0 1
    outer loop
      vertex 64 63.4 2
      vertex 38.5 60.5 2
      vertex 40 60.5 2
    endloop
  endfacet
  facet normal 0 0 1
    outer loop
      vertex 38.5 60.5 2
      vertex 37 58.5 2
      vertex 38.5 55 2
    endloop
  endfacet
  facet normal 0 0 1
    outer loop
      vertex 38.5 60.5 2
      vertex 31.5 58.5 2
      vertex 37 58.5 2
    endloop
  endfacet
  facet normal 0 0 1
    outer loop
      vertex 31.5 58.5 2
      vertex 30 60.5 2
      vertex 31.5 57 2
    endloop
  endfacet
  facet normal 0 0 1
    outer loop
      vertex 38.5 60.5 2
      vertex 30 60.5 2
      vertex 31.5 58.5 2
    endloop
  endfacet
  facet normal -0 0 1
    outer loop
      vertex 11.0001 63.4 2
      vertex 38.5 60.5 2
      vertex 64 63.4 2
    endloop
  endfacet
  facet normal 0 0 1
    outer loop
      vertex 38.5 60.5 2
      vertex 11.0001 63.4 2
      vertex 30 60.5 2
    endloop
  endfacet
  facet normal 0 0 1
    outer loop
      vertex 28.5 60.5 2
      vertex 27 58.5 2
      vertex 28.5 55 2
    endloop
  endfacet
  facet normal 0 0 1
    outer loop
      vertex 28.5 60.5 2
      vertex 21.5 58.5 2
      vertex 27 58.5 2
    endloop
  endfacet
  facet normal 0 0 1
    outer loop
      vertex 21.5 58.5 2
      vertex 20 60.5 2
      vertex 21.5 57 2
    endloop
  endfacet
  facet normal 0 0 1
    outer loop
      vertex 28.5 60.5 2
      vertex 20 60.5 2
      vertex 21.5 58.5 2
    endloop
  endfacet
  facet normal 0 0 1
    outer loop
      vertex 30 60.5 2
      vertex 11.0001 63.4 2
      vertex 28.5 60.5 2
    endloop
  endfacet
  facet normal 0 0 1
    outer loop
      vertex 28.5 60.5 2
      vertex 11.0001 63.4 2
      vertex 20 60.5 2
    endloop
  endfacet
  facet normal 0 0 1
    outer loop
      vertex 18.5 60.5 2
      vertex 17 58.5 2
      vertex 18.5 55 2
    endloop
  endfacet
  facet normal 0 0 1
    outer loop
      vertex 11.0001 63.4 2
      vertex 17 58.5 2
      vertex 18.5 60.5 2
    endloop
  endfacet
  facet normal -0 0 1
    outer loop
      vertex 10.8077 58.0433 2
      vertex 11.5 57 2
      vertex 11.5 58.5 2
    endloop
  endfacet
  facet normal 0 0 1
    outer loop
      vertex 10.336 56.6207 2
      vertex 11.5 57 2
      vertex 10.6675 57.2712 2
    endloop
  endfacet
  facet normal 0 0 1
    outer loop
      vertex 9.77926 56.064 2
      vertex 11.5 57 2
      vertex 10.2955 56.5802 2
    endloop
  endfacet
  facet normal 0 0 1
    outer loop
      vertex 9.60769 45.3433 2
      vertex 11.5 47 2
      vertex 9.61667 45.4 2
    endloop
  endfacet
  facet normal -0 0 1
    outer loop
      vertex 10.336 59.5793 2
      vertex 11.5 58.5 2
      vertex 11.0001 63.4 2
    endloop
  endfacet
  facet normal 0 0 1
    outer loop
      vertex 17 58.5 2
      vertex 11.0001 63.4 2
      vertex 11.5 58.5 2
    endloop
  endfacet
  facet normal 0 0 1
    outer loop
      vertex 20 60.5 2
      vertex 11.0001 63.4 2
      vertex 18.5 60.5 2
    endloop
  endfacet
  facet normal -0 0 1
    outer loop
      vertex 66.8077 60.7067 2
      vertex 67 60.65 2
      vertex 66.9668 61.0724 2
    endloop
  endfacet
  facet normal 0 0 1
    outer loop
      vertex 67.85 50 2
      vertex 67.6525 50.371 2
      vertex 67.7667 49.65 2
    endloop
  endfacet
  facet normal 0 0 1
    outer loop
      vertex 67.85 50 2
      vertex 67.6435 50.4277 2
      vertex 67.6525 50.371 2
    endloop
  endfacet
  facet normal 0 0 1
    outer loop
      vertex 67 60.5 2
      vertex 67.6435 50.4277 2
      vertex 67.85 50 2
    endloop
  endfacet
  facet normal 0 0 1
    outer loop
      vertex 67 60.5 2
      vertex 67.6175 50.4788 2
      vertex 67.6435 50.4277 2
    endloop
  endfacet
  facet normal 0 0 1
    outer loop
      vertex 67 60.5 2
      vertex 67.286 51.1293 2
      vertex 67.6175 50.4788 2
    endloop
  endfacet
  facet normal 0 0 1
    outer loop
      vertex 66.8077 60.5933 2
      vertex 67 60.5 2
      vertex 66.989 60.5106 2
    endloop
  endfacet
  facet normal 0 0 1
    outer loop
      vertex 66.8077 60.5933 2
      vertex 67 60.65 2
      vertex 66.8167 60.65 2
    endloop
  endfacet
  facet normal -0 0 1
    outer loop
      vertex 66.6935 61.4277 2
      vertex 66.9668 61.0724 2
      vertex 66.8679 61.4843 2
    endloop
  endfacet
  facet normal 0 0 1
    outer loop
      vertex 67 60.65 2
      vertex 66.8077 60.5933 2
      vertex 66.989 60.5106 2
    endloop
  endfacet
  facet normal 0 0 1
    outer loop
      vertex 67 60.5 2
      vertex 66.8077 60.5933 2
      vertex 66.6935 59.8723 2
    endloop
  endfacet
  facet normal 0 0 1
    outer loop
      vertex 67 60.5 2
      vertex 66.6935 59.8723 2
      vertex 67.286 51.1293 2
    endloop
  endfacet
  facet normal -0 0 1
    outer loop
      vertex 66.3621 59.2218 2
      vertex 67.286 51.1293 2
      vertex 66.6935 59.8723 2
    endloop
  endfacet
  facet normal -0 0 1
    outer loop
      vertex 66.336 59.1707 2
      vertex 67.286 51.1293 2
      vertex 66.3621 59.2218 2
    endloop
  endfacet
  facet normal 0 0 1
    outer loop
      vertex 67.286 51.1293 2
      vertex 66.336 59.1707 2
      vertex 66.7293 51.686 2
    endloop
  endfacet
  facet normal -0 0 1
    outer loop
      vertex 66.2955 59.1302 2
      vertex 66.7293 51.686 2
      vertex 66.336 59.1707 2
    endloop
  endfacet
  facet normal -0 0 1
    outer loop
      vertex 65.7793 58.614 2
      vertex 66.7293 51.686 2
      vertex 66.2955 59.1302 2
    endloop
  endfacet
  facet normal 0 0 1
    outer loop
      vertex 66.7293 51.686 2
      vertex 65.7793 58.614 2
      vertex 66.0788 52.0175 2
    endloop
  endfacet
  facet normal 0 0 1
    outer loop
      vertex 66.0788 52.0175 2
      vertex 65.7793 58.614 2
      vertex 66.0277 52.0435 2
    endloop
  endfacet
  facet normal -0 0 1
    outer loop
      vertex 65.7281 58.5879 2
      vertex 66.0277 52.0435 2
      vertex 65.7793 58.614 2
    endloop
  endfacet
  facet normal -0 0 1
    outer loop
      vertex 65.0777 58.2565 2
      vertex 66.0277 52.0435 2
      vertex 65.7281 58.5879 2
    endloop
  endfacet
  facet normal 0 0 1
    outer loop
      vertex 66.0277 52.0435 2
      vertex 65.0777 58.2565 2
      vertex 65.971 52.0525 2
    endloop
  endfacet
  facet normal 0 0 1
    outer loop
      vertex 65.971 52.0525 2
      vertex 65.0777 58.2565 2
      vertex 65.25 52.1667 2
    endloop
  endfacet
  facet normal -0 0 1
    outer loop
      vertex 64.3567 58.1423 2
      vertex 65.25 52.1667 2
      vertex 65.0777 58.2565 2
    endloop
  endfacet
  facet normal -0 0 1
    outer loop
      vertex 64.3 58.1333 2
      vertex 65.25 52.1667 2
      vertex 64.3567 58.1423 2
    endloop
  endfacet
  facet normal -0 0 1
    outer loop
      vertex 62 53.5 2
      vertex 65.25 52.1667 2
      vertex 64.3 58.1333 2
    endloop
  endfacet
  facet normal 0 0 1
    outer loop
      vertex 65.25 52.1667 2
      vertex 62 53.5 2
      vertex 64.529 52.0525 2
    endloop
  endfacet
  facet normal 0 0 1
    outer loop
      vertex 64.529 52.0525 2
      vertex 62 53.5 2
      vertex 64.4723 52.0435 2
    endloop
  endfacet
  facet normal 0 0 1
    outer loop
      vertex 62 53.5 2
      vertex 64.3 58.1333 2
      vertex 64.2433 58.1423 2
    endloop
  endfacet
  facet normal 0 0 1
    outer loop
      vertex 64.4723 52.0435 2
      vertex 62 53.5 2
      vertex 64.4212 52.0175 2
    endloop
  endfacet
  facet normal 0 0 1
    outer loop
      vertex 62 53.5 2
      vertex 64.2433 58.1423 2
      vertex 63.5223 58.2565 2
    endloop
  endfacet
  facet normal 0 0 1
    outer loop
      vertex 64.4212 52.0175 2
      vertex 62 53.5 2
      vertex 63.7707 51.686 2
    endloop
  endfacet
  facet normal -0 0 1
    outer loop
      vertex 62 52 2
      vertex 63.7707 51.686 2
      vertex 62 53.5 2
    endloop
  endfacet
  facet normal 0 0 1
    outer loop
      vertex 60 55 2
      vertex 63.5223 58.2565 2
      vertex 62.8718 58.5879 2
    endloop
  endfacet
  facet normal 0 0 1
    outer loop
      vertex 63.7707 51.686 2
      vertex 62 52 2
      vertex 63.214 51.1293 2
    endloop
  endfacet
  facet normal 0 0 1
    outer loop
      vertex 63.214 51.1293 2
      vertex 62 52 2
      vertex 62.8825 50.4788 2
    endloop
  endfacet
  facet normal 0 0 1
    outer loop
      vertex 60 55 2
      vertex 62.8718 58.5879 2
      vertex 62.8207 58.614 2
    endloop
  endfacet
  facet normal 0 0 1
    outer loop
      vertex 62.8825 50.4788 2
      vertex 62 52 2
      vertex 62.8565 50.4277 2
    endloop
  endfacet
  facet normal 0 0 1
    outer loop
      vertex 60 55 2
      vertex 62.8207 58.614 2
      vertex 62.264 59.1707 2
    endloop
  endfacet
  facet normal 0 0 1
    outer loop
      vertex 68.9924 39.1943 2
      vertex 69.0435 38.8592 2
      vertex 69.0292 39.0411 2
    endloop
  endfacet
  facet normal 0 0 1
    outer loop
      vertex 68.9924 39.1943 2
      vertex 68.9535 39.4277 2
      vertex 69.0435 38.8592 2
    endloop
  endfacet
  facet normal 0 0 1
    outer loop
      vertex 67.6435 48.8723 2
      vertex 68.6221 40.0782 2
      vertex 68.9535 39.4277 2
    endloop
  endfacet
  facet normal 0 0 1
    outer loop
      vertex 67.85 50 2
      vertex 68.9535 39.4277 2
      vertex 68.9924 39.1943 2
    endloop
  endfacet
  facet normal -0 0 1
    outer loop
      vertex 67.6525 48.929 2
      vertex 68.9535 39.4277 2
      vertex 67.85 50 2
    endloop
  endfacet
  facet normal -0 0 1
    outer loop
      vertex 67.6435 48.8723 2
      vertex 68.9535 39.4277 2
      vertex 67.6525 48.929 2
    endloop
  endfacet
  facet normal 0 0 1
    outer loop
      vertex 68.6221 40.0782 2
      vertex 67.6435 48.8723 2
      vertex 68.596 40.1293 2
    endloop
  endfacet
  facet normal 0 0 1
    outer loop
      vertex 67.6525 48.929 2
      vertex 67.85 50 2
      vertex 67.7667 49.65 2
    endloop
  endfacet
  facet normal -0 0 1
    outer loop
      vertex 67.3121 48.2218 2
      vertex 68.596 40.1293 2
      vertex 67.6435 48.8723 2
    endloop
  endfacet
  facet normal -0 0 1
    outer loop
      vertex 67.286 48.1707 2
      vertex 68.596 40.1293 2
      vertex 67.3121 48.2218 2
    endloop
  endfacet
  facet normal 0 0 1
    outer loop
      vertex 68.596 40.1293 2
      vertex 67.286 48.1707 2
      vertex 68.0393 40.686 2
    endloop
  endfacet
  facet normal -0 0 1
    outer loop
      vertex 66.7293 47.614 2
      vertex 68.0393 40.686 2
      vertex 67.286 48.1707 2
    endloop
  endfacet
  facet normal 0 0 1
    outer loop
      vertex 68.0393 40.686 2
      vertex 66.7293 47.614 2
      vertex 67.9882 40.7121 2
    endloop
  endfacet
  facet normal 0 0 1
    outer loop
      vertex 67.9882 40.7121 2
      vertex 66.7293 47.614 2
      vertex 67.3377 41.0435 2
    endloop
  endfacet
  facet normal -0 0 1
    outer loop
      vertex 66.6782 47.5879 2
      vertex 67.3377 41.0435 2
      vertex 66.7293 47.614 2
    endloop
  endfacet
  facet normal -0 0 1
    outer loop
      vertex 66.0277 47.2565 2
      vertex 67.3377 41.0435 2
      vertex 66.6782 47.5879 2
    endloop
  endfacet
  facet normal 0 0 1
    outer loop
      vertex 67.3377 41.0435 2
      vertex 66.0277 47.2565 2
      vertex 67.281 41.0525 2
    endloop
  endfacet
  facet normal 0 0 1
    outer loop
      vertex 67.281 41.0525 2
      vertex 66.0277 47.2565 2
      vertex 66.56 41.1667 2
    endloop
  endfacet
  facet normal -0 0 1
    outer loop
      vertex 65.3067 47.1423 2
      vertex 66.56 41.1667 2
      vertex 66.0277 47.2565 2
    endloop
  endfacet
  facet normal -0 0 1
    outer loop
      vertex 65.25 47.1333 2
      vertex 66.56 41.1667 2
      vertex 65.3067 47.1423 2
    endloop
  endfacet
  facet normal 0 0 1
    outer loop
      vertex 66.56 41.1667 2
      vertex 65.25 47.1333 2
      vertex 65.839 41.0525 2
    endloop
  endfacet
  facet normal 0 0 1
    outer loop
      vertex 65.839 41.0525 2
      vertex 65.25 47.1333 2
      vertex 65.7823 41.0435 2
    endloop
  endfacet
  facet normal 0 0 1
    outer loop
      vertex 62 43.5 2
      vertex 65.25 47.1333 2
      vertex 65.1933 47.1423 2
    endloop
  endfacet
  facet normal 0 0 1
    outer loop
      vertex 65.25 47.1333 2
      vertex 62 43.5 2
      vertex 65.7823 41.0435 2
    endloop
  endfacet
  facet normal 0 0 1
    outer loop
      vertex 65.7823 41.0435 2
      vertex 62 43.5 2
      vertex 65.1319 40.7121 2
    endloop
  endfacet
  facet normal -0 0 1
    outer loop
      vertex 62 42 2
      vertex 65.1319 40.7121 2
      vertex 62 43.5 2
    endloop
  endfacet
  facet normal 0 0 1
    outer loop
      vertex 62 43.5 2
      vertex 65.1933 47.1423 2
      vertex 64.4723 47.2565 2
    endloop
  endfacet
  facet normal 0 0 1
    outer loop
      vertex 65.1319 40.7121 2
      vertex 62 42 2
      vertex 65.0807 40.686 2
    endloop
  endfacet
  facet normal 0 0 1
    outer loop
      vertex 65.0807 40.686 2
      vertex 62 42 2
      vertex 64.524 40.1293 2
    endloop
  endfacet
  facet normal 0 0 1
    outer loop
      vertex 64.524 40.1293 2
      vertex 62 42 2
      vertex 64.1926 39.4788 2
    endloop
  endfacet
  facet normal 0 0 1
    outer loop
      vertex 64.1926 39.4788 2
      vertex 62 42 2
      vertex 64.1665 39.4277 2
    endloop
  endfacet
  facet normal 0 0 1
    outer loop
      vertex 62 43.5 2
      vertex 64.4723 47.2565 2
      vertex 63.8218 47.5879 2
    endloop
  endfacet
  facet normal 0 0 1
    outer loop
      vertex 68.9535 37.8723 2
      vertex 68.4735 27.1477 2
      vertex 68.7 26.3 2
    endloop
  endfacet
  facet normal 0 0 1
    outer loop
      vertex 68.7 26.3 2
      vertex 68.4825 27.091 2
      vertex 68.5967 26.37 2
    endloop
  endfacet
  facet normal 0 0 1
    outer loop
      vertex 68.7 26.3 2
      vertex 68.4735 27.1477 2
      vertex 68.4825 27.091 2
    endloop
  endfacet
  facet normal 0 0 1
    outer loop
      vertex 68.596 37.1707 2
      vertex 68.4474 27.1988 2
      vertex 68.4735 27.1477 2
    endloop
  endfacet
  facet normal 0 0 1
    outer loop
      vertex 68.596 37.1707 2
      vertex 68.116 27.8493 2
      vertex 68.4474 27.1988 2
    endloop
  endfacet
  facet normal -0 0 1
    outer loop
      vertex 68.0393 36.614 2
      vertex 68.116 27.8493 2
      vertex 68.596 37.1707 2
    endloop
  endfacet
  facet normal 0 0 1
    outer loop
      vertex 67.5593 28.406 2
      vertex 68.0393 36.614 2
      vertex 67.9882 36.5879 2
    endloop
  endfacet
  facet normal 0 0 1
    outer loop
      vertex 68.0393 36.614 2
      vertex 67.5593 28.406 2
      vertex 68.116 27.8493 2
    endloop
  endfacet
  facet normal -0 0 1
    outer loop
      vertex 67.3377 36.2565 2
      vertex 67.5593 28.406 2
      vertex 67.9882 36.5879 2
    endloop
  endfacet
  facet normal 0 0 1
    outer loop
      vertex 67.3377 36.2565 2
      vertex 66.9088 28.7375 2
      vertex 67.5593 28.406 2
    endloop
  endfacet
  facet normal 0 0 1
    outer loop
      vertex 67.3377 36.2565 2
      vertex 66.8577 28.7635 2
      vertex 66.9088 28.7375 2
    endloop
  endfacet
  facet normal -0 0 1
    outer loop
      vertex 66.6167 36.1423 2
      vertex 66.8577 28.7635 2
      vertex 67.3377 36.2565 2
    endloop
  endfacet
  facet normal 0 0 1
    outer loop
      vertex 66.8577 28.7635 2
      vertex 66.6167 36.1423 2
      vertex 66.801 28.7725 2
    endloop
  endfacet
  facet normal -0 0 1
    outer loop
      vertex 66.56 36.1333 2
      vertex 66.801 28.7725 2
      vertex 66.6167 36.1423 2
    endloop
  endfacet
  facet normal 0 0 1
    outer loop
      vertex 66.08 28.8867 2
      vertex 66.56 36.1333 2
      vertex 66.5033 36.1423 2
    endloop
  endfacet
  facet normal 0 0 1
    outer loop
      vertex 66.56 36.1333 2
      vertex 66.08 28.8867 2
      vertex 66.801 28.7725 2
    endloop
  endfacet
  facet normal 0 0 1
    outer loop
      vertex 62 32 2
      vertex 66.5033 36.1423 2
      vertex 65.7823 36.2565 2
    endloop
  endfacet
  facet normal 0 0 1
    outer loop
      vertex 66.5033 36.1423 2
      vertex 62 32 2
      vertex 66.08 28.8867 2
    endloop
  endfacet
  facet normal 0 0 1
    outer loop
      vertex 66.08 28.8867 2
      vertex 62 32 2
      vertex 65.359 28.7725 2
    endloop
  endfacet
  facet normal 0 0 1
    outer loop
      vertex 65.359 28.7725 2
      vertex 62 32 2
      vertex 65.3023 28.7635 2
    endloop
  endfacet
  facet normal 0 0 1
    outer loop
      vertex 62 33.5 2
      vertex 65.7823 36.2565 2
      vertex 65.1319 36.5879 2
    endloop
  endfacet
  facet normal 0 0 1
    outer loop
      vertex 62 33.5 2
      vertex 65.1319 36.5879 2
      vertex 65.0807 36.614 2
    endloop
  endfacet
  facet normal 0 0 1
    outer loop
      vertex 65.3023 28.7635 2
      vertex 62 32 2
      vertex 65.2512 28.7375 2
    endloop
  endfacet
  facet normal 0 0 1
    outer loop
      vertex 62 33.5 2
      vertex 65.0807 36.614 2
      vertex 64.524 37.1707 2
    endloop
  endfacet
  facet normal 0 0 1
    outer loop
      vertex 60 35 2
      vertex 64.524 37.1707 2
      vertex 64.4979 37.2218 2
    endloop
  endfacet
  facet normal 0 0 1
    outer loop
      vertex 60 35 2
      vertex 64.4979 37.2218 2
      vertex 64.1665 37.8723 2
    endloop
  endfacet
  facet normal 0 0 1
    outer loop
      vertex 60 35 2
      vertex 64.1665 37.8723 2
      vertex 64.1575 37.929 2
    endloop
  endfacet
  facet normal 0 0 1
    outer loop
      vertex 65.7823 36.2565 2
      vertex 62 33.5 2
      vertex 62 32 2
    endloop
  endfacet
  facet normal 0 0 1
    outer loop
      vertex 65.2512 28.7375 2
      vertex 62 32 2
      vertex 64.6007 28.406 2
    endloop
  endfacet
  facet normal 0 0 1
    outer loop
      vertex 60 40.5 2
      vertex 64.1575 37.929 2
      vertex 64.0433 38.65 2
    endloop
  endfacet
  facet normal -0 0 1
    outer loop
      vertex 60 40.5 2
      vertex 64.1665 39.4277 2
      vertex 62 42 2
    endloop
  endfacet
  facet normal 0 0 1
    outer loop
      vertex 62 43.5 2
      vertex 63.8218 47.5879 2
      vertex 63.7707 47.614 2
    endloop
  endfacet
  facet normal 0 0 1
    outer loop
      vertex 64.1575 39.371 2
      vertex 60 40.5 2
      vertex 64.0433 38.65 2
    endloop
  endfacet
  facet normal 0 0 1
    outer loop
      vertex 64.0845 27.8898 2
      vertex 62 32 2
      vertex 64.044 27.8493 2
    endloop
  endfacet
  facet normal -0 0 1
    outer loop
      vertex 60 30.5 2
      vertex 64.044 27.8493 2
      vertex 62 32 2
    endloop
  endfacet
  facet normal 0 0 1
    outer loop
      vertex 64.044 27.8493 2
      vertex 60 30.5 2
      vertex 63.7125 27.1988 2
    endloop
  endfacet
  facet normal 0 0 1
    outer loop
      vertex 60 45 2
      vertex 63.7707 47.614 2
      vertex 63.214 48.1707 2
    endloop
  endfacet
  facet normal -0 0 1
    outer loop
      vertex 68.9535 37.8723 2
      vertex 68.7 26.3 2
      vertex 69.0442 38.4449 2
    endloop
  endfacet
  facet normal 0 0 1
    outer loop
      vertex 68.4735 27.1477 2
      vertex 68.9535 37.8723 2
      vertex 68.6221 37.2218 2
    endloop
  endfacet
  facet normal 0 0 1
    outer loop
      vertex 68.7 26.3 2
      vertex 68.5967 26.37 2
      vertex 68.6579 26.0897 2
    endloop
  endfacet
  facet normal 0 0 1
    outer loop
      vertex 68.4735 27.1477 2
      vertex 68.6221 37.2218 2
      vertex 68.596 37.1707 2
    endloop
  endfacet
  facet normal 0 0 1
    outer loop
      vertex 68.4825 25.649 2
      vertex 68.6579 26.0897 2
      vertex 68.5967 26.37 2
    endloop
  endfacet
  facet normal 0 0 1
    outer loop
      vertex 68.6579 26.0897 2
      vertex 68.4825 25.649 2
      vertex 68.648 25.9633 2
    endloop
  endfacet
  facet normal 0 0 1
    outer loop
      vertex 68.648 25.9633 2
      vertex 68.4825 25.649 2
      vertex 68.5527 25.5666 2
    endloop
  endfacet
  facet normal -0 0 1
    outer loop
      vertex 68.4735 25.5923 2
      vertex 68.5527 25.5666 2
      vertex 68.4825 25.649 2
    endloop
  endfacet
  facet normal 0 0 1
    outer loop
      vertex 68.4474 25.5412 2
      vertex 68.5527 25.5666 2
      vertex 68.4735 25.5923 2
    endloop
  endfacet
  facet normal -0 0 1
    outer loop
      vertex 68.4474 25.5412 2
      vertex 68.3966 25.1896 2
      vertex 68.5527 25.5666 2
    endloop
  endfacet
  facet normal 0 0 1
    outer loop
      vertex 68.4474 25.5412 2
      vertex 68.3864 25.1729 2
      vertex 68.3966 25.1896 2
    endloop
  endfacet
  facet normal 0 0 1
    outer loop
      vertex 68.116 24.8907 2
      vertex 68.3864 25.1729 2
      vertex 68.4474 25.5412 2
    endloop
  endfacet
  facet normal 0 0 1
    outer loop
      vertex 65.4367 17.35 2
      vertex 67.5998 24.3745 2
      vertex 67.5593 24.334 2
    endloop
  endfacet
  facet normal 0 0 1
    outer loop
      vertex 65.3135 18.1277 2
      vertex 67.5081 24.3079 2
      vertex 66.8577 23.9765 2
    endloop
  endfacet
  facet normal 0 0 1
    outer loop
      vertex 64.3993 19.386 2
      vertex 66.1367 23.8623 2
      vertex 66.08 23.8533 2
    endloop
  endfacet
  facet normal -0 0 1
    outer loop
      vertex 68.116 24.8907 2
      vertex 65.5 16.7 2
      vertex 68.3864 25.1729 2
    endloop
  endfacet
  facet normal -0 0 1
    outer loop
      vertex 67.5998 24.3745 2
      vertex 65.4367 17.35 2
      vertex 68.116 24.8907 2
    endloop
  endfacet
  facet normal -0 0 1
    outer loop
      vertex 67.5081 24.3079 2
      vertex 65.3135 18.1277 2
      vertex 67.5593 24.334 2
    endloop
  endfacet
  facet normal -0 0 1
    outer loop
      vertex 66.1367 23.8623 2
      vertex 64.9155 18.8698 2
      vertex 66.8577 23.9765 2
    endloop
  endfacet
  facet normal 0 0 1
    outer loop
      vertex 64.3993 19.386 2
      vertex 66.08 23.8533 2
      vertex 66.0233 23.8623 2
    endloop
  endfacet
  facet normal 0 0 1
    outer loop
      vertex 68.116 24.8907 2
      vertex 65.4367 17.35 2
      vertex 65.5 16.7 2
    endloop
  endfacet
  facet normal 0 0 1
    outer loop
      vertex 67.5593 24.334 2
      vertex 65.3225 18.071 2
      vertex 65.4367 17.35 2
    endloop
  endfacet
  facet normal 0 0 1
    outer loop
      vertex 67.5593 24.334 2
      vertex 65.3135 18.1277 2
      vertex 65.3225 18.071 2
    endloop
  endfacet
  facet normal 0 0 1
    outer loop
      vertex 64.3482 19.4121 2
      vertex 66.0233 23.8623 2
      vertex 65.3023 23.9765 2
    endloop
  endfacet
  facet normal 0 0 1
    outer loop
      vertex 63.6977 19.7435 2
      vertex 65.3023 23.9765 2
      vertex 65.2512 24.0025 2
    endloop
  endfacet
  facet normal 0 0 1
    outer loop
      vertex 66.8577 23.9765 2
      vertex 64.9821 18.7782 2
      vertex 65.3135 18.1277 2
    endloop
  endfacet
  facet normal 0 0 1
    outer loop
      vertex 66.8577 23.9765 2
      vertex 64.956 18.8293 2
      vertex 64.9821 18.7782 2
    endloop
  endfacet
  facet normal 0 0 1
    outer loop
      vertex 66.8577 23.9765 2
      vertex 64.9155 18.8698 2
      vertex 64.956 18.8293 2
    endloop
  endfacet
  facet normal 0 0 1
    outer loop
      vertex 63.6977 19.7435 2
      vertex 65.2512 24.0025 2
      vertex 64.6007 24.334 2
    endloop
  endfacet
  facet normal 0 0 1
    outer loop
      vertex 66.1367 23.8623 2
      vertex 64.3993 19.386 2
      vertex 64.9155 18.8698 2
    endloop
  endfacet
  facet normal 0 0 1
    outer loop
      vertex 66.0233 23.8623 2
      vertex 64.3482 19.4121 2
      vertex 64.3993 19.386 2
    endloop
  endfacet
  facet normal 0 0 1
    outer loop
      vertex 60.5 23.5 2
      vertex 64.6007 24.334 2
      vertex 64.044 24.8907 2
    endloop
  endfacet
  facet normal 0 0 1
    outer loop
      vertex 60.5 23.5 2
      vertex 64.044 24.8907 2
      vertex 63.7125 25.5412 2
    endloop
  endfacet
  facet normal 0 0 1
    outer loop
      vertex 65.3023 23.9765 2
      vertex 63.6977 19.7435 2
      vertex 64.3482 19.4121 2
    endloop
  endfacet
  facet normal 0 0 1
    outer loop
      vertex 60.5 23.5 2
      vertex 63.7125 25.5412 2
      vertex 63.6865 25.5923 2
    endloop
  endfacet
  facet normal 0 0 1
    outer loop
      vertex 60 25 2
      vertex 63.6865 25.5923 2
      vertex 63.6775 25.649 2
    endloop
  endfacet
  facet normal 0 0 1
    outer loop
      vertex 60 25 2
      vertex 63.6775 25.649 2
      vertex 63.5633 26.37 2
    endloop
  endfacet
  facet normal 0 0 1
    outer loop
      vertex 60 45 2
      vertex 63.214 48.1707 2
      vertex 63.1879 48.2218 2
    endloop
  endfacet
  facet normal 0 0 1
    outer loop
      vertex 64.6007 24.334 2
      vertex 62.9767 19.8577 2
      vertex 63.6977 19.7435 2
    endloop
  endfacet
  facet normal 0 0 1
    outer loop
      vertex 64.6007 28.406 2
      vertex 62 32 2
      vertex 64.0845 27.8898 2
    endloop
  endfacet
  facet normal 0 0 1
    outer loop
      vertex 60 25 2
      vertex 63.6865 27.1477 2
      vertex 60 30.5 2
    endloop
  endfacet
  facet normal 0 0 1
    outer loop
      vertex 63.6865 27.1477 2
      vertex 60 25 2
      vertex 63.6775 27.091 2
    endloop
  endfacet
  facet normal 0 0 1
    outer loop
      vertex 60 45 2
      vertex 63.1879 48.2218 2
      vertex 62.8565 48.8723 2
    endloop
  endfacet
  facet normal 0 0 1
    outer loop
      vertex 60 50.5 2
      vertex 62.8565 48.8723 2
      vertex 62.8475 48.929 2
    endloop
  endfacet
  facet normal 0 0 1
    outer loop
      vertex 60 50.5 2
      vertex 62.8475 48.929 2
      vertex 62.7333 49.65 2
    endloop
  endfacet
  facet normal -0 0 1
    outer loop
      vertex 60 50.5 2
      vertex 62.8565 50.4277 2
      vertex 62 52 2
    endloop
  endfacet
  facet normal 0 0 1
    outer loop
      vertex 60 60.5 2
      vertex 62.264 59.1707 2
      vertex 62.2379 59.2218 2
    endloop
  endfacet
  facet normal 0 0 1
    outer loop
      vertex 64.1665 39.4277 2
      vertex 60 40.5 2
      vertex 64.1575 39.371 2
    endloop
  endfacet
  facet normal 0 0 1
    outer loop
      vertex 62.8565 50.4277 2
      vertex 60 50.5 2
      vertex 62.8475 50.371 2
    endloop
  endfacet
  facet normal 0 0 1
    outer loop
      vertex 60 60.5 2
      vertex 62.2379 59.2218 2
      vertex 61.9065 59.8723 2
    endloop
  endfacet
  facet normal 0 0 1
    outer loop
      vertex 60 60.5 2
      vertex 61.9065 59.8723 2
      vertex 61.8975 59.929 2
    endloop
  endfacet
  facet normal -0 0 1
    outer loop
      vertex 60 60.5 2
      vertex 61.8975 59.929 2
      vertex 61.7833 60.65 2
    endloop
  endfacet
  facet normal 0 0 1
    outer loop
      vertex 62.264 59.1707 2
      vertex 60 60.5 2
      vertex 60 55 2
    endloop
  endfacet
  facet normal 0 0 1
    outer loop
      vertex 63.5223 58.2565 2
      vertex 60 55 2
      vertex 62 53.5 2
    endloop
  endfacet
  facet normal -0 0 1
    outer loop
      vertex 58.5 55 2
      vertex 62 53.5 2
      vertex 60 55 2
    endloop
  endfacet
  facet normal -0 0 1
    outer loop
      vertex 57 57 2
      vertex 58.5 55 2
      vertex 57 58.5 2
    endloop
  endfacet
  facet normal 0 0 1
    outer loop
      vertex 58.5 55 2
      vertex 56.5 53.5 2
      vertex 62 53.5 2
    endloop
  endfacet
  facet normal 0 0 1
    outer loop
      vertex 57 57 2
      vertex 56.5 53.5 2
      vertex 58.5 55 2
    endloop
  endfacet
  facet normal 0 0 1
    outer loop
      vertex 56.5 53.5 2
      vertex 55 55.5 2
      vertex 56.5 52 2
    endloop
  endfacet
  facet normal 0 0 1
    outer loop
      vertex 57 57 2
      vertex 55 55.5 2
      vertex 56.5 53.5 2
    endloop
  endfacet
  facet normal 0 0 1
    outer loop
      vertex 57 57 2
      vertex 53.5 55.5 2
      vertex 55 55.5 2
    endloop
  endfacet
  facet normal 0 0 1
    outer loop
      vertex 53.5 55.5 2
      vertex 52 53.5 2
      vertex 53.5 50 2
    endloop
  endfacet
  facet normal -0 0 1
    outer loop
      vertex 51.5 57 2
      vertex 53.5 55.5 2
      vertex 57 57 2
    endloop
  endfacet
  facet normal 0 0 1
    outer loop
      vertex 51.5 57 2
      vertex 52 53.5 2
      vertex 53.5 55.5 2
    endloop
  endfacet
  facet normal 0 0 1
    outer loop
      vertex 50 55 2
      vertex 51.5 57 2
      vertex 50 60.5 2
    endloop
  endfacet
  facet normal 0 0 1
    outer loop
      vertex 51.5 57 2
      vertex 50 55 2
      vertex 52 53.5 2
    endloop
  endfacet
  facet normal -0 0 1
    outer loop
      vertex 48.5 55 2
      vertex 52 53.5 2
      vertex 50 55 2
    endloop
  endfacet
  facet normal -0 0 1
    outer loop
      vertex 47 57 2
      vertex 48.5 55 2
      vertex 47 58.5 2
    endloop
  endfacet
  facet normal 0 0 1
    outer loop
      vertex 48.5 55 2
      vertex 46.5 53.5 2
      vertex 52 53.5 2
    endloop
  endfacet
  facet normal 0 0 1
    outer loop
      vertex 47 57 2
      vertex 46.5 53.5 2
      vertex 48.5 55 2
    endloop
  endfacet
  facet normal 0 0 1
    outer loop
      vertex 46.5 53.5 2
      vertex 45 55.5 2
      vertex 46.5 52 2
    endloop
  endfacet
  facet normal 0 0 1
    outer loop
      vertex 47 57 2
      vertex 45 55.5 2
      vertex 46.5 53.5 2
    endloop
  endfacet
  facet normal 0 0 1
    outer loop
      vertex 47 57 2
      vertex 43.5 55.5 2
      vertex 45 55.5 2
    endloop
  endfacet
  facet normal 0 0 1
    outer loop
      vertex 43.5 55.5 2
      vertex 42 53.5 2
      vertex 43.5 50 2
    endloop
  endfacet
  facet normal -0 0 1
    outer loop
      vertex 41.5 57 2
      vertex 43.5 55.5 2
      vertex 47 57 2
    endloop
  endfacet
  facet normal 0 0 1
    outer loop
      vertex 41.5 57 2
      vertex 42 53.5 2
      vertex 43.5 55.5 2
    endloop
  endfacet
  facet normal 0 0 1
    outer loop
      vertex 40 55 2
      vertex 41.5 57 2
      vertex 40 60.5 2
    endloop
  endfacet
  facet normal 0 0 1
    outer loop
      vertex 41.5 57 2
      vertex 40 55 2
      vertex 42 53.5 2
    endloop
  endfacet
  facet normal -0 0 1
    outer loop
      vertex 38.5 55 2
      vertex 42 53.5 2
      vertex 40 55 2
    endloop
  endfacet
  facet normal -0 0 1
    outer loop
      vertex 37 57 2
      vertex 38.5 55 2
      vertex 37 58.5 2
    endloop
  endfacet
  facet normal 0 0 1
    outer loop
      vertex 38.5 55 2
      vertex 36.5 53.5 2
      vertex 42 53.5 2
    endloop
  endfacet
  facet normal 0 0 1
    outer loop
      vertex 37 57 2
      vertex 36.5 53.5 2
      vertex 38.5 55 2
    endloop
  endfacet
  facet normal 0 0 1
    outer loop
      vertex 36.5 53.5 2
      vertex 35 55.5 2
      vertex 36.5 52 2
    endloop
  endfacet
  facet normal 0 0 1
    outer loop
      vertex 37 57 2
      vertex 35 55.5 2
      vertex 36.5 53.5 2
    endloop
  endfacet
  facet normal 0 0 1
    outer loop
      vertex 37 57 2
      vertex 33.5 55.5 2
      vertex 35 55.5 2
    endloop
  endfacet
  facet normal 0 0 1
    outer loop
      vertex 33.5 55.5 2
      vertex 32 53.5 2
      vertex 33.5 50 2
    endloop
  endfacet
  facet normal -0 0 1
    outer loop
      vertex 31.5 57 2
      vertex 33.5 55.5 2
      vertex 37 57 2
    endloop
  endfacet
  facet normal 0 0 1
    outer loop
      vertex 31.5 57 2
      vertex 32 53.5 2
      vertex 33.5 55.5 2
    endloop
  endfacet
  facet normal 0 0 1
    outer loop
      vertex 30 55 2
      vertex 31.5 57 2
      vertex 30 60.5 2
    endloop
  endfacet
  facet normal 0 0 1
    outer loop
      vertex 31.5 57 2
      vertex 30 55 2
      vertex 32 53.5 2
    endloop
  endfacet
  facet normal -0 0 1
    outer loop
      vertex 28.5 55 2
      vertex 32 53.5 2
      vertex 30 55 2
    endloop
  endfacet
  facet normal -0 0 1
    outer loop
      vertex 27 57 2
      vertex 28.5 55 2
      vertex 27 58.5 2
    endloop
  endfacet
  facet normal 0 0 1
    outer loop
      vertex 28.5 55 2
      vertex 26.5 53.5 2
      vertex 32 53.5 2
    endloop
  endfacet
  facet normal 0 0 1
    outer loop
      vertex 27 57 2
      vertex 26.5 53.5 2
      vertex 28.5 55 2
    endloop
  endfacet
  facet normal 0 0 1
    outer loop
      vertex 26.5 53.5 2
      vertex 25 55.5 2
      vertex 26.5 52 2
    endloop
  endfacet
  facet normal 0 0 1
    outer loop
      vertex 27 57 2
      vertex 25 55.5 2
      vertex 26.5 53.5 2
    endloop
  endfacet
  facet normal 0 0 1
    outer loop
      vertex 27 57 2
      vertex 23.5 55.5 2
      vertex 25 55.5 2
    endloop
  endfacet
  facet normal 0 0 1
    outer loop
      vertex 23.5 55.5 2
      vertex 22 53.5 2
      vertex 23.5 50 2
    endloop
  endfacet
  facet normal -0 0 1
    outer loop
      vertex 21.5 57 2
      vertex 23.5 55.5 2
      vertex 27 57 2
    endloop
  endfacet
  facet normal 0 0 1
    outer loop
      vertex 21.5 57 2
      vertex 22 53.5 2
      vertex 23.5 55.5 2
    endloop
  endfacet
  facet normal 0 0 1
    outer loop
      vertex 20 55 2
      vertex 21.5 57 2
      vertex 20 60.5 2
    endloop
  endfacet
  facet normal 0 0 1
    outer loop
      vertex 21.5 57 2
      vertex 20 55 2
      vertex 22 53.5 2
    endloop
  endfacet
  facet normal -0 0 1
    outer loop
      vertex 18.5 55 2
      vertex 22 53.5 2
      vertex 20 55 2
    endloop
  endfacet
  facet normal -0 0 1
    outer loop
      vertex 17 57 2
      vertex 18.5 55 2
      vertex 17 58.5 2
    endloop
  endfacet
  facet normal 0 0 1
    outer loop
      vertex 18.5 55 2
      vertex 16.5 53.5 2
      vertex 22 53.5 2
    endloop
  endfacet
  facet normal 0 0 1
    outer loop
      vertex 17 57 2
      vertex 16.5 53.5 2
      vertex 18.5 55 2
    endloop
  endfacet
  facet normal 0 0 1
    outer loop
      vertex 16.5 53.5 2
      vertex 15 55.5 2
      vertex 16.5 52 2
    endloop
  endfacet
  facet normal 0 0 1
    outer loop
      vertex 17 57 2
      vertex 15 55.5 2
      vertex 16.5 53.5 2
    endloop
  endfacet
  facet normal 0 0 1
    outer loop
      vertex 17 57 2
      vertex 13.5 55.5 2
      vertex 15 55.5 2
    endloop
  endfacet
  facet normal 0 0 1
    outer loop
      vertex 13.5 55.5 2
      vertex 11.5 57 2
      vertex 13.5 50 2
    endloop
  endfacet
  facet normal -0 0 1
    outer loop
      vertex 11.5 57 2
      vertex 13.5 55.5 2
      vertex 17 57 2
    endloop
  endfacet
  facet normal 0 0 1
    outer loop
      vertex 65.4367 17.35 2
      vertex 65.4312 16.7069 2
      vertex 65.5 16.7 2
    endloop
  endfacet
  facet normal 0 0 1
    outer loop
      vertex 65.3225 16.629 2
      vertex 65.4312 16.7069 2
      vertex 65.4367 17.35 2
    endloop
  endfacet
  facet normal 0 0 1
    outer loop
      vertex 65.4312 16.7069 2
      vertex 65.3225 16.629 2
      vertex 65.3927 16.5466 2
    endloop
  endfacet
  facet normal -0 0 1
    outer loop
      vertex 65.3135 16.5723 2
      vertex 65.3927 16.5466 2
      vertex 65.3225 16.629 2
    endloop
  endfacet
  facet normal 0 0 1
    outer loop
      vertex 65.2875 16.5212 2
      vertex 65.3927 16.5466 2
      vertex 65.3135 16.5723 2
    endloop
  endfacet
  facet normal -0 0 1
    outer loop
      vertex 65.2875 16.5212 2
      vertex 65.2366 16.1696 2
      vertex 65.3927 16.5466 2
    endloop
  endfacet
  facet normal 0 0 1
    outer loop
      vertex 64.956 15.8707 2
      vertex 65.2366 16.1696 2
      vertex 65.2875 16.5212 2
    endloop
  endfacet
  facet normal 0 0 1
    outer loop
      vertex 65.2366 16.1696 2
      vertex 64.956 15.8707 2
      vertex 65.0234 15.8218 2
    endloop
  endfacet
  facet normal -0 0 1
    outer loop
      vertex 64.9155 15.8302 2
      vertex 65.0234 15.8218 2
      vertex 64.956 15.8707 2
    endloop
  endfacet
  facet normal 0 0 1
    outer loop
      vertex 64.9155 15.8302 2
      vertex 64.7585 15.5115 2
      vertex 65.0234 15.8218 2
    endloop
  endfacet
  facet normal 0 0 1
    outer loop
      vertex 64.3993 15.314 2
      vertex 64.7585 15.5115 2
      vertex 64.9155 15.8302 2
    endloop
  endfacet
  facet normal 0 0 1
    outer loop
      vertex 64.7585 15.5115 2
      vertex 64.3993 15.314 2
      vertex 64.4482 15.2466 2
    endloop
  endfacet
  facet normal 0 0 1
    outer loop
      vertex 64.3993 15.314 2
      vertex 64.1004 15.0334 2
      vertex 64.4482 15.2466 2
    endloop
  endfacet
  facet normal 0 0 1
    outer loop
      vertex 63.7488 14.9825 2
      vertex 64.1004 15.0334 2
      vertex 64.3993 15.314 2
    endloop
  endfacet
  facet normal -0 0 1
    outer loop
      vertex 63.7488 14.9825 2
      vertex 63.7234 14.8773 2
      vertex 64.1004 15.0334 2
    endloop
  endfacet
  facet normal -0 0 1
    outer loop
      vertex 63.6977 14.9565 2
      vertex 63.7234 14.8773 2
      vertex 63.7488 14.9825 2
    endloop
  endfacet
  facet normal 0 0 1
    outer loop
      vertex 63.6977 14.9565 2
      vertex 63.3267 14.782 2
      vertex 63.7234 14.8773 2
    endloop
  endfacet
  facet normal -0 0 1
    outer loop
      vertex 62.9767 14.8423 2
      vertex 63.3267 14.782 2
      vertex 63.6977 14.9565 2
    endloop
  endfacet
  facet normal 0 0 1
    outer loop
      vertex 62.92 14.75 2
      vertex 62.9767 14.8423 2
      vertex 62.92 14.8333 2
    endloop
  endfacet
  facet normal 0 0 1
    outer loop
      vertex 62.9767 14.8423 2
      vertex 62.92 14.75 2
      vertex 63.3267 14.782 2
    endloop
  endfacet
  facet normal 0 0 1
    outer loop
      vertex 62.8633 14.8423 2
      vertex 62.92 14.75 2
      vertex 62.92 14.8333 2
    endloop
  endfacet
  facet normal 0 0 1
    outer loop
      vertex 62.8633 14.8423 2
      vertex 62.5133 14.782 2
      vertex 62.92 14.75 2
    endloop
  endfacet
  facet normal 0 0 1
    outer loop
      vertex 62.1423 14.9565 2
      vertex 62.5133 14.782 2
      vertex 62.8633 14.8423 2
    endloop
  endfacet
  facet normal 0 0 1
    outer loop
      vertex 62.1423 14.9565 2
      vertex 62.1166 14.8773 2
      vertex 62.5133 14.782 2
    endloop
  endfacet
  facet normal 0 0 1
    outer loop
      vertex 62.0912 14.9825 2
      vertex 62.1166 14.8773 2
      vertex 62.1423 14.9565 2
    endloop
  endfacet
  facet normal 0 0 1
    outer loop
      vertex 62.0912 14.9825 2
      vertex 61.7396 15.0334 2
      vertex 62.1166 14.8773 2
    endloop
  endfacet
  facet normal 0 0 1
    outer loop
      vertex 61.4407 15.314 2
      vertex 61.7396 15.0334 2
      vertex 62.0912 14.9825 2
    endloop
  endfacet
  facet normal 0 0 1
    outer loop
      vertex 61.4407 15.314 2
      vertex 61.3918 15.2466 2
      vertex 61.7396 15.0334 2
    endloop
  endfacet
  facet normal 0 0 1
    outer loop
      vertex 61.4407 15.314 2
      vertex 61.3837 15.2534 2
      vertex 61.3918 15.2466 2
    endloop
  endfacet
  facet normal 0 0 1
    outer loop
      vertex 61.4407 15.314 2
      vertex 61.3674 15.2453 2
      vertex 61.3837 15.2534 2
    endloop
  endfacet
  facet normal -0 0 1
    outer loop
      vertex 60.8515 15.5614 2
      vertex 61.4407 15.314 2
      vertex 60.884 15.8707 2
    endloop
  endfacet
  facet normal 0 0 1
    outer loop
      vertex 61.4407 15.314 2
      vertex 60.8515 15.5614 2
      vertex 61.3674 15.2453 2
    endloop
  endfacet
  facet normal -0 0 1
    outer loop
      vertex 60.0687 15.8857 2
      vertex 60.884 15.8707 2
      vertex 60.5525 16.5212 2
    endloop
  endfacet
  facet normal 0 0 1
    outer loop
      vertex 60.0687 15.8857 2
      vertex 60.5525 16.5212 2
      vertex 60.5265 16.5723 2
    endloop
  endfacet
  facet normal 0 0 1
    outer loop
      vertex 60.884 15.8707 2
      vertex 60.0687 15.8857 2
      vertex 60.8515 15.5614 2
    endloop
  endfacet
  facet normal 0 0 1
    outer loop
      vertex 60.5175 16.629 2
      vertex 60.0687 15.8857 2
      vertex 60.5265 16.5723 2
    endloop
  endfacet
  facet normal 0 0 1
    outer loop
      vertex 59.2447 16.0835 2
      vertex 60.5175 16.629 2
      vertex 60.4033 17.35 2
    endloop
  endfacet
  facet normal 0 0 1
    outer loop
      vertex 9 32 2
      vertex 6.49335 27.0577 2
      vertex 6.55 27.0667 2
    endloop
  endfacet
  facet normal 0 0 1
    outer loop
      vertex 9 32 2
      vertex 6.19221 31.5891 2
      vertex 6.49335 27.0577 2
    endloop
  endfacet
  facet normal -0 0 1
    outer loop
      vertex 5.27641 27.7746 2
      vertex 6.49335 27.0577 2
      vertex 6.19221 31.5891 2
    endloop
  endfacet
  facet normal 0 0 1
    outer loop
      vertex 6.49335 27.0577 2
      vertex 5.27641 27.7746 2
      vertex 5.77231 26.9435 2
    endloop
  endfacet
  facet normal 0 0 1
    outer loop
      vertex 5.77231 26.9435 2
      vertex 5.27641 27.7746 2
      vertex 5.7212 26.9174 2
    endloop
  endfacet
  facet normal 0 0 1
    outer loop
      vertex 5.27641 27.7746 2
      vertex 5.07074 26.586 2
      vertex 5.7212 26.9174 2
    endloop
  endfacet
  facet normal 0 0 1
    outer loop
      vertex 5.27641 27.7746 2
      vertex 5.03018 26.5455 2
      vertex 5.07074 26.586 2
    endloop
  endfacet
  facet normal 0 -0 1
    outer loop
      vertex 5.03018 26.5455 2
      vertex 5.27641 27.7746 2
      vertex 4.58141 26.0967 2
    endloop
  endfacet
  facet normal 0 0 1
    outer loop
      vertex 11.5 47 2
      vertex 9.60769 45.4567 2
      vertex 9.61667 45.4 2
    endloop
  endfacet
  facet normal 0 0 1
    outer loop
      vertex 11.5 47 2
      vertex 9.49349 46.1777 2
      vertex 9.60769 45.4567 2
    endloop
  endfacet
  facet normal 0 0 1
    outer loop
      vertex 11.5 47 2
      vertex 9.16207 46.8282 2
      vertex 9.49349 46.1777 2
    endloop
  endfacet
  facet normal 0 0 1
    outer loop
      vertex 11.5 47 2
      vertex 9.13603 46.8793 2
      vertex 9.16207 46.8282 2
    endloop
  endfacet
  facet normal -0 0 1
    outer loop
      vertex 8.35665 55.5923 2
      vertex 11.5 48.5 2
      vertex 9.07769 55.7065 2
    endloop
  endfacet
  facet normal 0 -0 1
    outer loop
      vertex 9.13603 46.8793 2
      vertex 11.5 48.5 2
      vertex 8.57926 47.436 2
    endloop
  endfacet
  facet normal 0 0 1
    outer loop
      vertex 11.5 48.5 2
      vertex 9.13603 46.8793 2
      vertex 11.5 47 2
    endloop
  endfacet
  facet normal 0 0 1
    outer loop
      vertex 11.5 48.5 2
      vertex 8.52815 47.4621 2
      vertex 8.57926 47.436 2
    endloop
  endfacet
  facet normal 0 0 1
    outer loop
      vertex 11.5 48.5 2
      vertex 8.35665 55.5923 2
      vertex 7.87769 47.7935 2
    endloop
  endfacet
  facet normal 0 0 1
    outer loop
      vertex 7.87769 47.7935 2
      vertex 8.35665 55.5923 2
      vertex 8.3 55.5833 2
    endloop
  endfacet
  facet normal 0 0 1
    outer loop
      vertex 7.1 47.9167 2
      vertex 8.3 55.5833 2
      vertex 8.24335 55.5923 2
    endloop
  endfacet
  facet normal 0 0 1
    outer loop
      vertex 11.5 48.5 2
      vertex 7.87769 47.7935 2
      vertex 8.52815 47.4621 2
    endloop
  endfacet
  facet normal 0 0 1
    outer loop
      vertex 8.3 55.5833 2
      vertex 7.82104 47.8025 2
      vertex 7.87769 47.7935 2
    endloop
  endfacet
  facet normal 0 0 1
    outer loop
      vertex 7.1 47.9167 2
      vertex 8.24335 55.5923 2
      vertex 7.52231 55.7065 2
    endloop
  endfacet
  facet normal 0 0 1
    outer loop
      vertex 6.32231 47.7935 2
      vertex 7.52231 55.7065 2
      vertex 7.4712 55.7325 2
    endloop
  endfacet
  facet normal 0 0 1
    outer loop
      vertex 8.3 55.5833 2
      vertex 7.1 47.9167 2
      vertex 7.82104 47.8025 2
    endloop
  endfacet
  facet normal 0 0 1
    outer loop
      vertex 6.32231 47.7935 2
      vertex 7.4712 55.7325 2
      vertex 6.82074 56.064 2
    endloop
  endfacet
  facet normal 0 0 1
    outer loop
      vertex 7.52231 55.7065 2
      vertex 6.37896 47.8025 2
      vertex 7.1 47.9167 2
    endloop
  endfacet
  facet normal 0 0 1
    outer loop
      vertex 7.52231 55.7065 2
      vertex 6.32231 47.7935 2
      vertex 6.37896 47.8025 2
    endloop
  endfacet
  facet normal 0 0 1
    outer loop
      vertex 6.82074 56.064 2
      vertex 6.2712 47.7675 2
      vertex 6.32231 47.7935 2
    endloop
  endfacet
  facet normal 0 0 1
    outer loop
      vertex 5.62074 47.436 2
      vertex 6.82074 56.064 2
      vertex 6.26397 56.6207 2
    endloop
  endfacet
  facet normal 0 0 1
    outer loop
      vertex 5.06397 46.8793 2
      vertex 6.26397 56.6207 2
      vertex 5.93255 57.2712 2
    endloop
  endfacet
  facet normal 0 0 1
    outer loop
      vertex 5.06397 46.8793 2
      vertex 5.93255 57.2712 2
      vertex 5.90651 57.3223 2
    endloop
  endfacet
  facet normal 0 0 1
    outer loop
      vertex 4.5 46 2
      vertex 5.90651 57.3223 2
      vertex 5.89753 57.379 2
    endloop
  endfacet
  facet normal 0 0 1
    outer loop
      vertex 4.5 46 2
      vertex 5.89753 57.379 2
      vertex 5.79966 57.9969 2
    endloop
  endfacet
  facet normal 0 0 1
    outer loop
      vertex 6.82074 56.064 2
      vertex 5.62074 47.436 2
      vertex 6.2712 47.7675 2
    endloop
  endfacet
  facet normal 0 0 1
    outer loop
      vertex 6.26397 56.6207 2
      vertex 5.06397 46.8793 2
      vertex 5.62074 47.436 2
    endloop
  endfacet
  facet normal 0 0 1
    outer loop
      vertex 5.90651 57.3223 2
      vertex 4.5 46 2
      vertex 5.06397 46.8793 2
    endloop
  endfacet
  facet normal 0 0 1
    outer loop
      vertex 5.06397 46.8793 2
      vertex 4.5 46 2
      vertex 4.73255 46.2288 2
    endloop
  endfacet
  facet normal 0 0 1
    outer loop
      vertex 4.73255 46.2288 2
      vertex 4.5 46 2
      vertex 4.70651 46.1777 2
    endloop
  endfacet
  facet normal 0 0 1
    outer loop
      vertex 4.70651 46.1777 2
      vertex 4.5 46 2
      vertex 4.59231 45.4567 2
    endloop
  endfacet
  facet normal 0 0 1
    outer loop
      vertex 4.48213 45.143 2
      vertex 4.59231 45.4567 2
      vertex 4.5 46 2
    endloop
  endfacet
  facet normal 0 0 1
    outer loop
      vertex 11.5 58.5 2
      vertex 10.8077 58.1567 2
      vertex 10.8167 58.1 2
    endloop
  endfacet
  facet normal 0 0 1
    outer loop
      vertex 11.5 58.5 2
      vertex 10.6935 58.8777 2
      vertex 10.8077 58.1567 2
    endloop
  endfacet
  facet normal 0 0 1
    outer loop
      vertex 10.4632 63.3578 2
      vertex 10.9999 63.4 2
      vertex 10.5 63.4 2
    endloop
  endfacet
  facet normal 0 0 1
    outer loop
      vertex 9.77926 60.136 2
      vertex 10.9999 63.4 2
      vertex 10.4632 63.3578 2
    endloop
  endfacet
  facet normal 0 0 1
    outer loop
      vertex 11.5 58.5 2
      vertex 10.3621 59.5282 2
      vertex 10.6935 58.8777 2
    endloop
  endfacet
  facet normal 0 0 1
    outer loop
      vertex 11.5 58.5 2
      vertex 10.336 59.5793 2
      vertex 10.3621 59.5282 2
    endloop
  endfacet
  facet normal 0 0 1
    outer loop
      vertex 11.0001 63.4 2
      vertex 10.2955 59.6198 2
      vertex 10.336 59.5793 2
    endloop
  endfacet
  facet normal 0 0 1
    outer loop
      vertex 9.72815 60.1621 2
      vertex 10.4632 63.3578 2
      vertex 10.1865 63.336 2
    endloop
  endfacet
  facet normal 0 0 1
    outer loop
      vertex 11.0001 63.4 2
      vertex 9.77926 60.136 2
      vertex 10.2955 59.6198 2
    endloop
  endfacet
  facet normal 0 0 1
    outer loop
      vertex 10.4632 63.3578 2
      vertex 9.72815 60.1621 2
      vertex 9.77926 60.136 2
    endloop
  endfacet
  facet normal -0 0 1
    outer loop
      vertex 9.39311 63.1455 2
      vertex 9.72815 60.1621 2
      vertex 10.1865 63.336 2
    endloop
  endfacet
  facet normal 0 0 1
    outer loop
      vertex 9.39311 63.1455 2
      vertex 9.07769 60.4935 2
      vertex 9.72815 60.1621 2
    endloop
  endfacet
  facet normal -0 0 1
    outer loop
      vertex 8.63925 62.8332 2
      vertex 9.07769 60.4935 2
      vertex 9.39311 63.1455 2
    endloop
  endfacet
  facet normal 0 0 1
    outer loop
      vertex 8.63925 62.8332 2
      vertex 8.35665 60.6077 2
      vertex 9.07769 60.4935 2
    endloop
  endfacet
  facet normal -0 0 1
    outer loop
      vertex 7.94352 62.4069 2
      vertex 8.35665 60.6077 2
      vertex 8.63925 62.8332 2
    endloop
  endfacet
  facet normal 0 0 1
    outer loop
      vertex 8.35665 60.6077 2
      vertex 7.94352 62.4069 2
      vertex 8.3 60.6167 2
    endloop
  endfacet
  facet normal -0 0 1
    outer loop
      vertex 7.32304 61.877 2
      vertex 8.3 60.6167 2
      vertex 7.94352 62.4069 2
    endloop
  endfacet
  facet normal 0 0 1
    outer loop
      vertex 8.3 60.6167 2
      vertex 7.32304 61.877 2
      vertex 8.24335 60.6077 2
    endloop
  endfacet
  facet normal 0 0 1
    outer loop
      vertex 8.24335 60.6077 2
      vertex 7.32304 61.877 2
      vertex 7.52231 60.4935 2
    endloop
  endfacet
  facet normal -0 0 1
    outer loop
      vertex 6.79311 61.2565 2
      vertex 7.52231 60.4935 2
      vertex 7.32304 61.877 2
    endloop
  endfacet
  facet normal 0 0 1
    outer loop
      vertex 7.52231 60.4935 2
      vertex 6.79311 61.2565 2
      vertex 6.87185 60.1621 2
    endloop
  endfacet
  facet normal -0 0 1
    outer loop
      vertex 6.36677 60.5607 2
      vertex 6.87185 60.1621 2
      vertex 6.79311 61.2565 2
    endloop
  endfacet
  facet normal 0 0 1
    outer loop
      vertex 6.87185 60.1621 2
      vertex 6.36677 60.5607 2
      vertex 6.82074 60.136 2
    endloop
  endfacet
  facet normal 0 0 1
    outer loop
      vertex 6.05451 59.8069 2
      vertex 6.82074 60.136 2
      vertex 6.36677 60.5607 2
    endloop
  endfacet
  facet normal 0 0 1
    outer loop
      vertex 6.82074 60.136 2
      vertex 6.05451 59.8069 2
      vertex 6.26397 59.5793 2
    endloop
  endfacet
  facet normal 0 0 1
    outer loop
      vertex 6.26397 59.5793 2
      vertex 6.05451 59.8069 2
      vertex 6.23793 59.5282 2
    endloop
  endfacet
  facet normal 0 0 1
    outer loop
      vertex 5.86402 59.0135 2
      vertex 6.23793 59.5282 2
      vertex 6.05451 59.8069 2
    endloop
  endfacet
  facet normal 0 0 1
    outer loop
      vertex 6.23793 59.5282 2
      vertex 5.86402 59.0135 2
      vertex 5.90651 58.8777 2
    endloop
  endfacet
  facet normal 0 0 1
    outer loop
      vertex 5.86402 59.0135 2
      vertex 5.89753 58.821 2
      vertex 5.90651 58.8777 2
    endloop
  endfacet
  facet normal 0 0 1
    outer loop
      vertex 5.89753 58.821 2
      vertex 5.86402 59.0135 2
      vertex 5.80082 58.2104 2
    endloop
  endfacet
  facet normal 0 0 1
    outer loop
      vertex 13.5 15.5 2
      vertex 9.76745 14.4712 2
      vertex 11.2277 10.2935 2
    endloop
  endfacet
  facet normal -0 0 1
    outer loop
      vertex 9.43603 13.8207 2
      vertex 11.2277 10.2935 2
      vertex 9.76745 14.4712 2
    endloop
  endfacet
  facet normal 0 0 1
    outer loop
      vertex 11.2277 10.2935 2
      vertex 9.43603 13.8207 2
      vertex 11.171 10.3025 2
    endloop
  endfacet
  facet normal 0 0 1
    outer loop
      vertex 11.171 10.3025 2
      vertex 9.43603 13.8207 2
      vertex 10.45 10.4167 2
    endloop
  endfacet
  facet normal -0 0 1
    outer loop
      vertex 8.87926 13.264 2
      vertex 10.45 10.4167 2
      vertex 9.43603 13.8207 2
    endloop
  endfacet
  facet normal 0 0 1
    outer loop
      vertex 10.45 10.4167 2
      vertex 8.87926 13.264 2
      vertex 9.72896 10.3025 2
    endloop
  endfacet
  facet normal 0 0 1
    outer loop
      vertex 9.72896 10.3025 2
      vertex 8.87926 13.264 2
      vertex 9.67231 10.2935 2
    endloop
  endfacet
  facet normal -0 0 1
    outer loop
      vertex 8.2288 12.9325 2
      vertex 9.67231 10.2935 2
      vertex 8.87926 13.264 2
    endloop
  endfacet
  facet normal 0 0 1
    outer loop
      vertex 9.67231 10.2935 2
      vertex 8.2288 12.9325 2
      vertex 9.6212 10.2675 2
    endloop
  endfacet
  facet normal -0 0 1
    outer loop
      vertex 8.17769 12.9065 2
      vertex 9.6212 10.2675 2
      vertex 8.2288 12.9325 2
    endloop
  endfacet
  facet normal 0 0 1
    outer loop
      vertex 9.6212 10.2675 2
      vertex 8.17769 12.9065 2
      vertex 8.97074 9.93603 2
    endloop
  endfacet
  facet normal -0 0 1
    outer loop
      vertex 8.12104 12.8975 2
      vertex 8.97074 9.93603 2
      vertex 8.17769 12.9065 2
    endloop
  endfacet
  facet normal -0 0 1
    outer loop
      vertex 7.4 12.7833 2
      vertex 8.97074 9.93603 2
      vertex 8.12104 12.8975 2
    endloop
  endfacet
  facet normal 0 0 1
    outer loop
      vertex 8.97074 9.93603 2
      vertex 7.4 12.7833 2
      vertex 8.45453 9.41982 2
    endloop
  endfacet
  facet normal 0 0 1
    outer loop
      vertex 8.45453 9.41982 2
      vertex 7.4 12.7833 2
      vertex 8.41397 9.37926 2
    endloop
  endfacet
  facet normal 0 0 1
    outer loop
      vertex 6.67896 12.8975 2
      vertex 8.41397 9.37926 2
      vertex 7.4 12.7833 2
    endloop
  endfacet
  facet normal 0 0 1
    outer loop
      vertex 6.62231 12.9065 2
      vertex 8.41397 9.37926 2
      vertex 6.67896 12.8975 2
    endloop
  endfacet
  facet normal 0 0 1
    outer loop
      vertex 8.41397 9.37926 2
      vertex 6.62231 12.9065 2
      vertex 8.08255 8.7288 2
    endloop
  endfacet
  facet normal 0 0 1
    outer loop
      vertex 8.08255 8.7288 2
      vertex 6.62231 12.9065 2
      vertex 8.05651 8.67769 2
    endloop
  endfacet
  facet normal -0 0 1
    outer loop
      vertex 8.91745 23.7212 2
      vertex 9.5 23.5 2
      vertex 8.94349 23.7723 2
    endloop
  endfacet
  facet normal 0 0 1
    outer loop
      vertex 8.58603 23.0707 2
      vertex 9.5 23.5 2
      vertex 8.91745 23.7212 2
    endloop
  endfacet
  facet normal 0 0 1
    outer loop
      vertex 9.5 23.5 2
      vertex 8.58603 23.0707 2
      vertex 9.5 22 2
    endloop
  endfacet
  facet normal -0 0 1
    outer loop
      vertex 8.54547 23.0302 2
      vertex 9.5 22 2
      vertex 8.58603 23.0707 2
    endloop
  endfacet
  facet normal 0 0 1
    outer loop
      vertex 9.5 22 2
      vertex 8.91982 17.2955 2
      vertex 9.43603 16.7793 2
    endloop
  endfacet
  facet normal 0 0 1
    outer loop
      vertex 9.5 22 2
      vertex 8.87926 17.336 2
      vertex 8.91982 17.2955 2
    endloop
  endfacet
  facet normal -0 0 1
    outer loop
      vertex 8.02926 22.514 2
      vertex 9.5 22 2
      vertex 8.54547 23.0302 2
    endloop
  endfacet
  facet normal -0 0 1
    outer loop
      vertex 7.3788 22.1825 2
      vertex 9.5 22 2
      vertex 8.02926 22.514 2
    endloop
  endfacet
  facet normal 0 0 1
    outer loop
      vertex 9.5 22 2
      vertex 8.2288 17.6674 2
      vertex 8.87926 17.336 2
    endloop
  endfacet
  facet normal 0 0 1
    outer loop
      vertex 9.5 22 2
      vertex 8.17769 17.6935 2
      vertex 8.2288 17.6674 2
    endloop
  endfacet
  facet normal -0 0 1
    outer loop
      vertex 7.32769 22.1565 2
      vertex 9.5 22 2
      vertex 7.3788 22.1825 2
    endloop
  endfacet
  facet normal 0 0 1
    outer loop
      vertex 9.5 22 2
      vertex 7.32769 22.1565 2
      vertex 8.17769 17.6935 2
    endloop
  endfacet
  facet normal 0 0 1
    outer loop
      vertex 8.17769 17.6935 2
      vertex 7.32769 22.1565 2
      vertex 7.45665 17.8077 2
    endloop
  endfacet
  facet normal 0 0 1
    outer loop
      vertex 7.45665 17.8077 2
      vertex 7.32769 22.1565 2
      vertex 7.4 17.8167 2
    endloop
  endfacet
  facet normal -0 0 1
    outer loop
      vertex 7.27104 22.1475 2
      vertex 7.4 17.8167 2
      vertex 7.32769 22.1565 2
    endloop
  endfacet
  facet normal -0 0 1
    outer loop
      vertex 6.55 22.0333 2
      vertex 7.4 17.8167 2
      vertex 7.27104 22.1475 2
    endloop
  endfacet
  facet normal 0 0 1
    outer loop
      vertex 7.4 17.8167 2
      vertex 6.55 22.0333 2
      vertex 7.34335 17.8077 2
    endloop
  endfacet
  facet normal 0 0 1
    outer loop
      vertex 7.34335 17.8077 2
      vertex 6.55 22.0333 2
      vertex 6.62231 17.6935 2
    endloop
  endfacet
  facet normal 0 0 1
    outer loop
      vertex 5.82896 22.1475 2
      vertex 6.62231 17.6935 2
      vertex 6.55 22.0333 2
    endloop
  endfacet
  facet normal 0 0 1
    outer loop
      vertex 5.77231 22.1565 2
      vertex 6.62231 17.6935 2
      vertex 5.82896 22.1475 2
    endloop
  endfacet
  facet normal 0 0 1
    outer loop
      vertex 6.62231 17.6935 2
      vertex 5.77231 22.1565 2
      vertex 5.97185 17.3621 2
    endloop
  endfacet
  facet normal 0 0 1
    outer loop
      vertex 5.97185 17.3621 2
      vertex 5.77231 22.1565 2
      vertex 5.92074 17.336 2
    endloop
  endfacet
  facet normal 0 0 1
    outer loop
      vertex 5.7212 22.1825 2
      vertex 5.92074 17.336 2
      vertex 5.77231 22.1565 2
    endloop
  endfacet
  facet normal 0 0 1
    outer loop
      vertex 5.07074 22.514 2
      vertex 5.92074 17.336 2
      vertex 5.7212 22.1825 2
    endloop
  endfacet
  facet normal 0 0 1
    outer loop
      vertex 5.92074 17.336 2
      vertex 5.07074 22.514 2
      vertex 5.88018 17.2955 2
    endloop
  endfacet
  facet normal 0 0 1
    outer loop
      vertex 5.88018 17.2955 2
      vertex 5.07074 22.514 2
      vertex 5.36397 16.7793 2
    endloop
  endfacet
  facet normal 0 0 1
    outer loop
      vertex 4.51397 23.0707 2
      vertex 5.36397 16.7793 2
      vertex 5.07074 22.514 2
    endloop
  endfacet
  facet normal 0 0 1
    outer loop
      vertex 5.36397 16.7793 2
      vertex 4.51397 23.0707 2
      vertex 5.33793 16.7282 2
    endloop
  endfacet
  facet normal 0 0 1
    outer loop
      vertex 5.33793 16.7282 2
      vertex 4.51397 23.0707 2
      vertex 5.00651 16.0777 2
    endloop
  endfacet
  facet normal 0 0 1
    outer loop
      vertex 4.18255 23.7212 2
      vertex 5.00651 16.0777 2
      vertex 4.51397 23.0707 2
    endloop
  endfacet
  facet normal 0 0 1
    outer loop
      vertex 4.15651 23.7723 2
      vertex 5.00651 16.0777 2
      vertex 4.18255 23.7212 2
    endloop
  endfacet
  facet normal 0 0 1
    outer loop
      vertex 4.88333 15.3 2
      vertex 4.8294 14.9265 2
      vertex 4.83201 14.8933 2
    endloop
  endfacet
  facet normal 0 0 1
    outer loop
      vertex 4.88333 15.3 2
      vertex 4.79999 15 2
      vertex 4.8294 14.9265 2
    endloop
  endfacet
  facet normal 0 -0 1
    outer loop
      vertex 4.79999 15 2
      vertex 5.00651 16.0777 2
      vertex 4.15651 23.7723 2
    endloop
  endfacet
  facet normal 0 0 1
    outer loop
      vertex 5.00651 16.0777 2
      vertex 4.79999 15 2
      vertex 4.89231 15.3567 2
    endloop
  endfacet
  facet normal 0 0 1
    outer loop
      vertex 4.89231 15.3567 2
      vertex 4.79999 15 2
      vertex 4.88333 15.3 2
    endloop
  endfacet
  facet normal 0 0 1
    outer loop
      vertex 4.14753 23.829 2
      vertex 4.79999 15 2
      vertex 4.15651 23.7723 2
    endloop
  endfacet
  facet normal 0 0 1
    outer loop
      vertex 4.79999 15 2
      vertex 4.14753 23.829 2
      vertex 4.13337 23.9184 2
    endloop
  endfacet
  facet normal -0 0 1
    outer loop
      vertex 12.8435 7.12231 2
      vertex 14.2 6.1 2
      vertex 12.9577 7.84335 2
    endloop
  endfacet
  facet normal 0 0 1
    outer loop
      vertex 14.2 6.1 2
      vertex 12.8435 7.12231 2
      vertex 13.105 6.01382 2
    endloop
  endfacet
  facet normal -0 0 1
    outer loop
      vertex 12.5121 6.47185 2
      vertex 13.105 6.01382 2
      vertex 12.8435 7.12231 2
    endloop
  endfacet
  facet normal -0 0 1
    outer loop
      vertex 12.486 6.42074 2
      vertex 13.105 6.01382 2
      vertex 12.5121 6.47185 2
    endloop
  endfacet
  facet normal 0 0 1
    outer loop
      vertex 12.486 6.42074 2
      vertex 12.0369 5.75739 2
      vertex 13.105 6.01382 2
    endloop
  endfacet
  facet normal -0 0 1
    outer loop
      vertex 11.9293 5.86397 2
      vertex 12.0369 5.75739 2
      vertex 12.486 6.42074 2
    endloop
  endfacet
  facet normal -0 0 1
    outer loop
      vertex 11.8782 5.83793 2
      vertex 12.0369 5.75739 2
      vertex 11.9293 5.86397 2
    endloop
  endfacet
  facet normal 0 0 1
    outer loop
      vertex 11.8782 5.83793 2
      vertex 11.7902 5.65521 2
      vertex 12.0369 5.75739 2
    endloop
  endfacet
  facet normal 0 0 1
    outer loop
      vertex 11.8782 5.83793 2
      vertex 11.7604 5.66305 2
      vertex 11.7902 5.65521 2
    endloop
  endfacet
  facet normal 0 0 1
    outer loop
      vertex 11.8782 5.83793 2
      vertex 11.6587 5.60076 2
      vertex 11.7604 5.66305 2
    endloop
  endfacet
  facet normal 0 0 1
    outer loop
      vertex 11.2277 5.50651 2
      vertex 11.6587 5.60076 2
      vertex 11.8782 5.83793 2
    endloop
  endfacet
  facet normal -0 0 1
    outer loop
      vertex 11.2277 5.50651 2
      vertex 11.2211 5.41949 2
      vertex 11.6587 5.60076 2
    endloop
  endfacet
  facet normal 0 0 1
    outer loop
      vertex 11.2277 5.50651 2
      vertex 10.8567 5.33201 2
      vertex 11.2211 5.41949 2
    endloop
  endfacet
  facet normal -0 0 1
    outer loop
      vertex 10.5067 5.39231 2
      vertex 10.8567 5.33201 2
      vertex 11.2277 5.50651 2
    endloop
  endfacet
  facet normal 0 0 1
    outer loop
      vertex 10.45 5.3 2
      vertex 10.5067 5.39231 2
      vertex 10.45 5.38333 2
    endloop
  endfacet
  facet normal 0 0 1
    outer loop
      vertex 10.5067 5.39231 2
      vertex 10.45 5.3 2
      vertex 10.8567 5.33201 2
    endloop
  endfacet
  facet normal 0 0 1
    outer loop
      vertex 10.3933 5.39231 2
      vertex 10.45 5.3 2
      vertex 10.45 5.38333 2
    endloop
  endfacet
  facet normal 0 0 1
    outer loop
      vertex 10.3933 5.39231 2
      vertex 10.0433 5.33201 2
      vertex 10.45 5.3 2
    endloop
  endfacet
  facet normal 0 0 1
    outer loop
      vertex 9.67231 5.50651 2
      vertex 10.0433 5.33201 2
      vertex 10.3933 5.39231 2
    endloop
  endfacet
  facet normal 0 0 1
    outer loop
      vertex 9.67231 5.50651 2
      vertex 9.64655 5.42725 2
      vertex 10.0433 5.33201 2
    endloop
  endfacet
  facet normal 0 0 1
    outer loop
      vertex 9.67231 5.50651 2
      vertex 9.26962 5.58338 2
      vertex 9.64655 5.42725 2
    endloop
  endfacet
  facet normal 0 0 1
    outer loop
      vertex 9.02185 5.83793 2
      vertex 9.26962 5.58338 2
      vertex 9.67231 5.50651 2
    endloop
  endfacet
  facet normal 0 0 1
    outer loop
      vertex 8.92176 5.79656 2
      vertex 9.02185 5.83793 2
      vertex 8.97074 5.86397 2
    endloop
  endfacet
  facet normal 0 0 1
    outer loop
      vertex 9.02185 5.83793 2
      vertex 8.92176 5.79656 2
      vertex 9.26962 5.58338 2
    endloop
  endfacet
  facet normal 0 0 1
    outer loop
      vertex 8.97074 5.86397 2
      vertex 8.61152 6.06152 2
      vertex 8.92176 5.79656 2
    endloop
  endfacet
  facet normal 0 0 1
    outer loop
      vertex 8.45453 6.38018 2
      vertex 8.61152 6.06152 2
      vertex 8.97074 5.86397 2
    endloop
  endfacet
  facet normal 0 0 1
    outer loop
      vertex 8.34656 6.37176 2
      vertex 8.45453 6.38018 2
      vertex 8.41397 6.42074 2
    endloop
  endfacet
  facet normal 0 0 1
    outer loop
      vertex 8.45453 6.38018 2
      vertex 8.34656 6.37176 2
      vertex 8.61152 6.06152 2
    endloop
  endfacet
  facet normal 0 0 1
    outer loop
      vertex 8.38793 6.47185 2
      vertex 8.34656 6.37176 2
      vertex 8.41397 6.42074 2
    endloop
  endfacet
  facet normal 0 0 1
    outer loop
      vertex 8.38793 6.47185 2
      vertex 8.20798 6.59789 2
      vertex 8.34656 6.37176 2
    endloop
  endfacet
  facet normal 0 0 1
    outer loop
      vertex 8.20798 6.59789 2
      vertex 8.1869 6.63228 2
      vertex 8.2 6.59999 2
    endloop
  endfacet
  facet normal 0 0 1
    outer loop
      vertex 8.38793 6.47185 2
      vertex 8.1869 6.63228 2
      vertex 8.20798 6.59789 2
    endloop
  endfacet
  facet normal 0 0 1
    outer loop
      vertex 8.38793 6.47185 2
      vertex 8.13338 6.71962 2
      vertex 8.1869 6.63228 2
    endloop
  endfacet
  facet normal 0 0 1
    outer loop
      vertex 8.05651 7.12231 2
      vertex 8.13338 6.71962 2
      vertex 8.38793 6.47185 2
    endloop
  endfacet
  facet normal 0 0 1
    outer loop
      vertex 8.05651 7.12231 2
      vertex 7.97725 7.09656 2
      vertex 8.13338 6.71962 2
    endloop
  endfacet
  facet normal 0 0 1
    outer loop
      vertex 8.05651 7.12231 2
      vertex 7.94613 7.2262 2
      vertex 7.97725 7.09656 2
    endloop
  endfacet
  facet normal 0 0 1
    outer loop
      vertex 7.94231 7.84335 2
      vertex 7.94613 7.2262 2
      vertex 8.05651 7.12231 2
    endloop
  endfacet
  facet normal 0 0 1
    outer loop
      vertex 7.93333 7.9 2
      vertex 7.94613 7.2262 2
      vertex 7.94231 7.84335 2
    endloop
  endfacet
  facet normal 0 0 1
    outer loop
      vertex 5.97185 13.2379 2
      vertex 8.05651 8.67769 2
      vertex 6.62231 12.9065 2
    endloop
  endfacet
  facet normal 0 0 1
    outer loop
      vertex 5.92074 13.264 2
      vertex 8.05651 8.67769 2
      vertex 5.97185 13.2379 2
    endloop
  endfacet
  facet normal 0 0 1
    outer loop
      vertex 8.05651 8.67769 2
      vertex 5.92074 13.264 2
      vertex 7.94231 7.95665 2
    endloop
  endfacet
  facet normal 0 0 1
    outer loop
      vertex 7.94231 7.95665 2
      vertex 5.92074 13.264 2
      vertex 7.93333 7.9 2
    endloop
  endfacet
  facet normal 0 0 1
    outer loop
      vertex 5.28465 13.7912 2
      vertex 7.93333 7.9 2
      vertex 5.92074 13.264 2
    endloop
  endfacet
  facet normal -0 0 1
    outer loop
      vertex 5.28465 13.7912 2
      vertex 5.92074 13.264 2
      vertex 5.36397 13.8207 2
    endloop
  endfacet
  facet normal 0 0 1
    outer loop
      vertex 5.28465 13.7912 2
      vertex 5.36397 13.8207 2
      vertex 5.33793 13.8718 2
    endloop
  endfacet
  facet normal 0 0 1
    outer loop
      vertex 7.93333 7.9 2
      vertex 5.28465 13.7912 2
      vertex 7.94613 7.2262 2
    endloop
  endfacet
  facet normal 0 0 1
    outer loop
      vertex 5.33793 13.8718 2
      vertex 5.08338 14.1196 2
      vertex 5.28465 13.7912 2
    endloop
  endfacet
  facet normal 0 0 1
    outer loop
      vertex 5.00651 14.5223 2
      vertex 5.08338 14.1196 2
      vertex 5.33793 13.8718 2
    endloop
  endfacet
  facet normal 0 0 1
    outer loop
      vertex 5.00651 14.5223 2
      vertex 4.92725 14.4966 2
      vertex 5.08338 14.1196 2
    endloop
  endfacet
  facet normal -0 0 1
    outer loop
      vertex 4.83201 14.8933 2
      vertex 5.00651 14.5223 2
      vertex 4.89231 15.2433 2
    endloop
  endfacet
  facet normal 0 0 1
    outer loop
      vertex 4.83201 14.8933 2
      vertex 4.89231 15.2433 2
      vertex 4.88333 15.3 2
    endloop
  endfacet
  facet normal 0 0 1
    outer loop
      vertex 5.00651 14.5223 2
      vertex 4.83201 14.8933 2
      vertex 4.92725 14.4966 2
    endloop
  endfacet
  facet normal 0 0 1
    outer loop
      vertex 25.7781 4.27193 2
      vertex 24.9377 4.15665 2
      vertex 24.9467 4.1 2
    endloop
  endfacet
  facet normal 0 0 1
    outer loop
      vertex 26.4821 4.8732 2
      vertex 24.8235 4.87769 2
      vertex 24.9377 4.15665 2
    endloop
  endfacet
  facet normal 0 0 1
    outer loop
      vertex 26.4821 4.8732 2
      vertex 24.4921 5.52815 2
      vertex 24.8235 4.87769 2
    endloop
  endfacet
  facet normal 0 0 1
    outer loop
      vertex 26.4821 4.8732 2
      vertex 24.466 5.57926 2
      vertex 24.4921 5.52815 2
    endloop
  endfacet
  facet normal 0 0 1
    outer loop
      vertex 25 10 2
      vertex 23.9498 6.09547 2
      vertex 24.466 5.57926 2
    endloop
  endfacet
  facet normal 0 0 1
    outer loop
      vertex 25 10 2
      vertex 23.9093 6.13603 2
      vertex 23.9498 6.09547 2
    endloop
  endfacet
  facet normal 0 0 1
    outer loop
      vertex 25 10 2
      vertex 23.8582 6.16207 2
      vertex 23.9093 6.13603 2
    endloop
  endfacet
  facet normal 0 0 1
    outer loop
      vertex 23.2077 6.49349 2
      vertex 25 10 2
      vertex 23.5 10 2
    endloop
  endfacet
  facet normal 0 0 1
    outer loop
      vertex 25 10 2
      vertex 23.2077 6.49349 2
      vertex 23.8582 6.16207 2
    endloop
  endfacet
  facet normal -0 0 1
    outer loop
      vertex 30 10.5 2
      vertex 33.5 10 2
      vertex 32 12 2
    endloop
  endfacet
  facet normal 0 0 1
    outer loop
      vertex 33.5 10 2
      vertex 31.7732 5.71123 2
      vertex 32.6285 5.35694 2
    endloop
  endfacet
  facet normal 0 0 1
    outer loop
      vertex 33.5 10 2
      vertex 30 8 2
      vertex 31.7732 5.71123 2
    endloop
  endfacet
  facet normal 0 0 1
    outer loop
      vertex 33.5 10 2
      vertex 30 10.5 2
      vertex 30 8 2
    endloop
  endfacet
  facet normal 0 0 1
    outer loop
      vertex 32 12 2
      vertex 28.5 10.5 2
      vertex 30 10.5 2
    endloop
  endfacet
  facet normal -0 0 1
    outer loop
      vertex 25 10 2
      vertex 28.5 8 2
      vertex 28.5 10.5 2
    endloop
  endfacet
  facet normal 0 0 1
    outer loop
      vertex 24.466 5.57926 2
      vertex 28.5 8 2
      vertex 25 10 2
    endloop
  endfacet
  facet normal -0 0 1
    outer loop
      vertex 26.5 12 2
      vertex 28.5 10.5 2
      vertex 32 12 2
    endloop
  endfacet
  facet normal 0 0 1
    outer loop
      vertex 25 10 2
      vertex 28.5 10.5 2
      vertex 26.5 12 2
    endloop
  endfacet
  facet normal 0 0 1
    outer loop
      vertex 28.5 8 2
      vertex 27.2715 5.35694 2
      vertex 28.1268 5.71123 2
    endloop
  endfacet
  facet normal 0 0 1
    outer loop
      vertex 31.7732 5.71123 2
      vertex 30 8 2
      vertex 30.873 5.92736 2
    endloop
  endfacet
  facet normal 0 0 1
    outer loop
      vertex 30 8 2
      vertex 29.95 6 2
      vertex 30.873 5.92736 2
    endloop
  endfacet
  facet normal 0 0 1
    outer loop
      vertex 30 8 2
      vertex 29.027 5.92736 2
      vertex 29.95 6 2
    endloop
  endfacet
  facet normal -0 0 1
    outer loop
      vertex 28.5 8 2
      vertex 29.027 5.92736 2
      vertex 30 8 2
    endloop
  endfacet
  facet normal 0 0 1
    outer loop
      vertex 29.027 5.92736 2
      vertex 28.5 8 2
      vertex 28.1268 5.71123 2
    endloop
  endfacet
  facet normal 0 0 1
    outer loop
      vertex 24.9377 4.15665 2
      vertex 25.7781 4.27193 2
      vertex 26.4821 4.8732 2
    endloop
  endfacet
  facet normal 0 0 1
    outer loop
      vertex 24.9377 4.04335 2
      vertex 25.7781 4.27193 2
      vertex 24.9467 4.1 2
    endloop
  endfacet
  facet normal 0 0 1
    outer loop
      vertex 25.7781 4.27193 2
      vertex 24.9377 4.04335 2
      vertex 25.1768 3.56793 2
    endloop
  endfacet
  facet normal 0 0 1
    outer loop
      vertex 24.8235 3.32231 2
      vertex 25.1768 3.56793 2
      vertex 24.9377 4.04335 2
    endloop
  endfacet
  facet normal 0 0 1
    outer loop
      vertex 24.7975 3.2712 2
      vertex 25.1768 3.56793 2
      vertex 24.8235 3.32231 2
    endloop
  endfacet
  facet normal -0 0 1
    outer loop
      vertex 24.7975 3.2712 2
      vertex 24.6931 2.77854 2
      vertex 25.1768 3.56793 2
    endloop
  endfacet
  facet normal 0 0 1
    outer loop
      vertex 24.6406 2.7467 2
      vertex 24.6931 2.77854 2
      vertex 24.7975 3.2712 2
    endloop
  endfacet
  facet normal 0 0 1
    outer loop
      vertex 24.6931 2.77854 2
      vertex 24.6406 2.7467 2
      vertex 24.6814 2.75034 2
    endloop
  endfacet
  facet normal 0 0 1
    outer loop
      vertex 24.466 2.62074 2
      vertex 24.6406 2.7467 2
      vertex 24.7975 3.2712 2
    endloop
  endfacet
  facet normal 0 0 1
    outer loop
      vertex 24.6406 2.7467 2
      vertex 24.466 2.62074 2
      vertex 24.5334 2.57176 2
    endloop
  endfacet
  facet normal 0 0 1
    outer loop
      vertex 24.466 2.62074 2
      vertex 24.2685 2.26152 2
      vertex 24.5334 2.57176 2
    endloop
  endfacet
  facet normal 0 0 1
    outer loop
      vertex 23.9498 2.10453 2
      vertex 24.2685 2.26152 2
      vertex 24.466 2.62074 2
    endloop
  endfacet
  facet normal 0 0 1
    outer loop
      vertex 24.2685 2.26152 2
      vertex 23.9498 2.10453 2
      vertex 23.9582 1.99656 2
    endloop
  endfacet
  facet normal -0 0 1
    outer loop
      vertex 23.9093 2.06397 2
      vertex 23.9582 1.99656 2
      vertex 23.9498 2.10453 2
    endloop
  endfacet
  facet normal -0 0 1
    outer loop
      vertex 23.8582 2.03793 2
      vertex 23.9582 1.99656 2
      vertex 23.9093 2.06397 2
    endloop
  endfacet
  facet normal 0 0 1
    outer loop
      vertex 23.8582 2.03793 2
      vertex 23.6104 1.78338 2
      vertex 23.9582 1.99656 2
    endloop
  endfacet
  facet normal 0 0 1
    outer loop
      vertex 23.2077 1.70651 2
      vertex 23.6104 1.78338 2
      vertex 23.8582 2.03793 2
    endloop
  endfacet
  facet normal 0 0 1
    outer loop
      vertex 23.6104 1.78338 2
      vertex 23.2077 1.70651 2
      vertex 23.2334 1.62725 2
    endloop
  endfacet
  facet normal -0 0 1
    outer loop
      vertex 23.151 1.69753 2
      vertex 23.2334 1.62725 2
      vertex 23.2077 1.70651 2
    endloop
  endfacet
  facet normal 0 0 1
    outer loop
      vertex 23.151 1.69753 2
      vertex 22.8367 1.53201 2
      vertex 23.2334 1.62725 2
    endloop
  endfacet
  facet normal -0 0 1
    outer loop
      vertex 22.43 1.58333 2
      vertex 22.8367 1.53201 2
      vertex 23.151 1.69753 2
    endloop
  endfacet
  facet normal 0 0 1
    outer loop
      vertex 22.43 1.58333 2
      vertex 22.43 1.5 2
      vertex 22.8367 1.53201 2
    endloop
  endfacet
  facet normal 0 0 1
    outer loop
      vertex 22.43 1.58333 2
      vertex 22.0233 1.53201 2
      vertex 22.43 1.5 2
    endloop
  endfacet
  facet normal 0 0 1
    outer loop
      vertex 21.709 1.69753 2
      vertex 22.0233 1.53201 2
      vertex 22.43 1.58333 2
    endloop
  endfacet
  facet normal 0 0 1
    outer loop
      vertex 21.6266 1.62725 2
      vertex 21.709 1.69753 2
      vertex 21.6523 1.70651 2
    endloop
  endfacet
  facet normal 0 0 1
    outer loop
      vertex 21.709 1.69753 2
      vertex 21.6266 1.62725 2
      vertex 22.0233 1.53201 2
    endloop
  endfacet
  facet normal 0 0 1
    outer loop
      vertex 21.6012 1.73255 2
      vertex 21.6266 1.62725 2
      vertex 21.6523 1.70651 2
    endloop
  endfacet
  facet normal 0 0 1
    outer loop
      vertex 21.6012 1.73255 2
      vertex 21.2496 1.78338 2
      vertex 21.6266 1.62725 2
    endloop
  endfacet
  facet normal 0 0 1
    outer loop
      vertex 20.9507 2.06397 2
      vertex 21.2496 1.78338 2
      vertex 21.6012 1.73255 2
    endloop
  endfacet
  facet normal 0 0 1
    outer loop
      vertex 20.9507 2.06397 2
      vertex 20.9018 1.99656 2
      vertex 21.2496 1.78338 2
    endloop
  endfacet
  facet normal 0 0 1
    outer loop
      vertex 20.9507 2.06397 2
      vertex 20.5915 2.26152 2
      vertex 20.9018 1.99656 2
    endloop
  endfacet
  facet normal 0 0 1
    outer loop
      vertex 20.394 2.62074 2
      vertex 20.5915 2.26152 2
      vertex 20.9507 2.06397 2
    endloop
  endfacet
  facet normal 0 0 1
    outer loop
      vertex 20.394 2.62074 2
      vertex 20.3266 2.57176 2
      vertex 20.5915 2.26152 2
    endloop
  endfacet
  facet normal 0 0 1
    outer loop
      vertex 20.394 2.62074 2
      vertex 20.1134 2.91962 2
      vertex 20.3266 2.57176 2
    endloop
  endfacet
  facet normal 0 0 1
    outer loop
      vertex 20.394 2.62074 2
      vertex 20.1089 2.93041 2
      vertex 20.1134 2.91962 2
    endloop
  endfacet
  facet normal 0 0 1
    outer loop
      vertex 20.0625 3.2712 2
      vertex 20.1089 2.93041 2
      vertex 20.394 2.62074 2
    endloop
  endfacet
  facet normal 0 0 1
    outer loop
      vertex 19.8631 3.2145 2
      vertex 20.0625 3.2712 2
      vertex 20.0365 3.32231 2
    endloop
  endfacet
  facet normal 0 0 1
    outer loop
      vertex 20.0625 3.2712 2
      vertex 20.0318 2.93922 2
      vertex 20.1089 2.93041 2
    endloop
  endfacet
  facet normal 0 0 1
    outer loop
      vertex 19.8631 3.2145 2
      vertex 20.0365 3.32231 2
      vertex 19.9223 4.04335 2
    endloop
  endfacet
  facet normal -0 0 1
    outer loop
      vertex 19.1497 4.04975 2
      vertex 19.9223 4.04335 2
      vertex 19.9133 4.1 2
    endloop
  endfacet
  facet normal 0 0 1
    outer loop
      vertex 20.0625 3.2712 2
      vertex 19.8631 3.2145 2
      vertex 20.0318 2.93922 2
    endloop
  endfacet
  facet normal -0 0 1
    outer loop
      vertex 20 10.5 2
      vertex 23.5 10 2
      vertex 22 12 2
    endloop
  endfacet
  facet normal 0 0 1
    outer loop
      vertex 20 8 2
      vertex 23.5 10 2
      vertex 20 10.5 2
    endloop
  endfacet
  facet normal 0 0 1
    outer loop
      vertex 22.3733 6.60769 2
      vertex 20 8 2
      vertex 21.6523 6.49349 2
    endloop
  endfacet
  facet normal 0 0 1
    outer loop
      vertex 21.6523 6.49349 2
      vertex 20 8 2
      vertex 21.0018 6.16207 2
    endloop
  endfacet
  facet normal 0 0 1
    outer loop
      vertex 21.0018 6.16207 2
      vertex 20 8 2
      vertex 20.9507 6.13603 2
    endloop
  endfacet
  facet normal 0 0 1
    outer loop
      vertex 20.9507 6.13603 2
      vertex 20 8 2
      vertex 20.394 5.57926 2
    endloop
  endfacet
  facet normal -0 0 1
    outer loop
      vertex 18.5 8 2
      vertex 20.394 5.57926 2
      vertex 20 8 2
    endloop
  endfacet
  facet normal 0 0 1
    outer loop
      vertex 23.5 10 2
      vertex 20 8 2
      vertex 22.3733 6.60769 2
    endloop
  endfacet
  facet normal 0 0 1
    outer loop
      vertex 22 12 2
      vertex 18.5 10.5 2
      vertex 20 10.5 2
    endloop
  endfacet
  facet normal -0 0 1
    outer loop
      vertex 15 10 2
      vertex 18.5 8 2
      vertex 18.5 10.5 2
    endloop
  endfacet
  facet normal 0 0 1
    outer loop
      vertex 18.5 8 2
      vertex 17.3779 5.33704 2
      vertex 18.3145 4.76312 2
    endloop
  endfacet
  facet normal -0 0 1
    outer loop
      vertex 16.5 12 2
      vertex 18.5 10.5 2
      vertex 22 12 2
    endloop
  endfacet
  facet normal 0 0 1
    outer loop
      vertex 15 10 2
      vertex 18.5 10.5 2
      vertex 16.5 12 2
    endloop
  endfacet
  facet normal 0 -0 1
    outer loop
      vertex 15.295 6.01382 2
      vertex 18.5 8 2
      vertex 15 10 2
    endloop
  endfacet
  facet normal 0 0 1
    outer loop
      vertex 18.3145 4.76312 2
      vertex 20.394 5.57926 2
      vertex 18.5 8 2
    endloop
  endfacet
  facet normal 0 0 1
    outer loop
      vertex 20.394 5.57926 2
      vertex 18.3145 4.76312 2
      vertex 20.3679 5.52815 2
    endloop
  endfacet
  facet normal 0 -0 1
    outer loop
      vertex 19.1497 4.04975 2
      vertex 20.0365 4.87769 2
      vertex 18.3145 4.76312 2
    endloop
  endfacet
  facet normal 0 0 1
    outer loop
      vertex 20.0365 4.87769 2
      vertex 19.1497 4.04975 2
      vertex 19.9223 4.15665 2
    endloop
  endfacet
  facet normal 0 0 1
    outer loop
      vertex 19.9223 4.04335 2
      vertex 19.1497 4.04975 2
      vertex 19.8631 3.2145 2
    endloop
  endfacet
  facet normal 0 0 1
    outer loop
      vertex 20.3679 5.52815 2
      vertex 18.3145 4.76312 2
      vertex 20.0365 4.87769 2
    endloop
  endfacet
  facet normal 0 0 1
    outer loop
      vertex 19.9223 4.15665 2
      vertex 19.1497 4.04975 2
      vertex 19.9133 4.1 2
    endloop
  endfacet
  facet normal 0 0 1
    outer loop
      vertex 18.5 8 2
      vertex 15.295 6.01382 2
      vertex 16.3631 5.75739 2
    endloop
  endfacet
  facet normal -0 0 1
    outer loop
      vertex 12.9667 7.9 2
      vertex 15.295 6.01382 2
      vertex 15 10 2
    endloop
  endfacet
  facet normal 0 0 1
    outer loop
      vertex 12.8435 8.67769 2
      vertex 15 10 2
      vertex 13.5 10 2
    endloop
  endfacet
  facet normal 0 0 1
    outer loop
      vertex 15.295 6.01382 2
      vertex 12.9667 7.9 2
      vertex 14.2 6.1 2
    endloop
  endfacet
  facet normal 0 0 1
    outer loop
      vertex 64.1575 37.929 2
      vertex 60 40.5 2
      vertex 60 35 2
    endloop
  endfacet
  facet normal 0 0 1
    outer loop
      vertex 62 42 2
      vertex 58.5 40.5 2
      vertex 60 40.5 2
    endloop
  endfacet
  facet normal 0 0 1
    outer loop
      vertex 58.5 40.5 2
      vertex 57 38.5 2
      vertex 58.5 35 2
    endloop
  endfacet
  facet normal -0 0 1
    outer loop
      vertex 56.5 42 2
      vertex 58.5 40.5 2
      vertex 62 42 2
    endloop
  endfacet
  facet normal 0 0 1
    outer loop
      vertex 56.5 42 2
      vertex 57 38.5 2
      vertex 58.5 40.5 2
    endloop
  endfacet
  facet normal 0 0 1
    outer loop
      vertex 55 40 2
      vertex 56.5 42 2
      vertex 55 45.5 2
    endloop
  endfacet
  facet normal 0 0 1
    outer loop
      vertex 56.5 42 2
      vertex 55 40 2
      vertex 57 38.5 2
    endloop
  endfacet
  facet normal -0 0 1
    outer loop
      vertex 53.5 40 2
      vertex 57 38.5 2
      vertex 55 40 2
    endloop
  endfacet
  facet normal -0 0 1
    outer loop
      vertex 52 42 2
      vertex 53.5 40 2
      vertex 52 43.5 2
    endloop
  endfacet
  facet normal 0 0 1
    outer loop
      vertex 53.5 40 2
      vertex 51.5 38.5 2
      vertex 57 38.5 2
    endloop
  endfacet
  facet normal 0 0 1
    outer loop
      vertex 52 42 2
      vertex 51.5 38.5 2
      vertex 53.5 40 2
    endloop
  endfacet
  facet normal 0 0 1
    outer loop
      vertex 51.5 38.5 2
      vertex 50 40.5 2
      vertex 51.5 37 2
    endloop
  endfacet
  facet normal 0 0 1
    outer loop
      vertex 52 42 2
      vertex 50 40.5 2
      vertex 51.5 38.5 2
    endloop
  endfacet
  facet normal 0 0 1
    outer loop
      vertex 52 42 2
      vertex 48.5 40.5 2
      vertex 50 40.5 2
    endloop
  endfacet
  facet normal 0 0 1
    outer loop
      vertex 48.5 40.5 2
      vertex 47 38.5 2
      vertex 48.5 35 2
    endloop
  endfacet
  facet normal -0 0 1
    outer loop
      vertex 46.5 42 2
      vertex 48.5 40.5 2
      vertex 52 42 2
    endloop
  endfacet
  facet normal 0 0 1
    outer loop
      vertex 46.5 42 2
      vertex 47 38.5 2
      vertex 48.5 40.5 2
    endloop
  endfacet
  facet normal 0 0 1
    outer loop
      vertex 45 40 2
      vertex 46.5 42 2
      vertex 45 45.5 2
    endloop
  endfacet
  facet normal 0 0 1
    outer loop
      vertex 46.5 42 2
      vertex 45 40 2
      vertex 47 38.5 2
    endloop
  endfacet
  facet normal -0 0 1
    outer loop
      vertex 43.5 40 2
      vertex 47 38.5 2
      vertex 45 40 2
    endloop
  endfacet
  facet normal -0 0 1
    outer loop
      vertex 42 42 2
      vertex 43.5 40 2
      vertex 42 43.5 2
    endloop
  endfacet
  facet normal 0 0 1
    outer loop
      vertex 43.5 40 2
      vertex 41.5 38.5 2
      vertex 47 38.5 2
    endloop
  endfacet
  facet normal 0 0 1
    outer loop
      vertex 42 42 2
      vertex 41.5 38.5 2
      vertex 43.5 40 2
    endloop
  endfacet
  facet normal 0 0 1
    outer loop
      vertex 41.5 38.5 2
      vertex 40 40.5 2
      vertex 41.5 37 2
    endloop
  endfacet
  facet normal 0 0 1
    outer loop
      vertex 42 42 2
      vertex 40 40.5 2
      vertex 41.5 38.5 2
    endloop
  endfacet
  facet normal 0 0 1
    outer loop
      vertex 42 42 2
      vertex 38.5 40.5 2
      vertex 40 40.5 2
    endloop
  endfacet
  facet normal 0 0 1
    outer loop
      vertex 38.5 40.5 2
      vertex 37 38.5 2
      vertex 38.5 35 2
    endloop
  endfacet
  facet normal -0 0 1
    outer loop
      vertex 36.5 42 2
      vertex 38.5 40.5 2
      vertex 42 42 2
    endloop
  endfacet
  facet normal 0 0 1
    outer loop
      vertex 36.5 42 2
      vertex 37 38.5 2
      vertex 38.5 40.5 2
    endloop
  endfacet
  facet normal 0 0 1
    outer loop
      vertex 35 40 2
      vertex 36.5 42 2
      vertex 35 45.5 2
    endloop
  endfacet
  facet normal 0 0 1
    outer loop
      vertex 36.5 42 2
      vertex 35 40 2
      vertex 37 38.5 2
    endloop
  endfacet
  facet normal -0 0 1
    outer loop
      vertex 33.5 40 2
      vertex 37 38.5 2
      vertex 35 40 2
    endloop
  endfacet
  facet normal -0 0 1
    outer loop
      vertex 32 42 2
      vertex 33.5 40 2
      vertex 32 43.5 2
    endloop
  endfacet
  facet normal 0 0 1
    outer loop
      vertex 33.5 40 2
      vertex 31.5 38.5 2
      vertex 37 38.5 2
    endloop
  endfacet
  facet normal 0 0 1
    outer loop
      vertex 32 42 2
      vertex 31.5 38.5 2
      vertex 33.5 40 2
    endloop
  endfacet
  facet normal 0 0 1
    outer loop
      vertex 31.5 38.5 2
      vertex 30 40.5 2
      vertex 31.5 37 2
    endloop
  endfacet
  facet normal 0 0 1
    outer loop
      vertex 32 42 2
      vertex 30 40.5 2
      vertex 31.5 38.5 2
    endloop
  endfacet
  facet normal 0 0 1
    outer loop
      vertex 32 42 2
      vertex 28.5 40.5 2
      vertex 30 40.5 2
    endloop
  endfacet
  facet normal 0 0 1
    outer loop
      vertex 28.5 40.5 2
      vertex 27 38.5 2
      vertex 28.5 35 2
    endloop
  endfacet
  facet normal -0 0 1
    outer loop
      vertex 26.5 42 2
      vertex 28.5 40.5 2
      vertex 32 42 2
    endloop
  endfacet
  facet normal 0 0 1
    outer loop
      vertex 26.5 42 2
      vertex 27 38.5 2
      vertex 28.5 40.5 2
    endloop
  endfacet
  facet normal 0 0 1
    outer loop
      vertex 25 40 2
      vertex 26.5 42 2
      vertex 25 45.5 2
    endloop
  endfacet
  facet normal 0 0 1
    outer loop
      vertex 26.5 42 2
      vertex 25 40 2
      vertex 27 38.5 2
    endloop
  endfacet
  facet normal -0 0 1
    outer loop
      vertex 23.5 40 2
      vertex 27 38.5 2
      vertex 25 40 2
    endloop
  endfacet
  facet normal -0 0 1
    outer loop
      vertex 22 42 2
      vertex 23.5 40 2
      vertex 22 43.5 2
    endloop
  endfacet
  facet normal 0 0 1
    outer loop
      vertex 23.5 40 2
      vertex 21.5 38.5 2
      vertex 27 38.5 2
    endloop
  endfacet
  facet normal 0 0 1
    outer loop
      vertex 22 42 2
      vertex 21.5 38.5 2
      vertex 23.5 40 2
    endloop
  endfacet
  facet normal 0 0 1
    outer loop
      vertex 21.5 38.5 2
      vertex 20 40.5 2
      vertex 21.5 37 2
    endloop
  endfacet
  facet normal 0 0 1
    outer loop
      vertex 22 42 2
      vertex 20 40.5 2
      vertex 21.5 38.5 2
    endloop
  endfacet
  facet normal 0 0 1
    outer loop
      vertex 22 42 2
      vertex 18.5 40.5 2
      vertex 20 40.5 2
    endloop
  endfacet
  facet normal 0 0 1
    outer loop
      vertex 18.5 40.5 2
      vertex 17 38.5 2
      vertex 18.5 35 2
    endloop
  endfacet
  facet normal -0 0 1
    outer loop
      vertex 16.5 42 2
      vertex 18.5 40.5 2
      vertex 22 42 2
    endloop
  endfacet
  facet normal 0 0 1
    outer loop
      vertex 16.5 42 2
      vertex 17 38.5 2
      vertex 18.5 40.5 2
    endloop
  endfacet
  facet normal 0 0 1
    outer loop
      vertex 15 40 2
      vertex 16.5 42 2
      vertex 15 45.5 2
    endloop
  endfacet
  facet normal 0 0 1
    outer loop
      vertex 16.5 42 2
      vertex 15 40 2
      vertex 17 38.5 2
    endloop
  endfacet
  facet normal -0 0 1
    outer loop
      vertex 13.5 40 2
      vertex 17 38.5 2
      vertex 15 40 2
    endloop
  endfacet
  facet normal 0 0 1
    outer loop
      vertex 13.5 40 2
      vertex 11.5 38.5 2
      vertex 17 38.5 2
    endloop
  endfacet
  facet normal 0 0 1
    outer loop
      vertex 11.5 38.5 2
      vertex 13.5 40 2
      vertex 11.5 47 2
    endloop
  endfacet
  facet normal 0 0 1
    outer loop
      vertex 62.8565 48.8723 2
      vertex 60 50.5 2
      vertex 60 45 2
    endloop
  endfacet
  facet normal 0 0 1
    outer loop
      vertex 62 52 2
      vertex 58.5 50.5 2
      vertex 60 50.5 2
    endloop
  endfacet
  facet normal 0 0 1
    outer loop
      vertex 58.5 50.5 2
      vertex 57 48.5 2
      vertex 58.5 45 2
    endloop
  endfacet
  facet normal -0 0 1
    outer loop
      vertex 56.5 52 2
      vertex 58.5 50.5 2
      vertex 62 52 2
    endloop
  endfacet
  facet normal 0 0 1
    outer loop
      vertex 56.5 52 2
      vertex 57 48.5 2
      vertex 58.5 50.5 2
    endloop
  endfacet
  facet normal 0 0 1
    outer loop
      vertex 55 50 2
      vertex 56.5 52 2
      vertex 55 55.5 2
    endloop
  endfacet
  facet normal 0 0 1
    outer loop
      vertex 56.5 52 2
      vertex 55 50 2
      vertex 57 48.5 2
    endloop
  endfacet
  facet normal -0 0 1
    outer loop
      vertex 53.5 50 2
      vertex 57 48.5 2
      vertex 55 50 2
    endloop
  endfacet
  facet normal -0 0 1
    outer loop
      vertex 52 52 2
      vertex 53.5 50 2
      vertex 52 53.5 2
    endloop
  endfacet
  facet normal 0 0 1
    outer loop
      vertex 53.5 50 2
      vertex 51.5 48.5 2
      vertex 57 48.5 2
    endloop
  endfacet
  facet normal 0 0 1
    outer loop
      vertex 52 52 2
      vertex 51.5 48.5 2
      vertex 53.5 50 2
    endloop
  endfacet
  facet normal 0 0 1
    outer loop
      vertex 51.5 48.5 2
      vertex 50 50.5 2
      vertex 51.5 47 2
    endloop
  endfacet
  facet normal 0 0 1
    outer loop
      vertex 52 52 2
      vertex 50 50.5 2
      vertex 51.5 48.5 2
    endloop
  endfacet
  facet normal 0 0 1
    outer loop
      vertex 52 52 2
      vertex 48.5 50.5 2
      vertex 50 50.5 2
    endloop
  endfacet
  facet normal 0 0 1
    outer loop
      vertex 48.5 50.5 2
      vertex 47 48.5 2
      vertex 48.5 45 2
    endloop
  endfacet
  facet normal -0 0 1
    outer loop
      vertex 46.5 52 2
      vertex 48.5 50.5 2
      vertex 52 52 2
    endloop
  endfacet
  facet normal 0 0 1
    outer loop
      vertex 46.5 52 2
      vertex 47 48.5 2
      vertex 48.5 50.5 2
    endloop
  endfacet
  facet normal 0 0 1
    outer loop
      vertex 45 50 2
      vertex 46.5 52 2
      vertex 45 55.5 2
    endloop
  endfacet
  facet normal 0 0 1
    outer loop
      vertex 46.5 52 2
      vertex 45 50 2
      vertex 47 48.5 2
    endloop
  endfacet
  facet normal -0 0 1
    outer loop
      vertex 43.5 50 2
      vertex 47 48.5 2
      vertex 45 50 2
    endloop
  endfacet
  facet normal -0 0 1
    outer loop
      vertex 42 52 2
      vertex 43.5 50 2
      vertex 42 53.5 2
    endloop
  endfacet
  facet normal 0 0 1
    outer loop
      vertex 43.5 50 2
      vertex 41.5 48.5 2
      vertex 47 48.5 2
    endloop
  endfacet
  facet normal 0 0 1
    outer loop
      vertex 42 52 2
      vertex 41.5 48.5 2
      vertex 43.5 50 2
    endloop
  endfacet
  facet normal 0 0 1
    outer loop
      vertex 41.5 48.5 2
      vertex 40 50.5 2
      vertex 41.5 47 2
    endloop
  endfacet
  facet normal 0 0 1
    outer loop
      vertex 42 52 2
      vertex 40 50.5 2
      vertex 41.5 48.5 2
    endloop
  endfacet
  facet normal 0 0 1
    outer loop
      vertex 42 52 2
      vertex 38.5 50.5 2
      vertex 40 50.5 2
    endloop
  endfacet
  facet normal 0 0 1
    outer loop
      vertex 38.5 50.5 2
      vertex 37 48.5 2
      vertex 38.5 45 2
    endloop
  endfacet
  facet normal -0 0 1
    outer loop
      vertex 36.5 52 2
      vertex 38.5 50.5 2
      vertex 42 52 2
    endloop
  endfacet
  facet normal 0 0 1
    outer loop
      vertex 36.5 52 2
      vertex 37 48.5 2
      vertex 38.5 50.5 2
    endloop
  endfacet
  facet normal 0 0 1
    outer loop
      vertex 35 50 2
      vertex 36.5 52 2
      vertex 35 55.5 2
    endloop
  endfacet
  facet normal 0 0 1
    outer loop
      vertex 36.5 52 2
      vertex 35 50 2
      vertex 37 48.5 2
    endloop
  endfacet
  facet normal -0 0 1
    outer loop
      vertex 33.5 50 2
      vertex 37 48.5 2
      vertex 35 50 2
    endloop
  endfacet
  facet normal -0 0 1
    outer loop
      vertex 32 52 2
      vertex 33.5 50 2
      vertex 32 53.5 2
    endloop
  endfacet
  facet normal 0 0 1
    outer loop
      vertex 33.5 50 2
      vertex 31.5 48.5 2
      vertex 37 48.5 2
    endloop
  endfacet
  facet normal 0 0 1
    outer loop
      vertex 32 52 2
      vertex 31.5 48.5 2
      vertex 33.5 50 2
    endloop
  endfacet
  facet normal 0 0 1
    outer loop
      vertex 31.5 48.5 2
      vertex 30 50.5 2
      vertex 31.5 47 2
    endloop
  endfacet
  facet normal 0 0 1
    outer loop
      vertex 32 52 2
      vertex 30 50.5 2
      vertex 31.5 48.5 2
    endloop
  endfacet
  facet normal 0 0 1
    outer loop
      vertex 32 52 2
      vertex 28.5 50.5 2
      vertex 30 50.5 2
    endloop
  endfacet
  facet normal 0 0 1
    outer loop
      vertex 28.5 50.5 2
      vertex 27 48.5 2
      vertex 28.5 45 2
    endloop
  endfacet
  facet normal -0 0 1
    outer loop
      vertex 26.5 52 2
      vertex 28.5 50.5 2
      vertex 32 52 2
    endloop
  endfacet
  facet normal 0 0 1
    outer loop
      vertex 26.5 52 2
      vertex 27 48.5 2
      vertex 28.5 50.5 2
    endloop
  endfacet
  facet normal 0 0 1
    outer loop
      vertex 25 50 2
      vertex 26.5 52 2
      vertex 25 55.5 2
    endloop
  endfacet
  facet normal 0 0 1
    outer loop
      vertex 26.5 52 2
      vertex 25 50 2
      vertex 27 48.5 2
    endloop
  endfacet
  facet normal -0 0 1
    outer loop
      vertex 23.5 50 2
      vertex 27 48.5 2
      vertex 25 50 2
    endloop
  endfacet
  facet normal -0 0 1
    outer loop
      vertex 22 52 2
      vertex 23.5 50 2
      vertex 22 53.5 2
    endloop
  endfacet
  facet normal 0 0 1
    outer loop
      vertex 23.5 50 2
      vertex 21.5 48.5 2
      vertex 27 48.5 2
    endloop
  endfacet
  facet normal 0 0 1
    outer loop
      vertex 22 52 2
      vertex 21.5 48.5 2
      vertex 23.5 50 2
    endloop
  endfacet
  facet normal 0 0 1
    outer loop
      vertex 21.5 48.5 2
      vertex 20 50.5 2
      vertex 21.5 47 2
    endloop
  endfacet
  facet normal 0 0 1
    outer loop
      vertex 22 52 2
      vertex 20 50.5 2
      vertex 21.5 48.5 2
    endloop
  endfacet
  facet normal 0 0 1
    outer loop
      vertex 22 52 2
      vertex 18.5 50.5 2
      vertex 20 50.5 2
    endloop
  endfacet
  facet normal 0 0 1
    outer loop
      vertex 18.5 50.5 2
      vertex 17 48.5 2
      vertex 18.5 45 2
    endloop
  endfacet
  facet normal -0 0 1
    outer loop
      vertex 16.5 52 2
      vertex 18.5 50.5 2
      vertex 22 52 2
    endloop
  endfacet
  facet normal 0 0 1
    outer loop
      vertex 16.5 52 2
      vertex 17 48.5 2
      vertex 18.5 50.5 2
    endloop
  endfacet
  facet normal 0 0 1
    outer loop
      vertex 15 50 2
      vertex 16.5 52 2
      vertex 15 55.5 2
    endloop
  endfacet
  facet normal 0 0 1
    outer loop
      vertex 16.5 52 2
      vertex 15 50 2
      vertex 17 48.5 2
    endloop
  endfacet
  facet normal -0 0 1
    outer loop
      vertex 13.5 50 2
      vertex 17 48.5 2
      vertex 15 50 2
    endloop
  endfacet
  facet normal 0 0 1
    outer loop
      vertex 13.5 50 2
      vertex 11.5 48.5 2
      vertex 17 48.5 2
    endloop
  endfacet
  facet normal 0 0 1
    outer loop
      vertex 11.5 48.5 2
      vertex 13.5 50 2
      vertex 11.5 57 2
    endloop
  endfacet
  facet normal 0 0 1
    outer loop
      vertex 62.8475 50.371 2
      vertex 60 50.5 2
      vertex 62.7333 49.65 2
    endloop
  endfacet
  facet normal 0 0 1
    outer loop
      vertex 63.7125 27.1988 2
      vertex 60 30.5 2
      vertex 63.6865 27.1477 2
    endloop
  endfacet
  facet normal 0 0 1
    outer loop
      vertex 64.6007 24.334 2
      vertex 60.5 23.5 2
      vertex 60.5 22 2
    endloop
  endfacet
  facet normal 0 0 1
    outer loop
      vertex 64.6007 24.334 2
      vertex 62.92 19.8667 2
      vertex 62.9767 19.8577 2
    endloop
  endfacet
  facet normal 0 0 1
    outer loop
      vertex 64.6007 24.334 2
      vertex 60.5 22 2
      vertex 62.92 19.8667 2
    endloop
  endfacet
  facet normal 0 0 1
    outer loop
      vertex 62.92 19.8667 2
      vertex 60.5 22 2
      vertex 62.8633 19.8577 2
    endloop
  endfacet
  facet normal 0 0 1
    outer loop
      vertex 62.8633 19.8577 2
      vertex 60.5 22 2
      vertex 62.1423 19.7435 2
    endloop
  endfacet
  facet normal 0 0 1
    outer loop
      vertex 62.1423 19.7435 2
      vertex 60.5 22 2
      vertex 61.4918 19.4121 2
    endloop
  endfacet
  facet normal 0 0 1
    outer loop
      vertex 61.4918 19.4121 2
      vertex 60.5 22 2
      vertex 61.4407 19.386 2
    endloop
  endfacet
  facet normal 0 0 1
    outer loop
      vertex 61.4407 19.386 2
      vertex 60.5 22 2
      vertex 60.884 18.8293 2
    endloop
  endfacet
  facet normal 0 0 1
    outer loop
      vertex 60.884 18.8293 2
      vertex 56.5 22 2
      vertex 60.8579 18.7782 2
    endloop
  endfacet
  facet normal -0 0 1
    outer loop
      vertex 56.5 22 2
      vertex 60.884 18.8293 2
      vertex 60.5 22 2
    endloop
  endfacet
  facet normal 0 0 1
    outer loop
      vertex 63.6775 27.091 2
      vertex 60 25 2
      vertex 63.5633 26.37 2
    endloop
  endfacet
  facet normal 0 0 1
    outer loop
      vertex 62 32 2
      vertex 58.5 30.5 2
      vertex 60 30.5 2
    endloop
  endfacet
  facet normal 0 0 1
    outer loop
      vertex 58.5 30.5 2
      vertex 57 28.5 2
      vertex 58.5 25 2
    endloop
  endfacet
  facet normal -0 0 1
    outer loop
      vertex 56.5 32 2
      vertex 58.5 30.5 2
      vertex 62 32 2
    endloop
  endfacet
  facet normal 0 0 1
    outer loop
      vertex 56.5 32 2
      vertex 57 28.5 2
      vertex 58.5 30.5 2
    endloop
  endfacet
  facet normal 0 0 1
    outer loop
      vertex 55 30 2
      vertex 56.5 32 2
      vertex 55 35.5 2
    endloop
  endfacet
  facet normal 0 0 1
    outer loop
      vertex 56.5 32 2
      vertex 55 30 2
      vertex 57 28.5 2
    endloop
  endfacet
  facet normal -0 0 1
    outer loop
      vertex 53.5 30 2
      vertex 57 28.5 2
      vertex 55 30 2
    endloop
  endfacet
  facet normal -0 0 1
    outer loop
      vertex 52 32 2
      vertex 53.5 30 2
      vertex 52 33.5 2
    endloop
  endfacet
  facet normal 0 0 1
    outer loop
      vertex 53.5 30 2
      vertex 51.5 28.5 2
      vertex 57 28.5 2
    endloop
  endfacet
  facet normal 0 0 1
    outer loop
      vertex 52 32 2
      vertex 51.5 28.5 2
      vertex 53.5 30 2
    endloop
  endfacet
  facet normal 0 0 1
    outer loop
      vertex 51.5 28.5 2
      vertex 50 30.5 2
      vertex 51.5 27 2
    endloop
  endfacet
  facet normal 0 0 1
    outer loop
      vertex 52 32 2
      vertex 50 30.5 2
      vertex 51.5 28.5 2
    endloop
  endfacet
  facet normal 0 0 1
    outer loop
      vertex 52 32 2
      vertex 48.5 30.5 2
      vertex 50 30.5 2
    endloop
  endfacet
  facet normal 0 0 1
    outer loop
      vertex 48.5 30.5 2
      vertex 47 28.5 2
      vertex 48.5 25 2
    endloop
  endfacet
  facet normal -0 0 1
    outer loop
      vertex 46.5 32 2
      vertex 48.5 30.5 2
      vertex 52 32 2
    endloop
  endfacet
  facet normal 0 0 1
    outer loop
      vertex 46.5 32 2
      vertex 47 28.5 2
      vertex 48.5 30.5 2
    endloop
  endfacet
  facet normal 0 0 1
    outer loop
      vertex 45 30 2
      vertex 46.5 32 2
      vertex 45 35.5 2
    endloop
  endfacet
  facet normal 0 0 1
    outer loop
      vertex 46.5 32 2
      vertex 45 30 2
      vertex 47 28.5 2
    endloop
  endfacet
  facet normal -0 0 1
    outer loop
      vertex 43.5 30 2
      vertex 47 28.5 2
      vertex 45 30 2
    endloop
  endfacet
  facet normal -0 0 1
    outer loop
      vertex 42 32 2
      vertex 43.5 30 2
      vertex 42 33.5 2
    endloop
  endfacet
  facet normal 0 0 1
    outer loop
      vertex 43.5 30 2
      vertex 41.5 28.5 2
      vertex 47 28.5 2
    endloop
  endfacet
  facet normal 0 0 1
    outer loop
      vertex 42 32 2
      vertex 41.5 28.5 2
      vertex 43.5 30 2
    endloop
  endfacet
  facet normal 0 0 1
    outer loop
      vertex 41.5 28.5 2
      vertex 40 30.5 2
      vertex 41.5 27 2
    endloop
  endfacet
  facet normal 0 0 1
    outer loop
      vertex 42 32 2
      vertex 40 30.5 2
      vertex 41.5 28.5 2
    endloop
  endfacet
  facet normal 0 0 1
    outer loop
      vertex 42 32 2
      vertex 38.5 30.5 2
      vertex 40 30.5 2
    endloop
  endfacet
  facet normal 0 0 1
    outer loop
      vertex 38.5 30.5 2
      vertex 37 28.5 2
      vertex 38.5 25 2
    endloop
  endfacet
  facet normal -0 0 1
    outer loop
      vertex 36.5 32 2
      vertex 38.5 30.5 2
      vertex 42 32 2
    endloop
  endfacet
  facet normal 0 0 1
    outer loop
      vertex 36.5 32 2
      vertex 37 28.5 2
      vertex 38.5 30.5 2
    endloop
  endfacet
  facet normal 0 0 1
    outer loop
      vertex 35 30 2
      vertex 36.5 32 2
      vertex 35 35.5 2
    endloop
  endfacet
  facet normal 0 0 1
    outer loop
      vertex 36.5 32 2
      vertex 35 30 2
      vertex 37 28.5 2
    endloop
  endfacet
  facet normal -0 0 1
    outer loop
      vertex 33.5 30 2
      vertex 37 28.5 2
      vertex 35 30 2
    endloop
  endfacet
  facet normal -0 0 1
    outer loop
      vertex 32 32 2
      vertex 33.5 30 2
      vertex 32 33.5 2
    endloop
  endfacet
  facet normal 0 0 1
    outer loop
      vertex 33.5 30 2
      vertex 31.5 28.5 2
      vertex 37 28.5 2
    endloop
  endfacet
  facet normal 0 0 1
    outer loop
      vertex 32 32 2
      vertex 31.5 28.5 2
      vertex 33.5 30 2
    endloop
  endfacet
  facet normal 0 0 1
    outer loop
      vertex 31.5 28.5 2
      vertex 30 30.5 2
      vertex 31.5 27 2
    endloop
  endfacet
  facet normal 0 0 1
    outer loop
      vertex 32 32 2
      vertex 30 30.5 2
      vertex 31.5 28.5 2
    endloop
  endfacet
  facet normal 0 0 1
    outer loop
      vertex 32 32 2
      vertex 28.5 30.5 2
      vertex 30 30.5 2
    endloop
  endfacet
  facet normal 0 0 1
    outer loop
      vertex 28.5 30.5 2
      vertex 27 28.5 2
      vertex 28.5 25 2
    endloop
  endfacet
  facet normal -0 0 1
    outer loop
      vertex 26.5 32 2
      vertex 28.5 30.5 2
      vertex 32 32 2
    endloop
  endfacet
  facet normal 0 0 1
    outer loop
      vertex 26.5 32 2
      vertex 27 28.5 2
      vertex 28.5 30.5 2
    endloop
  endfacet
  facet normal 0 0 1
    outer loop
      vertex 25 30 2
      vertex 26.5 32 2
      vertex 25 35.5 2
    endloop
  endfacet
  facet normal 0 0 1
    outer loop
      vertex 26.5 32 2
      vertex 25 30 2
      vertex 27 28.5 2
    endloop
  endfacet
  facet normal -0 0 1
    outer loop
      vertex 23.5 30 2
      vertex 27 28.5 2
      vertex 25 30 2
    endloop
  endfacet
  facet normal -0 0 1
    outer loop
      vertex 22 32 2
      vertex 23.5 30 2
      vertex 22 33.5 2
    endloop
  endfacet
  facet normal 0 0 1
    outer loop
      vertex 23.5 30 2
      vertex 21.5 28.5 2
      vertex 27 28.5 2
    endloop
  endfacet
  facet normal 0 0 1
    outer loop
      vertex 22 32 2
      vertex 21.5 28.5 2
      vertex 23.5 30 2
    endloop
  endfacet
  facet normal 0 0 1
    outer loop
      vertex 21.5 28.5 2
      vertex 20 30.5 2
      vertex 21.5 27 2
    endloop
  endfacet
  facet normal 0 0 1
    outer loop
      vertex 22 32 2
      vertex 20 30.5 2
      vertex 21.5 28.5 2
    endloop
  endfacet
  facet normal 0 0 1
    outer loop
      vertex 22 32 2
      vertex 18.5 30.5 2
      vertex 20 30.5 2
    endloop
  endfacet
  facet normal 0 0 1
    outer loop
      vertex 18.5 30.5 2
      vertex 17 28.5 2
      vertex 18.5 25 2
    endloop
  endfacet
  facet normal -0 0 1
    outer loop
      vertex 16.5 32 2
      vertex 18.5 30.5 2
      vertex 22 32 2
    endloop
  endfacet
  facet normal 0 0 1
    outer loop
      vertex 16.5 32 2
      vertex 17 28.5 2
      vertex 18.5 30.5 2
    endloop
  endfacet
  facet normal 0 0 1
    outer loop
      vertex 15 30 2
      vertex 16.5 32 2
      vertex 15 35.5 2
    endloop
  endfacet
  facet normal 0 0 1
    outer loop
      vertex 16.5 32 2
      vertex 15 30 2
      vertex 17 28.5 2
    endloop
  endfacet
  facet normal -0 0 1
    outer loop
      vertex 13.5 30 2
      vertex 17 28.5 2
      vertex 15 30 2
    endloop
  endfacet
  facet normal -0 0 1
    outer loop
      vertex 12 32 2
      vertex 13.5 30 2
      vertex 12 33.5 2
    endloop
  endfacet
  facet normal 0 0 1
    outer loop
      vertex 13.5 30 2
      vertex 11.5 28.5 2
      vertex 17 28.5 2
    endloop
  endfacet
  facet normal 0 0 1
    outer loop
      vertex 12 32 2
      vertex 11.5 28.5 2
      vertex 13.5 30 2
    endloop
  endfacet
  facet normal 0 0 1
    outer loop
      vertex 8.02926 26.586 2
      vertex 11.5 27 2
      vertex 11.5 28.5 2
    endloop
  endfacet
  facet normal -0 0 1
    outer loop
      vertex 9 32 2
      vertex 11.5 28.5 2
      vertex 12 32 2
    endloop
  endfacet
  facet normal -0 0 1
    outer loop
      vertex 9.05769 24.4933 2
      vertex 9.5 23.5 2
      vertex 9.06667 24.55 2
    endloop
  endfacet
  facet normal -0 0 1
    outer loop
      vertex 8.94349 23.7723 2
      vertex 9.5 23.5 2
      vertex 9.05769 24.4933 2
    endloop
  endfacet
  facet normal 0 0 1
    outer loop
      vertex 11.5 27 2
      vertex 8.94349 25.3277 2
      vertex 9.05769 24.6067 2
    endloop
  endfacet
  facet normal 0 0 1
    outer loop
      vertex 11.5 27 2
      vertex 9.06667 24.55 2
      vertex 9.5 23.5 2
    endloop
  endfacet
  facet normal 0 0 1
    outer loop
      vertex 7.3788 26.9174 2
      vertex 11.5 28.5 2
      vertex 9 32 2
    endloop
  endfacet
  facet normal 0 -0 1
    outer loop
      vertex 9.06667 24.55 2
      vertex 11.5 27 2
      vertex 9.05769 24.6067 2
    endloop
  endfacet
  facet normal 0 0 1
    outer loop
      vertex 60.8579 18.7782 2
      vertex 56.5 22 2
      vertex 60.5265 18.1277 2
    endloop
  endfacet
  facet normal -0 0 1
    outer loop
      vertex 55 20 2
      vertex 60.5265 18.1277 2
      vertex 56.5 22 2
    endloop
  endfacet
  facet normal 0 -0 1
    outer loop
      vertex 58.4 16.15 2
      vertex 60.5265 18.1277 2
      vertex 55 20 2
    endloop
  endfacet
  facet normal 0 0 1
    outer loop
      vertex 60.5175 16.629 2
      vertex 59.2447 16.0835 2
      vertex 60.0687 15.8857 2
    endloop
  endfacet
  facet normal 0 0 1
    outer loop
      vertex 60.4033 17.35 2
      vertex 58.4 16.15 2
      vertex 59.2447 16.0835 2
    endloop
  endfacet
  facet normal 0 0 1
    outer loop
      vertex 60.5265 18.1277 2
      vertex 58.4 16.15 2
      vertex 60.5175 18.071 2
    endloop
  endfacet
  facet normal 0 0 1
    outer loop
      vertex 60.5175 18.071 2
      vertex 58.4 16.15 2
      vertex 60.4033 17.35 2
    endloop
  endfacet
  facet normal 0 0 1
    outer loop
      vertex 58.4 16.15 2
      vertex 55 20 2
      vertex 57.5553 16.0835 2
    endloop
  endfacet
  facet normal -0 0 1
    outer loop
      vertex 54.5 18.5 2
      vertex 57.5553 16.0835 2
      vertex 55 20 2
    endloop
  endfacet
  facet normal 0 0 1
    outer loop
      vertex 63.7707 47.614 2
      vertex 60 45 2
      vertex 62 43.5 2
    endloop
  endfacet
  facet normal -0 0 1
    outer loop
      vertex 58.5 45 2
      vertex 62 43.5 2
      vertex 60 45 2
    endloop
  endfacet
  facet normal -0 0 1
    outer loop
      vertex 57 47 2
      vertex 58.5 45 2
      vertex 57 48.5 2
    endloop
  endfacet
  facet normal 0 0 1
    outer loop
      vertex 58.5 45 2
      vertex 56.5 43.5 2
      vertex 62 43.5 2
    endloop
  endfacet
  facet normal 0 0 1
    outer loop
      vertex 57 47 2
      vertex 56.5 43.5 2
      vertex 58.5 45 2
    endloop
  endfacet
  facet normal 0 0 1
    outer loop
      vertex 56.5 43.5 2
      vertex 55 45.5 2
      vertex 56.5 42 2
    endloop
  endfacet
  facet normal 0 0 1
    outer loop
      vertex 57 47 2
      vertex 55 45.5 2
      vertex 56.5 43.5 2
    endloop
  endfacet
  facet normal 0 0 1
    outer loop
      vertex 57 47 2
      vertex 53.5 45.5 2
      vertex 55 45.5 2
    endloop
  endfacet
  facet normal 0 0 1
    outer loop
      vertex 53.5 45.5 2
      vertex 52 43.5 2
      vertex 53.5 40 2
    endloop
  endfacet
  facet normal -0 0 1
    outer loop
      vertex 51.5 47 2
      vertex 53.5 45.5 2
      vertex 57 47 2
    endloop
  endfacet
  facet normal 0 0 1
    outer loop
      vertex 51.5 47 2
      vertex 52 43.5 2
      vertex 53.5 45.5 2
    endloop
  endfacet
  facet normal 0 0 1
    outer loop
      vertex 50 45 2
      vertex 51.5 47 2
      vertex 50 50.5 2
    endloop
  endfacet
  facet normal 0 0 1
    outer loop
      vertex 51.5 47 2
      vertex 50 45 2
      vertex 52 43.5 2
    endloop
  endfacet
  facet normal -0 0 1
    outer loop
      vertex 48.5 45 2
      vertex 52 43.5 2
      vertex 50 45 2
    endloop
  endfacet
  facet normal -0 0 1
    outer loop
      vertex 47 47 2
      vertex 48.5 45 2
      vertex 47 48.5 2
    endloop
  endfacet
  facet normal 0 0 1
    outer loop
      vertex 48.5 45 2
      vertex 46.5 43.5 2
      vertex 52 43.5 2
    endloop
  endfacet
  facet normal 0 0 1
    outer loop
      vertex 47 47 2
      vertex 46.5 43.5 2
      vertex 48.5 45 2
    endloop
  endfacet
  facet normal 0 0 1
    outer loop
      vertex 46.5 43.5 2
      vertex 45 45.5 2
      vertex 46.5 42 2
    endloop
  endfacet
  facet normal 0 0 1
    outer loop
      vertex 47 47 2
      vertex 45 45.5 2
      vertex 46.5 43.5 2
    endloop
  endfacet
  facet normal 0 0 1
    outer loop
      vertex 47 47 2
      vertex 43.5 45.5 2
      vertex 45 45.5 2
    endloop
  endfacet
  facet normal 0 0 1
    outer loop
      vertex 43.5 45.5 2
      vertex 42 43.5 2
      vertex 43.5 40 2
    endloop
  endfacet
  facet normal -0 0 1
    outer loop
      vertex 41.5 47 2
      vertex 43.5 45.5 2
      vertex 47 47 2
    endloop
  endfacet
  facet normal 0 0 1
    outer loop
      vertex 41.5 47 2
      vertex 42 43.5 2
      vertex 43.5 45.5 2
    endloop
  endfacet
  facet normal 0 0 1
    outer loop
      vertex 40 45 2
      vertex 41.5 47 2
      vertex 40 50.5 2
    endloop
  endfacet
  facet normal 0 0 1
    outer loop
      vertex 41.5 47 2
      vertex 40 45 2
      vertex 42 43.5 2
    endloop
  endfacet
  facet normal -0 0 1
    outer loop
      vertex 38.5 45 2
      vertex 42 43.5 2
      vertex 40 45 2
    endloop
  endfacet
  facet normal -0 0 1
    outer loop
      vertex 37 47 2
      vertex 38.5 45 2
      vertex 37 48.5 2
    endloop
  endfacet
  facet normal 0 0 1
    outer loop
      vertex 38.5 45 2
      vertex 36.5 43.5 2
      vertex 42 43.5 2
    endloop
  endfacet
  facet normal 0 0 1
    outer loop
      vertex 37 47 2
      vertex 36.5 43.5 2
      vertex 38.5 45 2
    endloop
  endfacet
  facet normal 0 0 1
    outer loop
      vertex 36.5 43.5 2
      vertex 35 45.5 2
      vertex 36.5 42 2
    endloop
  endfacet
  facet normal 0 0 1
    outer loop
      vertex 37 47 2
      vertex 35 45.5 2
      vertex 36.5 43.5 2
    endloop
  endfacet
  facet normal 0 0 1
    outer loop
      vertex 37 47 2
      vertex 33.5 45.5 2
      vertex 35 45.5 2
    endloop
  endfacet
  facet normal 0 0 1
    outer loop
      vertex 33.5 45.5 2
      vertex 32 43.5 2
      vertex 33.5 40 2
    endloop
  endfacet
  facet normal -0 0 1
    outer loop
      vertex 31.5 47 2
      vertex 33.5 45.5 2
      vertex 37 47 2
    endloop
  endfacet
  facet normal 0 0 1
    outer loop
      vertex 31.5 47 2
      vertex 32 43.5 2
      vertex 33.5 45.5 2
    endloop
  endfacet
  facet normal 0 0 1
    outer loop
      vertex 30 45 2
      vertex 31.5 47 2
      vertex 30 50.5 2
    endloop
  endfacet
  facet normal 0 0 1
    outer loop
      vertex 31.5 47 2
      vertex 30 45 2
      vertex 32 43.5 2
    endloop
  endfacet
  facet normal -0 0 1
    outer loop
      vertex 28.5 45 2
      vertex 32 43.5 2
      vertex 30 45 2
    endloop
  endfacet
  facet normal -0 0 1
    outer loop
      vertex 27 47 2
      vertex 28.5 45 2
      vertex 27 48.5 2
    endloop
  endfacet
  facet normal 0 0 1
    outer loop
      vertex 28.5 45 2
      vertex 26.5 43.5 2
      vertex 32 43.5 2
    endloop
  endfacet
  facet normal 0 0 1
    outer loop
      vertex 27 47 2
      vertex 26.5 43.5 2
      vertex 28.5 45 2
    endloop
  endfacet
  facet normal 0 0 1
    outer loop
      vertex 26.5 43.5 2
      vertex 25 45.5 2
      vertex 26.5 42 2
    endloop
  endfacet
  facet normal 0 0 1
    outer loop
      vertex 27 47 2
      vertex 25 45.5 2
      vertex 26.5 43.5 2
    endloop
  endfacet
  facet normal 0 0 1
    outer loop
      vertex 27 47 2
      vertex 23.5 45.5 2
      vertex 25 45.5 2
    endloop
  endfacet
  facet normal 0 0 1
    outer loop
      vertex 23.5 45.5 2
      vertex 22 43.5 2
      vertex 23.5 40 2
    endloop
  endfacet
  facet normal -0 0 1
    outer loop
      vertex 21.5 47 2
      vertex 23.5 45.5 2
      vertex 27 47 2
    endloop
  endfacet
  facet normal 0 0 1
    outer loop
      vertex 21.5 47 2
      vertex 22 43.5 2
      vertex 23.5 45.5 2
    endloop
  endfacet
  facet normal 0 0 1
    outer loop
      vertex 20 45 2
      vertex 21.5 47 2
      vertex 20 50.5 2
    endloop
  endfacet
  facet normal 0 0 1
    outer loop
      vertex 21.5 47 2
      vertex 20 45 2
      vertex 22 43.5 2
    endloop
  endfacet
  facet normal -0 0 1
    outer loop
      vertex 18.5 45 2
      vertex 22 43.5 2
      vertex 20 45 2
    endloop
  endfacet
  facet normal -0 0 1
    outer loop
      vertex 17 47 2
      vertex 18.5 45 2
      vertex 17 48.5 2
    endloop
  endfacet
  facet normal 0 0 1
    outer loop
      vertex 18.5 45 2
      vertex 16.5 43.5 2
      vertex 22 43.5 2
    endloop
  endfacet
  facet normal 0 0 1
    outer loop
      vertex 17 47 2
      vertex 16.5 43.5 2
      vertex 18.5 45 2
    endloop
  endfacet
  facet normal 0 0 1
    outer loop
      vertex 16.5 43.5 2
      vertex 15 45.5 2
      vertex 16.5 42 2
    endloop
  endfacet
  facet normal 0 0 1
    outer loop
      vertex 17 47 2
      vertex 15 45.5 2
      vertex 16.5 43.5 2
    endloop
  endfacet
  facet normal 0 0 1
    outer loop
      vertex 17 47 2
      vertex 13.5 45.5 2
      vertex 15 45.5 2
    endloop
  endfacet
  facet normal 0 0 1
    outer loop
      vertex 13.5 45.5 2
      vertex 11.5 47 2
      vertex 13.5 40 2
    endloop
  endfacet
  facet normal -0 0 1
    outer loop
      vertex 11.5 47 2
      vertex 13.5 45.5 2
      vertex 17 47 2
    endloop
  endfacet
  facet normal 0 0 1
    outer loop
      vertex 64.524 37.1707 2
      vertex 60 35 2
      vertex 62 33.5 2
    endloop
  endfacet
  facet normal -0 0 1
    outer loop
      vertex 58.5 35 2
      vertex 62 33.5 2
      vertex 60 35 2
    endloop
  endfacet
  facet normal -0 0 1
    outer loop
      vertex 57 37 2
      vertex 58.5 35 2
      vertex 57 38.5 2
    endloop
  endfacet
  facet normal 0 0 1
    outer loop
      vertex 58.5 35 2
      vertex 56.5 33.5 2
      vertex 62 33.5 2
    endloop
  endfacet
  facet normal 0 0 1
    outer loop
      vertex 57 37 2
      vertex 56.5 33.5 2
      vertex 58.5 35 2
    endloop
  endfacet
  facet normal 0 0 1
    outer loop
      vertex 56.5 33.5 2
      vertex 55 35.5 2
      vertex 56.5 32 2
    endloop
  endfacet
  facet normal 0 0 1
    outer loop
      vertex 57 37 2
      vertex 55 35.5 2
      vertex 56.5 33.5 2
    endloop
  endfacet
  facet normal 0 0 1
    outer loop
      vertex 57 37 2
      vertex 53.5 35.5 2
      vertex 55 35.5 2
    endloop
  endfacet
  facet normal 0 0 1
    outer loop
      vertex 53.5 35.5 2
      vertex 52 33.5 2
      vertex 53.5 30 2
    endloop
  endfacet
  facet normal -0 0 1
    outer loop
      vertex 51.5 37 2
      vertex 53.5 35.5 2
      vertex 57 37 2
    endloop
  endfacet
  facet normal 0 0 1
    outer loop
      vertex 51.5 37 2
      vertex 52 33.5 2
      vertex 53.5 35.5 2
    endloop
  endfacet
  facet normal 0 0 1
    outer loop
      vertex 50 35 2
      vertex 51.5 37 2
      vertex 50 40.5 2
    endloop
  endfacet
  facet normal 0 0 1
    outer loop
      vertex 51.5 37 2
      vertex 50 35 2
      vertex 52 33.5 2
    endloop
  endfacet
  facet normal -0 0 1
    outer loop
      vertex 48.5 35 2
      vertex 52 33.5 2
      vertex 50 35 2
    endloop
  endfacet
  facet normal -0 0 1
    outer loop
      vertex 47 37 2
      vertex 48.5 35 2
      vertex 47 38.5 2
    endloop
  endfacet
  facet normal 0 0 1
    outer loop
      vertex 48.5 35 2
      vertex 46.5 33.5 2
      vertex 52 33.5 2
    endloop
  endfacet
  facet normal 0 0 1
    outer loop
      vertex 47 37 2
      vertex 46.5 33.5 2
      vertex 48.5 35 2
    endloop
  endfacet
  facet normal 0 0 1
    outer loop
      vertex 46.5 33.5 2
      vertex 45 35.5 2
      vertex 46.5 32 2
    endloop
  endfacet
  facet normal 0 0 1
    outer loop
      vertex 47 37 2
      vertex 45 35.5 2
      vertex 46.5 33.5 2
    endloop
  endfacet
  facet normal 0 0 1
    outer loop
      vertex 47 37 2
      vertex 43.5 35.5 2
      vertex 45 35.5 2
    endloop
  endfacet
  facet normal 0 0 1
    outer loop
      vertex 43.5 35.5 2
      vertex 42 33.5 2
      vertex 43.5 30 2
    endloop
  endfacet
  facet normal -0 0 1
    outer loop
      vertex 41.5 37 2
      vertex 43.5 35.5 2
      vertex 47 37 2
    endloop
  endfacet
  facet normal 0 0 1
    outer loop
      vertex 41.5 37 2
      vertex 42 33.5 2
      vertex 43.5 35.5 2
    endloop
  endfacet
  facet normal 0 0 1
    outer loop
      vertex 40 35 2
      vertex 41.5 37 2
      vertex 40 40.5 2
    endloop
  endfacet
  facet normal 0 0 1
    outer loop
      vertex 41.5 37 2
      vertex 40 35 2
      vertex 42 33.5 2
    endloop
  endfacet
  facet normal -0 0 1
    outer loop
      vertex 38.5 35 2
      vertex 42 33.5 2
      vertex 40 35 2
    endloop
  endfacet
  facet normal -0 0 1
    outer loop
      vertex 37 37 2
      vertex 38.5 35 2
      vertex 37 38.5 2
    endloop
  endfacet
  facet normal 0 0 1
    outer loop
      vertex 38.5 35 2
      vertex 36.5 33.5 2
      vertex 42 33.5 2
    endloop
  endfacet
  facet normal 0 0 1
    outer loop
      vertex 37 37 2
      vertex 36.5 33.5 2
      vertex 38.5 35 2
    endloop
  endfacet
  facet normal 0 0 1
    outer loop
      vertex 36.5 33.5 2
      vertex 35 35.5 2
      vertex 36.5 32 2
    endloop
  endfacet
  facet normal 0 0 1
    outer loop
      vertex 37 37 2
      vertex 35 35.5 2
      vertex 36.5 33.5 2
    endloop
  endfacet
  facet normal 0 0 1
    outer loop
      vertex 37 37 2
      vertex 33.5 35.5 2
      vertex 35 35.5 2
    endloop
  endfacet
  facet normal 0 0 1
    outer loop
      vertex 33.5 35.5 2
      vertex 32 33.5 2
      vertex 33.5 30 2
    endloop
  endfacet
  facet normal -0 0 1
    outer loop
      vertex 31.5 37 2
      vertex 33.5 35.5 2
      vertex 37 37 2
    endloop
  endfacet
  facet normal 0 0 1
    outer loop
      vertex 31.5 37 2
      vertex 32 33.5 2
      vertex 33.5 35.5 2
    endloop
  endfacet
  facet normal 0 0 1
    outer loop
      vertex 30 35 2
      vertex 31.5 37 2
      vertex 30 40.5 2
    endloop
  endfacet
  facet normal 0 0 1
    outer loop
      vertex 31.5 37 2
      vertex 30 35 2
      vertex 32 33.5 2
    endloop
  endfacet
  facet normal -0 0 1
    outer loop
      vertex 28.5 35 2
      vertex 32 33.5 2
      vertex 30 35 2
    endloop
  endfacet
  facet normal -0 0 1
    outer loop
      vertex 27 37 2
      vertex 28.5 35 2
      vertex 27 38.5 2
    endloop
  endfacet
  facet normal 0 0 1
    outer loop
      vertex 28.5 35 2
      vertex 26.5 33.5 2
      vertex 32 33.5 2
    endloop
  endfacet
  facet normal 0 0 1
    outer loop
      vertex 27 37 2
      vertex 26.5 33.5 2
      vertex 28.5 35 2
    endloop
  endfacet
  facet normal 0 0 1
    outer loop
      vertex 26.5 33.5 2
      vertex 25 35.5 2
      vertex 26.5 32 2
    endloop
  endfacet
  facet normal 0 0 1
    outer loop
      vertex 27 37 2
      vertex 25 35.5 2
      vertex 26.5 33.5 2
    endloop
  endfacet
  facet normal 0 0 1
    outer loop
      vertex 27 37 2
      vertex 23.5 35.5 2
      vertex 25 35.5 2
    endloop
  endfacet
  facet normal 0 0 1
    outer loop
      vertex 23.5 35.5 2
      vertex 22 33.5 2
      vertex 23.5 30 2
    endloop
  endfacet
  facet normal -0 0 1
    outer loop
      vertex 21.5 37 2
      vertex 23.5 35.5 2
      vertex 27 37 2
    endloop
  endfacet
  facet normal 0 0 1
    outer loop
      vertex 21.5 37 2
      vertex 22 33.5 2
      vertex 23.5 35.5 2
    endloop
  endfacet
  facet normal 0 0 1
    outer loop
      vertex 20 35 2
      vertex 21.5 37 2
      vertex 20 40.5 2
    endloop
  endfacet
  facet normal 0 0 1
    outer loop
      vertex 21.5 37 2
      vertex 20 35 2
      vertex 22 33.5 2
    endloop
  endfacet
  facet normal -0 0 1
    outer loop
      vertex 18.5 35 2
      vertex 22 33.5 2
      vertex 20 35 2
    endloop
  endfacet
  facet normal -0 0 1
    outer loop
      vertex 17 37 2
      vertex 18.5 35 2
      vertex 17 38.5 2
    endloop
  endfacet
  facet normal 0 0 1
    outer loop
      vertex 18.5 35 2
      vertex 16.5 33.5 2
      vertex 22 33.5 2
    endloop
  endfacet
  facet normal 0 0 1
    outer loop
      vertex 17 37 2
      vertex 16.5 33.5 2
      vertex 18.5 35 2
    endloop
  endfacet
  facet normal 0 0 1
    outer loop
      vertex 16.5 33.5 2
      vertex 15 35.5 2
      vertex 16.5 32 2
    endloop
  endfacet
  facet normal 0 0 1
    outer loop
      vertex 17 37 2
      vertex 15 35.5 2
      vertex 16.5 33.5 2
    endloop
  endfacet
  facet normal 0 0 1
    outer loop
      vertex 17 37 2
      vertex 13.5 35.5 2
      vertex 15 35.5 2
    endloop
  endfacet
  facet normal 0 0 1
    outer loop
      vertex 13.5 35.5 2
      vertex 12 33.5 2
      vertex 13.5 30 2
    endloop
  endfacet
  facet normal -0 0 1
    outer loop
      vertex 11.5 37 2
      vertex 13.5 35.5 2
      vertex 17 37 2
    endloop
  endfacet
  facet normal 0 0 1
    outer loop
      vertex 11.5 37 2
      vertex 12 33.5 2
      vertex 13.5 35.5 2
    endloop
  endfacet
  facet normal 0 0 1
    outer loop
      vertex 10.9999 63.4 2
      vertex 11.0001 63.4 2
      vertex 11 63.4 2
    endloop
  endfacet
  facet normal 0 0 1
    outer loop
      vertex 9.77926 60.136 2
      vertex 11.0001 63.4 2
      vertex 10.9999 63.4 2
    endloop
  endfacet
  facet normal 0 0 1
    outer loop
      vertex 10.8077 58.0433 2
      vertex 11.5 58.5 2
      vertex 10.8167 58.1 2
    endloop
  endfacet
  facet normal 0 0 1
    outer loop
      vertex 11.5 57 2
      vertex 10.8077 58.0433 2
      vertex 10.6935 57.3223 2
    endloop
  endfacet
  facet normal 0 0 1
    outer loop
      vertex 11.5 57 2
      vertex 10.6935 57.3223 2
      vertex 10.6675 57.2712 2
    endloop
  endfacet
  facet normal 0 0 1
    outer loop
      vertex 10.2955 56.5802 2
      vertex 11.5 57 2
      vertex 10.336 56.6207 2
    endloop
  endfacet
  facet normal 0 0 1
    outer loop
      vertex 11.5 57 2
      vertex 9.77926 56.064 2
      vertex 11.5 48.5 2
    endloop
  endfacet
  facet normal -0 0 1
    outer loop
      vertex 9.1288 55.7325 2
      vertex 11.5 48.5 2
      vertex 9.77926 56.064 2
    endloop
  endfacet
  facet normal -0 0 1
    outer loop
      vertex 9.07769 55.7065 2
      vertex 11.5 48.5 2
      vertex 9.1288 55.7325 2
    endloop
  endfacet
  facet normal 0 0 1
    outer loop
      vertex 9.49349 44.6223 2
      vertex 11.5 47 2
      vertex 9.60769 45.3433 2
    endloop
  endfacet
  facet normal 0 0 1
    outer loop
      vertex 11.5 47 2
      vertex 9.49349 44.6223 2
      vertex 11.5 38.5 2
    endloop
  endfacet
  facet normal -0 0 1
    outer loop
      vertex 9.16207 43.9718 2
      vertex 11.5 38.5 2
      vertex 9.49349 44.6223 2
    endloop
  endfacet
  facet normal -0 0 1
    outer loop
      vertex 9.13603 43.9207 2
      vertex 11.5 38.5 2
      vertex 9.16207 43.9718 2
    endloop
  endfacet
  facet normal -0 0 1
    outer loop
      vertex 8.57926 43.364 2
      vertex 11.5 38.5 2
      vertex 9.13603 43.9207 2
    endloop
  endfacet
  facet normal -0 0 1
    outer loop
      vertex 8.52815 43.3379 2
      vertex 11.5 38.5 2
      vertex 8.57926 43.364 2
    endloop
  endfacet
  facet normal -0 0 1
    outer loop
      vertex 7.87769 43.0065 2
      vertex 11.5 38.5 2
      vertex 8.52815 43.3379 2
    endloop
  endfacet
  facet normal 0 0 1
    outer loop
      vertex 6.19221 31.5891 2
      vertex 9 33.5 2
      vertex 6.5 35.5 2
    endloop
  endfacet
  facet normal 0 0 1
    outer loop
      vertex 11.5 27 2
      vertex 8.91745 25.3788 2
      vertex 8.94349 25.3277 2
    endloop
  endfacet
  facet normal 0 0 1
    outer loop
      vertex 11.5 27 2
      vertex 8.58603 26.0293 2
      vertex 8.91745 25.3788 2
    endloop
  endfacet
  facet normal 0 -0 1
    outer loop
      vertex 6.5 35.5 2
      vertex 11.5 37 2
      vertex 6.19221 39.4109 2
    endloop
  endfacet
  facet normal 0 0 1
    outer loop
      vertex 11.5 37 2
      vertex 9 33.5 2
      vertex 12 33.5 2
    endloop
  endfacet
  facet normal -0 0 1
    outer loop
      vertex 6.19221 39.4109 2
      vertex 11.5 38.5 2
      vertex 7.87769 43.0065 2
    endloop
  endfacet
  facet normal 0 0 1
    outer loop
      vertex 9 33.5 2
      vertex 6.19221 31.5891 2
      vertex 9 32 2
    endloop
  endfacet
  facet normal 0 0 1
    outer loop
      vertex 11.5 38.5 2
      vertex 6.19221 39.4109 2
      vertex 11.5 37 2
    endloop
  endfacet
  facet normal 0 0 1
    outer loop
      vertex 11.5 27 2
      vertex 8.02926 26.586 2
      vertex 8.58603 26.0293 2
    endloop
  endfacet
  facet normal 0 0 1
    outer loop
      vertex 11.5 28.5 2
      vertex 7.3788 26.9174 2
      vertex 8.02926 26.586 2
    endloop
  endfacet
  facet normal 0 0 1
    outer loop
      vertex 6.19221 39.4109 2
      vertex 7.87769 43.0065 2
      vertex 7.15665 42.8923 2
    endloop
  endfacet
  facet normal 0 0 1
    outer loop
      vertex 6.19221 39.4109 2
      vertex 7.15665 42.8923 2
      vertex 7.1 42.8833 2
    endloop
  endfacet
  facet normal 0 0 1
    outer loop
      vertex 6.19221 39.4109 2
      vertex 7.1 42.8833 2
      vertex 7.04335 42.8923 2
    endloop
  endfacet
  facet normal 0 0 1
    outer loop
      vertex 9 32 2
      vertex 7.32769 26.9435 2
      vertex 7.3788 26.9174 2
    endloop
  endfacet
  facet normal 0 0 1
    outer loop
      vertex 9 32 2
      vertex 6.60665 27.0577 2
      vertex 7.32769 26.9435 2
    endloop
  endfacet
  facet normal 0 0 1
    outer loop
      vertex 9 32 2
      vertex 6.55 27.0667 2
      vertex 6.60665 27.0577 2
    endloop
  endfacet
  facet normal 0 0 1
    outer loop
      vertex 6.19221 39.4109 2
      vertex 7.04335 42.8923 2
      vertex 6.32231 43.0065 2
    endloop
  endfacet
  facet normal 0 0 1
    outer loop
      vertex 11.5 37 2
      vertex 6.5 35.5 2
      vertex 9 33.5 2
    endloop
  endfacet
  facet normal -0 0 1
    outer loop
      vertex 5.27641 43.2254 2
      vertex 6.32231 43.0065 2
      vertex 5.67185 43.3379 2
    endloop
  endfacet
  facet normal 0 0 1
    outer loop
      vertex 5.27641 43.2254 2
      vertex 5.67185 43.3379 2
      vertex 5.62074 43.364 2
    endloop
  endfacet
  facet normal 0 0 1
    outer loop
      vertex 6.32231 43.0065 2
      vertex 5.27641 43.2254 2
      vertex 6.19221 39.4109 2
    endloop
  endfacet
  facet normal 0 0 1
    outer loop
      vertex 5.06397 43.9207 2
      vertex 5.27641 43.2254 2
      vertex 5.62074 43.364 2
    endloop
  endfacet
  facet normal 0 0 1
    outer loop
      vertex 5.03793 43.9718 2
      vertex 5.27641 43.2254 2
      vertex 5.06397 43.9207 2
    endloop
  endfacet
  facet normal 0 0 1
    outer loop
      vertex 4.70651 44.6223 2
      vertex 5.27641 43.2254 2
      vertex 5.03793 43.9718 2
    endloop
  endfacet
  facet normal 0 0 1
    outer loop
      vertex 4.70651 44.6223 2
      vertex 4.48213 45.143 2
      vertex 5.27641 43.2254 2
    endloop
  endfacet
  facet normal 0 0 1
    outer loop
      vertex 4.59231 45.3433 2
      vertex 4.48213 45.143 2
      vertex 4.70651 44.6223 2
    endloop
  endfacet
  facet normal 0 0 1
    outer loop
      vertex 4.58333 45.4 2
      vertex 4.48213 45.143 2
      vertex 4.59231 45.3433 2
    endloop
  endfacet
  facet normal 0 0 1
    outer loop
      vertex 4.59231 45.4567 2
      vertex 4.48213 45.143 2
      vertex 4.58333 45.4 2
    endloop
  endfacet
  facet normal 0 0 1
    outer loop
      vertex 63.6865 25.5923 2
      vertex 60 25 2
      vertex 60.5 23.5 2
    endloop
  endfacet
  facet normal -0 0 1
    outer loop
      vertex 58.5 25 2
      vertex 60.5 23.5 2
      vertex 60 25 2
    endloop
  endfacet
  facet normal -0 0 1
    outer loop
      vertex 57 27 2
      vertex 58.5 25 2
      vertex 57 28.5 2
    endloop
  endfacet
  facet normal 0 0 1
    outer loop
      vertex 58.5 25 2
      vertex 56.5 23.5 2
      vertex 60.5 23.5 2
    endloop
  endfacet
  facet normal 0 0 1
    outer loop
      vertex 57 27 2
      vertex 56.5 23.5 2
      vertex 58.5 25 2
    endloop
  endfacet
  facet normal 0 0 1
    outer loop
      vertex 55 20 2
      vertex 56.5 22 2
      vertex 56.5 23.5 2
    endloop
  endfacet
  facet normal 0 0 1
    outer loop
      vertex 57.5553 16.0835 2
      vertex 54.5 18.5 2
      vertex 56.7313 15.8857 2
    endloop
  endfacet
  facet normal -0 0 1
    outer loop
      vertex 55 25.5 2
      vertex 56.5 23.5 2
      vertex 57 27 2
    endloop
  endfacet
  facet normal 0 0 1
    outer loop
      vertex 56.5 23.5 2
      vertex 55 25.5 2
      vertex 55 20 2
    endloop
  endfacet
  facet normal 0 0 1
    outer loop
      vertex 57 27 2
      vertex 53.5 25.5 2
      vertex 55 25.5 2
    endloop
  endfacet
  facet normal 0 0 1
    outer loop
      vertex 53.5 25.5 2
      vertex 52 23.5 2
      vertex 53.5 20 2
    endloop
  endfacet
  facet normal -0 0 1
    outer loop
      vertex 51.5 27 2
      vertex 53.5 25.5 2
      vertex 57 27 2
    endloop
  endfacet
  facet normal 0 0 1
    outer loop
      vertex 51.5 27 2
      vertex 52 23.5 2
      vertex 53.5 25.5 2
    endloop
  endfacet
  facet normal 0 0 1
    outer loop
      vertex 50 25 2
      vertex 51.5 27 2
      vertex 50 30.5 2
    endloop
  endfacet
  facet normal 0 0 1
    outer loop
      vertex 51.5 27 2
      vertex 50 25 2
      vertex 52 23.5 2
    endloop
  endfacet
  facet normal -0 0 1
    outer loop
      vertex 48.5 25 2
      vertex 52 23.5 2
      vertex 50 25 2
    endloop
  endfacet
  facet normal -0 0 1
    outer loop
      vertex 47 27 2
      vertex 48.5 25 2
      vertex 47 28.5 2
    endloop
  endfacet
  facet normal 0 0 1
    outer loop
      vertex 48.5 25 2
      vertex 46.5 23.5 2
      vertex 52 23.5 2
    endloop
  endfacet
  facet normal 0 0 1
    outer loop
      vertex 47 27 2
      vertex 46.5 23.5 2
      vertex 48.5 25 2
    endloop
  endfacet
  facet normal 0 0 1
    outer loop
      vertex 46.5 23.5 2
      vertex 45 25.5 2
      vertex 46.5 22 2
    endloop
  endfacet
  facet normal 0 0 1
    outer loop
      vertex 47 27 2
      vertex 45 25.5 2
      vertex 46.5 23.5 2
    endloop
  endfacet
  facet normal 0 0 1
    outer loop
      vertex 47 27 2
      vertex 43.5 25.5 2
      vertex 45 25.5 2
    endloop
  endfacet
  facet normal 0 0 1
    outer loop
      vertex 43.5 25.5 2
      vertex 42 23.5 2
      vertex 43.5 20 2
    endloop
  endfacet
  facet normal -0 0 1
    outer loop
      vertex 41.5 27 2
      vertex 43.5 25.5 2
      vertex 47 27 2
    endloop
  endfacet
  facet normal 0 0 1
    outer loop
      vertex 41.5 27 2
      vertex 42 23.5 2
      vertex 43.5 25.5 2
    endloop
  endfacet
  facet normal 0 0 1
    outer loop
      vertex 40 25 2
      vertex 41.5 27 2
      vertex 40 30.5 2
    endloop
  endfacet
  facet normal 0 0 1
    outer loop
      vertex 41.5 27 2
      vertex 40 25 2
      vertex 42 23.5 2
    endloop
  endfacet
  facet normal -0 0 1
    outer loop
      vertex 38.5 25 2
      vertex 42 23.5 2
      vertex 40 25 2
    endloop
  endfacet
  facet normal -0 0 1
    outer loop
      vertex 37 27 2
      vertex 38.5 25 2
      vertex 37 28.5 2
    endloop
  endfacet
  facet normal 0 0 1
    outer loop
      vertex 38.5 25 2
      vertex 36.5 23.5 2
      vertex 42 23.5 2
    endloop
  endfacet
  facet normal 0 0 1
    outer loop
      vertex 37 27 2
      vertex 36.5 23.5 2
      vertex 38.5 25 2
    endloop
  endfacet
  facet normal 0 0 1
    outer loop
      vertex 36.5 23.5 2
      vertex 35 25.5 2
      vertex 36.5 22 2
    endloop
  endfacet
  facet normal 0 0 1
    outer loop
      vertex 37 27 2
      vertex 35 25.5 2
      vertex 36.5 23.5 2
    endloop
  endfacet
  facet normal 0 0 1
    outer loop
      vertex 37 27 2
      vertex 33.5 25.5 2
      vertex 35 25.5 2
    endloop
  endfacet
  facet normal 0 0 1
    outer loop
      vertex 33.5 25.5 2
      vertex 32 23.5 2
      vertex 33.5 20 2
    endloop
  endfacet
  facet normal -0 0 1
    outer loop
      vertex 31.5 27 2
      vertex 33.5 25.5 2
      vertex 37 27 2
    endloop
  endfacet
  facet normal 0 0 1
    outer loop
      vertex 31.5 27 2
      vertex 32 23.5 2
      vertex 33.5 25.5 2
    endloop
  endfacet
  facet normal 0 0 1
    outer loop
      vertex 30 25 2
      vertex 31.5 27 2
      vertex 30 30.5 2
    endloop
  endfacet
  facet normal 0 0 1
    outer loop
      vertex 31.5 27 2
      vertex 30 25 2
      vertex 32 23.5 2
    endloop
  endfacet
  facet normal -0 0 1
    outer loop
      vertex 28.5 25 2
      vertex 32 23.5 2
      vertex 30 25 2
    endloop
  endfacet
  facet normal -0 0 1
    outer loop
      vertex 27 27 2
      vertex 28.5 25 2
      vertex 27 28.5 2
    endloop
  endfacet
  facet normal 0 0 1
    outer loop
      vertex 28.5 25 2
      vertex 26.5 23.5 2
      vertex 32 23.5 2
    endloop
  endfacet
  facet normal 0 0 1
    outer loop
      vertex 27 27 2
      vertex 26.5 23.5 2
      vertex 28.5 25 2
    endloop
  endfacet
  facet normal 0 0 1
    outer loop
      vertex 26.5 23.5 2
      vertex 25 25.5 2
      vertex 26.5 22 2
    endloop
  endfacet
  facet normal 0 0 1
    outer loop
      vertex 27 27 2
      vertex 25 25.5 2
      vertex 26.5 23.5 2
    endloop
  endfacet
  facet normal 0 0 1
    outer loop
      vertex 27 27 2
      vertex 23.5 25.5 2
      vertex 25 25.5 2
    endloop
  endfacet
  facet normal 0 0 1
    outer loop
      vertex 23.5 25.5 2
      vertex 22 23.5 2
      vertex 23.5 20 2
    endloop
  endfacet
  facet normal -0 0 1
    outer loop
      vertex 21.5 27 2
      vertex 23.5 25.5 2
      vertex 27 27 2
    endloop
  endfacet
  facet normal 0 0 1
    outer loop
      vertex 21.5 27 2
      vertex 22 23.5 2
      vertex 23.5 25.5 2
    endloop
  endfacet
  facet normal 0 0 1
    outer loop
      vertex 20 25 2
      vertex 21.5 27 2
      vertex 20 30.5 2
    endloop
  endfacet
  facet normal 0 0 1
    outer loop
      vertex 21.5 27 2
      vertex 20 25 2
      vertex 22 23.5 2
    endloop
  endfacet
  facet normal -0 0 1
    outer loop
      vertex 18.5 25 2
      vertex 22 23.5 2
      vertex 20 25 2
    endloop
  endfacet
  facet normal -0 0 1
    outer loop
      vertex 17 27 2
      vertex 18.5 25 2
      vertex 17 28.5 2
    endloop
  endfacet
  facet normal 0 0 1
    outer loop
      vertex 18.5 25 2
      vertex 16.5 23.5 2
      vertex 22 23.5 2
    endloop
  endfacet
  facet normal 0 0 1
    outer loop
      vertex 17 27 2
      vertex 16.5 23.5 2
      vertex 18.5 25 2
    endloop
  endfacet
  facet normal 0 0 1
    outer loop
      vertex 16.5 23.5 2
      vertex 15 25.5 2
      vertex 16.5 22 2
    endloop
  endfacet
  facet normal 0 0 1
    outer loop
      vertex 17 27 2
      vertex 15 25.5 2
      vertex 16.5 23.5 2
    endloop
  endfacet
  facet normal 0 0 1
    outer loop
      vertex 17 27 2
      vertex 13.5 25.5 2
      vertex 15 25.5 2
    endloop
  endfacet
  facet normal 0 0 1
    outer loop
      vertex 13.5 25.5 2
      vertex 12 23.5 2
      vertex 13.5 20 2
    endloop
  endfacet
  facet normal -0 0 1
    outer loop
      vertex 11.5 27 2
      vertex 13.5 25.5 2
      vertex 17 27 2
    endloop
  endfacet
  facet normal 0 0 1
    outer loop
      vertex 11.5 27 2
      vertex 12 23.5 2
      vertex 13.5 25.5 2
    endloop
  endfacet
  facet normal 0 0 1
    outer loop
      vertex 12 23.5 2
      vertex 11.5 27 2
      vertex 9.5 23.5 2
    endloop
  endfacet
  facet normal -0 0 1
    outer loop
      vertex 54.5 17 2
      vertex 56.7313 15.8857 2
      vertex 54.5 18.5 2
    endloop
  endfacet
  facet normal 0 0 1
    outer loop
      vertex 55.9485 15.5614 2
      vertex 54.5 17 2
      vertex 55.226 15.1187 2
    endloop
  endfacet
  facet normal 0 0 1
    outer loop
      vertex 56.7313 15.8857 2
      vertex 54.5 17 2
      vertex 55.9485 15.5614 2
    endloop
  endfacet
  facet normal -0 0 1
    outer loop
      vertex 53.5 20 2
      vertex 54.5 18.5 2
      vertex 55 20 2
    endloop
  endfacet
  facet normal -0 0 1
    outer loop
      vertex 52 22 2
      vertex 53.5 20 2
      vertex 52 23.5 2
    endloop
  endfacet
  facet normal 0 0 1
    outer loop
      vertex 51.5 18.5 2
      vertex 53.5 20 2
      vertex 52 22 2
    endloop
  endfacet
  facet normal 0 0 1
    outer loop
      vertex 53.5 20 2
      vertex 51.5 18.5 2
      vertex 54.5 18.5 2
    endloop
  endfacet
  facet normal 0 0 1
    outer loop
      vertex 50 15 2
      vertex 51.5 17 2
      vertex 51.5 18.5 2
    endloop
  endfacet
  facet normal 0 -0 1
    outer loop
      vertex 51.1877 13.5435 2
      vertex 51.5 17 2
      vertex 50 15 2
    endloop
  endfacet
  facet normal 0 0 1
    outer loop
      vertex 51.5 17 2
      vertex 51.1877 13.5435 2
      vertex 51.2388 13.5175 2
    endloop
  endfacet
  facet normal 0 0 1
    outer loop
      vertex 51.1877 13.5435 2
      vertex 50 15 2
      vertex 51.131 13.5525 2
    endloop
  endfacet
  facet normal -0 0 1
    outer loop
      vertex 50 20.5 2
      vertex 51.5 18.5 2
      vertex 52 22 2
    endloop
  endfacet
  facet normal 0 0 1
    outer loop
      vertex 51.5 18.5 2
      vertex 50 20.5 2
      vertex 50 15 2
    endloop
  endfacet
  facet normal 0 0 1
    outer loop
      vertex 52 22 2
      vertex 48.5 20.5 2
      vertex 50 20.5 2
    endloop
  endfacet
  facet normal -0 0 1
    outer loop
      vertex 47 17 2
      vertex 48.5 15 2
      vertex 48.5 20.5 2
    endloop
  endfacet
  facet normal -0 0 1
    outer loop
      vertex 45 15.5 2
      vertex 48.5 15 2
      vertex 47 17 2
    endloop
  endfacet
  facet normal 0 0 1
    outer loop
      vertex 45 13 2
      vertex 48.5 15 2
      vertex 45 15.5 2
    endloop
  endfacet
  facet normal 0 -0 1
    outer loop
      vertex 48.374 12.6293 2
      vertex 48.5 15 2
      vertex 45 13 2
    endloop
  endfacet
  facet normal 0 0 1
    outer loop
      vertex 48.5 15 2
      vertex 48.374 12.6293 2
      vertex 48.4145 12.6698 2
    endloop
  endfacet
  facet normal 0 0 1
    outer loop
      vertex 48.374 12.6293 2
      vertex 45 13 2
      vertex 48.0425 11.9788 2
    endloop
  endfacet
  facet normal 0 -0 1
    outer loop
      vertex 45.9543 10.4249 2
      vertex 48.0165 11.9277 2
      vertex 45 13 2
    endloop
  endfacet
  facet normal 0 0 1
    outer loop
      vertex 47 17 2
      vertex 48.5 20.5 2
      vertex 47 18.5 2
    endloop
  endfacet
  facet normal -0 0 1
    outer loop
      vertex 46.5 22 2
      vertex 48.5 20.5 2
      vertex 52 22 2
    endloop
  endfacet
  facet normal 0 0 1
    outer loop
      vertex 46.5 22 2
      vertex 47 18.5 2
      vertex 48.5 20.5 2
    endloop
  endfacet
  facet normal 0 0 1
    outer loop
      vertex 45 20 2
      vertex 46.5 22 2
      vertex 45 25.5 2
    endloop
  endfacet
  facet normal 0 0 1
    outer loop
      vertex 46.5 22 2
      vertex 45 20 2
      vertex 47 18.5 2
    endloop
  endfacet
  facet normal -0 0 1
    outer loop
      vertex 43.5 20 2
      vertex 47 18.5 2
      vertex 45 20 2
    endloop
  endfacet
  facet normal -0 0 1
    outer loop
      vertex 42 22 2
      vertex 43.5 20 2
      vertex 42 23.5 2
    endloop
  endfacet
  facet normal 0 0 1
    outer loop
      vertex 43.5 20 2
      vertex 41.5 18.5 2
      vertex 47 18.5 2
    endloop
  endfacet
  facet normal 0 0 1
    outer loop
      vertex 42 22 2
      vertex 41.5 18.5 2
      vertex 43.5 20 2
    endloop
  endfacet
  facet normal 0 0 1
    outer loop
      vertex 41.5 18.5 2
      vertex 40 20.5 2
      vertex 41.5 17 2
    endloop
  endfacet
  facet normal 0 0 1
    outer loop
      vertex 42 22 2
      vertex 40 20.5 2
      vertex 41.5 18.5 2
    endloop
  endfacet
  facet normal 0 0 1
    outer loop
      vertex 42 22 2
      vertex 38.5 20.5 2
      vertex 40 20.5 2
    endloop
  endfacet
  facet normal 0 0 1
    outer loop
      vertex 38.5 20.5 2
      vertex 37 18.5 2
      vertex 38.5 15 2
    endloop
  endfacet
  facet normal -0 0 1
    outer loop
      vertex 36.5 22 2
      vertex 38.5 20.5 2
      vertex 42 22 2
    endloop
  endfacet
  facet normal 0 0 1
    outer loop
      vertex 36.5 22 2
      vertex 37 18.5 2
      vertex 38.5 20.5 2
    endloop
  endfacet
  facet normal 0 0 1
    outer loop
      vertex 35 20 2
      vertex 36.5 22 2
      vertex 35 25.5 2
    endloop
  endfacet
  facet normal 0 0 1
    outer loop
      vertex 36.5 22 2
      vertex 35 20 2
      vertex 37 18.5 2
    endloop
  endfacet
  facet normal -0 0 1
    outer loop
      vertex 33.5 20 2
      vertex 37 18.5 2
      vertex 35 20 2
    endloop
  endfacet
  facet normal -0 0 1
    outer loop
      vertex 32 22 2
      vertex 33.5 20 2
      vertex 32 23.5 2
    endloop
  endfacet
  facet normal 0 0 1
    outer loop
      vertex 33.5 20 2
      vertex 31.5 18.5 2
      vertex 37 18.5 2
    endloop
  endfacet
  facet normal 0 0 1
    outer loop
      vertex 32 22 2
      vertex 31.5 18.5 2
      vertex 33.5 20 2
    endloop
  endfacet
  facet normal 0 0 1
    outer loop
      vertex 31.5 18.5 2
      vertex 30 20.5 2
      vertex 31.5 17 2
    endloop
  endfacet
  facet normal 0 0 1
    outer loop
      vertex 32 22 2
      vertex 30 20.5 2
      vertex 31.5 18.5 2
    endloop
  endfacet
  facet normal 0 0 1
    outer loop
      vertex 32 22 2
      vertex 28.5 20.5 2
      vertex 30 20.5 2
    endloop
  endfacet
  facet normal 0 0 1
    outer loop
      vertex 28.5 20.5 2
      vertex 27 18.5 2
      vertex 28.5 15 2
    endloop
  endfacet
  facet normal -0 0 1
    outer loop
      vertex 26.5 22 2
      vertex 28.5 20.5 2
      vertex 32 22 2
    endloop
  endfacet
  facet normal 0 0 1
    outer loop
      vertex 26.5 22 2
      vertex 27 18.5 2
      vertex 28.5 20.5 2
    endloop
  endfacet
  facet normal 0 0 1
    outer loop
      vertex 25 20 2
      vertex 26.5 22 2
      vertex 25 25.5 2
    endloop
  endfacet
  facet normal 0 0 1
    outer loop
      vertex 26.5 22 2
      vertex 25 20 2
      vertex 27 18.5 2
    endloop
  endfacet
  facet normal -0 0 1
    outer loop
      vertex 23.5 20 2
      vertex 27 18.5 2
      vertex 25 20 2
    endloop
  endfacet
  facet normal -0 0 1
    outer loop
      vertex 22 22 2
      vertex 23.5 20 2
      vertex 22 23.5 2
    endloop
  endfacet
  facet normal 0 0 1
    outer loop
      vertex 23.5 20 2
      vertex 21.5 18.5 2
      vertex 27 18.5 2
    endloop
  endfacet
  facet normal 0 0 1
    outer loop
      vertex 22 22 2
      vertex 21.5 18.5 2
      vertex 23.5 20 2
    endloop
  endfacet
  facet normal 0 0 1
    outer loop
      vertex 21.5 18.5 2
      vertex 20 20.5 2
      vertex 21.5 17 2
    endloop
  endfacet
  facet normal 0 0 1
    outer loop
      vertex 22 22 2
      vertex 20 20.5 2
      vertex 21.5 18.5 2
    endloop
  endfacet
  facet normal 0 0 1
    outer loop
      vertex 22 22 2
      vertex 18.5 20.5 2
      vertex 20 20.5 2
    endloop
  endfacet
  facet normal 0 0 1
    outer loop
      vertex 18.5 20.5 2
      vertex 17 18.5 2
      vertex 18.5 15 2
    endloop
  endfacet
  facet normal -0 0 1
    outer loop
      vertex 16.5 22 2
      vertex 18.5 20.5 2
      vertex 22 22 2
    endloop
  endfacet
  facet normal 0 0 1
    outer loop
      vertex 16.5 22 2
      vertex 17 18.5 2
      vertex 18.5 20.5 2
    endloop
  endfacet
  facet normal 0 0 1
    outer loop
      vertex 15 20 2
      vertex 16.5 22 2
      vertex 15 25.5 2
    endloop
  endfacet
  facet normal 0 0 1
    outer loop
      vertex 16.5 22 2
      vertex 15 20 2
      vertex 17 18.5 2
    endloop
  endfacet
  facet normal -0 0 1
    outer loop
      vertex 13.5 20 2
      vertex 17 18.5 2
      vertex 15 20 2
    endloop
  endfacet
  facet normal -0 0 1
    outer loop
      vertex 12 22 2
      vertex 13.5 20 2
      vertex 12 23.5 2
    endloop
  endfacet
  facet normal 0 0 1
    outer loop
      vertex 13.5 20 2
      vertex 11.5 18.5 2
      vertex 17 18.5 2
    endloop
  endfacet
  facet normal 0 0 1
    outer loop
      vertex 12 22 2
      vertex 11.5 18.5 2
      vertex 13.5 20 2
    endloop
  endfacet
  facet normal 0 0 1
    outer loop
      vertex 9.43603 16.7793 2
      vertex 11.5 17 2
      vertex 11.5 18.5 2
    endloop
  endfacet
  facet normal 0 0 1
    outer loop
      vertex 9.80246 14.579 2
      vertex 11.5 17 2
      vertex 9.91667 15.3 2
    endloop
  endfacet
  facet normal 0 0 1
    outer loop
      vertex 9.79349 14.5223 2
      vertex 13.5 15.5 2
      vertex 9.80246 14.579 2
    endloop
  endfacet
  facet normal 0 0 1
    outer loop
      vertex 13.5 15.5 2
      vertex 11.2277 10.2935 2
      vertex 11.2788 10.2675 2
    endloop
  endfacet
  facet normal 0 0 1
    outer loop
      vertex 9.76745 14.4712 2
      vertex 13.5 15.5 2
      vertex 9.79349 14.5223 2
    endloop
  endfacet
  facet normal -0 0 1
    outer loop
      vertex 9.5 22 2
      vertex 11.5 18.5 2
      vertex 12 22 2
    endloop
  endfacet
  facet normal 0 0 1
    outer loop
      vertex 11.5 17 2
      vertex 9.80246 16.021 2
      vertex 9.91667 15.3 2
    endloop
  endfacet
  facet normal 0 0 1
    outer loop
      vertex 11.5 17 2
      vertex 9.79349 16.0777 2
      vertex 9.80246 16.021 2
    endloop
  endfacet
  facet normal 0 0 1
    outer loop
      vertex 11.5 17 2
      vertex 9.76745 16.1288 2
      vertex 9.79349 16.0777 2
    endloop
  endfacet
  facet normal 0 0 1
    outer loop
      vertex 11.5 18.5 2
      vertex 9.5 22 2
      vertex 9.43603 16.7793 2
    endloop
  endfacet
  facet normal 0 0 1
    outer loop
      vertex 11.5 17 2
      vertex 9.43603 16.7793 2
      vertex 9.76745 16.1288 2
    endloop
  endfacet
  facet normal 0 0 1
    outer loop
      vertex 55.226 15.1187 2
      vertex 54.5 17 2
      vertex 54.5816 14.5684 2
    endloop
  endfacet
  facet normal -0 0 1
    outer loop
      vertex 51.5 17 2
      vertex 54.5816 14.5684 2
      vertex 54.5 17 2
    endloop
  endfacet
  facet normal 0 0 1
    outer loop
      vertex 54.5816 14.5684 2
      vertex 51.5 17 2
      vertex 54.0313 13.924 2
    endloop
  endfacet
  facet normal 0 0 1
    outer loop
      vertex 51.2388 13.5175 2
      vertex 54.0313 13.924 2
      vertex 51.5 17 2
    endloop
  endfacet
  facet normal -0 0 1
    outer loop
      vertex 52.9267 11.15 2
      vertex 53.0281 11.1065 2
      vertex 53.0665 11.5947 2
    endloop
  endfacet
  facet normal 0 0 1
    outer loop
      vertex 53.0057 11.0954 2
      vertex 52.9267 11.15 2
      vertex 52.978 10.7433 2
    endloop
  endfacet
  facet normal 0 0 1
    outer loop
      vertex 53.0281 11.1065 2
      vertex 52.9267 11.15 2
      vertex 53.0057 11.0954 2
    endloop
  endfacet
  facet normal -0 0 1
    outer loop
      vertex 52.8035 11.9277 2
      vertex 53.0665 11.5947 2
      vertex 53.2643 12.4187 2
    endloop
  endfacet
  facet normal 0 0 1
    outer loop
      vertex 53.0665 11.5947 2
      vertex 52.8125 11.871 2
      vertex 52.9267 11.15 2
    endloop
  endfacet
  facet normal 0 -0 1
    outer loop
      vertex 52.446 12.6293 2
      vertex 53.5886 13.2015 2
      vertex 51.8893 13.186 2
    endloop
  endfacet
  facet normal 0 0 1
    outer loop
      vertex 53.0665 11.5947 2
      vertex 52.8035 11.9277 2
      vertex 52.8125 11.871 2
    endloop
  endfacet
  facet normal 0 0 1
    outer loop
      vertex 53.2643 12.4187 2
      vertex 52.7775 11.9788 2
      vertex 52.8035 11.9277 2
    endloop
  endfacet
  facet normal 0 0 1
    outer loop
      vertex 53.2643 12.4187 2
      vertex 52.446 12.6293 2
      vertex 52.7775 11.9788 2
    endloop
  endfacet
  facet normal 0 0 1
    outer loop
      vertex 53.5886 13.2015 2
      vertex 52.446 12.6293 2
      vertex 53.2643 12.4187 2
    endloop
  endfacet
  facet normal 0 0 1
    outer loop
      vertex 54.0313 13.924 2
      vertex 51.8893 13.186 2
      vertex 53.5886 13.2015 2
    endloop
  endfacet
  facet normal 0 0 1
    outer loop
      vertex 54.0313 13.924 2
      vertex 51.2388 13.5175 2
      vertex 51.8893 13.186 2
    endloop
  endfacet
  facet normal 0 0 1
    outer loop
      vertex 52.8125 10.429 2
      vertex 52.978 10.7433 2
      vertex 52.9267 11.15 2
    endloop
  endfacet
  facet normal 0 0 1
    outer loop
      vertex 52.978 10.7433 2
      vertex 52.8125 10.429 2
      vertex 52.8827 10.3466 2
    endloop
  endfacet
  facet normal -0 0 1
    outer loop
      vertex 52.8035 10.3723 2
      vertex 52.8827 10.3466 2
      vertex 52.8125 10.429 2
    endloop
  endfacet
  facet normal 0 0 1
    outer loop
      vertex 52.8035 10.3723 2
      vertex 52.7266 9.96962 2
      vertex 52.8827 10.3466 2
    endloop
  endfacet
  facet normal 0 0 1
    outer loop
      vertex 52.4721 9.72185 2
      vertex 52.7266 9.96962 2
      vertex 52.8035 10.3723 2
    endloop
  endfacet
  facet normal 0 0 1
    outer loop
      vertex 52.7266 9.96962 2
      vertex 52.4721 9.72185 2
      vertex 52.5134 9.62176 2
    endloop
  endfacet
  facet normal -0 0 1
    outer loop
      vertex 52.446 9.67074 2
      vertex 52.5134 9.62176 2
      vertex 52.4721 9.72185 2
    endloop
  endfacet
  facet normal 0 0 1
    outer loop
      vertex 52.446 9.67074 2
      vertex 52.2485 9.31152 2
      vertex 52.5134 9.62176 2
    endloop
  endfacet
  facet normal 0 0 1
    outer loop
      vertex 51.8893 9.11397 2
      vertex 52.2485 9.31152 2
      vertex 52.446 9.67074 2
    endloop
  endfacet
  facet normal 0 0 1
    outer loop
      vertex 52.2485 9.31152 2
      vertex 51.8893 9.11397 2
      vertex 51.9382 9.04656 2
    endloop
  endfacet
  facet normal -0 0 1
    outer loop
      vertex 51.8382 9.08793 2
      vertex 51.9382 9.04656 2
      vertex 51.8893 9.11397 2
    endloop
  endfacet
  facet normal 0 0 1
    outer loop
      vertex 51.8382 9.08793 2
      vertex 51.5904 8.83338 2
      vertex 51.9382 9.04656 2
    endloop
  endfacet
  facet normal 0 0 1
    outer loop
      vertex 51.1877 8.75651 2
      vertex 51.5904 8.83338 2
      vertex 51.8382 9.08793 2
    endloop
  endfacet
  facet normal 0 0 1
    outer loop
      vertex 51.5904 8.83338 2
      vertex 51.1877 8.75651 2
      vertex 51.2134 8.67725 2
    endloop
  endfacet
  facet normal 0 0 1
    outer loop
      vertex 51.1877 8.75651 2
      vertex 50.8167 8.58201 2
      vertex 51.2134 8.67725 2
    endloop
  endfacet
  facet normal -0 0 1
    outer loop
      vertex 50.4667 8.64231 2
      vertex 50.8167 8.58201 2
      vertex 51.1877 8.75651 2
    endloop
  endfacet
  facet normal 0 0 1
    outer loop
      vertex 50.41 8.55 2
      vertex 50.4667 8.64231 2
      vertex 50.41 8.63333 2
    endloop
  endfacet
  facet normal 0 0 1
    outer loop
      vertex 50.4667 8.64231 2
      vertex 50.41 8.55 2
      vertex 50.8167 8.58201 2
    endloop
  endfacet
  facet normal 0 0 1
    outer loop
      vertex 50.3533 8.64231 2
      vertex 50.41 8.55 2
      vertex 50.41 8.63333 2
    endloop
  endfacet
  facet normal 0 0 1
    outer loop
      vertex 50.3533 8.64231 2
      vertex 50.0033 8.58201 2
      vertex 50.41 8.55 2
    endloop
  endfacet
  facet normal 0 0 1
    outer loop
      vertex 49.6323 8.75651 2
      vertex 50.0033 8.58201 2
      vertex 50.3533 8.64231 2
    endloop
  endfacet
  facet normal 0 0 1
    outer loop
      vertex 49.6323 8.75651 2
      vertex 49.6066 8.67725 2
      vertex 50.0033 8.58201 2
    endloop
  endfacet
  facet normal 0 0 1
    outer loop
      vertex 49.6323 8.75651 2
      vertex 49.2296 8.83338 2
      vertex 49.6066 8.67725 2
    endloop
  endfacet
  facet normal 0 0 1
    outer loop
      vertex 48.9818 9.08793 2
      vertex 49.2296 8.83338 2
      vertex 49.6323 8.75651 2
    endloop
  endfacet
  facet normal 0 0 1
    outer loop
      vertex 49.2296 8.83338 2
      vertex 48.9818 9.08793 2
      vertex 49.0285 8.95662 2
    endloop
  endfacet
  facet normal 0 0 1
    outer loop
      vertex 48.9307 9.11397 2
      vertex 49.0285 8.95662 2
      vertex 48.9818 9.08793 2
    endloop
  endfacet
  facet normal 0 0 1
    outer loop
      vertex 48.9307 9.11397 2
      vertex 48.5855 9.335 2
      vertex 49.0285 8.95662 2
    endloop
  endfacet
  facet normal 0 0 1
    outer loop
      vertex 48.4145 9.63018 2
      vertex 48.5855 9.335 2
      vertex 48.9307 9.11397 2
    endloop
  endfacet
  facet normal 0 0 1
    outer loop
      vertex 47.7693 9.83514 2
      vertex 48.4145 9.63018 2
      vertex 48.374 9.67074 2
    endloop
  endfacet
  facet normal 0 0 1
    outer loop
      vertex 48.4145 9.63018 2
      vertex 47.7693 9.83514 2
      vertex 48.5855 9.335 2
    endloop
  endfacet
  facet normal 0 0 1
    outer loop
      vertex 48.3479 9.72185 2
      vertex 47.7693 9.83514 2
      vertex 48.374 9.67074 2
    endloop
  endfacet
  facet normal 0 0 1
    outer loop
      vertex 48.0165 10.3723 2
      vertex 47.7693 9.83514 2
      vertex 48.3479 9.72185 2
    endloop
  endfacet
  facet normal 0 0 1
    outer loop
      vertex 47.9023 11.0933 2
      vertex 47.7693 9.83514 2
      vertex 48.0165 10.3723 2
    endloop
  endfacet
  facet normal 0 0 1
    outer loop
      vertex 47.7693 9.83514 2
      vertex 47.9023 11.0933 2
      vertex 47.8933 11.15 2
    endloop
  endfacet
  facet normal 0 0 1
    outer loop
      vertex 51.131 13.5525 2
      vertex 50 15 2
      vertex 50.41 13.6667 2
    endloop
  endfacet
  facet normal 0 0 1
    outer loop
      vertex 50 15 2
      vertex 49.689 13.5525 2
      vertex 50.41 13.6667 2
    endloop
  endfacet
  facet normal 0 0 1
    outer loop
      vertex 50 15 2
      vertex 49.6323 13.5435 2
      vertex 49.689 13.5525 2
    endloop
  endfacet
  facet normal -0 0 1
    outer loop
      vertex 48.5 15 2
      vertex 49.6323 13.5435 2
      vertex 50 15 2
    endloop
  endfacet
  facet normal 0 0 1
    outer loop
      vertex 49.6323 13.5435 2
      vertex 48.5 15 2
      vertex 49.5812 13.5175 2
    endloop
  endfacet
  facet normal 0 0 1
    outer loop
      vertex 49.5812 13.5175 2
      vertex 48.5 15 2
      vertex 48.9307 13.186 2
    endloop
  endfacet
  facet normal 0 0 1
    outer loop
      vertex 48.9307 13.186 2
      vertex 48.5 15 2
      vertex 48.4145 12.6698 2
    endloop
  endfacet
  facet normal 0 0 1
    outer loop
      vertex 48.0165 11.9277 2
      vertex 45.9543 10.4249 2
      vertex 47.9023 11.2067 2
    endloop
  endfacet
  facet normal 0 -0 1
    outer loop
      vertex 46.885 10.2014 2
      vertex 47.9023 11.2067 2
      vertex 45.9543 10.4249 2
    endloop
  endfacet
  facet normal 0 0 1
    outer loop
      vertex 47.8933 11.15 2
      vertex 46.885 10.2014 2
      vertex 47.7693 9.83514 2
    endloop
  endfacet
  facet normal 0 0 1
    outer loop
      vertex 48.0425 11.9788 2
      vertex 45 13 2
      vertex 48.0165 11.9277 2
    endloop
  endfacet
  facet normal 0 0 1
    outer loop
      vertex 47 17 2
      vertex 43.5 15.5 2
      vertex 45 15.5 2
    endloop
  endfacet
  facet normal -0 0 1
    outer loop
      vertex 42 13.5 2
      vertex 43.5 13 2
      vertex 43.5 15.5 2
    endloop
  endfacet
  facet normal 0 0 1
    outer loop
      vertex 43.5 13 2
      vertex 42 12 2
      vertex 43.115 10.2014 2
    endloop
  endfacet
  facet normal 0 0 1
    outer loop
      vertex 43.5 13 2
      vertex 42 13.5 2
      vertex 42 12 2
    endloop
  endfacet
  facet normal -0 0 1
    outer loop
      vertex 41.5 17 2
      vertex 43.5 15.5 2
      vertex 47 17 2
    endloop
  endfacet
  facet normal 0 0 1
    outer loop
      vertex 41.5 17 2
      vertex 42 13.5 2
      vertex 43.5 15.5 2
    endloop
  endfacet
  facet normal 0 0 1
    outer loop
      vertex 40 15 2
      vertex 41.5 17 2
      vertex 40 20.5 2
    endloop
  endfacet
  facet normal 0 0 1
    outer loop
      vertex 41.5 17 2
      vertex 40 15 2
      vertex 42 13.5 2
    endloop
  endfacet
  facet normal -0 0 1
    outer loop
      vertex 38.5 15 2
      vertex 42 13.5 2
      vertex 40 15 2
    endloop
  endfacet
  facet normal -0 0 1
    outer loop
      vertex 37 17 2
      vertex 38.5 15 2
      vertex 37 18.5 2
    endloop
  endfacet
  facet normal 0 0 1
    outer loop
      vertex 38.5 15 2
      vertex 36.5 13.5 2
      vertex 42 13.5 2
    endloop
  endfacet
  facet normal 0 0 1
    outer loop
      vertex 37 17 2
      vertex 36.5 13.5 2
      vertex 38.5 15 2
    endloop
  endfacet
  facet normal 0 0 1
    outer loop
      vertex 35 10 2
      vertex 36.5 12 2
      vertex 36.5 13.5 2
    endloop
  endfacet
  facet normal 0 0 1
    outer loop
      vertex 36.5 12 2
      vertex 35 10 2
      vertex 36.4767 7.95769 2
    endloop
  endfacet
  facet normal 0 0 1
    outer loop
      vertex 36.4767 7.95769 2
      vertex 35 10 2
      vertex 36.42 7.96667 2
    endloop
  endfacet
  facet normal 0 0 1
    outer loop
      vertex 36.42 7.96667 2
      vertex 35 10 2
      vertex 36.3633 7.95769 2
    endloop
  endfacet
  facet normal -0 0 1
    outer loop
      vertex 35 15.5 2
      vertex 36.5 13.5 2
      vertex 37 17 2
    endloop
  endfacet
  facet normal 0 0 1
    outer loop
      vertex 36.3633 7.95769 2
      vertex 35 10 2
      vertex 35.6423 7.84349 2
    endloop
  endfacet
  facet normal 0 0 1
    outer loop
      vertex 36.5 13.5 2
      vertex 35 15.5 2
      vertex 35 10 2
    endloop
  endfacet
  facet normal 0 0 1
    outer loop
      vertex 37 17 2
      vertex 33.5 15.5 2
      vertex 35 15.5 2
    endloop
  endfacet
  facet normal -0 0 1
    outer loop
      vertex 32 13.5 2
      vertex 33.5 10 2
      vertex 33.5 15.5 2
    endloop
  endfacet
  facet normal -0 0 1
    outer loop
      vertex 32 12 2
      vertex 33.5 10 2
      vertex 32 13.5 2
    endloop
  endfacet
  facet normal 0 0 1
    outer loop
      vertex 33.5 10 2
      vertex 32.6285 5.35694 2
      vertex 33.4179 4.8732 2
    endloop
  endfacet
  facet normal -0 0 1
    outer loop
      vertex 31.5 17 2
      vertex 33.5 15.5 2
      vertex 37 17 2
    endloop
  endfacet
  facet normal 0 0 1
    outer loop
      vertex 31.5 17 2
      vertex 32 13.5 2
      vertex 33.5 15.5 2
    endloop
  endfacet
  facet normal 0 0 1
    outer loop
      vertex 30 15 2
      vertex 31.5 17 2
      vertex 30 20.5 2
    endloop
  endfacet
  facet normal 0 0 1
    outer loop
      vertex 31.5 17 2
      vertex 30 15 2
      vertex 32 13.5 2
    endloop
  endfacet
  facet normal -0 0 1
    outer loop
      vertex 28.5 15 2
      vertex 32 13.5 2
      vertex 30 15 2
    endloop
  endfacet
  facet normal -0 0 1
    outer loop
      vertex 27 17 2
      vertex 28.5 15 2
      vertex 27 18.5 2
    endloop
  endfacet
  facet normal 0 0 1
    outer loop
      vertex 28.5 15 2
      vertex 26.5 13.5 2
      vertex 32 13.5 2
    endloop
  endfacet
  facet normal 0 0 1
    outer loop
      vertex 27 17 2
      vertex 26.5 13.5 2
      vertex 28.5 15 2
    endloop
  endfacet
  facet normal 0 0 1
    outer loop
      vertex 25 15.5 2
      vertex 26.5 12 2
      vertex 26.5 13.5 2
    endloop
  endfacet
  facet normal 0 0 1
    outer loop
      vertex 28.5 8 2
      vertex 24.466 5.57926 2
      vertex 27.2715 5.35694 2
    endloop
  endfacet
  facet normal 0 0 1
    outer loop
      vertex 27.2715 5.35694 2
      vertex 24.466 5.57926 2
      vertex 26.4821 4.8732 2
    endloop
  endfacet
  facet normal 0 0 1
    outer loop
      vertex 25 10 2
      vertex 26.5 12 2
      vertex 25 15.5 2
    endloop
  endfacet
  facet normal 0 0 1
    outer loop
      vertex 27 17 2
      vertex 25 15.5 2
      vertex 26.5 13.5 2
    endloop
  endfacet
  facet normal 0 0 1
    outer loop
      vertex 27 17 2
      vertex 23.5 15.5 2
      vertex 25 15.5 2
    endloop
  endfacet
  facet normal -0 0 1
    outer loop
      vertex 22 13.5 2
      vertex 23.5 10 2
      vertex 23.5 15.5 2
    endloop
  endfacet
  facet normal -0 0 1
    outer loop
      vertex 22 12 2
      vertex 23.5 10 2
      vertex 22 13.5 2
    endloop
  endfacet
  facet normal 0 0 1
    outer loop
      vertex 23.5 10 2
      vertex 22.4867 6.60769 2
      vertex 23.2077 6.49349 2
    endloop
  endfacet
  facet normal 0 0 1
    outer loop
      vertex 23.5 10 2
      vertex 22.43 6.61667 2
      vertex 22.4867 6.60769 2
    endloop
  endfacet
  facet normal 0 0 1
    outer loop
      vertex 23.5 10 2
      vertex 22.3733 6.60769 2
      vertex 22.43 6.61667 2
    endloop
  endfacet
  facet normal -0 0 1
    outer loop
      vertex 21.5 17 2
      vertex 23.5 15.5 2
      vertex 27 17 2
    endloop
  endfacet
  facet normal 0 0 1
    outer loop
      vertex 21.5 17 2
      vertex 22 13.5 2
      vertex 23.5 15.5 2
    endloop
  endfacet
  facet normal 0 0 1
    outer loop
      vertex 20 15 2
      vertex 21.5 17 2
      vertex 20 20.5 2
    endloop
  endfacet
  facet normal 0 0 1
    outer loop
      vertex 21.5 17 2
      vertex 20 15 2
      vertex 22 13.5 2
    endloop
  endfacet
  facet normal -0 0 1
    outer loop
      vertex 18.5 15 2
      vertex 22 13.5 2
      vertex 20 15 2
    endloop
  endfacet
  facet normal -0 0 1
    outer loop
      vertex 17 17 2
      vertex 18.5 15 2
      vertex 17 18.5 2
    endloop
  endfacet
  facet normal 0 0 1
    outer loop
      vertex 18.5 15 2
      vertex 16.5 13.5 2
      vertex 22 13.5 2
    endloop
  endfacet
  facet normal 0 0 1
    outer loop
      vertex 17 17 2
      vertex 16.5 13.5 2
      vertex 18.5 15 2
    endloop
  endfacet
  facet normal 0 0 1
    outer loop
      vertex 15 15.5 2
      vertex 16.5 12 2
      vertex 16.5 13.5 2
    endloop
  endfacet
  facet normal 0 0 1
    outer loop
      vertex 18.5 8 2
      vertex 16.3631 5.75739 2
      vertex 17.3779 5.33704 2
    endloop
  endfacet
  facet normal -0 0 1
    outer loop
      vertex 15 15.5 2
      vertex 16.5 13.5 2
      vertex 17 17 2
    endloop
  endfacet
  facet normal 0 0 1
    outer loop
      vertex 15 10 2
      vertex 16.5 12 2
      vertex 15 15.5 2
    endloop
  endfacet
  facet normal 0 0 1
    outer loop
      vertex 17 17 2
      vertex 13.5 15.5 2
      vertex 15 15.5 2
    endloop
  endfacet
  facet normal -0 0 1
    outer loop
      vertex 11.2788 10.2675 2
      vertex 13.5 10 2
      vertex 13.5 15.5 2
    endloop
  endfacet
  facet normal -0 0 1
    outer loop
      vertex 12.9577 7.84335 2
      vertex 14.2 6.1 2
      vertex 12.9667 7.9 2
    endloop
  endfacet
  facet normal 0 0 1
    outer loop
      vertex 15 10 2
      vertex 12.9577 7.95665 2
      vertex 12.9667 7.9 2
    endloop
  endfacet
  facet normal 0 0 1
    outer loop
      vertex 15 10 2
      vertex 12.8435 8.67769 2
      vertex 12.9577 7.95665 2
    endloop
  endfacet
  facet normal 0 0 1
    outer loop
      vertex 13.5 10 2
      vertex 12.8175 8.7288 2
      vertex 12.8435 8.67769 2
    endloop
  endfacet
  facet normal 0 0 1
    outer loop
      vertex 13.5 10 2
      vertex 12.486 9.37926 2
      vertex 12.8175 8.7288 2
    endloop
  endfacet
  facet normal 0 0 1
    outer loop
      vertex 13.5 10 2
      vertex 11.9293 9.93603 2
      vertex 12.486 9.37926 2
    endloop
  endfacet
  facet normal -0 0 1
    outer loop
      vertex 11.5 17 2
      vertex 13.5 15.5 2
      vertex 17 17 2
    endloop
  endfacet
  facet normal 0 0 1
    outer loop
      vertex 9.80246 14.579 2
      vertex 13.5 15.5 2
      vertex 11.5 17 2
    endloop
  endfacet
  facet normal 0 0 1
    outer loop
      vertex 13.5 10 2
      vertex 11.2788 10.2675 2
      vertex 11.9293 9.93603 2
    endloop
  endfacet
  facet normal 0 0 1
    outer loop
      vertex 47.9023 11.2067 2
      vertex 46.885 10.2014 2
      vertex 47.8933 11.15 2
    endloop
  endfacet
  facet normal 0 0 1
    outer loop
      vertex 45 13 2
      vertex 45 10.5 2
      vertex 45.9543 10.4249 2
    endloop
  endfacet
  facet normal 0 0 1
    outer loop
      vertex 45 13 2
      vertex 44.0457 10.4249 2
      vertex 45 10.5 2
    endloop
  endfacet
  facet normal -0 0 1
    outer loop
      vertex 43.5 13 2
      vertex 44.0457 10.4249 2
      vertex 45 13 2
    endloop
  endfacet
  facet normal 0 0 1
    outer loop
      vertex 44.0457 10.4249 2
      vertex 43.5 13 2
      vertex 43.115 10.2014 2
    endloop
  endfacet
  facet normal 0 0 1
    outer loop
      vertex 43.115 10.2014 2
      vertex 42 12 2
      vertex 42.2307 9.83514 2
    endloop
  endfacet
  facet normal 0 0 1
    outer loop
      vertex 42 12 2
      vertex 41.4145 9.335 2
      vertex 42.2307 9.83514 2
    endloop
  endfacet
  facet normal -0 0 1
    outer loop
      vertex 36.5 12 2
      vertex 41.4145 9.335 2
      vertex 42 12 2
    endloop
  endfacet
  facet normal 0 0 1
    outer loop
      vertex 41.4145 9.335 2
      vertex 36.5 12 2
      vertex 40.6866 8.71335 2
    endloop
  endfacet
  facet normal 0 -0 1
    outer loop
      vertex 37.2488 7.81745 2
      vertex 40.6866 8.71335 2
      vertex 36.5 12 2
    endloop
  endfacet
  facet normal 0 0 1
    outer loop
      vertex 39.1986 6.285 2
      vertex 38.9367 5.45 2
      vertex 38.9751 5.35425 2
    endloop
  endfacet
  facet normal 0 0 1
    outer loop
      vertex 39.1986 6.285 2
      vertex 38.8225 6.17104 2
      vertex 38.9367 5.45 2
    endloop
  endfacet
  facet normal -0 0 1
    outer loop
      vertex 38.456 6.92926 2
      vertex 39.1986 6.285 2
      vertex 39.5649 7.16934 2
    endloop
  endfacet
  facet normal 0 0 1
    outer loop
      vertex 40.065 7.98549 2
      vertex 37.8993 7.48603 2
      vertex 39.5649 7.16934 2
    endloop
  endfacet
  facet normal 0 0 1
    outer loop
      vertex 39.1986 6.285 2
      vertex 38.8135 6.22769 2
      vertex 38.8225 6.17104 2
    endloop
  endfacet
  facet normal 0 0 1
    outer loop
      vertex 39.1986 6.285 2
      vertex 38.7875 6.2788 2
      vertex 38.8135 6.22769 2
    endloop
  endfacet
  facet normal 0 0 1
    outer loop
      vertex 39.1986 6.285 2
      vertex 38.456 6.92926 2
      vertex 38.7875 6.2788 2
    endloop
  endfacet
  facet normal 0 0 1
    outer loop
      vertex 39.5649 7.16934 2
      vertex 38.4155 6.96982 2
      vertex 38.456 6.92926 2
    endloop
  endfacet
  facet normal 0 0 1
    outer loop
      vertex 39.5649 7.16934 2
      vertex 37.8993 7.48603 2
      vertex 38.4155 6.96982 2
    endloop
  endfacet
  facet normal 0 0 1
    outer loop
      vertex 40.6866 8.71335 2
      vertex 37.2488 7.81745 2
      vertex 40.065 7.98549 2
    endloop
  endfacet
  facet normal 0 0 1
    outer loop
      vertex 40.065 7.98549 2
      vertex 37.2488 7.81745 2
      vertex 37.8993 7.48603 2
    endloop
  endfacet
  facet normal 0 0 1
    outer loop
      vertex 37.2488 7.81745 2
      vertex 36.5 12 2
      vertex 37.1977 7.84349 2
    endloop
  endfacet
  facet normal 0 0 1
    outer loop
      vertex 37.1977 7.84349 2
      vertex 36.5 12 2
      vertex 36.4767 7.95769 2
    endloop
  endfacet
  facet normal 0 0 1
    outer loop
      vertex 38.8225 4.72896 2
      vertex 38.9751 5.35425 2
      vertex 38.9367 5.45 2
    endloop
  endfacet
  facet normal 0 0 1
    outer loop
      vertex 38.9751 5.35425 2
      vertex 38.8225 4.72896 2
      vertex 38.9324 4.81174 2
    endloop
  endfacet
  facet normal 0 0 1
    outer loop
      vertex 38.9324 4.81174 2
      vertex 38.8225 4.72896 2
      vertex 38.8927 4.64655 2
    endloop
  endfacet
  facet normal -0 0 1
    outer loop
      vertex 38.8135 4.67231 2
      vertex 38.8927 4.64655 2
      vertex 38.8225 4.72896 2
    endloop
  endfacet
  facet normal 0 0 1
    outer loop
      vertex 38.7875 4.6212 2
      vertex 38.8927 4.64655 2
      vertex 38.8135 4.67231 2
    endloop
  endfacet
  facet normal -0 0 1
    outer loop
      vertex 38.7875 4.6212 2
      vertex 38.7366 4.26962 2
      vertex 38.8927 4.64655 2
    endloop
  endfacet
  facet normal 0 0 1
    outer loop
      vertex 38.456 3.97074 2
      vertex 38.7366 4.26962 2
      vertex 38.7875 4.6212 2
    endloop
  endfacet
  facet normal 0 0 1
    outer loop
      vertex 38.7366 4.26962 2
      vertex 38.456 3.97074 2
      vertex 38.5234 3.92176 2
    endloop
  endfacet
  facet normal 0 0 1
    outer loop
      vertex 38.456 3.97074 2
      vertex 38.2585 3.61152 2
      vertex 38.5234 3.92176 2
    endloop
  endfacet
  facet normal 0 0 1
    outer loop
      vertex 37.8993 3.41397 2
      vertex 38.2585 3.61152 2
      vertex 38.456 3.97074 2
    endloop
  endfacet
  facet normal 0 0 1
    outer loop
      vertex 38.2585 3.61152 2
      vertex 37.8993 3.41397 2
      vertex 37.9482 3.34656 2
    endloop
  endfacet
  facet normal 0 0 1
    outer loop
      vertex 37.8993 3.41397 2
      vertex 37.6004 3.13338 2
      vertex 37.9482 3.34656 2
    endloop
  endfacet
  facet normal 0 0 1
    outer loop
      vertex 37.2488 3.08255 2
      vertex 37.6004 3.13338 2
      vertex 37.8993 3.41397 2
    endloop
  endfacet
  facet normal -0 0 1
    outer loop
      vertex 37.2488 3.08255 2
      vertex 37.2234 2.97725 2
      vertex 37.6004 3.13338 2
    endloop
  endfacet
  facet normal -0 0 1
    outer loop
      vertex 37.1977 3.05651 2
      vertex 37.2234 2.97725 2
      vertex 37.2488 3.08255 2
    endloop
  endfacet
  facet normal 0 0 1
    outer loop
      vertex 37.1977 3.05651 2
      vertex 36.8267 2.88201 2
      vertex 37.2234 2.97725 2
    endloop
  endfacet
  facet normal -0 0 1
    outer loop
      vertex 36.4767 2.94231 2
      vertex 36.8267 2.88201 2
      vertex 37.1977 3.05651 2
    endloop
  endfacet
  facet normal 0 0 1
    outer loop
      vertex 36.42 2.85 2
      vertex 36.4767 2.94231 2
      vertex 36.42 2.93333 2
    endloop
  endfacet
  facet normal 0 0 1
    outer loop
      vertex 36.4767 2.94231 2
      vertex 36.42 2.85 2
      vertex 36.8267 2.88201 2
    endloop
  endfacet
  facet normal 0 0 1
    outer loop
      vertex 36.3633 2.94231 2
      vertex 36.42 2.85 2
      vertex 36.42 2.93333 2
    endloop
  endfacet
  facet normal 0 0 1
    outer loop
      vertex 36.3633 2.94231 2
      vertex 36.0133 2.88201 2
      vertex 36.42 2.85 2
    endloop
  endfacet
  facet normal 0 0 1
    outer loop
      vertex 35.6423 3.05651 2
      vertex 36.0133 2.88201 2
      vertex 36.3633 2.94231 2
    endloop
  endfacet
  facet normal 0 0 1
    outer loop
      vertex 35.6423 3.05651 2
      vertex 35.6166 2.97725 2
      vertex 36.0133 2.88201 2
    endloop
  endfacet
  facet normal 0 0 1
    outer loop
      vertex 35.6423 3.05651 2
      vertex 35.2396 3.13338 2
      vertex 35.6166 2.97725 2
    endloop
  endfacet
  facet normal 0 0 1
    outer loop
      vertex 34.9918 3.38793 2
      vertex 35.2396 3.13338 2
      vertex 35.6423 3.05651 2
    endloop
  endfacet
  facet normal 0 0 1
    outer loop
      vertex 34.8918 3.34656 2
      vertex 34.9918 3.38793 2
      vertex 34.9407 3.41397 2
    endloop
  endfacet
  facet normal 0 0 1
    outer loop
      vertex 34.9918 3.38793 2
      vertex 34.8918 3.34656 2
      vertex 35.2396 3.13338 2
    endloop
  endfacet
  facet normal 0 0 1
    outer loop
      vertex 34.9002 3.45453 2
      vertex 34.8918 3.34656 2
      vertex 34.9407 3.41397 2
    endloop
  endfacet
  facet normal 0 0 1
    outer loop
      vertex 34.9002 3.45453 2
      vertex 34.8227 3.40551 2
      vertex 34.8918 3.34656 2
    endloop
  endfacet
  facet normal 0 0 1
    outer loop
      vertex 34.9002 3.45453 2
      vertex 34.7232 3.56793 2
      vertex 34.8227 3.40551 2
    endloop
  endfacet
  facet normal 0 0 1
    outer loop
      vertex 34.384 3.97074 2
      vertex 34.7232 3.56793 2
      vertex 34.9002 3.45453 2
    endloop
  endfacet
  facet normal 0 0 1
    outer loop
      vertex 34.384 3.97074 2
      vertex 34.1219 4.27193 2
      vertex 34.7232 3.56793 2
    endloop
  endfacet
  facet normal 0 0 1
    outer loop
      vertex 34.0525 4.6212 2
      vertex 34.1219 4.27193 2
      vertex 34.384 3.97074 2
    endloop
  endfacet
  facet normal 0 0 1
    outer loop
      vertex 33.4179 4.8732 2
      vertex 34.0525 4.6212 2
      vertex 34.0265 4.67231 2
    endloop
  endfacet
  facet normal 0 0 1
    outer loop
      vertex 34.0525 4.6212 2
      vertex 33.4179 4.8732 2
      vertex 34.1219 4.27193 2
    endloop
  endfacet
  facet normal 0 0 1
    outer loop
      vertex 34.0175 4.72896 2
      vertex 33.4179 4.8732 2
      vertex 34.0265 4.67231 2
    endloop
  endfacet
  facet normal 0 0 1
    outer loop
      vertex 33.9033 5.45 2
      vertex 33.4179 4.8732 2
      vertex 34.0175 4.72896 2
    endloop
  endfacet
  facet normal 0 0 1
    outer loop
      vertex 34.0175 6.17104 2
      vertex 33.4179 4.8732 2
      vertex 33.9033 5.45 2
    endloop
  endfacet
  facet normal 0 0 1
    outer loop
      vertex 35.6423 7.84349 2
      vertex 35 10 2
      vertex 35.5912 7.81745 2
    endloop
  endfacet
  facet normal 0 0 1
    outer loop
      vertex 35 10 2
      vertex 34.9407 7.48603 2
      vertex 35.5912 7.81745 2
    endloop
  endfacet
  facet normal -0 0 1
    outer loop
      vertex 33.5 10 2
      vertex 34.9407 7.48603 2
      vertex 35 10 2
    endloop
  endfacet
  facet normal 0 0 1
    outer loop
      vertex 34.9407 7.48603 2
      vertex 33.5 10 2
      vertex 34.384 6.92926 2
    endloop
  endfacet
  facet normal 0 0 1
    outer loop
      vertex 34.384 6.92926 2
      vertex 33.5 10 2
      vertex 34.0525 6.2788 2
    endloop
  endfacet
  facet normal 0 0 1
    outer loop
      vertex 34.0265 6.22769 2
      vertex 33.4179 4.8732 2
      vertex 34.0175 6.17104 2
    endloop
  endfacet
  facet normal 0 0 1
    outer loop
      vertex 33.4179 4.8732 2
      vertex 34.0265 6.22769 2
      vertex 33.5 10 2
    endloop
  endfacet
  facet normal 0 0 1
    outer loop
      vertex 34.0525 6.2788 2
      vertex 33.5 10 2
      vertex 34.0265 6.22769 2
    endloop
  endfacet
  facet normal 0 0 1
    outer loop
      vertex 4.12338 23.9815 2
      vertex 4.06646 24.3408 2
      vertex 4.08078 24.1589 2
    endloop
  endfacet
  facet normal 0 0 1
    outer loop
      vertex 4.09065 24.9119 2
      vertex 4.06393 24.8474 2
      vertex 4.06854 24.7856 2
    endloop
  endfacet
  facet normal 0 0 1
    outer loop
      vertex 4.09065 24.9119 2
      vertex 4.06854 24.7856 2
      vertex 4.06646 24.7592 2
    endloop
  endfacet
  facet normal -0.852642 0.522496 0
    outer loop
      vertex 6.36677 60.5607 0
      vertex 6.79311 61.2565 2
      vertex 6.79311 61.2565 0
    endloop
  endfacet
  facet normal -0.852642 0.522496 0
    outer loop
      vertex 6.79311 61.2565 2
      vertex 6.36677 60.5607 0
      vertex 6.36677 60.5607 2
    endloop
  endfacet
  facet normal -0.104685 0.994505 0
    outer loop
      vertex 11 63.4 0
      vertex 10.9999 63.4 2
      vertex 11 63.4 2
    endloop
  endfacet
  facet normal -0.104685 0.994505 0
    outer loop
      vertex 10.9999 63.4 2
      vertex 11 63.4 0
      vertex 10.9999 63.4 0
    endloop
  endfacet
  facet normal -0.0784513 0.996918 0
    outer loop
      vertex 10.4632 63.3578 0
      vertex 10.1865 63.336 2
      vertex 10.4632 63.3578 2
    endloop
  endfacet
  facet normal -0.0784513 0.996918 0
    outer loop
      vertex 10.1865 63.336 2
      vertex 10.4632 63.3578 0
      vertex 10.1865 63.336 0
    endloop
  endfacet
  facet normal -0.996917 -0.0784593 -0
    outer loop
      vertex 5.80393 58.15 1.97762
      vertex 5.8 58.2 0
      vertex 5.80393 58.15 0
    endloop
  endfacet
  facet normal -0.996917 -0.0784593 0
    outer loop
      vertex 5.8 58.2 0
      vertex 5.80393 58.15 1.97762
      vertex 5.8 58.2 1.99854
    endloop
  endfacet
  facet normal -0 0 -1
    outer loop
      vertex 69.0444 38.4512 0
      vertex 67.8985 38.3667 0
      vertex 67.9433 38.65 0
    endloop
  endfacet
  facet normal 0 0 -1
    outer loop
      vertex 68.7 26.3 0
      vertex 67.8756 38.2225 0
      vertex 67.8985 38.3667 0
    endloop
  endfacet
  facet normal 0 0 -1
    outer loop
      vertex 68.7 26.3 0
      vertex 67.8093 38.0924 0
      vertex 67.8756 38.2225 0
    endloop
  endfacet
  facet normal 0 0 -1
    outer loop
      vertex 68.7 26.3 0
      vertex 67.6791 37.8369 0
      vertex 67.8093 38.0924 0
    endloop
  endfacet
  facet normal 0 0 -1
    outer loop
      vertex 68.7 26.3 0
      vertex 67.4633 26.37 0
      vertex 67.4405 26.5142 0
    endloop
  endfacet
  facet normal 0 0 -1
    outer loop
      vertex 68.6579 26.0897 0
      vertex 67.4633 26.37 0
      vertex 68.7 26.3 0
    endloop
  endfacet
  facet normal 0 -0 -1
    outer loop
      vertex 67.4633 26.37 0
      vertex 68.6579 26.0897 0
      vertex 67.4405 26.2258 0
    endloop
  endfacet
  facet normal 0 0 -1
    outer loop
      vertex 68.3864 25.1729 0
      vertex 67.2654 25.687 0
      vertex 67.3956 25.9425 0
    endloop
  endfacet
  facet normal 0 0 -1
    outer loop
      vertex 68.3864 25.1729 0
      vertex 67.1991 25.5569 0
      vertex 67.2654 25.687 0
    endloop
  endfacet
  facet normal 0 0 -1
    outer loop
      vertex 68.3864 25.1729 0
      vertex 67.0959 25.4537 0
      vertex 67.1991 25.5569 0
    endloop
  endfacet
  facet normal 0 0 -1
    outer loop
      vertex 68.3864 25.1729 0
      vertex 66.8931 25.2509 0
      vertex 67.0959 25.4537 0
    endloop
  endfacet
  facet normal -0 0 -1
    outer loop
      vertex 68.3864 25.1729 0
      vertex 66.6376 25.1207 0
      vertex 66.8931 25.2509 0
    endloop
  endfacet
  facet normal 0 0 -1
    outer loop
      vertex 68.3864 25.1729 0
      vertex 66.5075 25.0544 0
      vertex 66.6376 25.1207 0
    endloop
  endfacet
  facet normal 0 0 -1
    outer loop
      vertex 64.0391 18.1631 0
      vertex 66.5075 25.0544 0
      vertex 68.3864 25.1729 0
    endloop
  endfacet
  facet normal 0 0 -1
    outer loop
      vertex 66.5075 25.0544 0
      vertex 64.0391 18.1631 0
      vertex 66.3633 25.0315 0
    endloop
  endfacet
  facet normal 0 0 -1
    outer loop
      vertex 63.7331 18.4691 0
      vertex 65.7967 25.0315 0
      vertex 66.08 24.9867 0
    endloop
  endfacet
  facet normal 0 0 -1
    outer loop
      vertex 64.0391 18.1631 0
      vertex 68.3864 25.1729 0
      vertex 65.5 16.7 0
    endloop
  endfacet
  facet normal 0 0 -1
    outer loop
      vertex 66.3633 25.0315 0
      vertex 64.0391 18.1631 0
      vertex 66.08 24.9867 0
    endloop
  endfacet
  facet normal 0 0 -1
    outer loop
      vertex 64.2356 17.7775 0
      vertex 65.5 16.7 0
      vertex 65.4312 16.7069 0
    endloop
  endfacet
  facet normal 0 0 -1
    outer loop
      vertex 63.8363 18.3659 0
      vertex 66.08 24.9867 0
      vertex 64.0391 18.1631 0
    endloop
  endfacet
  facet normal 0 0 -1
    outer loop
      vertex 64.2356 16.9225 0
      vertex 65.4312 16.7069 0
      vertex 65.3927 16.5466 0
    endloop
  endfacet
  facet normal 0 0 -1
    outer loop
      vertex 63.7331 18.4691 0
      vertex 66.08 24.9867 0
      vertex 63.8363 18.3659 0
    endloop
  endfacet
  facet normal 0 0 -1
    outer loop
      vertex 64.2356 16.9225 0
      vertex 65.3927 16.5466 0
      vertex 65.2366 16.1696 0
    endloop
  endfacet
  facet normal 0 0 -1
    outer loop
      vertex 64.0391 16.5369 0
      vertex 65.2366 16.1696 0
      vertex 65.0234 15.8218 0
    endloop
  endfacet
  facet normal 0 0 -1
    outer loop
      vertex 65.5 16.7 0
      vertex 64.2356 17.7775 0
      vertex 64.1693 17.9076 0
    endloop
  endfacet
  facet normal 0 0 -1
    outer loop
      vertex 65.5 16.7 0
      vertex 64.1693 17.9076 0
      vertex 64.0391 18.1631 0
    endloop
  endfacet
  facet normal -0 0 -1
    outer loop
      vertex 65.7967 25.0315 0
      vertex 63.7331 18.4691 0
      vertex 65.6525 25.0544 0
    endloop
  endfacet
  facet normal 0 0 -1
    outer loop
      vertex 64.0391 16.5369 0
      vertex 65.0234 15.8218 0
      vertex 64.7585 15.5115 0
    endloop
  endfacet
  facet normal 0 0 -1
    outer loop
      vertex 63.4776 18.5993 0
      vertex 65.6525 25.0544 0
      vertex 63.7331 18.4691 0
    endloop
  endfacet
  facet normal 0 0 -1
    outer loop
      vertex 63.3475 18.6656 0
      vertex 65.6525 25.0544 0
      vertex 63.4776 18.5993 0
    endloop
  endfacet
  facet normal 0 0 -1
    outer loop
      vertex 63.7331 16.2309 0
      vertex 64.7585 15.5115 0
      vertex 64.4482 15.2466 0
    endloop
  endfacet
  facet normal 0 0 -1
    outer loop
      vertex 65.4312 16.7069 0
      vertex 64.3033 17.35 0
      vertex 64.2805 17.4942 0
    endloop
  endfacet
  facet normal 0 0 -1
    outer loop
      vertex 65.4312 16.7069 0
      vertex 64.2805 17.4942 0
      vertex 64.2356 17.7775 0
    endloop
  endfacet
  facet normal 0 0 -1
    outer loop
      vertex 64.6967 26.37 0
      vertex 63.5 37 0
      vertex 64.6924 48.4007 0
    endloop
  endfacet
  facet normal 0 0 -1
    outer loop
      vertex 65.4312 16.7069 0
      vertex 64.2805 17.2058 0
      vertex 64.3033 17.35 0
    endloop
  endfacet
  facet normal 0 0 -1
    outer loop
      vertex 65.4312 16.7069 0
      vertex 64.2356 16.9225 0
      vertex 64.2805 17.2058 0
    endloop
  endfacet
  facet normal 0 0 -1
    outer loop
      vertex 65.2366 16.1696 0
      vertex 64.1054 16.667 0
      vertex 64.2356 16.9225 0
    endloop
  endfacet
  facet normal 0 0 -1
    outer loop
      vertex 63.7331 16.2309 0
      vertex 64.4482 15.2466 0
      vertex 64.1004 15.0334 0
    endloop
  endfacet
  facet normal 0 0 -1
    outer loop
      vertex 65.2366 16.1696 0
      vertex 64.0391 16.5369 0
      vertex 64.1054 16.667 0
    endloop
  endfacet
  facet normal 0 0 -1
    outer loop
      vertex 64.7585 15.5115 0
      vertex 63.8363 16.3341 0
      vertex 64.0391 16.5369 0
    endloop
  endfacet
  facet normal 0 0 -1
    outer loop
      vertex 64.7585 15.5115 0
      vertex 63.7331 16.2309 0
      vertex 63.8363 16.3341 0
    endloop
  endfacet
  facet normal 0 0 -1
    outer loop
      vertex 63.3475 16.0344 0
      vertex 64.1004 15.0334 0
      vertex 63.7234 14.8773 0
    endloop
  endfacet
  facet normal 0 0 -1
    outer loop
      vertex 64.1004 15.0334 0
      vertex 63.603 16.1646 0
      vertex 63.7331 16.2309 0
    endloop
  endfacet
  facet normal 0 0 -1
    outer loop
      vertex 64.1004 15.0334 0
      vertex 63.3475 16.0344 0
      vertex 63.603 16.1646 0
    endloop
  endfacet
  facet normal 0 0 -1
    outer loop
      vertex 63.3267 14.782 0
      vertex 63.3475 16.0344 0
      vertex 63.7234 14.8773 0
    endloop
  endfacet
  facet normal 0 0 -1
    outer loop
      vertex 63.3267 14.782 0
      vertex 63.2033 16.0115 0
      vertex 63.3475 16.0344 0
    endloop
  endfacet
  facet normal 0 0 -1
    outer loop
      vertex 62.92 15.9667 0
      vertex 63.3267 14.782 0
      vertex 62.92 14.75 0
    endloop
  endfacet
  facet normal 0 0 -1
    outer loop
      vertex 63.3267 14.782 0
      vertex 62.92 15.9667 0
      vertex 63.2033 16.0115 0
    endloop
  endfacet
  facet normal 0 0 -1
    outer loop
      vertex 62.5133 14.782 0
      vertex 62.92 15.9667 0
      vertex 62.92 14.75 0
    endloop
  endfacet
  facet normal -0 0 -1
    outer loop
      vertex 62.92 15.9667 0
      vertex 62.5133 14.782 0
      vertex 62.6367 16.0115 0
    endloop
  endfacet
  facet normal 0 0 -1
    outer loop
      vertex 62.5133 14.782 0
      vertex 62.4925 16.0344 0
      vertex 62.6367 16.0115 0
    endloop
  endfacet
  facet normal 0 0 -1
    outer loop
      vertex 62.1166 14.8773 0
      vertex 62.4925 16.0344 0
      vertex 62.5133 14.782 0
    endloop
  endfacet
  facet normal 0 0 -1
    outer loop
      vertex 61.7396 15.0334 0
      vertex 62.4925 16.0344 0
      vertex 62.1166 14.8773 0
    endloop
  endfacet
  facet normal -0 0 -1
    outer loop
      vertex 62.4925 16.0344 0
      vertex 61.7396 15.0334 0
      vertex 62.237 16.1646 0
    endloop
  endfacet
  facet normal -0 0 -1
    outer loop
      vertex 62.237 16.1646 0
      vertex 61.7396 15.0334 0
      vertex 62.1069 16.2309 0
    endloop
  endfacet
  facet normal 0 0 -1
    outer loop
      vertex 61.3918 15.2466 0
      vertex 62.1069 16.2309 0
      vertex 61.7396 15.0334 0
    endloop
  endfacet
  facet normal -0 0 -1
    outer loop
      vertex 62.1069 16.2309 0
      vertex 61.3918 15.2466 0
      vertex 61.8009 16.5369 0
    endloop
  endfacet
  facet normal -0 0 -1
    outer loop
      vertex 61.8009 16.5369 0
      vertex 61.3918 15.2466 0
      vertex 61.7346 16.667 0
    endloop
  endfacet
  facet normal -0 0 -1
    outer loop
      vertex 61.7346 16.667 0
      vertex 61.3918 15.2466 0
      vertex 61.6044 16.9225 0
    endloop
  endfacet
  facet normal -0 0 -1
    outer loop
      vertex 61.6044 16.9225 0
      vertex 61.3918 15.2466 0
      vertex 61.5595 17.2058 0
    endloop
  endfacet
  facet normal 0 0 -1
    outer loop
      vertex 64.7195 26.2258 0
      vertex 62.5 27 0
      vertex 64.6967 26.37 0
    endloop
  endfacet
  facet normal 0 0 -1
    outer loop
      vertex 60.5 22 0
      vertex 61.5367 17.35 0
      vertex 61.3918 15.2466 0
    endloop
  endfacet
  facet normal -0 0 -1
    outer loop
      vertex 61.5595 17.2058 0
      vertex 61.3918 15.2466 0
      vertex 61.5367 17.35 0
    endloop
  endfacet
  facet normal 0 0 -1
    outer loop
      vertex 67.9433 38.65 0
      vertex 69.06 38.65 0
      vertex 69.0444 38.4512 0
    endloop
  endfacet
  facet normal 0 0 -1
    outer loop
      vertex 69.06 38.65 0
      vertex 67.9433 38.65 0
      vertex 69.0292 39.0411 0
    endloop
  endfacet
  facet normal 0 0 -1
    outer loop
      vertex 67.8985 38.3667 0
      vertex 69.0444 38.4512 0
      vertex 68.7 26.3 0
    endloop
  endfacet
  facet normal 0 -0 -1
    outer loop
      vertex 67.4405 26.2258 0
      vertex 68.648 25.9633 0
      vertex 67.3956 25.9425 0
    endloop
  endfacet
  facet normal 0 0 -1
    outer loop
      vertex 67.3956 25.9425 0
      vertex 68.648 25.9633 0
      vertex 68.5527 25.5666 0
    endloop
  endfacet
  facet normal 0 0 -1
    outer loop
      vertex 68.3966 25.1896 0
      vertex 67.3956 25.9425 0
      vertex 68.5527 25.5666 0
    endloop
  endfacet
  facet normal 0 0 -1
    outer loop
      vertex 67.3956 25.9425 0
      vertex 68.3966 25.1896 0
      vertex 68.3864 25.1729 0
    endloop
  endfacet
  facet normal 0 0 -1
    outer loop
      vertex 68.648 25.9633 0
      vertex 67.4405 26.2258 0
      vertex 68.6579 26.0897 0
    endloop
  endfacet
  facet normal 0 0 -1
    outer loop
      vertex 67.8985 38.9333 0
      vertex 69.0292 39.0411 0
      vertex 67.9433 38.65 0
    endloop
  endfacet
  facet normal -0 0 -1
    outer loop
      vertex 69.0292 39.0411 0
      vertex 67.8985 38.9333 0
      vertex 68.9924 39.1943 0
    endloop
  endfacet
  facet normal 0 0 -1
    outer loop
      vertex 67.8756 39.0775 0
      vertex 68.9924 39.1943 0
      vertex 67.8985 38.9333 0
    endloop
  endfacet
  facet normal 0 0 -1
    outer loop
      vertex 67.8093 39.2076 0
      vertex 68.9924 39.1943 0
      vertex 67.8756 39.0775 0
    endloop
  endfacet
  facet normal 0 0 -1
    outer loop
      vertex 67.6791 39.4631 0
      vertex 68.9924 39.1943 0
      vertex 67.8093 39.2076 0
    endloop
  endfacet
  facet normal 0 0 -1
    outer loop
      vertex 67.3731 39.7691 0
      vertex 68.9924 39.1943 0
      vertex 67.6791 39.4631 0
    endloop
  endfacet
  facet normal 0 0 -1
    outer loop
      vertex 66.0631 48.5309 0
      vertex 68.9924 39.1943 0
      vertex 67.3731 39.7691 0
    endloop
  endfacet
  facet normal 0 0 -1
    outer loop
      vertex 66.0631 48.5309 0
      vertex 67.3731 39.7691 0
      vertex 67.1176 39.8993 0
    endloop
  endfacet
  facet normal 0 0 -1
    outer loop
      vertex 68.9924 39.1943 0
      vertex 66.3691 48.8369 0
      vertex 67.85 50 0
    endloop
  endfacet
  facet normal 0 0 -1
    outer loop
      vertex 66.6105 49.7942 0
      vertex 67.85 50 0
      vertex 66.6333 49.65 0
    endloop
  endfacet
  facet normal 0 0 -1
    outer loop
      vertex 66.0631 48.5309 0
      vertex 67.1176 39.8993 0
      vertex 66.9875 39.9656 0
    endloop
  endfacet
  facet normal 0 0 -1
    outer loop
      vertex 68.7 26.3 0
      vertex 67.4405 26.5142 0
      vertex 67.3956 26.7975 0
    endloop
  endfacet
  facet normal 0 0 -1
    outer loop
      vertex 67.2654 27.053 0
      vertex 68.7 26.3 0
      vertex 67.3956 26.7975 0
    endloop
  endfacet
  facet normal 0 0 -1
    outer loop
      vertex 67.1991 27.1831 0
      vertex 68.7 26.3 0
      vertex 67.2654 27.053 0
    endloop
  endfacet
  facet normal 0 0 -1
    outer loop
      vertex 66.8931 27.4891 0
      vertex 68.7 26.3 0
      vertex 67.1991 27.1831 0
    endloop
  endfacet
  facet normal 0 0 -1
    outer loop
      vertex 68.7 26.3 0
      vertex 67.3731 37.5309 0
      vertex 67.6791 37.8369 0
    endloop
  endfacet
  facet normal 0 0 -1
    outer loop
      vertex 68.7 26.3 0
      vertex 66.8931 27.4891 0
      vertex 67.3731 37.5309 0
    endloop
  endfacet
  facet normal 0 0 -1
    outer loop
      vertex 67.3731 37.5309 0
      vertex 66.8931 27.4891 0
      vertex 67.1176 37.4007 0
    endloop
  endfacet
  facet normal 0 0 -1
    outer loop
      vertex 67.1176 37.4007 0
      vertex 66.8931 27.4891 0
      vertex 66.9875 37.3344 0
    endloop
  endfacet
  facet normal 0 0 -1
    outer loop
      vertex 66.763 27.5554 0
      vertex 66.9875 37.3344 0
      vertex 66.8931 27.4891 0
    endloop
  endfacet
  facet normal 0 0 -1
    outer loop
      vertex 66.5075 27.6856 0
      vertex 66.9875 37.3344 0
      vertex 66.763 27.5554 0
    endloop
  endfacet
  facet normal 0 0 -1
    outer loop
      vertex 66.9875 37.3344 0
      vertex 66.5075 27.6856 0
      vertex 66.8433 37.3115 0
    endloop
  endfacet
  facet normal 0 0 -1
    outer loop
      vertex 66.8433 37.3115 0
      vertex 66.5075 27.6856 0
      vertex 66.56 37.2667 0
    endloop
  endfacet
  facet normal 0 0 -1
    outer loop
      vertex 66.2242 27.7305 0
      vertex 66.56 37.2667 0
      vertex 66.5075 27.6856 0
    endloop
  endfacet
  facet normal 0 0 -1
    outer loop
      vertex 66.08 27.7533 0
      vertex 66.56 37.2667 0
      vertex 66.2242 27.7305 0
    endloop
  endfacet
  facet normal -0 0 -1
    outer loop
      vertex 66.56 37.2667 0
      vertex 66.08 27.7533 0
      vertex 66.2767 37.3115 0
    endloop
  endfacet
  facet normal -0 0 -1
    outer loop
      vertex 66.2767 37.3115 0
      vertex 66.08 27.7533 0
      vertex 66.1325 37.3344 0
    endloop
  endfacet
  facet normal 0 0 -1
    outer loop
      vertex 65.9358 27.7305 0
      vertex 66.1325 37.3344 0
      vertex 66.08 27.7533 0
    endloop
  endfacet
  facet normal 0 0 -1
    outer loop
      vertex 65.6525 27.6856 0
      vertex 66.1325 37.3344 0
      vertex 65.9358 27.7305 0
    endloop
  endfacet
  facet normal -0 0 -1
    outer loop
      vertex 66.1325 37.3344 0
      vertex 65.6525 27.6856 0
      vertex 66.0024 37.4007 0
    endloop
  endfacet
  facet normal -0 0 -1
    outer loop
      vertex 66.0024 37.4007 0
      vertex 65.6525 27.6856 0
      vertex 65.7469 37.5309 0
    endloop
  endfacet
  facet normal 0 0 -1
    outer loop
      vertex 65.397 27.5554 0
      vertex 65.7469 37.5309 0
      vertex 65.6525 27.6856 0
    endloop
  endfacet
  facet normal 0 0 -1
    outer loop
      vertex 65.2669 27.4891 0
      vertex 65.7469 37.5309 0
      vertex 65.397 27.5554 0
    endloop
  endfacet
  facet normal -0 0 -1
    outer loop
      vertex 65.7469 37.5309 0
      vertex 65.2669 27.4891 0
      vertex 65.4409 37.8369 0
    endloop
  endfacet
  facet normal 0 0 -1
    outer loop
      vertex 65.1637 27.3859 0
      vertex 65.4409 37.8369 0
      vertex 65.2669 27.4891 0
    endloop
  endfacet
  facet normal 0 0 -1
    outer loop
      vertex 64.9609 27.1831 0
      vertex 65.4409 37.8369 0
      vertex 65.1637 27.3859 0
    endloop
  endfacet
  facet normal -0 0 -1
    outer loop
      vertex 65.4409 37.8369 0
      vertex 64.9609 27.1831 0
      vertex 65.3107 38.0924 0
    endloop
  endfacet
  facet normal -0 0 -1
    outer loop
      vertex 65.3107 38.0924 0
      vertex 64.9609 27.1831 0
      vertex 65.2444 38.2225 0
    endloop
  endfacet
  facet normal 0 0 -1
    outer loop
      vertex 64.8946 27.053 0
      vertex 65.2444 38.2225 0
      vertex 64.9609 27.1831 0
    endloop
  endfacet
  facet normal 0 0 -1
    outer loop
      vertex 65.6833 60.65 0
      vertex 67 60.65 0
      vertex 66.989 60.5106 0
    endloop
  endfacet
  facet normal 0 0 -1
    outer loop
      vertex 66.5656 50.0775 0
      vertex 67.85 50 0
      vertex 66.6105 49.7942 0
    endloop
  endfacet
  facet normal 0 0 -1
    outer loop
      vertex 66.4354 50.333 0
      vertex 67.85 50 0
      vertex 66.5656 50.0775 0
    endloop
  endfacet
  facet normal 0 0 -1
    outer loop
      vertex 66.3691 50.4631 0
      vertex 67.85 50 0
      vertex 66.4354 50.333 0
    endloop
  endfacet
  facet normal 0 0 -1
    outer loop
      vertex 65.6775 48.3344 0
      vertex 66.9875 39.9656 0
      vertex 66.7042 40.0105 0
    endloop
  endfacet
  facet normal 0 0 -1
    outer loop
      vertex 66.0631 50.7691 0
      vertex 67.85 50 0
      vertex 66.3691 50.4631 0
    endloop
  endfacet
  facet normal 0 0 -1
    outer loop
      vertex 67.85 50 0
      vertex 66.0631 50.7691 0
      vertex 67 60.5 0
    endloop
  endfacet
  facet normal 0 0 -1
    outer loop
      vertex 65.1131 59.5309 0
      vertex 67 60.5 0
      vertex 66.0631 50.7691 0
    endloop
  endfacet
  facet normal 0 -0 -1
    outer loop
      vertex 65.2163 59.6341 0
      vertex 67 60.5 0
      vertex 65.1131 59.5309 0
    endloop
  endfacet
  facet normal -0 0 -1
    outer loop
      vertex 67 60.5 0
      vertex 65.6156 60.2225 0
      vertex 66.989 60.5106 0
    endloop
  endfacet
  facet normal 0 0 -1
    outer loop
      vertex 67 60.65 0
      vertex 65.6833 60.65 0
      vertex 66.9668 61.0724 0
    endloop
  endfacet
  facet normal 0 0 -1
    outer loop
      vertex 65.6385 60.9333 0
      vertex 66.9668 61.0724 0
      vertex 65.6833 60.65 0
    endloop
  endfacet
  facet normal 0 -0 -1
    outer loop
      vertex 65.6156 60.2225 0
      vertex 67 60.5 0
      vertex 65.5493 60.0924 0
    endloop
  endfacet
  facet normal 0 0 -1
    outer loop
      vertex 65.1131 59.5309 0
      vertex 66.0631 50.7691 0
      vertex 65.933 50.8354 0
    endloop
  endfacet
  facet normal 0 0 -1
    outer loop
      vertex 65.6156 61.0775 0
      vertex 66.9668 61.0724 0
      vertex 65.6385 60.9333 0
    endloop
  endfacet
  facet normal 0 0 -1
    outer loop
      vertex 65.4854 61.333 0
      vertex 66.7057 61.8758 0
      vertex 65.6156 61.0775 0
    endloop
  endfacet
  facet normal 0 0 -1
    outer loop
      vertex 65.1131 59.5309 0
      vertex 65.933 50.8354 0
      vertex 65.6775 50.9656 0
    endloop
  endfacet
  facet normal -0 0 -1
    outer loop
      vertex 66.8679 61.4843 0
      vertex 65.6156 61.0775 0
      vertex 66.7057 61.8758 0
    endloop
  endfacet
  facet normal 0 0 -1
    outer loop
      vertex 66.9668 61.0724 0
      vertex 65.6156 61.0775 0
      vertex 66.8679 61.4843 0
    endloop
  endfacet
  facet normal 0 -0 -1
    outer loop
      vertex 65.6833 60.65 0
      vertex 66.989 60.5106 0
      vertex 65.6385 60.3667 0
    endloop
  endfacet
  facet normal 0 -0 -1
    outer loop
      vertex 65.6385 60.3667 0
      vertex 66.989 60.5106 0
      vertex 65.6156 60.2225 0
    endloop
  endfacet
  facet normal 0 0 -1
    outer loop
      vertex 64.7275 59.3344 0
      vertex 65.6775 50.9656 0
      vertex 65.3942 51.0105 0
    endloop
  endfacet
  facet normal 0 0 -1
    outer loop
      vertex 64.7275 59.3344 0
      vertex 65.3942 51.0105 0
      vertex 65.25 51.0333 0
    endloop
  endfacet
  facet normal 0 -0 -1
    outer loop
      vertex 65.5493 60.0924 0
      vertex 67 60.5 0
      vertex 65.4191 59.8369 0
    endloop
  endfacet
  facet normal 0 -0 -1
    outer loop
      vertex 65.4191 59.8369 0
      vertex 67 60.5 0
      vertex 65.2163 59.6341 0
    endloop
  endfacet
  facet normal 0 0 -1
    outer loop
      vertex 62 53.5 0
      vertex 65.25 51.0333 0
      vertex 65.1058 51.0105 0
    endloop
  endfacet
  facet normal 0 0 -1
    outer loop
      vertex 65.6775 50.9656 0
      vertex 64.8576 59.4007 0
      vertex 65.1131 59.5309 0
    endloop
  endfacet
  facet normal 0 0 -1
    outer loop
      vertex 62 53.5 0
      vertex 65.1058 51.0105 0
      vertex 64.8225 50.9656 0
    endloop
  endfacet
  facet normal 0 0 -1
    outer loop
      vertex 65.6775 50.9656 0
      vertex 64.7275 59.3344 0
      vertex 64.8576 59.4007 0
    endloop
  endfacet
  facet normal 0 0 -1
    outer loop
      vertex 65.25 51.0333 0
      vertex 62 53.5 0
      vertex 64.7275 59.3344 0
    endloop
  endfacet
  facet normal 0 0 -1
    outer loop
      vertex 62 52 0
      vertex 64.8225 50.9656 0
      vertex 64.567 50.8354 0
    endloop
  endfacet
  facet normal 0 0 -1
    outer loop
      vertex 62 52 0
      vertex 64.567 50.8354 0
      vertex 64.4369 50.7691 0
    endloop
  endfacet
  facet normal 0 0 -1
    outer loop
      vertex 64.7275 59.3344 0
      vertex 62 53.5 0
      vertex 64.5833 59.3115 0
    endloop
  endfacet
  facet normal 0 0 -1
    outer loop
      vertex 62 52 0
      vertex 64.4369 50.7691 0
      vertex 64.1309 50.4631 0
    endloop
  endfacet
  facet normal 0 0 -1
    outer loop
      vertex 62 52 0
      vertex 64.1309 50.4631 0
      vertex 64.0646 50.333 0
    endloop
  endfacet
  facet normal 0 0 -1
    outer loop
      vertex 64.5833 59.3115 0
      vertex 62 53.5 0
      vertex 64.3 59.2667 0
    endloop
  endfacet
  facet normal 0 0 -1
    outer loop
      vertex 62 52 0
      vertex 64.0646 50.333 0
      vertex 63.9344 50.0775 0
    endloop
  endfacet
  facet normal 0 0 -1
    outer loop
      vertex 62.5 48.5 0
      vertex 63.9344 50.0775 0
      vertex 63.8895 49.7942 0
    endloop
  endfacet
  facet normal -0 0 -1
    outer loop
      vertex 64.3 59.2667 0
      vertex 62 53.5 0
      vertex 64.0167 59.3115 0
    endloop
  endfacet
  facet normal 0 0 -1
    outer loop
      vertex 62.5 48.5 0
      vertex 63.8895 49.7942 0
      vertex 63.8667 49.65 0
    endloop
  endfacet
  facet normal -0 0 -1
    outer loop
      vertex 64.4369 48.5309 0
      vertex 62.5 48.5 0
      vertex 64.1309 48.8369 0
    endloop
  endfacet
  facet normal -0 0 -1
    outer loop
      vertex 64.1309 48.8369 0
      vertex 62.5 48.5 0
      vertex 64.0007 49.0924 0
    endloop
  endfacet
  facet normal -0 0 -1
    outer loop
      vertex 64.9609 25.5569 0
      vertex 60.5 23.5 0
      vertex 64.8946 25.687 0
    endloop
  endfacet
  facet normal -0 0 -1
    outer loop
      vertex 63.9344 49.2225 0
      vertex 62.5 48.5 0
      vertex 63.8895 49.5058 0
    endloop
  endfacet
  facet normal -0 0 -1
    outer loop
      vertex 63.9344 50.0775 0
      vertex 62.5 48.5 0
      vertex 62 52 0
    endloop
  endfacet
  facet normal 0 0 -1
    outer loop
      vertex 64.8225 50.9656 0
      vertex 62 52 0
      vertex 62 53.5 0
    endloop
  endfacet
  facet normal -0 0 -1
    outer loop
      vertex 64.0167 59.3115 0
      vertex 62 53.5 0
      vertex 63.8725 59.3344 0
    endloop
  endfacet
  facet normal 0 0 -1
    outer loop
      vertex 60 55 0
      vertex 63.8725 59.3344 0
      vertex 62 53.5 0
    endloop
  endfacet
  facet normal -0 0 -1
    outer loop
      vertex 63.7424 59.4007 0
      vertex 60 55 0
      vertex 63.4869 59.5309 0
    endloop
  endfacet
  facet normal -0 0 -1
    outer loop
      vertex 63.4869 59.5309 0
      vertex 60 55 0
      vertex 63.1809 59.8369 0
    endloop
  endfacet
  facet normal 0 0 -1
    outer loop
      vertex 60 60.5 0
      vertex 63.1809 59.8369 0
      vertex 60 55 0
    endloop
  endfacet
  facet normal -0 0 -1
    outer loop
      vertex 63.8895 49.5058 0
      vertex 62.5 48.5 0
      vertex 63.8667 49.65 0
    endloop
  endfacet
  facet normal 0 0 -1
    outer loop
      vertex 62 43.5 0
      vertex 63.5 38.5 0
      vertex 62 42 0
    endloop
  endfacet
  facet normal 0 0 -1
    outer loop
      vertex 61.5 38.5 0
      vertex 62 42 0
      vertex 63.5 38.5 0
    endloop
  endfacet
  facet normal 0 0 -1
    outer loop
      vertex 60 40.5 0
      vertex 61.5 38.5 0
      vertex 60 35 0
    endloop
  endfacet
  facet normal 0 0 -1
    outer loop
      vertex 61.5 38.5 0
      vertex 60 40.5 0
      vertex 62 42 0
    endloop
  endfacet
  facet normal 0 0 -1
    outer loop
      vertex 58.5 40.5 0
      vertex 62 42 0
      vertex 60 40.5 0
    endloop
  endfacet
  facet normal 0 0 -1
    outer loop
      vertex 57 38.5 0
      vertex 58.5 40.5 0
      vertex 57 37 0
    endloop
  endfacet
  facet normal 0 0 -1
    outer loop
      vertex 58.5 40.5 0
      vertex 56.5 42 0
      vertex 62 42 0
    endloop
  endfacet
  facet normal 0 0 -1
    outer loop
      vertex 57 38.5 0
      vertex 56.5 42 0
      vertex 58.5 40.5 0
    endloop
  endfacet
  facet normal -0 0 -1
    outer loop
      vertex 56.5 42 0
      vertex 55 40 0
      vertex 56.5 43.5 0
    endloop
  endfacet
  facet normal 0 0 -1
    outer loop
      vertex 57 38.5 0
      vertex 55 40 0
      vertex 56.5 42 0
    endloop
  endfacet
  facet normal 0 0 -1
    outer loop
      vertex 57 38.5 0
      vertex 53.5 40 0
      vertex 55 40 0
    endloop
  endfacet
  facet normal 0 0 -1
    outer loop
      vertex 53.5 40 0
      vertex 52 42 0
      vertex 53.5 45.5 0
    endloop
  endfacet
  facet normal 0 0 -1
    outer loop
      vertex 51.5 38.5 0
      vertex 53.5 40 0
      vertex 57 38.5 0
    endloop
  endfacet
  facet normal 0 0 -1
    outer loop
      vertex 51.5 38.5 0
      vertex 52 42 0
      vertex 53.5 40 0
    endloop
  endfacet
  facet normal 0 0 -1
    outer loop
      vertex 50 40.5 0
      vertex 51.5 38.5 0
      vertex 50 35 0
    endloop
  endfacet
  facet normal 0 0 -1
    outer loop
      vertex 51.5 38.5 0
      vertex 50 40.5 0
      vertex 52 42 0
    endloop
  endfacet
  facet normal 0 0 -1
    outer loop
      vertex 48.5 40.5 0
      vertex 52 42 0
      vertex 50 40.5 0
    endloop
  endfacet
  facet normal 0 0 -1
    outer loop
      vertex 47 38.5 0
      vertex 48.5 40.5 0
      vertex 47 37 0
    endloop
  endfacet
  facet normal 0 0 -1
    outer loop
      vertex 48.5 40.5 0
      vertex 46.5 42 0
      vertex 52 42 0
    endloop
  endfacet
  facet normal 0 0 -1
    outer loop
      vertex 47 38.5 0
      vertex 46.5 42 0
      vertex 48.5 40.5 0
    endloop
  endfacet
  facet normal -0 0 -1
    outer loop
      vertex 46.5 42 0
      vertex 45 40 0
      vertex 46.5 43.5 0
    endloop
  endfacet
  facet normal 0 0 -1
    outer loop
      vertex 47 38.5 0
      vertex 45 40 0
      vertex 46.5 42 0
    endloop
  endfacet
  facet normal 0 0 -1
    outer loop
      vertex 47 38.5 0
      vertex 43.5 40 0
      vertex 45 40 0
    endloop
  endfacet
  facet normal 0 0 -1
    outer loop
      vertex 43.5 40 0
      vertex 42 42 0
      vertex 43.5 45.5 0
    endloop
  endfacet
  facet normal 0 0 -1
    outer loop
      vertex 41.5 38.5 0
      vertex 43.5 40 0
      vertex 47 38.5 0
    endloop
  endfacet
  facet normal 0 0 -1
    outer loop
      vertex 41.5 38.5 0
      vertex 42 42 0
      vertex 43.5 40 0
    endloop
  endfacet
  facet normal 0 0 -1
    outer loop
      vertex 40 40.5 0
      vertex 41.5 38.5 0
      vertex 40 35 0
    endloop
  endfacet
  facet normal 0 0 -1
    outer loop
      vertex 41.5 38.5 0
      vertex 40 40.5 0
      vertex 42 42 0
    endloop
  endfacet
  facet normal 0 0 -1
    outer loop
      vertex 38.5 40.5 0
      vertex 42 42 0
      vertex 40 40.5 0
    endloop
  endfacet
  facet normal 0 0 -1
    outer loop
      vertex 37 38.5 0
      vertex 38.5 40.5 0
      vertex 37 37 0
    endloop
  endfacet
  facet normal 0 0 -1
    outer loop
      vertex 38.5 40.5 0
      vertex 36.5 42 0
      vertex 42 42 0
    endloop
  endfacet
  facet normal 0 0 -1
    outer loop
      vertex 37 38.5 0
      vertex 36.5 42 0
      vertex 38.5 40.5 0
    endloop
  endfacet
  facet normal -0 0 -1
    outer loop
      vertex 36.5 42 0
      vertex 35 40 0
      vertex 36.5 43.5 0
    endloop
  endfacet
  facet normal 0 0 -1
    outer loop
      vertex 37 38.5 0
      vertex 35 40 0
      vertex 36.5 42 0
    endloop
  endfacet
  facet normal 0 0 -1
    outer loop
      vertex 37 38.5 0
      vertex 33.5 40 0
      vertex 35 40 0
    endloop
  endfacet
  facet normal 0 0 -1
    outer loop
      vertex 33.5 40 0
      vertex 32 42 0
      vertex 33.5 45.5 0
    endloop
  endfacet
  facet normal 0 0 -1
    outer loop
      vertex 31.5 38.5 0
      vertex 33.5 40 0
      vertex 37 38.5 0
    endloop
  endfacet
  facet normal 0 0 -1
    outer loop
      vertex 31.5 38.5 0
      vertex 32 42 0
      vertex 33.5 40 0
    endloop
  endfacet
  facet normal 0 0 -1
    outer loop
      vertex 30 40.5 0
      vertex 31.5 38.5 0
      vertex 30 35 0
    endloop
  endfacet
  facet normal 0 0 -1
    outer loop
      vertex 31.5 38.5 0
      vertex 30 40.5 0
      vertex 32 42 0
    endloop
  endfacet
  facet normal 0 0 -1
    outer loop
      vertex 28.5 40.5 0
      vertex 32 42 0
      vertex 30 40.5 0
    endloop
  endfacet
  facet normal 0 0 -1
    outer loop
      vertex 27 38.5 0
      vertex 28.5 40.5 0
      vertex 27 37 0
    endloop
  endfacet
  facet normal 0 0 -1
    outer loop
      vertex 28.5 40.5 0
      vertex 26.5 42 0
      vertex 32 42 0
    endloop
  endfacet
  facet normal 0 0 -1
    outer loop
      vertex 27 38.5 0
      vertex 26.5 42 0
      vertex 28.5 40.5 0
    endloop
  endfacet
  facet normal -0 0 -1
    outer loop
      vertex 26.5 42 0
      vertex 25 40 0
      vertex 26.5 43.5 0
    endloop
  endfacet
  facet normal 0 0 -1
    outer loop
      vertex 27 38.5 0
      vertex 25 40 0
      vertex 26.5 42 0
    endloop
  endfacet
  facet normal 0 0 -1
    outer loop
      vertex 27 38.5 0
      vertex 23.5 40 0
      vertex 25 40 0
    endloop
  endfacet
  facet normal 0 0 -1
    outer loop
      vertex 23.5 40 0
      vertex 22 42 0
      vertex 23.5 45.5 0
    endloop
  endfacet
  facet normal 0 0 -1
    outer loop
      vertex 21.5 38.5 0
      vertex 23.5 40 0
      vertex 27 38.5 0
    endloop
  endfacet
  facet normal 0 0 -1
    outer loop
      vertex 21.5 38.5 0
      vertex 22 42 0
      vertex 23.5 40 0
    endloop
  endfacet
  facet normal 0 0 -1
    outer loop
      vertex 20 40.5 0
      vertex 21.5 38.5 0
      vertex 20 35 0
    endloop
  endfacet
  facet normal 0 0 -1
    outer loop
      vertex 21.5 38.5 0
      vertex 20 40.5 0
      vertex 22 42 0
    endloop
  endfacet
  facet normal 0 0 -1
    outer loop
      vertex 18.5 40.5 0
      vertex 22 42 0
      vertex 20 40.5 0
    endloop
  endfacet
  facet normal 0 0 -1
    outer loop
      vertex 17 38.5 0
      vertex 18.5 40.5 0
      vertex 17 37 0
    endloop
  endfacet
  facet normal 0 0 -1
    outer loop
      vertex 18.5 40.5 0
      vertex 16.5 42 0
      vertex 22 42 0
    endloop
  endfacet
  facet normal 0 0 -1
    outer loop
      vertex 17 38.5 0
      vertex 16.5 42 0
      vertex 18.5 40.5 0
    endloop
  endfacet
  facet normal -0 0 -1
    outer loop
      vertex 16.5 42 0
      vertex 15 40 0
      vertex 16.5 43.5 0
    endloop
  endfacet
  facet normal 0 0 -1
    outer loop
      vertex 17 38.5 0
      vertex 15 40 0
      vertex 16.5 42 0
    endloop
  endfacet
  facet normal 0 0 -1
    outer loop
      vertex 17 38.5 0
      vertex 13.5 40 0
      vertex 15 40 0
    endloop
  endfacet
  facet normal 0 0 -1
    outer loop
      vertex 13.5 40 0
      vertex 12 42 0
      vertex 13.5 45.5 0
    endloop
  endfacet
  facet normal 0 0 -1
    outer loop
      vertex 11.5 38.5 0
      vertex 13.5 40 0
      vertex 17 38.5 0
    endloop
  endfacet
  facet normal 0 0 -1
    outer loop
      vertex 11.5 38.5 0
      vertex 12 42 0
      vertex 13.5 40 0
    endloop
  endfacet
  facet normal -0 0 -1
    outer loop
      vertex 12 42 0
      vertex 11.5 38.5 0
      vertex 10 42 0
    endloop
  endfacet
  facet normal 0 0 -1
    outer loop
      vertex 5.16667 24.55 0
      vertex 4.05 24.55 0
      vertex 4.06854 24.7856 0
    endloop
  endfacet
  facet normal 0 0 -1
    outer loop
      vertex 5.80722 58.0083 0
      vertex 5.8 58.1 0
      vertex 5.80393 58.15 0
    endloop
  endfacet
  facet normal 0 0 -1
    outer loop
      vertex 8.71563 15.7275 0
      vertex 7.88847 24.2667 0
      vertex 7.93333 24.55 0
    endloop
  endfacet
  facet normal 0 0 -1
    outer loop
      vertex 8.2131 16.4191 0
      vertex 7.86563 24.1225 0
      vertex 7.88847 24.2667 0
    endloop
  endfacet
  facet normal 0 0 -1
    outer loop
      vertex 7.3631 23.4309 0
      vertex 8.08301 16.4854 0
      vertex 7.82747 16.6156 0
    endloop
  endfacet
  facet normal 0 0 -1
    outer loop
      vertex 8.2131 16.4191 0
      vertex 7.73542 23.867 0
      vertex 7.86563 24.1225 0
    endloop
  endfacet
  facet normal 0 0 -1
    outer loop
      vertex 6.97747 23.2344 0
      vertex 7.82747 16.6156 0
      vertex 7.68326 16.6385 0
    endloop
  endfacet
  facet normal 0 0 -1
    outer loop
      vertex 8.2131 16.4191 0
      vertex 7.66914 23.7369 0
      vertex 7.73542 23.867 0
    endloop
  endfacet
  facet normal 0 0 -1
    outer loop
      vertex 8.2131 16.4191 0
      vertex 7.46634 23.5341 0
      vertex 7.66914 23.7369 0
    endloop
  endfacet
  facet normal 0 0 -1
    outer loop
      vertex 6.97747 23.2344 0
      vertex 7.68326 16.6385 0
      vertex 7.4 16.6833 0
    endloop
  endfacet
  facet normal 0 0 -1
    outer loop
      vertex 8.2131 16.4191 0
      vertex 7.3631 23.4309 0
      vertex 7.46634 23.5341 0
    endloop
  endfacet
  facet normal 0 0 -1
    outer loop
      vertex 7.82747 16.6156 0
      vertex 7.23301 23.3646 0
      vertex 7.3631 23.4309 0
    endloop
  endfacet
  facet normal 0 0 -1
    outer loop
      vertex 6.55 23.1667 0
      vertex 7.4 16.6833 0
      vertex 7.11673 16.6385 0
    endloop
  endfacet
  facet normal 0 0 -1
    outer loop
      vertex 7.82747 16.6156 0
      vertex 6.97747 23.2344 0
      vertex 7.23301 23.3646 0
    endloop
  endfacet
  facet normal 0 0 -1
    outer loop
      vertex 6.55 23.1667 0
      vertex 7.11673 16.6385 0
      vertex 6.97253 16.6156 0
    endloop
  endfacet
  facet normal 0 0 -1
    outer loop
      vertex 6.12253 23.2344 0
      vertex 6.97253 16.6156 0
      vertex 6.84243 16.5493 0
    endloop
  endfacet
  facet normal 0 0 -1
    outer loop
      vertex 7.4 16.6833 0
      vertex 6.69421 23.1895 0
      vertex 6.97747 23.2344 0
    endloop
  endfacet
  facet normal 0 0 -1
    outer loop
      vertex 6.12253 23.2344 0
      vertex 6.84243 16.5493 0
      vertex 6.5869 16.4191 0
    endloop
  endfacet
  facet normal 0 0 -1
    outer loop
      vertex 7.4 16.6833 0
      vertex 6.55 23.1667 0
      vertex 6.69421 23.1895 0
    endloop
  endfacet
  facet normal 0 0 -1
    outer loop
      vertex 6.97253 16.6156 0
      vertex 6.40579 23.1895 0
      vertex 6.55 23.1667 0
    endloop
  endfacet
  facet normal 0 0 -1
    outer loop
      vertex 4.13104 23.9496 0
      vertex 6.5869 16.4191 0
      vertex 6.3841 16.2163 0
    endloop
  endfacet
  facet normal 0 0 -1
    outer loop
      vertex 4.13104 23.9496 0
      vertex 6.3841 16.2163 0
      vertex 6.28086 16.1131 0
    endloop
  endfacet
  facet normal 0 0 -1
    outer loop
      vertex 4.79999 15 0
      vertex 6.28086 16.1131 0
      vertex 6.15066 15.8576 0
    endloop
  endfacet
  facet normal 0 0 -1
    outer loop
      vertex 6.97253 16.6156 0
      vertex 6.12253 23.2344 0
      vertex 6.40579 23.1895 0
    endloop
  endfacet
  facet normal 0 0 -1
    outer loop
      vertex 4.79999 15 0
      vertex 6.15066 15.8576 0
      vertex 6.08437 15.7275 0
    endloop
  endfacet
  facet normal 0 0 -1
    outer loop
      vertex 4.79999 15 0
      vertex 6.08437 15.7275 0
      vertex 6.06153 15.5833 0
    endloop
  endfacet
  facet normal 0 0 -1
    outer loop
      vertex 4.79999 15 0
      vertex 6.06153 15.5833 0
      vertex 6.01667 15.3 0
    endloop
  endfacet
  facet normal -0 0 -1
    outer loop
      vertex 6.28086 16.1131 0
      vertex 4.79999 15 0
      vertex 4.13104 23.9496 0
    endloop
  endfacet
  facet normal 0 0 -1
    outer loop
      vertex 9 33.5 0
      vertex 8.43847 45.1167 0
      vertex 8.48333 45.4 0
    endloop
  endfacet
  facet normal 0 0 -1
    outer loop
      vertex 7.88847 24.2667 0
      vertex 8.51914 16.1131 0
      vertex 8.4159 16.2163 0
    endloop
  endfacet
  facet normal 0 0 -1
    outer loop
      vertex 7.88847 24.8333 0
      vertex 9 32 0
      vertex 7.93333 24.55 0
    endloop
  endfacet
  facet normal 0 0 -1
    outer loop
      vertex 9 32 0
      vertex 8.41563 44.9725 0
      vertex 8.43847 45.1167 0
    endloop
  endfacet
  facet normal 0 0 -1
    outer loop
      vertex 7.86563 24.9775 0
      vertex 9 32 0
      vertex 7.88847 24.8333 0
    endloop
  endfacet
  facet normal 0 0 -1
    outer loop
      vertex 7.88847 24.2667 0
      vertex 8.4159 16.2163 0
      vertex 8.2131 16.4191 0
    endloop
  endfacet
  facet normal 0 0 -1
    outer loop
      vertex 7.3631 23.4309 0
      vertex 8.2131 16.4191 0
      vertex 8.08301 16.4854 0
    endloop
  endfacet
  facet normal 0 0 -1
    outer loop
      vertex 7.73542 25.233 0
      vertex 9 32 0
      vertex 7.86563 24.9775 0
    endloop
  endfacet
  facet normal 0 0 -1
    outer loop
      vertex 6.19221 39.4109 0
      vertex 9 32 0
      vertex 6.5 35.5 0
    endloop
  endfacet
  facet normal 0 0 -1
    outer loop
      vertex 9 32 0
      vertex 8.34934 44.8424 0
      vertex 8.41563 44.9725 0
    endloop
  endfacet
  facet normal 0 0 -1
    outer loop
      vertex 9 32 0
      vertex 8.21914 44.5869 0
      vertex 8.34934 44.8424 0
    endloop
  endfacet
  facet normal 0 0 -1
    outer loop
      vertex 7.66914 25.3631 0
      vertex 9 32 0
      vertex 7.73542 25.233 0
    endloop
  endfacet
  facet normal 0 0 -1
    outer loop
      vertex 7.3631 25.6691 0
      vertex 9 32 0
      vertex 7.66914 25.3631 0
    endloop
  endfacet
  facet normal 0 0 -1
    outer loop
      vertex 9 32 0
      vertex 6.19221 39.4109 0
      vertex 8.21914 44.5869 0
    endloop
  endfacet
  facet normal 0 0 -1
    outer loop
      vertex 8.21914 44.5869 0
      vertex 6.19221 39.4109 0
      vertex 7.9131 44.2809 0
    endloop
  endfacet
  facet normal 0 0 -1
    outer loop
      vertex 7.9131 44.2809 0
      vertex 6.19221 39.4109 0
      vertex 7.65757 44.1507 0
    endloop
  endfacet
  facet normal 0 0 -1
    outer loop
      vertex 7.23301 25.7354 0
      vertex 9 32 0
      vertex 7.3631 25.6691 0
    endloop
  endfacet
  facet normal 0 0 -1
    outer loop
      vertex 6.97747 25.8656 0
      vertex 9 32 0
      vertex 7.23301 25.7354 0
    endloop
  endfacet
  facet normal 0 0 -1
    outer loop
      vertex 7.65757 44.1507 0
      vertex 6.19221 39.4109 0
      vertex 7.52747 44.0844 0
    endloop
  endfacet
  facet normal 0 0 -1
    outer loop
      vertex 5.27641 27.7746 0
      vertex 9 32 0
      vertex 6.97747 25.8656 0
    endloop
  endfacet
  facet normal 0 0 -1
    outer loop
      vertex 5.27641 27.7746 0
      vertex 6.97747 25.8656 0
      vertex 6.83327 25.8885 0
    endloop
  endfacet
  facet normal 0 0 -1
    outer loop
      vertex 7.52747 44.0844 0
      vertex 6.19221 39.4109 0
      vertex 7.38327 44.0615 0
    endloop
  endfacet
  facet normal 0 0 -1
    outer loop
      vertex 7.38327 44.0615 0
      vertex 6.19221 39.4109 0
      vertex 7.1 44.0167 0
    endloop
  endfacet
  facet normal 0 0 -1
    outer loop
      vertex 5.27641 27.7746 0
      vertex 6.83327 25.8885 0
      vertex 6.55 25.9333 0
    endloop
  endfacet
  facet normal 0 0 -1
    outer loop
      vertex 5.27641 43.2254 0
      vertex 7.1 44.0167 0
      vertex 6.19221 39.4109 0
    endloop
  endfacet
  facet normal -0 0 -1
    outer loop
      vertex 7.1 44.0167 0
      vertex 5.27641 43.2254 0
      vertex 6.81673 44.0615 0
    endloop
  endfacet
  facet normal 0 0 -1
    outer loop
      vertex 5.27641 27.7746 0
      vertex 6.55 25.9333 0
      vertex 6.26673 25.8885 0
    endloop
  endfacet
  facet normal -0 0 -1
    outer loop
      vertex 9 32 0
      vertex 6.19221 31.5891 0
      vertex 6.5 35.5 0
    endloop
  endfacet
  facet normal 0 0 -1
    outer loop
      vertex 5.27641 27.7746 0
      vertex 6.26673 25.8885 0
      vertex 6.12253 25.8656 0
    endloop
  endfacet
  facet normal 0 0 -1
    outer loop
      vertex 5.27641 27.7746 0
      vertex 6.12253 25.8656 0
      vertex 5.86699 25.7354 0
    endloop
  endfacet
  facet normal 0 0 -1
    outer loop
      vertex 5.27641 27.7746 0
      vertex 5.86699 25.7354 0
      vertex 5.7369 25.6691 0
    endloop
  endfacet
  facet normal 0 0 -1
    outer loop
      vertex 5.27641 27.7746 0
      vertex 5.7369 25.6691 0
      vertex 5.5341 25.4663 0
    endloop
  endfacet
  facet normal 0 0 -1
    outer loop
      vertex 5.27641 27.7746 0
      vertex 5.5341 25.4663 0
      vertex 5.43086 25.3631 0
    endloop
  endfacet
  facet normal 0 0 -1
    outer loop
      vertex 4.06393 24.8474 0
      vertex 5.43086 25.3631 0
      vertex 5.36457 25.233 0
    endloop
  endfacet
  facet normal 0 0 -1
    outer loop
      vertex 9 32 0
      vertex 5.27641 27.7746 0
      vertex 6.19221 31.5891 0
    endloop
  endfacet
  facet normal 0 0 -1
    outer loop
      vertex 4.06393 24.8474 0
      vertex 5.36457 25.233 0
      vertex 5.23437 24.9775 0
    endloop
  endfacet
  facet normal 0 0 -1
    outer loop
      vertex 4.06393 24.8474 0
      vertex 5.23437 24.9775 0
      vertex 5.18951 24.6942 0
    endloop
  endfacet
  facet normal 0 0 -1
    outer loop
      vertex 4.06854 24.7856 0
      vertex 5.18951 24.6942 0
      vertex 5.16667 24.55 0
    endloop
  endfacet
  facet normal 0 0 -1
    outer loop
      vertex 5.43086 23.7369 0
      vertex 4.13104 23.9496 0
      vertex 5.36457 23.867 0
    endloop
  endfacet
  facet normal 0 0 -1
    outer loop
      vertex 4.8294 14.9265 0
      vertex 4.92725 14.4966 0
      vertex 4.83201 14.8933 0
    endloop
  endfacet
  facet normal 0 0 -1
    outer loop
      vertex 5.36457 23.867 0
      vertex 4.13104 23.9496 0
      vertex 5.23437 24.1225 0
    endloop
  endfacet
  facet normal -0 0 -1
    outer loop
      vertex 5.23437 24.1225 0
      vertex 4.13104 23.9496 0
      vertex 5.18951 24.4058 0
    endloop
  endfacet
  facet normal 0 0 -1
    outer loop
      vertex 4.08078 24.1589 0
      vertex 5.18951 24.4058 0
      vertex 4.13104 23.9496 0
    endloop
  endfacet
  facet normal -0 0 -1
    outer loop
      vertex 5.18951 24.4058 0
      vertex 4.08078 24.1589 0
      vertex 5.16667 24.55 0
    endloop
  endfacet
  facet normal 0 0 -1
    outer loop
      vertex 4.05 24.55 0
      vertex 5.16667 24.55 0
      vertex 4.08078 24.1589 0
    endloop
  endfacet
  facet normal 0 0 -1
    outer loop
      vertex 5.18951 24.6942 0
      vertex 4.06854 24.7856 0
      vertex 4.06393 24.8474 0
    endloop
  endfacet
  facet normal -0 0 -1
    outer loop
      vertex 5.43086 25.3631 0
      vertex 4.06393 24.8474 0
      vertex 5.27641 27.7746 0
    endloop
  endfacet
  facet normal 0 0 -1
    outer loop
      vertex 9.06667 7.9 0
      vertex 8.76049 15.1558 0
      vertex 8.78333 15.3 0
    endloop
  endfacet
  facet normal 0 0 -1
    outer loop
      vertex 9.06667 7.9 0
      vertex 8.71563 14.8725 0
      vertex 8.76049 15.1558 0
    endloop
  endfacet
  facet normal 0 0 -1
    outer loop
      vertex 8.13338 6.71962 0
      vertex 9.20066 7.34243 0
      vertex 8.1869 6.63228 0
    endloop
  endfacet
  facet normal 0 0 -1
    outer loop
      vertex 9.06667 7.9 0
      vertex 8.58542 14.617 0
      vertex 8.71563 14.8725 0
    endloop
  endfacet
  facet normal 0 0 -1
    outer loop
      vertex 9.06667 7.9 0
      vertex 8.51914 14.4869 0
      vertex 8.58542 14.617 0
    endloop
  endfacet
  facet normal -0 0 -1
    outer loop
      vertex 9.20066 7.34243 0
      vertex 8.13338 6.71962 0
      vertex 9.13437 7.47253 0
    endloop
  endfacet
  facet normal 0 0 -1
    outer loop
      vertex 7.25579 13.9395 0
      vertex 9.06667 7.9 0
      vertex 7.94613 7.2262 0
    endloop
  endfacet
  facet normal 0 0 -1
    outer loop
      vertex 7.97725 7.09656 0
      vertex 9.13437 7.47253 0
      vertex 8.13338 6.71962 0
    endloop
  endfacet
  facet normal 0 0 -1
    outer loop
      vertex 8.1869 6.63228 0
      vertex 8.20798 6.59789 0
      vertex 8.2 6.59999 0
    endloop
  endfacet
  facet normal 0 0 -1
    outer loop
      vertex 7.94613 7.2262 0
      vertex 9.13437 7.47253 0
      vertex 7.97725 7.09656 0
    endloop
  endfacet
  facet normal -0 0 -1
    outer loop
      vertex 9.13437 7.47253 0
      vertex 7.94613 7.2262 0
      vertex 9.11153 7.61673 0
    endloop
  endfacet
  facet normal 0 0 -1
    outer loop
      vertex 9.06667 7.9 0
      vertex 8.2131 14.1809 0
      vertex 8.51914 14.4869 0
    endloop
  endfacet
  facet normal -0 0 -1
    outer loop
      vertex 9.11153 7.61673 0
      vertex 7.94613 7.2262 0
      vertex 9.06667 7.9 0
    endloop
  endfacet
  facet normal 0 0 -1
    outer loop
      vertex 9.06667 7.9 0
      vertex 8.08301 14.1146 0
      vertex 8.2131 14.1809 0
    endloop
  endfacet
  facet normal 0 0 -1
    outer loop
      vertex 9.06667 7.9 0
      vertex 7.82747 13.9844 0
      vertex 8.08301 14.1146 0
    endloop
  endfacet
  facet normal 0 0 -1
    outer loop
      vertex 9.06667 7.9 0
      vertex 7.54421 13.9395 0
      vertex 7.82747 13.9844 0
    endloop
  endfacet
  facet normal 0 0 -1
    outer loop
      vertex 9.06667 7.9 0
      vertex 7.4 13.9167 0
      vertex 7.54421 13.9395 0
    endloop
  endfacet
  facet normal 0 0 -1
    outer loop
      vertex 9.06667 7.9 0
      vertex 7.25579 13.9395 0
      vertex 7.4 13.9167 0
    endloop
  endfacet
  facet normal 0 0 -1
    outer loop
      vertex 7.94613 7.2262 0
      vertex 6.97253 13.9844 0
      vertex 7.25579 13.9395 0
    endloop
  endfacet
  facet normal 0 0 -1
    outer loop
      vertex 5.28465 13.7912 0
      vertex 6.97253 13.9844 0
      vertex 7.94613 7.2262 0
    endloop
  endfacet
  facet normal -0 0 -1
    outer loop
      vertex 6.97253 13.9844 0
      vertex 5.28465 13.7912 0
      vertex 6.84243 14.0507 0
    endloop
  endfacet
  facet normal -0 0 -1
    outer loop
      vertex 6.84243 14.0507 0
      vertex 5.28465 13.7912 0
      vertex 6.5869 14.1809 0
    endloop
  endfacet
  facet normal -0 0 -1
    outer loop
      vertex 6.5869 14.1809 0
      vertex 5.28465 13.7912 0
      vertex 6.28086 14.4869 0
    endloop
  endfacet
  facet normal 0 0 -1
    outer loop
      vertex 5.08338 14.1196 0
      vertex 6.28086 14.4869 0
      vertex 5.28465 13.7912 0
    endloop
  endfacet
  facet normal 0 0 -1
    outer loop
      vertex 4.79999 15 0
      vertex 6.01667 15.3 0
      vertex 4.8294 14.9265 0
    endloop
  endfacet
  facet normal -0 0 -1
    outer loop
      vertex 6.06153 15.0167 0
      vertex 4.8294 14.9265 0
      vertex 6.01667 15.3 0
    endloop
  endfacet
  facet normal 0 0 -1
    outer loop
      vertex 4.8294 14.9265 0
      vertex 6.06153 15.0167 0
      vertex 4.92725 14.4966 0
    endloop
  endfacet
  facet normal -0 0 -1
    outer loop
      vertex 6.28086 14.4869 0
      vertex 5.08338 14.1196 0
      vertex 6.15066 14.7424 0
    endloop
  endfacet
  facet normal -0 0 -1
    outer loop
      vertex 6.15066 14.7424 0
      vertex 5.08338 14.1196 0
      vertex 6.08437 14.8725 0
    endloop
  endfacet
  facet normal 0 0 -1
    outer loop
      vertex 4.92725 14.4966 0
      vertex 6.08437 14.8725 0
      vertex 5.08338 14.1196 0
    endloop
  endfacet
  facet normal -0 0 -1
    outer loop
      vertex 6.08437 14.8725 0
      vertex 4.92725 14.4966 0
      vertex 6.06153 15.0167 0
    endloop
  endfacet
  facet normal 0 0 -1
    outer loop
      vertex 6.5869 16.4191 0
      vertex 5.86699 23.3646 0
      vertex 6.12253 23.2344 0
    endloop
  endfacet
  facet normal 0 0 -1
    outer loop
      vertex 6.5869 16.4191 0
      vertex 5.7369 23.4309 0
      vertex 5.86699 23.3646 0
    endloop
  endfacet
  facet normal 0 0 -1
    outer loop
      vertex 6.5869 16.4191 0
      vertex 4.13104 23.9496 0
      vertex 5.7369 23.4309 0
    endloop
  endfacet
  facet normal 0 0 -1
    outer loop
      vertex 5.7369 23.4309 0
      vertex 4.13104 23.9496 0
      vertex 5.43086 23.7369 0
    endloop
  endfacet
  facet normal -0 0 -1
    outer loop
      vertex 6.81673 44.0615 0
      vertex 5.27641 43.2254 0
      vertex 6.67253 44.0844 0
    endloop
  endfacet
  facet normal -0 0 -1
    outer loop
      vertex 6.67253 44.0844 0
      vertex 5.27641 43.2254 0
      vertex 6.54243 44.1507 0
    endloop
  endfacet
  facet normal -0 0 -1
    outer loop
      vertex 6.54243 44.1507 0
      vertex 5.27641 43.2254 0
      vertex 6.2869 44.2809 0
    endloop
  endfacet
  facet normal -0 0 -1
    outer loop
      vertex 6.2869 44.2809 0
      vertex 5.27641 43.2254 0
      vertex 5.98086 44.5869 0
    endloop
  endfacet
  facet normal 0 0 -1
    outer loop
      vertex 4.48213 45.143 0
      vertex 5.98086 44.5869 0
      vertex 5.27641 43.2254 0
    endloop
  endfacet
  facet normal 0 0 -1
    outer loop
      vertex 5.98086 44.5869 0
      vertex 4.48213 45.143 0
      vertex 5.85066 44.8424 0
    endloop
  endfacet
  facet normal 0 0 -1
    outer loop
      vertex 5.85066 44.8424 0
      vertex 4.48213 45.143 0
      vertex 5.78437 44.9725 0
    endloop
  endfacet
  facet normal 0 0 -1
    outer loop
      vertex 5.78437 44.9725 0
      vertex 4.48213 45.143 0
      vertex 5.76153 45.1167 0
    endloop
  endfacet
  facet normal 0 0 -1
    outer loop
      vertex 5.8 58.2 0
      vertex 6.91667 58.1 0
      vertex 5.80393 58.15 0
    endloop
  endfacet
  facet normal 0 0 -1
    outer loop
      vertex 6.91667 58.1 0
      vertex 5.8 58.2 0
      vertex 5.86402 59.0135 0
    endloop
  endfacet
  facet normal 0 0 -1
    outer loop
      vertex 11.7604 5.66305 0
      vertex 12.0369 5.75739 0
      vertex 11.7902 5.65521 0
    endloop
  endfacet
  facet normal 0 0 -1
    outer loop
      vertex 12.0369 5.75739 0
      vertex 11.7885 7.61673 0
      vertex 11.8333 7.9 0
    endloop
  endfacet
  facet normal 0 0 -1
    outer loop
      vertex 12.0369 5.75739 0
      vertex 11.7656 7.47253 0
      vertex 11.7885 7.61673 0
    endloop
  endfacet
  facet normal 0 0 -1
    outer loop
      vertex 11.2631 6.78086 0
      vertex 12.0369 5.75739 0
      vertex 11.7604 5.66305 0
    endloop
  endfacet
  facet normal 0 0 -1
    outer loop
      vertex 12.0369 5.75739 0
      vertex 11.6993 7.34243 0
      vertex 11.7656 7.47253 0
    endloop
  endfacet
  facet normal 0 0 -1
    outer loop
      vertex 11.0076 6.65066 0
      vertex 11.7604 5.66305 0
      vertex 11.6587 5.60076 0
    endloop
  endfacet
  facet normal 0 0 -1
    outer loop
      vertex 12.0369 5.75739 0
      vertex 11.5691 7.0869 0
      vertex 11.6993 7.34243 0
    endloop
  endfacet
  facet normal 0 0 -1
    outer loop
      vertex 12.0369 5.75739 0
      vertex 11.2631 6.78086 0
      vertex 11.5691 7.0869 0
    endloop
  endfacet
  facet normal 0 0 -1
    outer loop
      vertex 10.8775 6.58437 0
      vertex 11.6587 5.60076 0
      vertex 11.2211 5.41949 0
    endloop
  endfacet
  facet normal 0 0 -1
    outer loop
      vertex 11.7604 5.66305 0
      vertex 11.0076 6.65066 0
      vertex 11.2631 6.78086 0
    endloop
  endfacet
  facet normal 0 0 -1
    outer loop
      vertex 11.6587 5.60076 0
      vertex 10.8775 6.58437 0
      vertex 11.0076 6.65066 0
    endloop
  endfacet
  facet normal 0 0 -1
    outer loop
      vertex 10.8567 5.33201 0
      vertex 10.8775 6.58437 0
      vertex 11.2211 5.41949 0
    endloop
  endfacet
  facet normal 0 0 -1
    outer loop
      vertex 10.8567 5.33201 0
      vertex 10.7333 6.56153 0
      vertex 10.8775 6.58437 0
    endloop
  endfacet
  facet normal 0 0 -1
    outer loop
      vertex 10.45 6.51667 0
      vertex 10.8567 5.33201 0
      vertex 10.45 5.3 0
    endloop
  endfacet
  facet normal 0 0 -1
    outer loop
      vertex 10.8567 5.33201 0
      vertex 10.45 6.51667 0
      vertex 10.7333 6.56153 0
    endloop
  endfacet
  facet normal 0 0 -1
    outer loop
      vertex 10.0433 5.33201 0
      vertex 10.45 6.51667 0
      vertex 10.45 5.3 0
    endloop
  endfacet
  facet normal -0 0 -1
    outer loop
      vertex 10.45 6.51667 0
      vertex 10.0433 5.33201 0
      vertex 10.1667 6.56153 0
    endloop
  endfacet
  facet normal 0 0 -1
    outer loop
      vertex 10.0433 5.33201 0
      vertex 10.0225 6.58437 0
      vertex 10.1667 6.56153 0
    endloop
  endfacet
  facet normal 0 0 -1
    outer loop
      vertex 9.64655 5.42725 0
      vertex 10.0225 6.58437 0
      vertex 10.0433 5.33201 0
    endloop
  endfacet
  facet normal 0 0 -1
    outer loop
      vertex 9.26962 5.58338 0
      vertex 10.0225 6.58437 0
      vertex 9.64655 5.42725 0
    endloop
  endfacet
  facet normal -0 0 -1
    outer loop
      vertex 10.0225 6.58437 0
      vertex 9.26962 5.58338 0
      vertex 9.89243 6.65066 0
    endloop
  endfacet
  facet normal -0 0 -1
    outer loop
      vertex 9.89243 6.65066 0
      vertex 9.26962 5.58338 0
      vertex 9.6369 6.78086 0
    endloop
  endfacet
  facet normal 0 0 -1
    outer loop
      vertex 8.92176 5.79656 0
      vertex 9.6369 6.78086 0
      vertex 9.26962 5.58338 0
    endloop
  endfacet
  facet normal 0 0 -1
    outer loop
      vertex 8.61152 6.06152 0
      vertex 9.6369 6.78086 0
      vertex 8.92176 5.79656 0
    endloop
  endfacet
  facet normal -0 0 -1
    outer loop
      vertex 9.6369 6.78086 0
      vertex 8.61152 6.06152 0
      vertex 9.53366 6.8841 0
    endloop
  endfacet
  facet normal -0 0 -1
    outer loop
      vertex 9.53366 6.8841 0
      vertex 8.61152 6.06152 0
      vertex 9.33086 7.0869 0
    endloop
  endfacet
  facet normal 0 0 -1
    outer loop
      vertex 8.34656 6.37176 0
      vertex 9.33086 7.0869 0
      vertex 8.61152 6.06152 0
    endloop
  endfacet
  facet normal 0 0 -1
    outer loop
      vertex 8.20798 6.59789 0
      vertex 9.33086 7.0869 0
      vertex 8.34656 6.37176 0
    endloop
  endfacet
  facet normal 0 0 -1
    outer loop
      vertex 8.43847 45.1167 0
      vertex 9 33.5 0
      vertex 9 32 0
    endloop
  endfacet
  facet normal -0 0 -1
    outer loop
      vertex 9.33086 7.0869 0
      vertex 8.20798 6.59789 0
      vertex 9.20066 7.34243 0
    endloop
  endfacet
  facet normal 0 0 -1
    outer loop
      vertex 8.1869 6.63228 0
      vertex 9.20066 7.34243 0
      vertex 8.20798 6.59789 0
    endloop
  endfacet
  facet normal 0 0 -1
    outer loop
      vertex 9.06667 7.9 0
      vertex 8.78333 15.3 0
      vertex 9 32 0
    endloop
  endfacet
  facet normal 0 0 -1
    outer loop
      vertex 8.76049 15.4442 0
      vertex 9 32 0
      vertex 8.78333 15.3 0
    endloop
  endfacet
  facet normal 0 0 -1
    outer loop
      vertex 8.71563 15.7275 0
      vertex 9 32 0
      vertex 8.76049 15.4442 0
    endloop
  endfacet
  facet normal 0 0 -1
    outer loop
      vertex 9 33.5 0
      vertex 8.48333 45.4 0
      vertex 8.98301 56.9146 0
    endloop
  endfacet
  facet normal 0 0 -1
    outer loop
      vertex 7.88847 24.2667 0
      vertex 8.71563 15.7275 0
      vertex 8.58542 15.983 0
    endloop
  endfacet
  facet normal 0 0 -1
    outer loop
      vertex 7.88847 24.2667 0
      vertex 8.58542 15.983 0
      vertex 8.51914 16.1131 0
    endloop
  endfacet
  facet normal 0 0 -1
    outer loop
      vertex 8.43847 45.6833 0
      vertex 8.98301 56.9146 0
      vertex 8.48333 45.4 0
    endloop
  endfacet
  facet normal 0 0 -1
    outer loop
      vertex 8.71563 15.7275 0
      vertex 7.93333 24.55 0
      vertex 9 32 0
    endloop
  endfacet
  facet normal 0 0 -1
    outer loop
      vertex 8.41563 45.8275 0
      vertex 8.98301 56.9146 0
      vertex 8.43847 45.6833 0
    endloop
  endfacet
  facet normal 0 0 -1
    outer loop
      vertex 8.34934 45.9576 0
      vertex 8.98301 56.9146 0
      vertex 8.41563 45.8275 0
    endloop
  endfacet
  facet normal 0 0 -1
    outer loop
      vertex 8.21914 46.2131 0
      vertex 8.98301 56.9146 0
      vertex 8.34934 45.9576 0
    endloop
  endfacet
  facet normal 0 0 -1
    outer loop
      vertex 7.9131 46.5191 0
      vertex 8.98301 56.9146 0
      vertex 8.21914 46.2131 0
    endloop
  endfacet
  facet normal 0 0 -1
    outer loop
      vertex 8.98301 56.9146 0
      vertex 7.9131 46.5191 0
      vertex 8.72747 56.7844 0
    endloop
  endfacet
  facet normal 0 0 -1
    outer loop
      vertex 7.65757 46.6493 0
      vertex 8.72747 56.7844 0
      vertex 7.9131 46.5191 0
    endloop
  endfacet
  facet normal 0 0 -1
    outer loop
      vertex 7.52747 46.7156 0
      vertex 8.72747 56.7844 0
      vertex 7.65757 46.6493 0
    endloop
  endfacet
  facet normal 0 0 -1
    outer loop
      vertex 8.72747 56.7844 0
      vertex 7.52747 46.7156 0
      vertex 8.58327 56.7615 0
    endloop
  endfacet
  facet normal 0 0 -1
    outer loop
      vertex 8.58327 56.7615 0
      vertex 7.52747 46.7156 0
      vertex 8.3 56.7167 0
    endloop
  endfacet
  facet normal 0 0 -1
    outer loop
      vertex 7.24421 46.7605 0
      vertex 8.3 56.7167 0
      vertex 7.52747 46.7156 0
    endloop
  endfacet
  facet normal 0 0 -1
    outer loop
      vertex 7.1 46.7833 0
      vertex 8.3 56.7167 0
      vertex 7.24421 46.7605 0
    endloop
  endfacet
  facet normal -0 0 -1
    outer loop
      vertex 8.3 56.7167 0
      vertex 7.1 46.7833 0
      vertex 8.01673 56.7615 0
    endloop
  endfacet
  facet normal -0 0 -1
    outer loop
      vertex 8.01673 56.7615 0
      vertex 7.1 46.7833 0
      vertex 7.87253 56.7844 0
    endloop
  endfacet
  facet normal 0 0 -1
    outer loop
      vertex 6.95579 46.7605 0
      vertex 7.87253 56.7844 0
      vertex 7.1 46.7833 0
    endloop
  endfacet
  facet normal 0 0 -1
    outer loop
      vertex 6.67253 46.7156 0
      vertex 7.87253 56.7844 0
      vertex 6.95579 46.7605 0
    endloop
  endfacet
  facet normal -0 0 -1
    outer loop
      vertex 7.87253 56.7844 0
      vertex 6.67253 46.7156 0
      vertex 7.61699 56.9146 0
    endloop
  endfacet
  facet normal -0 0 -1
    outer loop
      vertex 7.61699 56.9146 0
      vertex 6.67253 46.7156 0
      vertex 7.4869 56.9809 0
    endloop
  endfacet
  facet normal 0 0 -1
    outer loop
      vertex 6.41699 46.5854 0
      vertex 7.4869 56.9809 0
      vertex 6.67253 46.7156 0
    endloop
  endfacet
  facet normal 0 0 -1
    outer loop
      vertex 4.5 46 0
      vertex 7.4869 56.9809 0
      vertex 6.41699 46.5854 0
    endloop
  endfacet
  facet normal 0 0 -1
    outer loop
      vertex 7.18086 57.2869 0
      vertex 5.79999 58 0
      vertex 7.11457 57.417 0
    endloop
  endfacet
  facet normal 0 -0 -1
    outer loop
      vertex 5.80722 58.0083 0
      vertex 6.98437 57.6725 0
      vertex 5.79999 58 0
    endloop
  endfacet
  facet normal 0 0 -1
    outer loop
      vertex 6.98437 57.6725 0
      vertex 5.80722 58.0083 0
      vertex 6.93951 57.9558 0
    endloop
  endfacet
  facet normal 0 0 -1
    outer loop
      vertex 7.11457 57.417 0
      vertex 5.79999 58 0
      vertex 6.98437 57.6725 0
    endloop
  endfacet
  facet normal 0 0 -1
    outer loop
      vertex 7.4869 56.9809 0
      vertex 5.79999 58 0
      vertex 7.18086 57.2869 0
    endloop
  endfacet
  facet normal 0 0 -1
    outer loop
      vertex 5.80393 58.15 0
      vertex 6.91667 58.1 0
      vertex 5.80722 58.0083 0
    endloop
  endfacet
  facet normal 0 0 -1
    outer loop
      vertex 4.5 46 0
      vertex 6.41699 46.5854 0
      vertex 6.2869 46.5191 0
    endloop
  endfacet
  facet normal 0 0 -1
    outer loop
      vertex 6.91667 58.1 0
      vertex 6.36677 60.5607 0
      vertex 6.79311 61.2565 0
    endloop
  endfacet
  facet normal 0 0 -1
    outer loop
      vertex 4.5 46 0
      vertex 6.2869 46.5191 0
      vertex 5.98086 46.2131 0
    endloop
  endfacet
  facet normal 0 0 -1
    outer loop
      vertex 4.5 46 0
      vertex 5.98086 46.2131 0
      vertex 5.91457 46.083 0
    endloop
  endfacet
  facet normal 0 0 -1
    outer loop
      vertex 6.91667 58.1 0
      vertex 6.05451 59.8069 0
      vertex 6.36677 60.5607 0
    endloop
  endfacet
  facet normal 0 0 -1
    outer loop
      vertex 6.91667 58.1 0
      vertex 5.86402 59.0135 0
      vertex 6.05451 59.8069 0
    endloop
  endfacet
  facet normal 0 0 -1
    outer loop
      vertex 6.93951 57.9558 0
      vertex 5.80722 58.0083 0
      vertex 6.91667 58.1 0
    endloop
  endfacet
  facet normal 0 0 -1
    outer loop
      vertex 4.5 46 0
      vertex 5.91457 46.083 0
      vertex 5.78437 45.8275 0
    endloop
  endfacet
  facet normal 0 0 -1
    outer loop
      vertex 4.5 46 0
      vertex 5.78437 45.8275 0
      vertex 5.76153 45.6833 0
    endloop
  endfacet
  facet normal 0 0 -1
    outer loop
      vertex 4.5 46 0
      vertex 5.76153 45.6833 0
      vertex 5.71667 45.4 0
    endloop
  endfacet
  facet normal 0 0 -1
    outer loop
      vertex 5.76153 45.1167 0
      vertex 4.48213 45.143 0
      vertex 5.71667 45.4 0
    endloop
  endfacet
  facet normal -0 0 -1
    outer loop
      vertex 7.4869 56.9809 0
      vertex 4.5 46 0
      vertex 5.79999 58 0
    endloop
  endfacet
  facet normal -0 0 -1
    outer loop
      vertex 5.71667 45.4 0
      vertex 4.48213 45.143 0
      vertex 4.5 46 0
    endloop
  endfacet
  facet normal 0 0 -1
    outer loop
      vertex 14.2 6.1 0
      vertex 15 10 0
      vertex 15.295 6.01382 0
    endloop
  endfacet
  facet normal 0 0 -1
    outer loop
      vertex 14.2 6.1 0
      vertex 13.5 10 0
      vertex 15 10 0
    endloop
  endfacet
  facet normal 0 0 -1
    outer loop
      vertex 14.2 6.1 0
      vertex 11.8333 7.9 0
      vertex 13.5 10 0
    endloop
  endfacet
  facet normal 0 0 -1
    outer loop
      vertex 11.8333 7.9 0
      vertex 14.2 6.1 0
      vertex 13.105 6.01382 0
    endloop
  endfacet
  facet normal 0 0 -1
    outer loop
      vertex 22.43 5.48333 0
      vertex 20 8 0
      vertex 23.5 10 0
    endloop
  endfacet
  facet normal 0 0 -1
    outer loop
      vertex 20 8 0
      vertex 21.8724 5.34934 0
      vertex 21.6169 5.21914 0
    endloop
  endfacet
  facet normal 0 0 -1
    outer loop
      vertex 20 8 0
      vertex 21.6169 5.21914 0
      vertex 21.3109 4.9131 0
    endloop
  endfacet
  facet normal 0 0 -1
    outer loop
      vertex 19.1497 4.04975 0
      vertex 21.3109 4.9131 0
      vertex 21.1807 4.65757 0
    endloop
  endfacet
  facet normal 0 0 -1
    outer loop
      vertex 19.1497 4.04975 0
      vertex 21.1807 4.65757 0
      vertex 21.1144 4.52747 0
    endloop
  endfacet
  facet normal 0 0 -1
    outer loop
      vertex 19.1497 4.04975 0
      vertex 21.1144 4.52747 0
      vertex 21.0915 4.38327 0
    endloop
  endfacet
  facet normal 0 0 -1
    outer loop
      vertex 19.1497 4.04975 0
      vertex 21.0915 4.38327 0
      vertex 21.0467 4.1 0
    endloop
  endfacet
  facet normal 0 0 -1
    outer loop
      vertex 20.1089 2.93041 0
      vertex 21.2446 3.41699 0
      vertex 20.1134 2.91962 0
    endloop
  endfacet
  facet normal -0 0 -1
    outer loop
      vertex 21.2446 3.41699 0
      vertex 20.1089 2.93041 0
      vertex 21.1144 3.67253 0
    endloop
  endfacet
  facet normal 0 0 -1
    outer loop
      vertex 19.8631 3.2145 0
      vertex 21.1144 3.67253 0
      vertex 20.1089 2.93041 0
    endloop
  endfacet
  facet normal -0 0 -1
    outer loop
      vertex 21.1144 3.67253 0
      vertex 19.8631 3.2145 0
      vertex 21.0915 3.81673 0
    endloop
  endfacet
  facet normal -0 0 -1
    outer loop
      vertex 21.0915 3.81673 0
      vertex 19.8631 3.2145 0
      vertex 21.0467 4.1 0
    endloop
  endfacet
  facet normal 0 0 -1
    outer loop
      vertex 19.8631 3.2145 0
      vertex 20.1089 2.93041 0
      vertex 20.0318 2.93922 0
    endloop
  endfacet
  facet normal 0 0 -1
    outer loop
      vertex 20 10.5 0
      vertex 23.5 10 0
      vertex 20 8 0
    endloop
  endfacet
  facet normal 0 0 -1
    outer loop
      vertex 23.5 10 0
      vertex 20 10.5 0
      vertex 22 12 0
    endloop
  endfacet
  facet normal 0 0 -1
    outer loop
      vertex 18.5 10.5 0
      vertex 22 12 0
      vertex 20 10.5 0
    endloop
  endfacet
  facet normal 0 0 -1
    outer loop
      vertex 16.3631 5.75739 0
      vertex 18.5 8 0
      vertex 17.3779 5.33704 0
    endloop
  endfacet
  facet normal 0 0 -1
    outer loop
      vertex 18.5 10.5 0
      vertex 16.5 12 0
      vertex 22 12 0
    endloop
  endfacet
  facet normal 0 0 -1
    outer loop
      vertex 15.295 6.01382 0
      vertex 18.5 8 0
      vertex 16.3631 5.75739 0
    endloop
  endfacet
  facet normal -0 0 -1
    outer loop
      vertex 18.5 10.5 0
      vertex 15 10 0
      vertex 16.5 12 0
    endloop
  endfacet
  facet normal 0 0 -1
    outer loop
      vertex 18.5 8 0
      vertex 15 10 0
      vertex 18.5 10.5 0
    endloop
  endfacet
  facet normal 0 0 -1
    outer loop
      vertex 19.1497 4.04975 0
      vertex 21.0467 4.1 0
      vertex 19.8631 3.2145 0
    endloop
  endfacet
  facet normal 0 0 -1
    outer loop
      vertex 21.3109 4.9131 0
      vertex 19.1497 4.04975 0
      vertex 18.3145 4.76312 0
    endloop
  endfacet
  facet normal -0 0 -1
    outer loop
      vertex 21.3109 4.9131 0
      vertex 18.3145 4.76312 0
      vertex 20 8 0
    endloop
  endfacet
  facet normal 0 0 -1
    outer loop
      vertex 17.3779 5.33704 0
      vertex 18.5 8 0
      vertex 18.3145 4.76312 0
    endloop
  endfacet
  facet normal -0 0 -1
    outer loop
      vertex 20 8 0
      vertex 18.3145 4.76312 0
      vertex 18.5 8 0
    endloop
  endfacet
  facet normal 0 0 -1
    outer loop
      vertex 25.1768 3.56793 0
      vertex 23.7685 3.81673 0
      vertex 23.8133 4.1 0
    endloop
  endfacet
  facet normal 0 0 -1
    outer loop
      vertex 24.2685 2.26152 0
      vertex 23.7456 3.67253 0
      vertex 23.7685 3.81673 0
    endloop
  endfacet
  facet normal 0 0 -1
    outer loop
      vertex 24.2685 2.26152 0
      vertex 23.6154 3.41699 0
      vertex 23.7456 3.67253 0
    endloop
  endfacet
  facet normal 0 0 -1
    outer loop
      vertex 23.2431 2.98086 0
      vertex 23.9582 1.99656 0
      vertex 23.6104 1.78338 0
    endloop
  endfacet
  facet normal 0 0 -1
    outer loop
      vertex 24.2685 2.26152 0
      vertex 23.5491 3.2869 0
      vertex 23.6154 3.41699 0
    endloop
  endfacet
  facet normal 0 0 -1
    outer loop
      vertex 24.2685 2.26152 0
      vertex 23.4459 3.18366 0
      vertex 23.5491 3.2869 0
    endloop
  endfacet
  facet normal 0 0 -1
    outer loop
      vertex 24.2685 2.26152 0
      vertex 23.2431 2.98086 0
      vertex 23.4459 3.18366 0
    endloop
  endfacet
  facet normal 0 0 -1
    outer loop
      vertex 22.8575 2.78437 0
      vertex 23.6104 1.78338 0
      vertex 23.2334 1.62725 0
    endloop
  endfacet
  facet normal 0 0 -1
    outer loop
      vertex 23.6104 1.78338 0
      vertex 22.9876 2.85066 0
      vertex 23.2431 2.98086 0
    endloop
  endfacet
  facet normal 0 0 -1
    outer loop
      vertex 23.6104 1.78338 0
      vertex 22.8575 2.78437 0
      vertex 22.9876 2.85066 0
    endloop
  endfacet
  facet normal 0 0 -1
    outer loop
      vertex 22.8367 1.53201 0
      vertex 22.8575 2.78437 0
      vertex 23.2334 1.62725 0
    endloop
  endfacet
  facet normal 0 0 -1
    outer loop
      vertex 22.8367 1.53201 0
      vertex 22.5742 2.73951 0
      vertex 22.8575 2.78437 0
    endloop
  endfacet
  facet normal 0 0 -1
    outer loop
      vertex 22.43 2.71667 0
      vertex 22.8367 1.53201 0
      vertex 22.43 1.5 0
    endloop
  endfacet
  facet normal 0 0 -1
    outer loop
      vertex 22.8367 1.53201 0
      vertex 22.43 2.71667 0
      vertex 22.5742 2.73951 0
    endloop
  endfacet
  facet normal 0 0 -1
    outer loop
      vertex 22.0233 1.53201 0
      vertex 22.43 2.71667 0
      vertex 22.43 1.5 0
    endloop
  endfacet
  facet normal -0 0 -1
    outer loop
      vertex 22.43 2.71667 0
      vertex 22.0233 1.53201 0
      vertex 22.2858 2.73951 0
    endloop
  endfacet
  facet normal 0 0 -1
    outer loop
      vertex 22.0233 1.53201 0
      vertex 22.0025 2.78437 0
      vertex 22.2858 2.73951 0
    endloop
  endfacet
  facet normal 0 0 -1
    outer loop
      vertex 21.6266 1.62725 0
      vertex 22.0025 2.78437 0
      vertex 22.0233 1.53201 0
    endloop
  endfacet
  facet normal 0 0 -1
    outer loop
      vertex 21.2496 1.78338 0
      vertex 22.0025 2.78437 0
      vertex 21.6266 1.62725 0
    endloop
  endfacet
  facet normal -0 0 -1
    outer loop
      vertex 22.0025 2.78437 0
      vertex 21.2496 1.78338 0
      vertex 21.747 2.91457 0
    endloop
  endfacet
  facet normal -0 0 -1
    outer loop
      vertex 21.747 2.91457 0
      vertex 21.2496 1.78338 0
      vertex 21.6169 2.98086 0
    endloop
  endfacet
  facet normal 0 0 -1
    outer loop
      vertex 20.9018 1.99656 0
      vertex 21.6169 2.98086 0
      vertex 21.2496 1.78338 0
    endloop
  endfacet
  facet normal 0 0 -1
    outer loop
      vertex 20.5915 2.26152 0
      vertex 21.6169 2.98086 0
      vertex 20.9018 1.99656 0
    endloop
  endfacet
  facet normal -0 0 -1
    outer loop
      vertex 21.6169 2.98086 0
      vertex 20.5915 2.26152 0
      vertex 21.3109 3.2869 0
    endloop
  endfacet
  facet normal 0 0 -1
    outer loop
      vertex 20.3266 2.57176 0
      vertex 21.3109 3.2869 0
      vertex 20.5915 2.26152 0
    endloop
  endfacet
  facet normal 0 0 -1
    outer loop
      vertex 20.1134 2.91962 0
      vertex 21.3109 3.2869 0
      vertex 20.3266 2.57176 0
    endloop
  endfacet
  facet normal -0 0 -1
    outer loop
      vertex 21.3109 3.2869 0
      vertex 20.1134 2.91962 0
      vertex 21.2446 3.41699 0
    endloop
  endfacet
  facet normal 0 0 -1
    outer loop
      vertex 23.7685 3.81673 0
      vertex 25.1768 3.56793 0
      vertex 24.6931 2.77854 0
    endloop
  endfacet
  facet normal 0 0 -1
    outer loop
      vertex 24.6406 2.7467 0
      vertex 24.6931 2.77854 0
      vertex 24.6814 2.75034 0
    endloop
  endfacet
  facet normal 0 0 -1
    outer loop
      vertex 23.7685 3.81673 0
      vertex 24.6931 2.77854 0
      vertex 24.6406 2.7467 0
    endloop
  endfacet
  facet normal 0 0 -1
    outer loop
      vertex 23.7685 3.81673 0
      vertex 24.6406 2.7467 0
      vertex 24.5334 2.57176 0
    endloop
  endfacet
  facet normal 0 0 -1
    outer loop
      vertex 23.7685 3.81673 0
      vertex 24.5334 2.57176 0
      vertex 24.2685 2.26152 0
    endloop
  endfacet
  facet normal 0 0 -1
    outer loop
      vertex 23.2431 2.98086 0
      vertex 24.2685 2.26152 0
      vertex 23.9582 1.99656 0
    endloop
  endfacet
  facet normal 0 0 -1
    outer loop
      vertex 25.1768 3.56793 0
      vertex 23.8133 4.1 0
      vertex 23.7685 4.38327 0
    endloop
  endfacet
  facet normal 0 0 -1
    outer loop
      vertex 25.1768 3.56793 0
      vertex 23.7685 4.38327 0
      vertex 23.7456 4.52747 0
    endloop
  endfacet
  facet normal 0 0 -1
    outer loop
      vertex 23.6793 4.65757 0
      vertex 25.1768 3.56793 0
      vertex 23.7456 4.52747 0
    endloop
  endfacet
  facet normal 0 0 -1
    outer loop
      vertex 23.5491 4.9131 0
      vertex 25.1768 3.56793 0
      vertex 23.6793 4.65757 0
    endloop
  endfacet
  facet normal 0 0 -1
    outer loop
      vertex 25.1768 3.56793 0
      vertex 23.5491 4.9131 0
      vertex 25 10 0
    endloop
  endfacet
  facet normal 0 0 -1
    outer loop
      vertex 23.4459 5.01634 0
      vertex 25 10 0
      vertex 23.5491 4.9131 0
    endloop
  endfacet
  facet normal -0 0 -1
    outer loop
      vertex 25 10 0
      vertex 23.2431 5.21914 0
      vertex 23.5 10 0
    endloop
  endfacet
  facet normal 0 0 -1
    outer loop
      vertex 23.2431 5.21914 0
      vertex 25 10 0
      vertex 23.4459 5.01634 0
    endloop
  endfacet
  facet normal 0 0 -1
    outer loop
      vertex 30 8 0
      vertex 33.5 10 0
      vertex 31.7732 5.71123 0
    endloop
  endfacet
  facet normal 0 0 -1
    outer loop
      vertex 30 8 0
      vertex 31.7732 5.71123 0
      vertex 30.873 5.92736 0
    endloop
  endfacet
  facet normal 0 0 -1
    outer loop
      vertex 30 10.5 0
      vertex 33.5 10 0
      vertex 30 8 0
    endloop
  endfacet
  facet normal 0 0 -1
    outer loop
      vertex 33.5 10 0
      vertex 30 10.5 0
      vertex 32 12 0
    endloop
  endfacet
  facet normal 0 0 -1
    outer loop
      vertex 28.5 10.5 0
      vertex 32 12 0
      vertex 30 10.5 0
    endloop
  endfacet
  facet normal 0 0 -1
    outer loop
      vertex 25 10 0
      vertex 28.5 8 0
      vertex 27.2715 5.35694 0
    endloop
  endfacet
  facet normal 0 0 -1
    outer loop
      vertex 28.5 10.5 0
      vertex 26.5 12 0
      vertex 32 12 0
    endloop
  endfacet
  facet normal 0 0 -1
    outer loop
      vertex 28.5 8 0
      vertex 25 10 0
      vertex 28.5 10.5 0
    endloop
  endfacet
  facet normal -0 0 -1
    outer loop
      vertex 28.5 10.5 0
      vertex 25 10 0
      vertex 26.5 12 0
    endloop
  endfacet
  facet normal 0 0 -1
    outer loop
      vertex 25 10 0
      vertex 27.2715 5.35694 0
      vertex 26.4821 4.8732 0
    endloop
  endfacet
  facet normal 0 0 -1
    outer loop
      vertex 29.95 6 0
      vertex 30 8 0
      vertex 30.873 5.92736 0
    endloop
  endfacet
  facet normal 0 0 -1
    outer loop
      vertex 29.027 5.92736 0
      vertex 30 8 0
      vertex 29.95 6 0
    endloop
  endfacet
  facet normal 0 0 -1
    outer loop
      vertex 29.027 5.92736 0
      vertex 28.5 8 0
      vertex 30 8 0
    endloop
  endfacet
  facet normal 0 0 -1
    outer loop
      vertex 27.2715 5.35694 0
      vertex 28.5 8 0
      vertex 28.1268 5.71123 0
    endloop
  endfacet
  facet normal 0 0 -1
    outer loop
      vertex 28.1268 5.71123 0
      vertex 28.5 8 0
      vertex 29.027 5.92736 0
    endloop
  endfacet
  facet normal 0 0 -1
    outer loop
      vertex 41.4145 9.335 0
      vertex 42 12 0
      vertex 42.2307 9.83514 0
    endloop
  endfacet
  facet normal 0 0 -1
    outer loop
      vertex 36.5 12 0
      vertex 41.4145 9.335 0
      vertex 40.6866 8.71335 0
    endloop
  endfacet
  facet normal 0 0 -1
    outer loop
      vertex 36.5 12 0
      vertex 40.6866 8.71335 0
      vertex 40.065 7.98549 0
    endloop
  endfacet
  facet normal 0 0 -1
    outer loop
      vertex 36.8475 6.76563 0
      vertex 40.065 7.98549 0
      vertex 39.5649 7.16934 0
    endloop
  endfacet
  facet normal 0 0 -1
    outer loop
      vertex 37.7356 5.02253 0
      vertex 38.9324 4.81174 0
      vertex 38.8927 4.64655 0
    endloop
  endfacet
  facet normal 0 0 -1
    outer loop
      vertex 37.7356 5.02253 0
      vertex 38.8927 4.64655 0
      vertex 38.7366 4.26962 0
    endloop
  endfacet
  facet normal 0 0 -1
    outer loop
      vertex 37.5391 4.6369 0
      vertex 38.7366 4.26962 0
      vertex 38.5234 3.92176 0
    endloop
  endfacet
  facet normal 0 -0 -1
    outer loop
      vertex 37.7805 5.30579 0
      vertex 38.9324 4.81174 0
      vertex 37.7356 5.02253 0
    endloop
  endfacet
  facet normal 0 0 -1
    outer loop
      vertex 37.5391 4.6369 0
      vertex 38.5234 3.92176 0
      vertex 38.2585 3.61152 0
    endloop
  endfacet
  facet normal 0 0 -1
    outer loop
      vertex 37.2331 4.33086 0
      vertex 38.2585 3.61152 0
      vertex 37.9482 3.34656 0
    endloop
  endfacet
  facet normal 0 0 -1
    outer loop
      vertex 38.9324 4.81174 0
      vertex 37.7805 5.30579 0
      vertex 38.9751 5.35425 0
    endloop
  endfacet
  facet normal 0 -0 -1
    outer loop
      vertex 37.8033 5.45 0
      vertex 38.9751 5.35425 0
      vertex 37.7805 5.30579 0
    endloop
  endfacet
  facet normal 0 0 -1
    outer loop
      vertex 38.9751 5.35425 0
      vertex 37.7356 5.87747 0
      vertex 39.1986 6.285 0
    endloop
  endfacet
  facet normal 0 0 -1
    outer loop
      vertex 37.6054 6.13301 0
      vertex 39.1986 6.285 0
      vertex 37.7356 5.87747 0
    endloop
  endfacet
  facet normal 0 0 -1
    outer loop
      vertex 37.5391 6.2631 0
      vertex 39.1986 6.285 0
      vertex 37.6054 6.13301 0
    endloop
  endfacet
  facet normal -0 0 -1
    outer loop
      vertex 39.1986 6.285 0
      vertex 37.5391 6.2631 0
      vertex 39.5649 7.16934 0
    endloop
  endfacet
  facet normal 0 0 -1
    outer loop
      vertex 37.3363 6.4659 0
      vertex 39.5649 7.16934 0
      vertex 37.5391 6.2631 0
    endloop
  endfacet
  facet normal 0 0 -1
    outer loop
      vertex 37.2331 6.56914 0
      vertex 39.5649 7.16934 0
      vertex 37.3363 6.4659 0
    endloop
  endfacet
  facet normal 0 0 -1
    outer loop
      vertex 37.103 6.63542 0
      vertex 39.5649 7.16934 0
      vertex 37.2331 6.56914 0
    endloop
  endfacet
  facet normal 0 0 -1
    outer loop
      vertex 36.8475 6.76563 0
      vertex 39.5649 7.16934 0
      vertex 37.103 6.63542 0
    endloop
  endfacet
  facet normal 0 0 -1
    outer loop
      vertex 35 10 0
      vertex 40.065 7.98549 0
      vertex 36.8475 6.76563 0
    endloop
  endfacet
  facet normal 0 0 -1
    outer loop
      vertex 35 10 0
      vertex 36.8475 6.76563 0
      vertex 36.7033 6.78847 0
    endloop
  endfacet
  facet normal 0 0 -1
    outer loop
      vertex 41.4145 9.335 0
      vertex 36.5 12 0
      vertex 42 12 0
    endloop
  endfacet
  facet normal 0 0 -1
    outer loop
      vertex 40.065 7.98549 0
      vertex 35 10 0
      vertex 36.5 12 0
    endloop
  endfacet
  facet normal 0 0 -1
    outer loop
      vertex 35 10 0
      vertex 36.7033 6.78847 0
      vertex 36.42 6.83333 0
    endloop
  endfacet
  facet normal 0 0 -1
    outer loop
      vertex 37.7356 5.87747 0
      vertex 38.9751 5.35425 0
      vertex 37.7805 5.59421 0
    endloop
  endfacet
  facet normal 0 0 -1
    outer loop
      vertex 37.7805 5.59421 0
      vertex 38.9751 5.35425 0
      vertex 37.8033 5.45 0
    endloop
  endfacet
  facet normal 0 0 -1
    outer loop
      vertex 38.7366 4.26962 0
      vertex 37.6054 4.76699 0
      vertex 37.7356 5.02253 0
    endloop
  endfacet
  facet normal 0 0 -1
    outer loop
      vertex 37.2331 4.33086 0
      vertex 37.9482 3.34656 0
      vertex 37.6004 3.13338 0
    endloop
  endfacet
  facet normal 0 0 -1
    outer loop
      vertex 38.7366 4.26962 0
      vertex 37.5391 4.6369 0
      vertex 37.6054 4.76699 0
    endloop
  endfacet
  facet normal 0 0 -1
    outer loop
      vertex 38.2585 3.61152 0
      vertex 37.2331 4.33086 0
      vertex 37.5391 4.6369 0
    endloop
  endfacet
  facet normal 0 0 -1
    outer loop
      vertex 36.8475 4.13437 0
      vertex 37.6004 3.13338 0
      vertex 37.2234 2.97725 0
    endloop
  endfacet
  facet normal 0 0 -1
    outer loop
      vertex 37.6004 3.13338 0
      vertex 37.103 4.26457 0
      vertex 37.2331 4.33086 0
    endloop
  endfacet
  facet normal 0 0 -1
    outer loop
      vertex 37.6004 3.13338 0
      vertex 36.8475 4.13437 0
      vertex 37.103 4.26457 0
    endloop
  endfacet
  facet normal 0 0 -1
    outer loop
      vertex 36.8267 2.88201 0
      vertex 36.8475 4.13437 0
      vertex 37.2234 2.97725 0
    endloop
  endfacet
  facet normal 0 0 -1
    outer loop
      vertex 36.8267 2.88201 0
      vertex 36.7033 4.11153 0
      vertex 36.8475 4.13437 0
    endloop
  endfacet
  facet normal 0 0 -1
    outer loop
      vertex 36.42 4.06667 0
      vertex 36.8267 2.88201 0
      vertex 36.42 2.85 0
    endloop
  endfacet
  facet normal 0 0 -1
    outer loop
      vertex 36.8267 2.88201 0
      vertex 36.42 4.06667 0
      vertex 36.7033 4.11153 0
    endloop
  endfacet
  facet normal 0 0 -1
    outer loop
      vertex 36.0133 2.88201 0
      vertex 36.42 4.06667 0
      vertex 36.42 2.85 0
    endloop
  endfacet
  facet normal -0 0 -1
    outer loop
      vertex 36.42 4.06667 0
      vertex 36.0133 2.88201 0
      vertex 36.1367 4.11153 0
    endloop
  endfacet
  facet normal 0 0 -1
    outer loop
      vertex 36.0133 2.88201 0
      vertex 35.9925 4.13437 0
      vertex 36.1367 4.11153 0
    endloop
  endfacet
  facet normal 0 0 -1
    outer loop
      vertex 35.6166 2.97725 0
      vertex 35.9925 4.13437 0
      vertex 36.0133 2.88201 0
    endloop
  endfacet
  facet normal 0 0 -1
    outer loop
      vertex 35.2396 3.13338 0
      vertex 35.9925 4.13437 0
      vertex 35.6166 2.97725 0
    endloop
  endfacet
  facet normal -0 0 -1
    outer loop
      vertex 35.9925 4.13437 0
      vertex 35.2396 3.13338 0
      vertex 35.8624 4.20066 0
    endloop
  endfacet
  facet normal -0 0 -1
    outer loop
      vertex 35.8624 4.20066 0
      vertex 35.2396 3.13338 0
      vertex 35.6069 4.33086 0
    endloop
  endfacet
  facet normal 0 0 -1
    outer loop
      vertex 34.8918 3.34656 0
      vertex 35.6069 4.33086 0
      vertex 35.2396 3.13338 0
    endloop
  endfacet
  facet normal 0 0 -1
    outer loop
      vertex 34.7232 3.56793 0
      vertex 35.6069 4.33086 0
      vertex 34.8918 3.34656 0
    endloop
  endfacet
  facet normal -0 0 -1
    outer loop
      vertex 35.6069 4.33086 0
      vertex 34.7232 3.56793 0
      vertex 35.4041 4.53365 0
    endloop
  endfacet
  facet normal -0 0 -1
    outer loop
      vertex 35.4041 4.53365 0
      vertex 34.7232 3.56793 0
      vertex 35.3009 4.6369 0
    endloop
  endfacet
  facet normal -0 0 -1
    outer loop
      vertex 35.3009 4.6369 0
      vertex 34.1219 4.27193 0
      vertex 35.2346 4.76699 0
    endloop
  endfacet
  facet normal -0 0 -1
    outer loop
      vertex 35.2346 4.76699 0
      vertex 34.1219 4.27193 0
      vertex 35.1044 5.02253 0
    endloop
  endfacet
  facet normal 0 0 -1
    outer loop
      vertex 34.1219 4.27193 0
      vertex 35.3009 4.6369 0
      vertex 34.7232 3.56793 0
    endloop
  endfacet
  facet normal -0 0 -1
    outer loop
      vertex 35.1044 5.02253 0
      vertex 34.1219 4.27193 0
      vertex 35.0595 5.30579 0
    endloop
  endfacet
  facet normal 0 0 -1
    outer loop
      vertex 34.7232 3.56793 0
      vertex 34.8918 3.34656 0
      vertex 34.8227 3.40551 0
    endloop
  endfacet
  facet normal 0 0 -1
    outer loop
      vertex 33.4179 4.8732 0
      vertex 35.0595 5.30579 0
      vertex 34.1219 4.27193 0
    endloop
  endfacet
  facet normal -0 0 -1
    outer loop
      vertex 35.0595 5.30579 0
      vertex 33.4179 4.8732 0
      vertex 35.0367 5.45 0
    endloop
  endfacet
  facet normal 0 0 -1
    outer loop
      vertex 32.6285 5.35694 0
      vertex 35.0367 5.45 0
      vertex 33.4179 4.8732 0
    endloop
  endfacet
  facet normal 0 0 -1
    outer loop
      vertex 35.0367 5.45 0
      vertex 33.5 10 0
      vertex 35 10 0
    endloop
  endfacet
  facet normal 0 -0 -1
    outer loop
      vertex 33.5 10 0
      vertex 35.0367 5.45 0
      vertex 32.6285 5.35694 0
    endloop
  endfacet
  facet normal 0 0 -1
    outer loop
      vertex 44.0457 10.4249 0
      vertex 45 13 0
      vertex 45 10.5 0
    endloop
  endfacet
  facet normal 0 0 -1
    outer loop
      vertex 44.0457 10.4249 0
      vertex 43.5 13 0
      vertex 45 13 0
    endloop
  endfacet
  facet normal 0 0 -1
    outer loop
      vertex 44.0457 10.4249 0
      vertex 42 12 0
      vertex 43.5 13 0
    endloop
  endfacet
  facet normal 0 0 -1
    outer loop
      vertex 42 12 0
      vertex 44.0457 10.4249 0
      vertex 43.115 10.2014 0
    endloop
  endfacet
  facet normal 0 0 -1
    outer loop
      vertex 49.2909 11.9631 0
      vertex 45 13 0
      vertex 48.5 15 0
    endloop
  endfacet
  facet normal 0 0 -1
    outer loop
      vertex 45 13 0
      vertex 46.885 10.2014 0
      vertex 45.9543 10.4249 0
    endloop
  endfacet
  facet normal 0 0 -1
    outer loop
      vertex 45 13 0
      vertex 45.9543 10.4249 0
      vertex 45 10.5 0
    endloop
  endfacet
  facet normal 0 0 -1
    outer loop
      vertex 45 15.5 0
      vertex 48.5 15 0
      vertex 45 13 0
    endloop
  endfacet
  facet normal 0 0 -1
    outer loop
      vertex 48.5 15 0
      vertex 45 15.5 0
      vertex 47 17 0
    endloop
  endfacet
  facet normal 0 0 -1
    outer loop
      vertex 43.5 15.5 0
      vertex 47 17 0
      vertex 45 15.5 0
    endloop
  endfacet
  facet normal 0 0 -1
    outer loop
      vertex 42 12 0
      vertex 43.115 10.2014 0
      vertex 42.2307 9.83514 0
    endloop
  endfacet
  facet normal 0 0 -1
    outer loop
      vertex 42 13.5 0
      vertex 43.5 13 0
      vertex 42 12 0
    endloop
  endfacet
  facet normal 0 0 -1
    outer loop
      vertex 43.5 13 0
      vertex 42 13.5 0
      vertex 43.5 15.5 0
    endloop
  endfacet
  facet normal 0 0 -1
    outer loop
      vertex 43.5 15.5 0
      vertex 41.5 17 0
      vertex 47 17 0
    endloop
  endfacet
  facet normal 0 0 -1
    outer loop
      vertex 42 13.5 0
      vertex 41.5 17 0
      vertex 43.5 15.5 0
    endloop
  endfacet
  facet normal -0 0 -1
    outer loop
      vertex 41.5 17 0
      vertex 40 15 0
      vertex 41.5 18.5 0
    endloop
  endfacet
  facet normal 0 0 -1
    outer loop
      vertex 42 13.5 0
      vertex 40 15 0
      vertex 41.5 17 0
    endloop
  endfacet
  facet normal 0 0 -1
    outer loop
      vertex 42 13.5 0
      vertex 38.5 15 0
      vertex 40 15 0
    endloop
  endfacet
  facet normal 0 0 -1
    outer loop
      vertex 38.5 15 0
      vertex 37 17 0
      vertex 38.5 20.5 0
    endloop
  endfacet
  facet normal 0 0 -1
    outer loop
      vertex 36.5 13.5 0
      vertex 38.5 15 0
      vertex 42 13.5 0
    endloop
  endfacet
  facet normal 0 0 -1
    outer loop
      vertex 36.5 13.5 0
      vertex 37 17 0
      vertex 38.5 15 0
    endloop
  endfacet
  facet normal 0 0 -1
    outer loop
      vertex 35 10 0
      vertex 36.42 6.83333 0
      vertex 36.1367 6.78847 0
    endloop
  endfacet
  facet normal 0 0 -1
    outer loop
      vertex 35 10 0
      vertex 36.1367 6.78847 0
      vertex 35.9925 6.76563 0
    endloop
  endfacet
  facet normal 0 0 -1
    outer loop
      vertex 35 10 0
      vertex 35.9925 6.76563 0
      vertex 35.737 6.63542 0
    endloop
  endfacet
  facet normal 0 0 -1
    outer loop
      vertex 35 10 0
      vertex 35.737 6.63542 0
      vertex 35.6069 6.56914 0
    endloop
  endfacet
  facet normal 0 0 -1
    outer loop
      vertex 35 10 0
      vertex 35.6069 6.56914 0
      vertex 35.3009 6.2631 0
    endloop
  endfacet
  facet normal -0 0 -1
    outer loop
      vertex 36.5 12 0
      vertex 35 10 0
      vertex 36.5 13.5 0
    endloop
  endfacet
  facet normal 0 0 -1
    outer loop
      vertex 35 10 0
      vertex 35.3009 6.2631 0
      vertex 35.2346 6.13301 0
    endloop
  endfacet
  facet normal 0 0 -1
    outer loop
      vertex 35 10 0
      vertex 35.2346 6.13301 0
      vertex 35.1044 5.87747 0
    endloop
  endfacet
  facet normal 0 0 -1
    outer loop
      vertex 35 10 0
      vertex 35.0595 5.59421 0
      vertex 35.0367 5.45 0
    endloop
  endfacet
  facet normal 0 0 -1
    outer loop
      vertex 35 10 0
      vertex 35.1044 5.87747 0
      vertex 35.0595 5.59421 0
    endloop
  endfacet
  facet normal 0 0 -1
    outer loop
      vertex 35 15.5 0
      vertex 36.5 13.5 0
      vertex 35 10 0
    endloop
  endfacet
  facet normal 0 0 -1
    outer loop
      vertex 36.5 13.5 0
      vertex 35 15.5 0
      vertex 37 17 0
    endloop
  endfacet
  facet normal 0 0 -1
    outer loop
      vertex 33.5 15.5 0
      vertex 37 17 0
      vertex 35 15.5 0
    endloop
  endfacet
  facet normal 0 0 -1
    outer loop
      vertex 31.7732 5.71123 0
      vertex 33.5 10 0
      vertex 32.6285 5.35694 0
    endloop
  endfacet
  facet normal 0 0 -1
    outer loop
      vertex 33.5 10 0
      vertex 32 12 0
      vertex 33.5 15.5 0
    endloop
  endfacet
  facet normal 0 0 -1
    outer loop
      vertex 32 13.5 0
      vertex 33.5 15.5 0
      vertex 32 12 0
    endloop
  endfacet
  facet normal 0 0 -1
    outer loop
      vertex 33.5 15.5 0
      vertex 31.5 17 0
      vertex 37 17 0
    endloop
  endfacet
  facet normal 0 0 -1
    outer loop
      vertex 32 13.5 0
      vertex 31.5 17 0
      vertex 33.5 15.5 0
    endloop
  endfacet
  facet normal -0 0 -1
    outer loop
      vertex 31.5 17 0
      vertex 30 15 0
      vertex 31.5 18.5 0
    endloop
  endfacet
  facet normal 0 0 -1
    outer loop
      vertex 32 13.5 0
      vertex 30 15 0
      vertex 31.5 17 0
    endloop
  endfacet
  facet normal 0 0 -1
    outer loop
      vertex 32 13.5 0
      vertex 28.5 15 0
      vertex 30 15 0
    endloop
  endfacet
  facet normal 0 0 -1
    outer loop
      vertex 28.5 15 0
      vertex 27 17 0
      vertex 28.5 20.5 0
    endloop
  endfacet
  facet normal 0 0 -1
    outer loop
      vertex 26.5 13.5 0
      vertex 28.5 15 0
      vertex 32 13.5 0
    endloop
  endfacet
  facet normal 0 0 -1
    outer loop
      vertex 26.5 13.5 0
      vertex 27 17 0
      vertex 28.5 15 0
    endloop
  endfacet
  facet normal 0 0 -1
    outer loop
      vertex 25 10 0
      vertex 26.4821 4.8732 0
      vertex 25.7781 4.27193 0
    endloop
  endfacet
  facet normal 0 0 -1
    outer loop
      vertex 25 10 0
      vertex 25.7781 4.27193 0
      vertex 25.1768 3.56793 0
    endloop
  endfacet
  facet normal -0 0 -1
    outer loop
      vertex 26.5 12 0
      vertex 25 10 0
      vertex 26.5 13.5 0
    endloop
  endfacet
  facet normal 0 0 -1
    outer loop
      vertex 25 15.5 0
      vertex 26.5 13.5 0
      vertex 25 10 0
    endloop
  endfacet
  facet normal 0 0 -1
    outer loop
      vertex 26.5 13.5 0
      vertex 25 15.5 0
      vertex 27 17 0
    endloop
  endfacet
  facet normal 0 0 -1
    outer loop
      vertex 23.5 15.5 0
      vertex 27 17 0
      vertex 25 15.5 0
    endloop
  endfacet
  facet normal 0 0 -1
    outer loop
      vertex 22.9876 5.34934 0
      vertex 23.5 10 0
      vertex 23.2431 5.21914 0
    endloop
  endfacet
  facet normal 0 0 -1
    outer loop
      vertex 22.8575 5.41563 0
      vertex 23.5 10 0
      vertex 22.9876 5.34934 0
    endloop
  endfacet
  facet normal 0 0 -1
    outer loop
      vertex 22.7133 5.43847 0
      vertex 23.5 10 0
      vertex 22.8575 5.41563 0
    endloop
  endfacet
  facet normal 0 0 -1
    outer loop
      vertex 22.43 5.48333 0
      vertex 23.5 10 0
      vertex 22.7133 5.43847 0
    endloop
  endfacet
  facet normal 0 0 -1
    outer loop
      vertex 20 8 0
      vertex 22.43 5.48333 0
      vertex 22.1467 5.43847 0
    endloop
  endfacet
  facet normal 0 0 -1
    outer loop
      vertex 20 8 0
      vertex 22.1467 5.43847 0
      vertex 22.0025 5.41563 0
    endloop
  endfacet
  facet normal 0 0 -1
    outer loop
      vertex 20 8 0
      vertex 22.0025 5.41563 0
      vertex 21.8724 5.34934 0
    endloop
  endfacet
  facet normal 0 0 -1
    outer loop
      vertex 23.5 10 0
      vertex 22 12 0
      vertex 23.5 15.5 0
    endloop
  endfacet
  facet normal 0 0 -1
    outer loop
      vertex 22 13.5 0
      vertex 23.5 15.5 0
      vertex 22 12 0
    endloop
  endfacet
  facet normal 0 0 -1
    outer loop
      vertex 23.5 15.5 0
      vertex 21.5 17 0
      vertex 27 17 0
    endloop
  endfacet
  facet normal 0 0 -1
    outer loop
      vertex 22 13.5 0
      vertex 21.5 17 0
      vertex 23.5 15.5 0
    endloop
  endfacet
  facet normal -0 0 -1
    outer loop
      vertex 21.5 17 0
      vertex 20 15 0
      vertex 21.5 18.5 0
    endloop
  endfacet
  facet normal 0 0 -1
    outer loop
      vertex 22 13.5 0
      vertex 20 15 0
      vertex 21.5 17 0
    endloop
  endfacet
  facet normal 0 0 -1
    outer loop
      vertex 22 13.5 0
      vertex 18.5 15 0
      vertex 20 15 0
    endloop
  endfacet
  facet normal 0 0 -1
    outer loop
      vertex 18.5 15 0
      vertex 17 17 0
      vertex 18.5 20.5 0
    endloop
  endfacet
  facet normal 0 0 -1
    outer loop
      vertex 16.5 13.5 0
      vertex 18.5 15 0
      vertex 22 13.5 0
    endloop
  endfacet
  facet normal 0 0 -1
    outer loop
      vertex 16.5 13.5 0
      vertex 17 17 0
      vertex 18.5 15 0
    endloop
  endfacet
  facet normal -0 0 -1
    outer loop
      vertex 18.5 8 0
      vertex 15.295 6.01382 0
      vertex 15 10 0
    endloop
  endfacet
  facet normal -0 0 -1
    outer loop
      vertex 16.5 12 0
      vertex 15 10 0
      vertex 16.5 13.5 0
    endloop
  endfacet
  facet normal 0 0 -1
    outer loop
      vertex 15 15.5 0
      vertex 16.5 13.5 0
      vertex 15 10 0
    endloop
  endfacet
  facet normal 0 0 -1
    outer loop
      vertex 16.5 13.5 0
      vertex 15 15.5 0
      vertex 17 17 0
    endloop
  endfacet
  facet normal 0 0 -1
    outer loop
      vertex 13.5 15.5 0
      vertex 17 17 0
      vertex 15 15.5 0
    endloop
  endfacet
  facet normal 0 0 -1
    outer loop
      vertex 11.8333 7.9 0
      vertex 13.105 6.01382 0
      vertex 12.0369 5.75739 0
    endloop
  endfacet
  facet normal 0 0 -1
    outer loop
      vertex 13.5 10 0
      vertex 11.8333 7.9 0
      vertex 11.7885 8.18326 0
    endloop
  endfacet
  facet normal 0 0 -1
    outer loop
      vertex 13.5 10 0
      vertex 11.7885 8.18326 0
      vertex 11.7656 8.32747 0
    endloop
  endfacet
  facet normal 0 0 -1
    outer loop
      vertex 11.6354 8.58301 0
      vertex 13.5 10 0
      vertex 11.7656 8.32747 0
    endloop
  endfacet
  facet normal 0 0 -1
    outer loop
      vertex 11.5691 8.7131 0
      vertex 13.5 10 0
      vertex 11.6354 8.58301 0
    endloop
  endfacet
  facet normal 0 0 -1
    outer loop
      vertex 11.2631 9.01914 0
      vertex 13.5 10 0
      vertex 11.5691 8.7131 0
    endloop
  endfacet
  facet normal 0 0 -1
    outer loop
      vertex 13.5 15.5 0
      vertex 11.5 17 0
      vertex 17 17 0
    endloop
  endfacet
  facet normal 0 0 -1
    outer loop
      vertex 11.133 9.08542 0
      vertex 13.5 10 0
      vertex 11.2631 9.01914 0
    endloop
  endfacet
  facet normal 0 0 -1
    outer loop
      vertex 10.5942 9.26049 0
      vertex 13.5 10 0
      vertex 10.8775 9.21563 0
    endloop
  endfacet
  facet normal 0 0 -1
    outer loop
      vertex 10.8775 9.21563 0
      vertex 13.5 10 0
      vertex 11.133 9.08542 0
    endloop
  endfacet
  facet normal 0 0 -1
    outer loop
      vertex 49.9825 12.4656 0
      vertex 50 15 0
      vertex 50.2658 12.5105 0
    endloop
  endfacet
  facet normal 0 0 -1
    outer loop
      vertex 48.5 15 0
      vertex 49.9825 12.4656 0
      vertex 49.727 12.3354 0
    endloop
  endfacet
  facet normal 0 0 -1
    outer loop
      vertex 48.5 15 0
      vertex 49.727 12.3354 0
      vertex 49.5969 12.2691 0
    endloop
  endfacet
  facet normal 0 0 -1
    outer loop
      vertex 48.5 15 0
      vertex 49.5969 12.2691 0
      vertex 49.4937 12.1659 0
    endloop
  endfacet
  facet normal 0 0 -1
    outer loop
      vertex 48.5 15 0
      vertex 49.4937 12.1659 0
      vertex 49.2909 11.9631 0
    endloop
  endfacet
  facet normal 0 0 -1
    outer loop
      vertex 45 13 0
      vertex 49.2909 11.9631 0
      vertex 49.2246 11.833 0
    endloop
  endfacet
  facet normal 0 0 -1
    outer loop
      vertex 45 13 0
      vertex 49.2246 11.833 0
      vertex 49.0944 11.5775 0
    endloop
  endfacet
  facet normal -0 0 -1
    outer loop
      vertex 49.0715 10.8667 0
      vertex 47.7693 9.83514 0
      vertex 49.0267 11.15 0
    endloop
  endfacet
  facet normal 0 0 -1
    outer loop
      vertex 46.885 10.2014 0
      vertex 49.0267 11.15 0
      vertex 47.7693 9.83514 0
    endloop
  endfacet
  facet normal 0 0 -1
    outer loop
      vertex 49.9825 12.4656 0
      vertex 48.5 15 0
      vertex 50 15 0
    endloop
  endfacet
  facet normal -0 0 -1
    outer loop
      vertex 49.0267 11.15 0
      vertex 46.885 10.2014 0
      vertex 49.0715 11.4333 0
    endloop
  endfacet
  facet normal 0 0 -1
    outer loop
      vertex 45 13 0
      vertex 49.0944 11.5775 0
      vertex 46.885 10.2014 0
    endloop
  endfacet
  facet normal -0 0 -1
    outer loop
      vertex 49.0715 11.4333 0
      vertex 46.885 10.2014 0
      vertex 49.0944 11.5775 0
    endloop
  endfacet
  facet normal -0 0 -1
    outer loop
      vertex 53.0057 11.0954 0
      vertex 51.7705 11.0058 0
      vertex 51.7933 11.15 0
    endloop
  endfacet
  facet normal 0 0 -1
    outer loop
      vertex 52.2485 9.31152 0
      vertex 51.7256 10.7225 0
      vertex 51.7705 11.0058 0
    endloop
  endfacet
  facet normal 0 0 -1
    outer loop
      vertex 52.2485 9.31152 0
      vertex 51.6593 10.5924 0
      vertex 51.7256 10.7225 0
    endloop
  endfacet
  facet normal 0 0 -1
    outer loop
      vertex 51.2231 10.0309 0
      vertex 51.9382 9.04656 0
      vertex 51.5904 8.83338 0
    endloop
  endfacet
  facet normal 0 0 -1
    outer loop
      vertex 52.2485 9.31152 0
      vertex 51.5291 10.3369 0
      vertex 51.6593 10.5924 0
    endloop
  endfacet
  facet normal 0 0 -1
    outer loop
      vertex 52.2485 9.31152 0
      vertex 51.2231 10.0309 0
      vertex 51.5291 10.3369 0
    endloop
  endfacet
  facet normal 0 0 -1
    outer loop
      vertex 50.8375 9.83437 0
      vertex 51.5904 8.83338 0
      vertex 51.2134 8.67725 0
    endloop
  endfacet
  facet normal 0 0 -1
    outer loop
      vertex 51.5904 8.83338 0
      vertex 50.9676 9.90066 0
      vertex 51.2231 10.0309 0
    endloop
  endfacet
  facet normal 0 0 -1
    outer loop
      vertex 51.5904 8.83338 0
      vertex 50.8375 9.83437 0
      vertex 50.9676 9.90066 0
    endloop
  endfacet
  facet normal 0 0 -1
    outer loop
      vertex 50.8167 8.58201 0
      vertex 50.8375 9.83437 0
      vertex 51.2134 8.67725 0
    endloop
  endfacet
  facet normal 0 0 -1
    outer loop
      vertex 50.8167 8.58201 0
      vertex 50.6933 9.81153 0
      vertex 50.8375 9.83437 0
    endloop
  endfacet
  facet normal 0 0 -1
    outer loop
      vertex 50.41 9.76667 0
      vertex 50.8167 8.58201 0
      vertex 50.41 8.55 0
    endloop
  endfacet
  facet normal 0 0 -1
    outer loop
      vertex 50.8167 8.58201 0
      vertex 50.41 9.76667 0
      vertex 50.6933 9.81153 0
    endloop
  endfacet
  facet normal 0 0 -1
    outer loop
      vertex 50.0033 8.58201 0
      vertex 50.41 9.76667 0
      vertex 50.41 8.55 0
    endloop
  endfacet
  facet normal -0 0 -1
    outer loop
      vertex 50.41 9.76667 0
      vertex 50.0033 8.58201 0
      vertex 50.1267 9.81153 0
    endloop
  endfacet
  facet normal 0 0 -1
    outer loop
      vertex 50.0033 8.58201 0
      vertex 49.9825 9.83437 0
      vertex 50.1267 9.81153 0
    endloop
  endfacet
  facet normal 0 0 -1
    outer loop
      vertex 49.6066 8.67725 0
      vertex 49.9825 9.83437 0
      vertex 50.0033 8.58201 0
    endloop
  endfacet
  facet normal 0 0 -1
    outer loop
      vertex 49.2296 8.83338 0
      vertex 49.9825 9.83437 0
      vertex 49.6066 8.67725 0
    endloop
  endfacet
  facet normal -0 0 -1
    outer loop
      vertex 49.9825 9.83437 0
      vertex 49.2296 8.83338 0
      vertex 49.8524 9.90066 0
    endloop
  endfacet
  facet normal -0 0 -1
    outer loop
      vertex 49.8524 9.90066 0
      vertex 49.2296 8.83338 0
      vertex 49.5969 10.0309 0
    endloop
  endfacet
  facet normal 0 0 -1
    outer loop
      vertex 49.0285 8.95662 0
      vertex 49.5969 10.0309 0
      vertex 49.2296 8.83338 0
    endloop
  endfacet
  facet normal 0 0 -1
    outer loop
      vertex 48.5855 9.335 0
      vertex 49.5969 10.0309 0
      vertex 49.0285 8.95662 0
    endloop
  endfacet
  facet normal -0 0 -1
    outer loop
      vertex 49.5969 10.0309 0
      vertex 48.5855 9.335 0
      vertex 49.4937 10.1341 0
    endloop
  endfacet
  facet normal -0 0 -1
    outer loop
      vertex 49.4937 10.1341 0
      vertex 48.5855 9.335 0
      vertex 49.2909 10.3369 0
    endloop
  endfacet
  facet normal -0 0 -1
    outer loop
      vertex 49.2909 10.3369 0
      vertex 48.5855 9.335 0
      vertex 49.1607 10.5924 0
    endloop
  endfacet
  facet normal 0 0 -1
    outer loop
      vertex 47.7693 9.83514 0
      vertex 49.1607 10.5924 0
      vertex 48.5855 9.335 0
    endloop
  endfacet
  facet normal -0 0 -1
    outer loop
      vertex 49.1607 10.5924 0
      vertex 47.7693 9.83514 0
      vertex 49.0944 10.7225 0
    endloop
  endfacet
  facet normal -0 0 -1
    outer loop
      vertex 49.0944 10.7225 0
      vertex 47.7693 9.83514 0
      vertex 49.0715 10.8667 0
    endloop
  endfacet
  facet normal 0 0 -1
    outer loop
      vertex 51.5 17 0
      vertex 54.5816 14.5684 0
      vertex 54.0313 13.924 0
    endloop
  endfacet
  facet normal 0 0 -1
    outer loop
      vertex 50 15 0
      vertex 54.0313 13.924 0
      vertex 53.5886 13.2015 0
    endloop
  endfacet
  facet normal 0 0 -1
    outer loop
      vertex 51.2231 12.2691 0
      vertex 53.5886 13.2015 0
      vertex 53.2643 12.4187 0
    endloop
  endfacet
  facet normal 0 0 -1
    outer loop
      vertex 53.0057 11.0954 0
      vertex 53.0665 11.5947 0
      vertex 53.0281 11.1065 0
    endloop
  endfacet
  facet normal 0 0 -1
    outer loop
      vertex 51.7705 11.0058 0
      vertex 52.978 10.7433 0
      vertex 52.8827 10.3466 0
    endloop
  endfacet
  facet normal 0 0 -1
    outer loop
      vertex 51.7705 11.0058 0
      vertex 53.0057 11.0954 0
      vertex 52.978 10.7433 0
    endloop
  endfacet
  facet normal 0 0 -1
    outer loop
      vertex 51.7705 11.0058 0
      vertex 52.8827 10.3466 0
      vertex 52.7266 9.96962 0
    endloop
  endfacet
  facet normal 0 0 -1
    outer loop
      vertex 51.7705 11.0058 0
      vertex 52.7266 9.96962 0
      vertex 52.5134 9.62176 0
    endloop
  endfacet
  facet normal 0 0 -1
    outer loop
      vertex 51.7705 11.2942 0
      vertex 53.0057 11.0954 0
      vertex 51.7933 11.15 0
    endloop
  endfacet
  facet normal 0 0 -1
    outer loop
      vertex 51.7705 11.0058 0
      vertex 52.5134 9.62176 0
      vertex 52.2485 9.31152 0
    endloop
  endfacet
  facet normal 0 0 -1
    outer loop
      vertex 53.0057 11.0954 0
      vertex 51.7705 11.2942 0
      vertex 53.0665 11.5947 0
    endloop
  endfacet
  facet normal 0 0 -1
    outer loop
      vertex 51.2231 10.0309 0
      vertex 52.2485 9.31152 0
      vertex 51.9382 9.04656 0
    endloop
  endfacet
  facet normal 0 0 -1
    outer loop
      vertex 51.7256 11.5775 0
      vertex 53.0665 11.5947 0
      vertex 51.7705 11.2942 0
    endloop
  endfacet
  facet normal 0 0 -1
    outer loop
      vertex 51.5954 11.833 0
      vertex 53.0665 11.5947 0
      vertex 51.7256 11.5775 0
    endloop
  endfacet
  facet normal 0 0 -1
    outer loop
      vertex 53.0665 11.5947 0
      vertex 51.5954 11.833 0
      vertex 53.2643 12.4187 0
    endloop
  endfacet
  facet normal 0 0 -1
    outer loop
      vertex 51.5291 11.9631 0
      vertex 53.2643 12.4187 0
      vertex 51.5954 11.833 0
    endloop
  endfacet
  facet normal 0 0 -1
    outer loop
      vertex 51.2231 12.2691 0
      vertex 53.2643 12.4187 0
      vertex 51.5291 11.9631 0
    endloop
  endfacet
  facet normal 0 0 -1
    outer loop
      vertex 53.5886 13.2015 0
      vertex 51.2231 12.2691 0
      vertex 51.093 12.3354 0
    endloop
  endfacet
  facet normal 0 0 -1
    outer loop
      vertex 54.0313 13.924 0
      vertex 50 15 0
      vertex 51.5 17 0
    endloop
  endfacet
  facet normal 0 0 -1
    outer loop
      vertex 54.5816 14.5684 0
      vertex 51.5 17 0
      vertex 54.5 17 0
    endloop
  endfacet
  facet normal 0 0 -1
    outer loop
      vertex 54.5 17 0
      vertex 55.226 15.1187 0
      vertex 54.5816 14.5684 0
    endloop
  endfacet
  facet normal 0 0 -1
    outer loop
      vertex 55.226 15.1187 0
      vertex 54.5 17 0
      vertex 55 20 0
    endloop
  endfacet
  facet normal 0 0 -1
    outer loop
      vertex 54.5 18.5 0
      vertex 55 20 0
      vertex 54.5 17 0
    endloop
  endfacet
  facet normal 0 0 -1
    outer loop
      vertex 54.5 18.5 0
      vertex 53.5 20 0
      vertex 55 20 0
    endloop
  endfacet
  facet normal 0 0 -1
    outer loop
      vertex 53.5 20 0
      vertex 52 22 0
      vertex 53.5 25.5 0
    endloop
  endfacet
  facet normal 0 0 -1
    outer loop
      vertex 51.5 18.5 0
      vertex 53.5 20 0
      vertex 54.5 18.5 0
    endloop
  endfacet
  facet normal -0 0 -1
    outer loop
      vertex 53.5 20 0
      vertex 51.5 18.5 0
      vertex 52 22 0
    endloop
  endfacet
  facet normal 0 0 -1
    outer loop
      vertex 50.8375 12.4656 0
      vertex 53.5886 13.2015 0
      vertex 51.093 12.3354 0
    endloop
  endfacet
  facet normal -0 0 -1
    outer loop
      vertex 53.5886 13.2015 0
      vertex 50.8375 12.4656 0
      vertex 50 15 0
    endloop
  endfacet
  facet normal 0 0 -1
    outer loop
      vertex 50 15 0
      vertex 50.8375 12.4656 0
      vertex 50.5542 12.5105 0
    endloop
  endfacet
  facet normal -0 0 -1
    outer loop
      vertex 51.5 17 0
      vertex 50 15 0
      vertex 51.5 18.5 0
    endloop
  endfacet
  facet normal 0 0 -1
    outer loop
      vertex 50 15 0
      vertex 50.5542 12.5105 0
      vertex 50.41 12.5333 0
    endloop
  endfacet
  facet normal 0 0 -1
    outer loop
      vertex 50 15 0
      vertex 50.41 12.5333 0
      vertex 50.2658 12.5105 0
    endloop
  endfacet
  facet normal 0 0 -1
    outer loop
      vertex 50 20.5 0
      vertex 51.5 18.5 0
      vertex 50 15 0
    endloop
  endfacet
  facet normal 0 0 -1
    outer loop
      vertex 51.5 18.5 0
      vertex 50 20.5 0
      vertex 52 22 0
    endloop
  endfacet
  facet normal 0 0 -1
    outer loop
      vertex 48.5 20.5 0
      vertex 52 22 0
      vertex 50 20.5 0
    endloop
  endfacet
  facet normal 0 0 -1
    outer loop
      vertex 48.5 15 0
      vertex 47 17 0
      vertex 48.5 20.5 0
    endloop
  endfacet
  facet normal 0 0 -1
    outer loop
      vertex 47 18.5 0
      vertex 48.5 20.5 0
      vertex 47 17 0
    endloop
  endfacet
  facet normal 0 0 -1
    outer loop
      vertex 48.5 20.5 0
      vertex 46.5 22 0
      vertex 52 22 0
    endloop
  endfacet
  facet normal 0 0 -1
    outer loop
      vertex 47 18.5 0
      vertex 46.5 22 0
      vertex 48.5 20.5 0
    endloop
  endfacet
  facet normal -0 0 -1
    outer loop
      vertex 46.5 22 0
      vertex 45 20 0
      vertex 46.5 23.5 0
    endloop
  endfacet
  facet normal 0 0 -1
    outer loop
      vertex 47 18.5 0
      vertex 45 20 0
      vertex 46.5 22 0
    endloop
  endfacet
  facet normal 0 0 -1
    outer loop
      vertex 47 18.5 0
      vertex 43.5 20 0
      vertex 45 20 0
    endloop
  endfacet
  facet normal 0 0 -1
    outer loop
      vertex 43.5 20 0
      vertex 42 22 0
      vertex 43.5 25.5 0
    endloop
  endfacet
  facet normal 0 0 -1
    outer loop
      vertex 41.5 18.5 0
      vertex 43.5 20 0
      vertex 47 18.5 0
    endloop
  endfacet
  facet normal 0 0 -1
    outer loop
      vertex 41.5 18.5 0
      vertex 42 22 0
      vertex 43.5 20 0
    endloop
  endfacet
  facet normal 0 0 -1
    outer loop
      vertex 40 20.5 0
      vertex 41.5 18.5 0
      vertex 40 15 0
    endloop
  endfacet
  facet normal 0 0 -1
    outer loop
      vertex 41.5 18.5 0
      vertex 40 20.5 0
      vertex 42 22 0
    endloop
  endfacet
  facet normal 0 0 -1
    outer loop
      vertex 38.5 20.5 0
      vertex 42 22 0
      vertex 40 20.5 0
    endloop
  endfacet
  facet normal 0 0 -1
    outer loop
      vertex 37 18.5 0
      vertex 38.5 20.5 0
      vertex 37 17 0
    endloop
  endfacet
  facet normal 0 0 -1
    outer loop
      vertex 38.5 20.5 0
      vertex 36.5 22 0
      vertex 42 22 0
    endloop
  endfacet
  facet normal 0 0 -1
    outer loop
      vertex 37 18.5 0
      vertex 36.5 22 0
      vertex 38.5 20.5 0
    endloop
  endfacet
  facet normal -0 0 -1
    outer loop
      vertex 36.5 22 0
      vertex 35 20 0
      vertex 36.5 23.5 0
    endloop
  endfacet
  facet normal 0 0 -1
    outer loop
      vertex 37 18.5 0
      vertex 35 20 0
      vertex 36.5 22 0
    endloop
  endfacet
  facet normal 0 0 -1
    outer loop
      vertex 37 18.5 0
      vertex 33.5 20 0
      vertex 35 20 0
    endloop
  endfacet
  facet normal 0 0 -1
    outer loop
      vertex 33.5 20 0
      vertex 32 22 0
      vertex 33.5 25.5 0
    endloop
  endfacet
  facet normal 0 0 -1
    outer loop
      vertex 31.5 18.5 0
      vertex 33.5 20 0
      vertex 37 18.5 0
    endloop
  endfacet
  facet normal 0 0 -1
    outer loop
      vertex 31.5 18.5 0
      vertex 32 22 0
      vertex 33.5 20 0
    endloop
  endfacet
  facet normal 0 0 -1
    outer loop
      vertex 30 20.5 0
      vertex 31.5 18.5 0
      vertex 30 15 0
    endloop
  endfacet
  facet normal 0 0 -1
    outer loop
      vertex 31.5 18.5 0
      vertex 30 20.5 0
      vertex 32 22 0
    endloop
  endfacet
  facet normal 0 0 -1
    outer loop
      vertex 28.5 20.5 0
      vertex 32 22 0
      vertex 30 20.5 0
    endloop
  endfacet
  facet normal 0 0 -1
    outer loop
      vertex 27 18.5 0
      vertex 28.5 20.5 0
      vertex 27 17 0
    endloop
  endfacet
  facet normal 0 0 -1
    outer loop
      vertex 28.5 20.5 0
      vertex 26.5 22 0
      vertex 32 22 0
    endloop
  endfacet
  facet normal 0 0 -1
    outer loop
      vertex 27 18.5 0
      vertex 26.5 22 0
      vertex 28.5 20.5 0
    endloop
  endfacet
  facet normal -0 0 -1
    outer loop
      vertex 26.5 22 0
      vertex 25 20 0
      vertex 26.5 23.5 0
    endloop
  endfacet
  facet normal 0 0 -1
    outer loop
      vertex 27 18.5 0
      vertex 25 20 0
      vertex 26.5 22 0
    endloop
  endfacet
  facet normal 0 0 -1
    outer loop
      vertex 27 18.5 0
      vertex 23.5 20 0
      vertex 25 20 0
    endloop
  endfacet
  facet normal 0 0 -1
    outer loop
      vertex 23.5 20 0
      vertex 22 22 0
      vertex 23.5 25.5 0
    endloop
  endfacet
  facet normal 0 0 -1
    outer loop
      vertex 21.5 18.5 0
      vertex 23.5 20 0
      vertex 27 18.5 0
    endloop
  endfacet
  facet normal 0 0 -1
    outer loop
      vertex 21.5 18.5 0
      vertex 22 22 0
      vertex 23.5 20 0
    endloop
  endfacet
  facet normal 0 0 -1
    outer loop
      vertex 20 20.5 0
      vertex 21.5 18.5 0
      vertex 20 15 0
    endloop
  endfacet
  facet normal 0 0 -1
    outer loop
      vertex 21.5 18.5 0
      vertex 20 20.5 0
      vertex 22 22 0
    endloop
  endfacet
  facet normal 0 0 -1
    outer loop
      vertex 18.5 20.5 0
      vertex 22 22 0
      vertex 20 20.5 0
    endloop
  endfacet
  facet normal 0 0 -1
    outer loop
      vertex 17 18.5 0
      vertex 18.5 20.5 0
      vertex 17 17 0
    endloop
  endfacet
  facet normal 0 0 -1
    outer loop
      vertex 18.5 20.5 0
      vertex 16.5 22 0
      vertex 22 22 0
    endloop
  endfacet
  facet normal 0 0 -1
    outer loop
      vertex 17 18.5 0
      vertex 16.5 22 0
      vertex 18.5 20.5 0
    endloop
  endfacet
  facet normal -0 0 -1
    outer loop
      vertex 16.5 22 0
      vertex 15 20 0
      vertex 16.5 23.5 0
    endloop
  endfacet
  facet normal 0 0 -1
    outer loop
      vertex 17 18.5 0
      vertex 15 20 0
      vertex 16.5 22 0
    endloop
  endfacet
  facet normal 0 0 -1
    outer loop
      vertex 17 18.5 0
      vertex 13.5 20 0
      vertex 15 20 0
    endloop
  endfacet
  facet normal 0 0 -1
    outer loop
      vertex 13.5 20 0
      vertex 12 22 0
      vertex 13.5 25.5 0
    endloop
  endfacet
  facet normal 0 0 -1
    outer loop
      vertex 11.5 18.5 0
      vertex 13.5 20 0
      vertex 17 18.5 0
    endloop
  endfacet
  facet normal 0 0 -1
    outer loop
      vertex 11.5 18.5 0
      vertex 12 22 0
      vertex 13.5 20 0
    endloop
  endfacet
  facet normal -0 0 -1
    outer loop
      vertex 13.5 10 0
      vertex 10.5942 9.26049 0
      vertex 13.5 15.5 0
    endloop
  endfacet
  facet normal 0 0 -1
    outer loop
      vertex 10.45 9.28333 0
      vertex 13.5 15.5 0
      vertex 10.5942 9.26049 0
    endloop
  endfacet
  facet normal -0 0 -1
    outer loop
      vertex 13.5 15.5 0
      vertex 10.45 9.28333 0
      vertex 11.5 17 0
    endloop
  endfacet
  facet normal 0 0 -1
    outer loop
      vertex 10.3058 9.26049 0
      vertex 11.5 17 0
      vertex 10.45 9.28333 0
    endloop
  endfacet
  facet normal 0 0 -1
    outer loop
      vertex 10.0225 9.21563 0
      vertex 11.5 17 0
      vertex 10.3058 9.26049 0
    endloop
  endfacet
  facet normal 0 0 -1
    outer loop
      vertex 9.76699 9.08542 0
      vertex 11.5 17 0
      vertex 10.0225 9.21563 0
    endloop
  endfacet
  facet normal 0 0 -1
    outer loop
      vertex 9.6369 9.01914 0
      vertex 11.5 17 0
      vertex 9.76699 9.08542 0
    endloop
  endfacet
  facet normal 0 0 -1
    outer loop
      vertex 9.53366 8.9159 0
      vertex 11.5 17 0
      vertex 9.6369 9.01914 0
    endloop
  endfacet
  facet normal 0 0 -1
    outer loop
      vertex 9.33086 8.7131 0
      vertex 11.5 17 0
      vertex 9.53366 8.9159 0
    endloop
  endfacet
  facet normal 0 -0 -1
    outer loop
      vertex 9.5 22 0
      vertex 11.5 17 0
      vertex 9.33086 8.7131 0
    endloop
  endfacet
  facet normal 0 0 -1
    outer loop
      vertex 11.5 18.5 0
      vertex 9.5 22 0
      vertex 12 22 0
    endloop
  endfacet
  facet normal 0 0 -1
    outer loop
      vertex 9.26457 8.58301 0
      vertex 9.5 22 0
      vertex 9.33086 8.7131 0
    endloop
  endfacet
  facet normal 0 0 -1
    outer loop
      vertex 11.5 17 0
      vertex 9.5 22 0
      vertex 11.5 18.5 0
    endloop
  endfacet
  facet normal 0 0 -1
    outer loop
      vertex 62 53.5 0
      vertex 58.5 55 0
      vertex 60 55 0
    endloop
  endfacet
  facet normal 0 0 -1
    outer loop
      vertex 58.5 55 0
      vertex 57 57 0
      vertex 58.5 60.5 0
    endloop
  endfacet
  facet normal 0 0 -1
    outer loop
      vertex 56.5 53.5 0
      vertex 58.5 55 0
      vertex 62 53.5 0
    endloop
  endfacet
  facet normal 0 0 -1
    outer loop
      vertex 56.5 53.5 0
      vertex 57 57 0
      vertex 58.5 55 0
    endloop
  endfacet
  facet normal 0 0 -1
    outer loop
      vertex 55 55.5 0
      vertex 56.5 53.5 0
      vertex 55 50 0
    endloop
  endfacet
  facet normal 0 0 -1
    outer loop
      vertex 56.5 53.5 0
      vertex 55 55.5 0
      vertex 57 57 0
    endloop
  endfacet
  facet normal 0 0 -1
    outer loop
      vertex 53.5 55.5 0
      vertex 57 57 0
      vertex 55 55.5 0
    endloop
  endfacet
  facet normal 0 0 -1
    outer loop
      vertex 52 53.5 0
      vertex 53.5 55.5 0
      vertex 52 52 0
    endloop
  endfacet
  facet normal 0 0 -1
    outer loop
      vertex 53.5 55.5 0
      vertex 51.5 57 0
      vertex 57 57 0
    endloop
  endfacet
  facet normal 0 0 -1
    outer loop
      vertex 52 53.5 0
      vertex 51.5 57 0
      vertex 53.5 55.5 0
    endloop
  endfacet
  facet normal -0 0 -1
    outer loop
      vertex 51.5 57 0
      vertex 50 55 0
      vertex 51.5 58.5 0
    endloop
  endfacet
  facet normal 0 0 -1
    outer loop
      vertex 52 53.5 0
      vertex 50 55 0
      vertex 51.5 57 0
    endloop
  endfacet
  facet normal 0 0 -1
    outer loop
      vertex 52 53.5 0
      vertex 48.5 55 0
      vertex 50 55 0
    endloop
  endfacet
  facet normal 0 0 -1
    outer loop
      vertex 48.5 55 0
      vertex 47 57 0
      vertex 48.5 60.5 0
    endloop
  endfacet
  facet normal 0 0 -1
    outer loop
      vertex 46.5 53.5 0
      vertex 48.5 55 0
      vertex 52 53.5 0
    endloop
  endfacet
  facet normal 0 0 -1
    outer loop
      vertex 46.5 53.5 0
      vertex 47 57 0
      vertex 48.5 55 0
    endloop
  endfacet
  facet normal 0 0 -1
    outer loop
      vertex 45 55.5 0
      vertex 46.5 53.5 0
      vertex 45 50 0
    endloop
  endfacet
  facet normal 0 0 -1
    outer loop
      vertex 46.5 53.5 0
      vertex 45 55.5 0
      vertex 47 57 0
    endloop
  endfacet
  facet normal 0 0 -1
    outer loop
      vertex 43.5 55.5 0
      vertex 47 57 0
      vertex 45 55.5 0
    endloop
  endfacet
  facet normal 0 0 -1
    outer loop
      vertex 42 53.5 0
      vertex 43.5 55.5 0
      vertex 42 52 0
    endloop
  endfacet
  facet normal 0 0 -1
    outer loop
      vertex 43.5 55.5 0
      vertex 41.5 57 0
      vertex 47 57 0
    endloop
  endfacet
  facet normal 0 0 -1
    outer loop
      vertex 42 53.5 0
      vertex 41.5 57 0
      vertex 43.5 55.5 0
    endloop
  endfacet
  facet normal -0 0 -1
    outer loop
      vertex 41.5 57 0
      vertex 40 55 0
      vertex 41.5 58.5 0
    endloop
  endfacet
  facet normal 0 0 -1
    outer loop
      vertex 42 53.5 0
      vertex 40 55 0
      vertex 41.5 57 0
    endloop
  endfacet
  facet normal 0 0 -1
    outer loop
      vertex 42 53.5 0
      vertex 38.5 55 0
      vertex 40 55 0
    endloop
  endfacet
  facet normal 0 0 -1
    outer loop
      vertex 38.5 55 0
      vertex 37 57 0
      vertex 38.5 60.5 0
    endloop
  endfacet
  facet normal 0 0 -1
    outer loop
      vertex 36.5 53.5 0
      vertex 38.5 55 0
      vertex 42 53.5 0
    endloop
  endfacet
  facet normal 0 0 -1
    outer loop
      vertex 36.5 53.5 0
      vertex 37 57 0
      vertex 38.5 55 0
    endloop
  endfacet
  facet normal 0 0 -1
    outer loop
      vertex 35 55.5 0
      vertex 36.5 53.5 0
      vertex 35 50 0
    endloop
  endfacet
  facet normal 0 0 -1
    outer loop
      vertex 36.5 53.5 0
      vertex 35 55.5 0
      vertex 37 57 0
    endloop
  endfacet
  facet normal 0 0 -1
    outer loop
      vertex 33.5 55.5 0
      vertex 37 57 0
      vertex 35 55.5 0
    endloop
  endfacet
  facet normal 0 0 -1
    outer loop
      vertex 32 53.5 0
      vertex 33.5 55.5 0
      vertex 32 52 0
    endloop
  endfacet
  facet normal 0 0 -1
    outer loop
      vertex 33.5 55.5 0
      vertex 31.5 57 0
      vertex 37 57 0
    endloop
  endfacet
  facet normal 0 0 -1
    outer loop
      vertex 32 53.5 0
      vertex 31.5 57 0
      vertex 33.5 55.5 0
    endloop
  endfacet
  facet normal -0 0 -1
    outer loop
      vertex 31.5 57 0
      vertex 30 55 0
      vertex 31.5 58.5 0
    endloop
  endfacet
  facet normal 0 0 -1
    outer loop
      vertex 32 53.5 0
      vertex 30 55 0
      vertex 31.5 57 0
    endloop
  endfacet
  facet normal 0 0 -1
    outer loop
      vertex 32 53.5 0
      vertex 28.5 55 0
      vertex 30 55 0
    endloop
  endfacet
  facet normal 0 0 -1
    outer loop
      vertex 28.5 55 0
      vertex 27 57 0
      vertex 28.5 60.5 0
    endloop
  endfacet
  facet normal 0 0 -1
    outer loop
      vertex 26.5 53.5 0
      vertex 28.5 55 0
      vertex 32 53.5 0
    endloop
  endfacet
  facet normal 0 0 -1
    outer loop
      vertex 26.5 53.5 0
      vertex 27 57 0
      vertex 28.5 55 0
    endloop
  endfacet
  facet normal 0 0 -1
    outer loop
      vertex 25 55.5 0
      vertex 26.5 53.5 0
      vertex 25 50 0
    endloop
  endfacet
  facet normal 0 0 -1
    outer loop
      vertex 26.5 53.5 0
      vertex 25 55.5 0
      vertex 27 57 0
    endloop
  endfacet
  facet normal 0 0 -1
    outer loop
      vertex 23.5 55.5 0
      vertex 27 57 0
      vertex 25 55.5 0
    endloop
  endfacet
  facet normal 0 0 -1
    outer loop
      vertex 22 53.5 0
      vertex 23.5 55.5 0
      vertex 22 52 0
    endloop
  endfacet
  facet normal 0 0 -1
    outer loop
      vertex 23.5 55.5 0
      vertex 21.5 57 0
      vertex 27 57 0
    endloop
  endfacet
  facet normal 0 0 -1
    outer loop
      vertex 22 53.5 0
      vertex 21.5 57 0
      vertex 23.5 55.5 0
    endloop
  endfacet
  facet normal -0 0 -1
    outer loop
      vertex 21.5 57 0
      vertex 20 55 0
      vertex 21.5 58.5 0
    endloop
  endfacet
  facet normal 0 0 -1
    outer loop
      vertex 22 53.5 0
      vertex 20 55 0
      vertex 21.5 57 0
    endloop
  endfacet
  facet normal 0 0 -1
    outer loop
      vertex 22 53.5 0
      vertex 18.5 55 0
      vertex 20 55 0
    endloop
  endfacet
  facet normal 0 0 -1
    outer loop
      vertex 18.5 55 0
      vertex 17 57 0
      vertex 18.5 60.5 0
    endloop
  endfacet
  facet normal 0 0 -1
    outer loop
      vertex 16.5 53.5 0
      vertex 18.5 55 0
      vertex 22 53.5 0
    endloop
  endfacet
  facet normal 0 0 -1
    outer loop
      vertex 16.5 53.5 0
      vertex 17 57 0
      vertex 18.5 55 0
    endloop
  endfacet
  facet normal 0 0 -1
    outer loop
      vertex 15 55.5 0
      vertex 16.5 53.5 0
      vertex 15 50 0
    endloop
  endfacet
  facet normal 0 0 -1
    outer loop
      vertex 16.5 53.5 0
      vertex 15 55.5 0
      vertex 17 57 0
    endloop
  endfacet
  facet normal 0 0 -1
    outer loop
      vertex 13.5 55.5 0
      vertex 17 57 0
      vertex 15 55.5 0
    endloop
  endfacet
  facet normal 0 0 -1
    outer loop
      vertex 12 53.5 0
      vertex 13.5 55.5 0
      vertex 12 52 0
    endloop
  endfacet
  facet normal 0 0 -1
    outer loop
      vertex 13.5 55.5 0
      vertex 11.5 57 0
      vertex 17 57 0
    endloop
  endfacet
  facet normal 0 0 -1
    outer loop
      vertex 12 53.5 0
      vertex 11.5 57 0
      vertex 13.5 55.5 0
    endloop
  endfacet
  facet normal 0 0 -1
    outer loop
      vertex 9.68333 58.1 0
      vertex 11.5 58.5 0
      vertex 11.5 57 0
    endloop
  endfacet
  facet normal 0 0 -1
    outer loop
      vertex 11 53.5 0
      vertex 11.5 57 0
      vertex 12 53.5 0
    endloop
  endfacet
  facet normal 0 0 -1
    outer loop
      vertex 9.68333 58.1 0
      vertex 11.5 57 0
      vertex 11 53.5 0
    endloop
  endfacet
  facet normal 0 0 -1
    outer loop
      vertex 11.5 58.5 0
      vertex 9.68333 58.1 0
      vertex 9.63847 58.3833 0
    endloop
  endfacet
  facet normal 0 0 -1
    outer loop
      vertex 60.5 23.5 0
      vertex 58.5 25 0
      vertex 60 25 0
    endloop
  endfacet
  facet normal 0 0 -1
    outer loop
      vertex 58.5 25 0
      vertex 57 27 0
      vertex 58.5 30.5 0
    endloop
  endfacet
  facet normal 0 0 -1
    outer loop
      vertex 56.5 23.5 0
      vertex 58.5 25 0
      vertex 60.5 23.5 0
    endloop
  endfacet
  facet normal 0 0 -1
    outer loop
      vertex 56.5 23.5 0
      vertex 57 27 0
      vertex 58.5 25 0
    endloop
  endfacet
  facet normal 0 0 -1
    outer loop
      vertex 58.4 16.15 0
      vertex 55 20 0
      vertex 56.5 22 0
    endloop
  endfacet
  facet normal -0 0 -1
    outer loop
      vertex 56.5 22 0
      vertex 55 20 0
      vertex 56.5 23.5 0
    endloop
  endfacet
  facet normal 0 0 -1
    outer loop
      vertex 55 25.5 0
      vertex 56.5 23.5 0
      vertex 55 20 0
    endloop
  endfacet
  facet normal 0 0 -1
    outer loop
      vertex 56.5 23.5 0
      vertex 55 25.5 0
      vertex 57 27 0
    endloop
  endfacet
  facet normal 0 0 -1
    outer loop
      vertex 53.5 25.5 0
      vertex 57 27 0
      vertex 55 25.5 0
    endloop
  endfacet
  facet normal 0 0 -1
    outer loop
      vertex 52 23.5 0
      vertex 53.5 25.5 0
      vertex 52 22 0
    endloop
  endfacet
  facet normal 0 0 -1
    outer loop
      vertex 53.5 25.5 0
      vertex 51.5 27 0
      vertex 57 27 0
    endloop
  endfacet
  facet normal 0 0 -1
    outer loop
      vertex 52 23.5 0
      vertex 51.5 27 0
      vertex 53.5 25.5 0
    endloop
  endfacet
  facet normal -0 0 -1
    outer loop
      vertex 51.5 27 0
      vertex 50 25 0
      vertex 51.5 28.5 0
    endloop
  endfacet
  facet normal 0 0 -1
    outer loop
      vertex 52 23.5 0
      vertex 50 25 0
      vertex 51.5 27 0
    endloop
  endfacet
  facet normal 0 0 -1
    outer loop
      vertex 52 23.5 0
      vertex 48.5 25 0
      vertex 50 25 0
    endloop
  endfacet
  facet normal 0 0 -1
    outer loop
      vertex 48.5 25 0
      vertex 47 27 0
      vertex 48.5 30.5 0
    endloop
  endfacet
  facet normal 0 0 -1
    outer loop
      vertex 46.5 23.5 0
      vertex 48.5 25 0
      vertex 52 23.5 0
    endloop
  endfacet
  facet normal 0 0 -1
    outer loop
      vertex 46.5 23.5 0
      vertex 47 27 0
      vertex 48.5 25 0
    endloop
  endfacet
  facet normal 0 0 -1
    outer loop
      vertex 45 25.5 0
      vertex 46.5 23.5 0
      vertex 45 20 0
    endloop
  endfacet
  facet normal 0 0 -1
    outer loop
      vertex 46.5 23.5 0
      vertex 45 25.5 0
      vertex 47 27 0
    endloop
  endfacet
  facet normal 0 0 -1
    outer loop
      vertex 43.5 25.5 0
      vertex 47 27 0
      vertex 45 25.5 0
    endloop
  endfacet
  facet normal 0 0 -1
    outer loop
      vertex 42 23.5 0
      vertex 43.5 25.5 0
      vertex 42 22 0
    endloop
  endfacet
  facet normal 0 0 -1
    outer loop
      vertex 43.5 25.5 0
      vertex 41.5 27 0
      vertex 47 27 0
    endloop
  endfacet
  facet normal 0 0 -1
    outer loop
      vertex 42 23.5 0
      vertex 41.5 27 0
      vertex 43.5 25.5 0
    endloop
  endfacet
  facet normal -0 0 -1
    outer loop
      vertex 41.5 27 0
      vertex 40 25 0
      vertex 41.5 28.5 0
    endloop
  endfacet
  facet normal 0 0 -1
    outer loop
      vertex 42 23.5 0
      vertex 40 25 0
      vertex 41.5 27 0
    endloop
  endfacet
  facet normal 0 0 -1
    outer loop
      vertex 42 23.5 0
      vertex 38.5 25 0
      vertex 40 25 0
    endloop
  endfacet
  facet normal 0 0 -1
    outer loop
      vertex 38.5 25 0
      vertex 37 27 0
      vertex 38.5 30.5 0
    endloop
  endfacet
  facet normal 0 0 -1
    outer loop
      vertex 36.5 23.5 0
      vertex 38.5 25 0
      vertex 42 23.5 0
    endloop
  endfacet
  facet normal 0 0 -1
    outer loop
      vertex 36.5 23.5 0
      vertex 37 27 0
      vertex 38.5 25 0
    endloop
  endfacet
  facet normal 0 0 -1
    outer loop
      vertex 35 25.5 0
      vertex 36.5 23.5 0
      vertex 35 20 0
    endloop
  endfacet
  facet normal 0 0 -1
    outer loop
      vertex 36.5 23.5 0
      vertex 35 25.5 0
      vertex 37 27 0
    endloop
  endfacet
  facet normal 0 0 -1
    outer loop
      vertex 33.5 25.5 0
      vertex 37 27 0
      vertex 35 25.5 0
    endloop
  endfacet
  facet normal 0 0 -1
    outer loop
      vertex 32 23.5 0
      vertex 33.5 25.5 0
      vertex 32 22 0
    endloop
  endfacet
  facet normal 0 0 -1
    outer loop
      vertex 33.5 25.5 0
      vertex 31.5 27 0
      vertex 37 27 0
    endloop
  endfacet
  facet normal 0 0 -1
    outer loop
      vertex 32 23.5 0
      vertex 31.5 27 0
      vertex 33.5 25.5 0
    endloop
  endfacet
  facet normal -0 0 -1
    outer loop
      vertex 31.5 27 0
      vertex 30 25 0
      vertex 31.5 28.5 0
    endloop
  endfacet
  facet normal 0 0 -1
    outer loop
      vertex 32 23.5 0
      vertex 30 25 0
      vertex 31.5 27 0
    endloop
  endfacet
  facet normal 0 0 -1
    outer loop
      vertex 32 23.5 0
      vertex 28.5 25 0
      vertex 30 25 0
    endloop
  endfacet
  facet normal 0 0 -1
    outer loop
      vertex 28.5 25 0
      vertex 27 27 0
      vertex 28.5 30.5 0
    endloop
  endfacet
  facet normal 0 0 -1
    outer loop
      vertex 26.5 23.5 0
      vertex 28.5 25 0
      vertex 32 23.5 0
    endloop
  endfacet
  facet normal 0 0 -1
    outer loop
      vertex 26.5 23.5 0
      vertex 27 27 0
      vertex 28.5 25 0
    endloop
  endfacet
  facet normal 0 0 -1
    outer loop
      vertex 25 25.5 0
      vertex 26.5 23.5 0
      vertex 25 20 0
    endloop
  endfacet
  facet normal 0 0 -1
    outer loop
      vertex 26.5 23.5 0
      vertex 25 25.5 0
      vertex 27 27 0
    endloop
  endfacet
  facet normal 0 0 -1
    outer loop
      vertex 23.5 25.5 0
      vertex 27 27 0
      vertex 25 25.5 0
    endloop
  endfacet
  facet normal 0 0 -1
    outer loop
      vertex 22 23.5 0
      vertex 23.5 25.5 0
      vertex 22 22 0
    endloop
  endfacet
  facet normal 0 0 -1
    outer loop
      vertex 23.5 25.5 0
      vertex 21.5 27 0
      vertex 27 27 0
    endloop
  endfacet
  facet normal 0 0 -1
    outer loop
      vertex 22 23.5 0
      vertex 21.5 27 0
      vertex 23.5 25.5 0
    endloop
  endfacet
  facet normal -0 0 -1
    outer loop
      vertex 21.5 27 0
      vertex 20 25 0
      vertex 21.5 28.5 0
    endloop
  endfacet
  facet normal 0 0 -1
    outer loop
      vertex 22 23.5 0
      vertex 20 25 0
      vertex 21.5 27 0
    endloop
  endfacet
  facet normal 0 0 -1
    outer loop
      vertex 22 23.5 0
      vertex 18.5 25 0
      vertex 20 25 0
    endloop
  endfacet
  facet normal 0 0 -1
    outer loop
      vertex 18.5 25 0
      vertex 17 27 0
      vertex 18.5 30.5 0
    endloop
  endfacet
  facet normal 0 0 -1
    outer loop
      vertex 16.5 23.5 0
      vertex 18.5 25 0
      vertex 22 23.5 0
    endloop
  endfacet
  facet normal 0 0 -1
    outer loop
      vertex 16.5 23.5 0
      vertex 17 27 0
      vertex 18.5 25 0
    endloop
  endfacet
  facet normal 0 0 -1
    outer loop
      vertex 15 25.5 0
      vertex 16.5 23.5 0
      vertex 15 20 0
    endloop
  endfacet
  facet normal 0 0 -1
    outer loop
      vertex 16.5 23.5 0
      vertex 15 25.5 0
      vertex 17 27 0
    endloop
  endfacet
  facet normal 0 0 -1
    outer loop
      vertex 13.5 25.5 0
      vertex 17 27 0
      vertex 15 25.5 0
    endloop
  endfacet
  facet normal 0 0 -1
    outer loop
      vertex 12 23.5 0
      vertex 13.5 25.5 0
      vertex 12 22 0
    endloop
  endfacet
  facet normal 0 0 -1
    outer loop
      vertex 13.5 25.5 0
      vertex 11.5 27 0
      vertex 17 27 0
    endloop
  endfacet
  facet normal 0 0 -1
    outer loop
      vertex 12 23.5 0
      vertex 11.5 27 0
      vertex 13.5 25.5 0
    endloop
  endfacet
  facet normal 0 0 -1
    outer loop
      vertex 9 32 0
      vertex 11.5 27 0
      vertex 9.5 23.5 0
    endloop
  endfacet
  facet normal 0 0 -1
    outer loop
      vertex 9.5 23.5 0
      vertex 11.5 27 0
      vertex 12 23.5 0
    endloop
  endfacet
  facet normal 0 0 -1
    outer loop
      vertex 60.0687 15.8857 0
      vertex 60.5 22 0
      vertex 60.8515 15.5614 0
    endloop
  endfacet
  facet normal 0 0 -1
    outer loop
      vertex 59.2447 16.0835 0
      vertex 60.5 22 0
      vertex 60.0687 15.8857 0
    endloop
  endfacet
  facet normal 0 0 -1
    outer loop
      vertex 58.4 16.15 0
      vertex 60.5 22 0
      vertex 59.2447 16.0835 0
    endloop
  endfacet
  facet normal 0 0 -1
    outer loop
      vertex 55 20 0
      vertex 58.4 16.15 0
      vertex 57.5553 16.0835 0
    endloop
  endfacet
  facet normal 0 0 -1
    outer loop
      vertex 55 20 0
      vertex 57.5553 16.0835 0
      vertex 56.7313 15.8857 0
    endloop
  endfacet
  facet normal 0 0 -1
    outer loop
      vertex 58.4 16.15 0
      vertex 56.5 22 0
      vertex 60.5 22 0
    endloop
  endfacet
  facet normal 0 0 -1
    outer loop
      vertex 55 20 0
      vertex 55.9485 15.5614 0
      vertex 55.226 15.1187 0
    endloop
  endfacet
  facet normal 0 0 -1
    outer loop
      vertex 55 20 0
      vertex 56.7313 15.8857 0
      vertex 55.9485 15.5614 0
    endloop
  endfacet
  facet normal 0 0 -1
    outer loop
      vertex 61.5 48.5 0
      vertex 62 52 0
      vertex 62.5 48.5 0
    endloop
  endfacet
  facet normal 0 0 -1
    outer loop
      vertex 60 50.5 0
      vertex 61.5 48.5 0
      vertex 60 45 0
    endloop
  endfacet
  facet normal 0 0 -1
    outer loop
      vertex 61.5 48.5 0
      vertex 60 50.5 0
      vertex 62 52 0
    endloop
  endfacet
  facet normal 0 0 -1
    outer loop
      vertex 58.5 50.5 0
      vertex 62 52 0
      vertex 60 50.5 0
    endloop
  endfacet
  facet normal 0 0 -1
    outer loop
      vertex 57 48.5 0
      vertex 58.5 50.5 0
      vertex 57 47 0
    endloop
  endfacet
  facet normal 0 0 -1
    outer loop
      vertex 58.5 50.5 0
      vertex 56.5 52 0
      vertex 62 52 0
    endloop
  endfacet
  facet normal 0 0 -1
    outer loop
      vertex 57 48.5 0
      vertex 56.5 52 0
      vertex 58.5 50.5 0
    endloop
  endfacet
  facet normal -0 0 -1
    outer loop
      vertex 56.5 52 0
      vertex 55 50 0
      vertex 56.5 53.5 0
    endloop
  endfacet
  facet normal 0 0 -1
    outer loop
      vertex 57 48.5 0
      vertex 55 50 0
      vertex 56.5 52 0
    endloop
  endfacet
  facet normal 0 0 -1
    outer loop
      vertex 57 48.5 0
      vertex 53.5 50 0
      vertex 55 50 0
    endloop
  endfacet
  facet normal 0 0 -1
    outer loop
      vertex 53.5 50 0
      vertex 52 52 0
      vertex 53.5 55.5 0
    endloop
  endfacet
  facet normal 0 0 -1
    outer loop
      vertex 51.5 48.5 0
      vertex 53.5 50 0
      vertex 57 48.5 0
    endloop
  endfacet
  facet normal 0 0 -1
    outer loop
      vertex 51.5 48.5 0
      vertex 52 52 0
      vertex 53.5 50 0
    endloop
  endfacet
  facet normal 0 0 -1
    outer loop
      vertex 50 50.5 0
      vertex 51.5 48.5 0
      vertex 50 45 0
    endloop
  endfacet
  facet normal 0 0 -1
    outer loop
      vertex 51.5 48.5 0
      vertex 50 50.5 0
      vertex 52 52 0
    endloop
  endfacet
  facet normal 0 0 -1
    outer loop
      vertex 48.5 50.5 0
      vertex 52 52 0
      vertex 50 50.5 0
    endloop
  endfacet
  facet normal 0 0 -1
    outer loop
      vertex 47 48.5 0
      vertex 48.5 50.5 0
      vertex 47 47 0
    endloop
  endfacet
  facet normal 0 0 -1
    outer loop
      vertex 48.5 50.5 0
      vertex 46.5 52 0
      vertex 52 52 0
    endloop
  endfacet
  facet normal 0 0 -1
    outer loop
      vertex 47 48.5 0
      vertex 46.5 52 0
      vertex 48.5 50.5 0
    endloop
  endfacet
  facet normal -0 0 -1
    outer loop
      vertex 46.5 52 0
      vertex 45 50 0
      vertex 46.5 53.5 0
    endloop
  endfacet
  facet normal 0 0 -1
    outer loop
      vertex 47 48.5 0
      vertex 45 50 0
      vertex 46.5 52 0
    endloop
  endfacet
  facet normal 0 0 -1
    outer loop
      vertex 47 48.5 0
      vertex 43.5 50 0
      vertex 45 50 0
    endloop
  endfacet
  facet normal 0 0 -1
    outer loop
      vertex 43.5 50 0
      vertex 42 52 0
      vertex 43.5 55.5 0
    endloop
  endfacet
  facet normal 0 0 -1
    outer loop
      vertex 41.5 48.5 0
      vertex 43.5 50 0
      vertex 47 48.5 0
    endloop
  endfacet
  facet normal 0 0 -1
    outer loop
      vertex 41.5 48.5 0
      vertex 42 52 0
      vertex 43.5 50 0
    endloop
  endfacet
  facet normal 0 0 -1
    outer loop
      vertex 40 50.5 0
      vertex 41.5 48.5 0
      vertex 40 45 0
    endloop
  endfacet
  facet normal 0 0 -1
    outer loop
      vertex 41.5 48.5 0
      vertex 40 50.5 0
      vertex 42 52 0
    endloop
  endfacet
  facet normal 0 0 -1
    outer loop
      vertex 38.5 50.5 0
      vertex 42 52 0
      vertex 40 50.5 0
    endloop
  endfacet
  facet normal 0 0 -1
    outer loop
      vertex 37 48.5 0
      vertex 38.5 50.5 0
      vertex 37 47 0
    endloop
  endfacet
  facet normal 0 0 -1
    outer loop
      vertex 38.5 50.5 0
      vertex 36.5 52 0
      vertex 42 52 0
    endloop
  endfacet
  facet normal 0 0 -1
    outer loop
      vertex 37 48.5 0
      vertex 36.5 52 0
      vertex 38.5 50.5 0
    endloop
  endfacet
  facet normal -0 0 -1
    outer loop
      vertex 36.5 52 0
      vertex 35 50 0
      vertex 36.5 53.5 0
    endloop
  endfacet
  facet normal 0 0 -1
    outer loop
      vertex 37 48.5 0
      vertex 35 50 0
      vertex 36.5 52 0
    endloop
  endfacet
  facet normal 0 0 -1
    outer loop
      vertex 37 48.5 0
      vertex 33.5 50 0
      vertex 35 50 0
    endloop
  endfacet
  facet normal 0 0 -1
    outer loop
      vertex 33.5 50 0
      vertex 32 52 0
      vertex 33.5 55.5 0
    endloop
  endfacet
  facet normal 0 0 -1
    outer loop
      vertex 31.5 48.5 0
      vertex 33.5 50 0
      vertex 37 48.5 0
    endloop
  endfacet
  facet normal 0 0 -1
    outer loop
      vertex 31.5 48.5 0
      vertex 32 52 0
      vertex 33.5 50 0
    endloop
  endfacet
  facet normal 0 0 -1
    outer loop
      vertex 30 50.5 0
      vertex 31.5 48.5 0
      vertex 30 45 0
    endloop
  endfacet
  facet normal 0 0 -1
    outer loop
      vertex 31.5 48.5 0
      vertex 30 50.5 0
      vertex 32 52 0
    endloop
  endfacet
  facet normal 0 0 -1
    outer loop
      vertex 28.5 50.5 0
      vertex 32 52 0
      vertex 30 50.5 0
    endloop
  endfacet
  facet normal 0 0 -1
    outer loop
      vertex 27 48.5 0
      vertex 28.5 50.5 0
      vertex 27 47 0
    endloop
  endfacet
  facet normal 0 0 -1
    outer loop
      vertex 28.5 50.5 0
      vertex 26.5 52 0
      vertex 32 52 0
    endloop
  endfacet
  facet normal 0 0 -1
    outer loop
      vertex 27 48.5 0
      vertex 26.5 52 0
      vertex 28.5 50.5 0
    endloop
  endfacet
  facet normal -0 0 -1
    outer loop
      vertex 26.5 52 0
      vertex 25 50 0
      vertex 26.5 53.5 0
    endloop
  endfacet
  facet normal 0 0 -1
    outer loop
      vertex 27 48.5 0
      vertex 25 50 0
      vertex 26.5 52 0
    endloop
  endfacet
  facet normal 0 0 -1
    outer loop
      vertex 27 48.5 0
      vertex 23.5 50 0
      vertex 25 50 0
    endloop
  endfacet
  facet normal 0 0 -1
    outer loop
      vertex 23.5 50 0
      vertex 22 52 0
      vertex 23.5 55.5 0
    endloop
  endfacet
  facet normal 0 0 -1
    outer loop
      vertex 21.5 48.5 0
      vertex 23.5 50 0
      vertex 27 48.5 0
    endloop
  endfacet
  facet normal 0 0 -1
    outer loop
      vertex 21.5 48.5 0
      vertex 22 52 0
      vertex 23.5 50 0
    endloop
  endfacet
  facet normal 0 0 -1
    outer loop
      vertex 20 50.5 0
      vertex 21.5 48.5 0
      vertex 20 45 0
    endloop
  endfacet
  facet normal 0 0 -1
    outer loop
      vertex 21.5 48.5 0
      vertex 20 50.5 0
      vertex 22 52 0
    endloop
  endfacet
  facet normal 0 0 -1
    outer loop
      vertex 18.5 50.5 0
      vertex 22 52 0
      vertex 20 50.5 0
    endloop
  endfacet
  facet normal 0 0 -1
    outer loop
      vertex 17 48.5 0
      vertex 18.5 50.5 0
      vertex 17 47 0
    endloop
  endfacet
  facet normal 0 0 -1
    outer loop
      vertex 18.5 50.5 0
      vertex 16.5 52 0
      vertex 22 52 0
    endloop
  endfacet
  facet normal 0 0 -1
    outer loop
      vertex 17 48.5 0
      vertex 16.5 52 0
      vertex 18.5 50.5 0
    endloop
  endfacet
  facet normal -0 0 -1
    outer loop
      vertex 16.5 52 0
      vertex 15 50 0
      vertex 16.5 53.5 0
    endloop
  endfacet
  facet normal 0 0 -1
    outer loop
      vertex 17 48.5 0
      vertex 15 50 0
      vertex 16.5 52 0
    endloop
  endfacet
  facet normal 0 0 -1
    outer loop
      vertex 17 48.5 0
      vertex 13.5 50 0
      vertex 15 50 0
    endloop
  endfacet
  facet normal 0 0 -1
    outer loop
      vertex 13.5 50 0
      vertex 12 52 0
      vertex 13.5 55.5 0
    endloop
  endfacet
  facet normal 0 0 -1
    outer loop
      vertex 11.5 48.5 0
      vertex 13.5 50 0
      vertex 17 48.5 0
    endloop
  endfacet
  facet normal 0 0 -1
    outer loop
      vertex 11.5 48.5 0
      vertex 12 52 0
      vertex 13.5 50 0
    endloop
  endfacet
  facet normal -0 0 -1
    outer loop
      vertex 12 52 0
      vertex 11.5 48.5 0
      vertex 11 52 0
    endloop
  endfacet
  facet normal 0 0 -1
    outer loop
      vertex 61.5 28.5 0
      vertex 62 32 0
      vertex 62.5 28.5 0
    endloop
  endfacet
  facet normal 0 0 -1
    outer loop
      vertex 60.5 22 0
      vertex 61.3918 15.2466 0
      vertex 61.3837 15.2534 0
    endloop
  endfacet
  facet normal 0 0 -1
    outer loop
      vertex 60.8515 15.5614 0
      vertex 61.3837 15.2534 0
      vertex 61.3674 15.2453 0
    endloop
  endfacet
  facet normal 0 0 -1
    outer loop
      vertex 61.3837 15.2534 0
      vertex 60.8515 15.5614 0
      vertex 60.5 22 0
    endloop
  endfacet
  facet normal 0 0 -1
    outer loop
      vertex 60 25 0
      vertex 62.5 27 0
      vertex 60.5 23.5 0
    endloop
  endfacet
  facet normal -0 0 -1
    outer loop
      vertex 62.5 27 0
      vertex 60 25 0
      vertex 61.5 27 0
    endloop
  endfacet
  facet normal -0 0 -1
    outer loop
      vertex 61.5 27 0
      vertex 60 25 0
      vertex 61.5 28.5 0
    endloop
  endfacet
  facet normal 0 0 -1
    outer loop
      vertex 60 30.5 0
      vertex 61.5 28.5 0
      vertex 60 25 0
    endloop
  endfacet
  facet normal 0 0 -1
    outer loop
      vertex 61.5 28.5 0
      vertex 60 30.5 0
      vertex 62 32 0
    endloop
  endfacet
  facet normal 0 0 -1
    outer loop
      vertex 58.5 30.5 0
      vertex 62 32 0
      vertex 60 30.5 0
    endloop
  endfacet
  facet normal 0 0 -1
    outer loop
      vertex 57 28.5 0
      vertex 58.5 30.5 0
      vertex 57 27 0
    endloop
  endfacet
  facet normal 0 0 -1
    outer loop
      vertex 58.5 30.5 0
      vertex 56.5 32 0
      vertex 62 32 0
    endloop
  endfacet
  facet normal 0 0 -1
    outer loop
      vertex 57 28.5 0
      vertex 56.5 32 0
      vertex 58.5 30.5 0
    endloop
  endfacet
  facet normal -0 0 -1
    outer loop
      vertex 56.5 32 0
      vertex 55 30 0
      vertex 56.5 33.5 0
    endloop
  endfacet
  facet normal 0 0 -1
    outer loop
      vertex 57 28.5 0
      vertex 55 30 0
      vertex 56.5 32 0
    endloop
  endfacet
  facet normal 0 0 -1
    outer loop
      vertex 57 28.5 0
      vertex 53.5 30 0
      vertex 55 30 0
    endloop
  endfacet
  facet normal 0 0 -1
    outer loop
      vertex 53.5 30 0
      vertex 52 32 0
      vertex 53.5 35.5 0
    endloop
  endfacet
  facet normal 0 0 -1
    outer loop
      vertex 51.5 28.5 0
      vertex 53.5 30 0
      vertex 57 28.5 0
    endloop
  endfacet
  facet normal 0 0 -1
    outer loop
      vertex 51.5 28.5 0
      vertex 52 32 0
      vertex 53.5 30 0
    endloop
  endfacet
  facet normal 0 0 -1
    outer loop
      vertex 50 30.5 0
      vertex 51.5 28.5 0
      vertex 50 25 0
    endloop
  endfacet
  facet normal 0 0 -1
    outer loop
      vertex 51.5 28.5 0
      vertex 50 30.5 0
      vertex 52 32 0
    endloop
  endfacet
  facet normal 0 0 -1
    outer loop
      vertex 48.5 30.5 0
      vertex 52 32 0
      vertex 50 30.5 0
    endloop
  endfacet
  facet normal 0 0 -1
    outer loop
      vertex 47 28.5 0
      vertex 48.5 30.5 0
      vertex 47 27 0
    endloop
  endfacet
  facet normal 0 0 -1
    outer loop
      vertex 48.5 30.5 0
      vertex 46.5 32 0
      vertex 52 32 0
    endloop
  endfacet
  facet normal 0 0 -1
    outer loop
      vertex 47 28.5 0
      vertex 46.5 32 0
      vertex 48.5 30.5 0
    endloop
  endfacet
  facet normal -0 0 -1
    outer loop
      vertex 46.5 32 0
      vertex 45 30 0
      vertex 46.5 33.5 0
    endloop
  endfacet
  facet normal 0 0 -1
    outer loop
      vertex 47 28.5 0
      vertex 45 30 0
      vertex 46.5 32 0
    endloop
  endfacet
  facet normal 0 0 -1
    outer loop
      vertex 47 28.5 0
      vertex 43.5 30 0
      vertex 45 30 0
    endloop
  endfacet
  facet normal 0 0 -1
    outer loop
      vertex 43.5 30 0
      vertex 42 32 0
      vertex 43.5 35.5 0
    endloop
  endfacet
  facet normal 0 0 -1
    outer loop
      vertex 41.5 28.5 0
      vertex 43.5 30 0
      vertex 47 28.5 0
    endloop
  endfacet
  facet normal 0 0 -1
    outer loop
      vertex 41.5 28.5 0
      vertex 42 32 0
      vertex 43.5 30 0
    endloop
  endfacet
  facet normal 0 0 -1
    outer loop
      vertex 40 30.5 0
      vertex 41.5 28.5 0
      vertex 40 25 0
    endloop
  endfacet
  facet normal 0 0 -1
    outer loop
      vertex 41.5 28.5 0
      vertex 40 30.5 0
      vertex 42 32 0
    endloop
  endfacet
  facet normal 0 0 -1
    outer loop
      vertex 38.5 30.5 0
      vertex 42 32 0
      vertex 40 30.5 0
    endloop
  endfacet
  facet normal 0 0 -1
    outer loop
      vertex 37 28.5 0
      vertex 38.5 30.5 0
      vertex 37 27 0
    endloop
  endfacet
  facet normal 0 0 -1
    outer loop
      vertex 38.5 30.5 0
      vertex 36.5 32 0
      vertex 42 32 0
    endloop
  endfacet
  facet normal 0 0 -1
    outer loop
      vertex 37 28.5 0
      vertex 36.5 32 0
      vertex 38.5 30.5 0
    endloop
  endfacet
  facet normal -0 0 -1
    outer loop
      vertex 36.5 32 0
      vertex 35 30 0
      vertex 36.5 33.5 0
    endloop
  endfacet
  facet normal 0 0 -1
    outer loop
      vertex 37 28.5 0
      vertex 35 30 0
      vertex 36.5 32 0
    endloop
  endfacet
  facet normal 0 0 -1
    outer loop
      vertex 37 28.5 0
      vertex 33.5 30 0
      vertex 35 30 0
    endloop
  endfacet
  facet normal 0 0 -1
    outer loop
      vertex 33.5 30 0
      vertex 32 32 0
      vertex 33.5 35.5 0
    endloop
  endfacet
  facet normal 0 0 -1
    outer loop
      vertex 31.5 28.5 0
      vertex 33.5 30 0
      vertex 37 28.5 0
    endloop
  endfacet
  facet normal 0 0 -1
    outer loop
      vertex 31.5 28.5 0
      vertex 32 32 0
      vertex 33.5 30 0
    endloop
  endfacet
  facet normal 0 0 -1
    outer loop
      vertex 30 30.5 0
      vertex 31.5 28.5 0
      vertex 30 25 0
    endloop
  endfacet
  facet normal 0 0 -1
    outer loop
      vertex 31.5 28.5 0
      vertex 30 30.5 0
      vertex 32 32 0
    endloop
  endfacet
  facet normal 0 0 -1
    outer loop
      vertex 28.5 30.5 0
      vertex 32 32 0
      vertex 30 30.5 0
    endloop
  endfacet
  facet normal 0 0 -1
    outer loop
      vertex 27 28.5 0
      vertex 28.5 30.5 0
      vertex 27 27 0
    endloop
  endfacet
  facet normal 0 0 -1
    outer loop
      vertex 28.5 30.5 0
      vertex 26.5 32 0
      vertex 32 32 0
    endloop
  endfacet
  facet normal 0 0 -1
    outer loop
      vertex 27 28.5 0
      vertex 26.5 32 0
      vertex 28.5 30.5 0
    endloop
  endfacet
  facet normal -0 0 -1
    outer loop
      vertex 26.5 32 0
      vertex 25 30 0
      vertex 26.5 33.5 0
    endloop
  endfacet
  facet normal 0 0 -1
    outer loop
      vertex 27 28.5 0
      vertex 25 30 0
      vertex 26.5 32 0
    endloop
  endfacet
  facet normal 0 0 -1
    outer loop
      vertex 27 28.5 0
      vertex 23.5 30 0
      vertex 25 30 0
    endloop
  endfacet
  facet normal 0 0 -1
    outer loop
      vertex 23.5 30 0
      vertex 22 32 0
      vertex 23.5 35.5 0
    endloop
  endfacet
  facet normal 0 0 -1
    outer loop
      vertex 21.5 28.5 0
      vertex 23.5 30 0
      vertex 27 28.5 0
    endloop
  endfacet
  facet normal 0 0 -1
    outer loop
      vertex 21.5 28.5 0
      vertex 22 32 0
      vertex 23.5 30 0
    endloop
  endfacet
  facet normal 0 0 -1
    outer loop
      vertex 20 30.5 0
      vertex 21.5 28.5 0
      vertex 20 25 0
    endloop
  endfacet
  facet normal 0 0 -1
    outer loop
      vertex 21.5 28.5 0
      vertex 20 30.5 0
      vertex 22 32 0
    endloop
  endfacet
  facet normal 0 0 -1
    outer loop
      vertex 18.5 30.5 0
      vertex 22 32 0
      vertex 20 30.5 0
    endloop
  endfacet
  facet normal 0 0 -1
    outer loop
      vertex 17 28.5 0
      vertex 18.5 30.5 0
      vertex 17 27 0
    endloop
  endfacet
  facet normal 0 0 -1
    outer loop
      vertex 18.5 30.5 0
      vertex 16.5 32 0
      vertex 22 32 0
    endloop
  endfacet
  facet normal 0 0 -1
    outer loop
      vertex 17 28.5 0
      vertex 16.5 32 0
      vertex 18.5 30.5 0
    endloop
  endfacet
  facet normal -0 0 -1
    outer loop
      vertex 16.5 32 0
      vertex 15 30 0
      vertex 16.5 33.5 0
    endloop
  endfacet
  facet normal 0 0 -1
    outer loop
      vertex 17 28.5 0
      vertex 15 30 0
      vertex 16.5 32 0
    endloop
  endfacet
  facet normal 0 0 -1
    outer loop
      vertex 17 28.5 0
      vertex 13.5 30 0
      vertex 15 30 0
    endloop
  endfacet
  facet normal 0 0 -1
    outer loop
      vertex 13.5 30 0
      vertex 12 32 0
      vertex 13.5 35.5 0
    endloop
  endfacet
  facet normal 0 0 -1
    outer loop
      vertex 11.5 28.5 0
      vertex 13.5 30 0
      vertex 17 28.5 0
    endloop
  endfacet
  facet normal 0 0 -1
    outer loop
      vertex 11.5 28.5 0
      vertex 12 32 0
      vertex 13.5 30 0
    endloop
  endfacet
  facet normal 0 0 -1
    outer loop
      vertex 11.5 27 0
      vertex 9 32 0
      vertex 11.5 28.5 0
    endloop
  endfacet
  facet normal 0 0 -1
    outer loop
      vertex 9.13437 8.32747 0
      vertex 9.5 22 0
      vertex 9.26457 8.58301 0
    endloop
  endfacet
  facet normal 0 0 -1
    outer loop
      vertex 9.11153 8.18326 0
      vertex 9.5 22 0
      vertex 9.13437 8.32747 0
    endloop
  endfacet
  facet normal 0 0 -1
    outer loop
      vertex 9.06667 7.9 0
      vertex 9.5 22 0
      vertex 9.11153 8.18326 0
    endloop
  endfacet
  facet normal 0 0 -1
    outer loop
      vertex 9 32 0
      vertex 9.5 22 0
      vertex 9.06667 7.9 0
    endloop
  endfacet
  facet normal 0 0 -1
    outer loop
      vertex 11.5 28.5 0
      vertex 9 32 0
      vertex 12 32 0
    endloop
  endfacet
  facet normal 0 0 -1
    outer loop
      vertex 9.5 22 0
      vertex 9 32 0
      vertex 9.5 23.5 0
    endloop
  endfacet
  facet normal 0 -0 -1
    outer loop
      vertex 62.5 27 0
      vertex 64.8946 25.687 0
      vertex 60.5 23.5 0
    endloop
  endfacet
  facet normal 0 0 -1
    outer loop
      vertex 64.8946 25.687 0
      vertex 62.5 27 0
      vertex 64.7644 25.9425 0
    endloop
  endfacet
  facet normal 0 0 -1
    outer loop
      vertex 60.5 22 0
      vertex 63.3475 18.6656 0
      vertex 63.2033 18.6885 0
    endloop
  endfacet
  facet normal 0 0 -1
    outer loop
      vertex 60.5 22 0
      vertex 63.2033 18.6885 0
      vertex 62.92 18.7333 0
    endloop
  endfacet
  facet normal 0 0 -1
    outer loop
      vertex 60.5 22 0
      vertex 62.92 18.7333 0
      vertex 62.6367 18.6885 0
    endloop
  endfacet
  facet normal 0 0 -1
    outer loop
      vertex 64.6967 26.37 0
      vertex 62.5 27 0
      vertex 62.5 28.5 0
    endloop
  endfacet
  facet normal 0 0 -1
    outer loop
      vertex 62 32 0
      vertex 64.6967 26.37 0
      vertex 62.5 28.5 0
    endloop
  endfacet
  facet normal 0 0 -1
    outer loop
      vertex 64.6967 26.37 0
      vertex 62 32 0
      vertex 63.5 37 0
    endloop
  endfacet
  facet normal 0 0 -1
    outer loop
      vertex 62 33.5 0
      vertex 63.5 37 0
      vertex 62 32 0
    endloop
  endfacet
  facet normal 0 0 -1
    outer loop
      vertex 62 33.5 0
      vertex 61.5 37 0
      vertex 63.5 37 0
    endloop
  endfacet
  facet normal -0 0 -1
    outer loop
      vertex 61.5 37 0
      vertex 60 35 0
      vertex 61.5 38.5 0
    endloop
  endfacet
  facet normal 0 0 -1
    outer loop
      vertex 62 33.5 0
      vertex 60 35 0
      vertex 61.5 37 0
    endloop
  endfacet
  facet normal 0 0 -1
    outer loop
      vertex 62 33.5 0
      vertex 58.5 35 0
      vertex 60 35 0
    endloop
  endfacet
  facet normal 0 0 -1
    outer loop
      vertex 58.5 35 0
      vertex 57 37 0
      vertex 58.5 40.5 0
    endloop
  endfacet
  facet normal 0 0 -1
    outer loop
      vertex 56.5 33.5 0
      vertex 58.5 35 0
      vertex 62 33.5 0
    endloop
  endfacet
  facet normal 0 0 -1
    outer loop
      vertex 56.5 33.5 0
      vertex 57 37 0
      vertex 58.5 35 0
    endloop
  endfacet
  facet normal 0 0 -1
    outer loop
      vertex 55 35.5 0
      vertex 56.5 33.5 0
      vertex 55 30 0
    endloop
  endfacet
  facet normal 0 0 -1
    outer loop
      vertex 56.5 33.5 0
      vertex 55 35.5 0
      vertex 57 37 0
    endloop
  endfacet
  facet normal 0 0 -1
    outer loop
      vertex 53.5 35.5 0
      vertex 57 37 0
      vertex 55 35.5 0
    endloop
  endfacet
  facet normal 0 0 -1
    outer loop
      vertex 52 33.5 0
      vertex 53.5 35.5 0
      vertex 52 32 0
    endloop
  endfacet
  facet normal 0 0 -1
    outer loop
      vertex 53.5 35.5 0
      vertex 51.5 37 0
      vertex 57 37 0
    endloop
  endfacet
  facet normal 0 0 -1
    outer loop
      vertex 52 33.5 0
      vertex 51.5 37 0
      vertex 53.5 35.5 0
    endloop
  endfacet
  facet normal -0 0 -1
    outer loop
      vertex 51.5 37 0
      vertex 50 35 0
      vertex 51.5 38.5 0
    endloop
  endfacet
  facet normal 0 0 -1
    outer loop
      vertex 52 33.5 0
      vertex 50 35 0
      vertex 51.5 37 0
    endloop
  endfacet
  facet normal 0 0 -1
    outer loop
      vertex 52 33.5 0
      vertex 48.5 35 0
      vertex 50 35 0
    endloop
  endfacet
  facet normal 0 0 -1
    outer loop
      vertex 48.5 35 0
      vertex 47 37 0
      vertex 48.5 40.5 0
    endloop
  endfacet
  facet normal 0 0 -1
    outer loop
      vertex 46.5 33.5 0
      vertex 48.5 35 0
      vertex 52 33.5 0
    endloop
  endfacet
  facet normal 0 0 -1
    outer loop
      vertex 46.5 33.5 0
      vertex 47 37 0
      vertex 48.5 35 0
    endloop
  endfacet
  facet normal 0 0 -1
    outer loop
      vertex 45 35.5 0
      vertex 46.5 33.5 0
      vertex 45 30 0
    endloop
  endfacet
  facet normal 0 0 -1
    outer loop
      vertex 46.5 33.5 0
      vertex 45 35.5 0
      vertex 47 37 0
    endloop
  endfacet
  facet normal 0 0 -1
    outer loop
      vertex 43.5 35.5 0
      vertex 47 37 0
      vertex 45 35.5 0
    endloop
  endfacet
  facet normal 0 0 -1
    outer loop
      vertex 42 33.5 0
      vertex 43.5 35.5 0
      vertex 42 32 0
    endloop
  endfacet
  facet normal 0 0 -1
    outer loop
      vertex 43.5 35.5 0
      vertex 41.5 37 0
      vertex 47 37 0
    endloop
  endfacet
  facet normal 0 0 -1
    outer loop
      vertex 42 33.5 0
      vertex 41.5 37 0
      vertex 43.5 35.5 0
    endloop
  endfacet
  facet normal -0 0 -1
    outer loop
      vertex 41.5 37 0
      vertex 40 35 0
      vertex 41.5 38.5 0
    endloop
  endfacet
  facet normal 0 0 -1
    outer loop
      vertex 42 33.5 0
      vertex 40 35 0
      vertex 41.5 37 0
    endloop
  endfacet
  facet normal 0 0 -1
    outer loop
      vertex 42 33.5 0
      vertex 38.5 35 0
      vertex 40 35 0
    endloop
  endfacet
  facet normal 0 0 -1
    outer loop
      vertex 38.5 35 0
      vertex 37 37 0
      vertex 38.5 40.5 0
    endloop
  endfacet
  facet normal 0 0 -1
    outer loop
      vertex 36.5 33.5 0
      vertex 38.5 35 0
      vertex 42 33.5 0
    endloop
  endfacet
  facet normal 0 0 -1
    outer loop
      vertex 36.5 33.5 0
      vertex 37 37 0
      vertex 38.5 35 0
    endloop
  endfacet
  facet normal 0 0 -1
    outer loop
      vertex 35 35.5 0
      vertex 36.5 33.5 0
      vertex 35 30 0
    endloop
  endfacet
  facet normal 0 0 -1
    outer loop
      vertex 36.5 33.5 0
      vertex 35 35.5 0
      vertex 37 37 0
    endloop
  endfacet
  facet normal 0 0 -1
    outer loop
      vertex 33.5 35.5 0
      vertex 37 37 0
      vertex 35 35.5 0
    endloop
  endfacet
  facet normal 0 0 -1
    outer loop
      vertex 32 33.5 0
      vertex 33.5 35.5 0
      vertex 32 32 0
    endloop
  endfacet
  facet normal 0 0 -1
    outer loop
      vertex 33.5 35.5 0
      vertex 31.5 37 0
      vertex 37 37 0
    endloop
  endfacet
  facet normal 0 0 -1
    outer loop
      vertex 32 33.5 0
      vertex 31.5 37 0
      vertex 33.5 35.5 0
    endloop
  endfacet
  facet normal -0 0 -1
    outer loop
      vertex 31.5 37 0
      vertex 30 35 0
      vertex 31.5 38.5 0
    endloop
  endfacet
  facet normal 0 0 -1
    outer loop
      vertex 32 33.5 0
      vertex 30 35 0
      vertex 31.5 37 0
    endloop
  endfacet
  facet normal 0 0 -1
    outer loop
      vertex 32 33.5 0
      vertex 28.5 35 0
      vertex 30 35 0
    endloop
  endfacet
  facet normal 0 0 -1
    outer loop
      vertex 28.5 35 0
      vertex 27 37 0
      vertex 28.5 40.5 0
    endloop
  endfacet
  facet normal 0 0 -1
    outer loop
      vertex 26.5 33.5 0
      vertex 28.5 35 0
      vertex 32 33.5 0
    endloop
  endfacet
  facet normal 0 0 -1
    outer loop
      vertex 26.5 33.5 0
      vertex 27 37 0
      vertex 28.5 35 0
    endloop
  endfacet
  facet normal 0 0 -1
    outer loop
      vertex 25 35.5 0
      vertex 26.5 33.5 0
      vertex 25 30 0
    endloop
  endfacet
  facet normal 0 0 -1
    outer loop
      vertex 26.5 33.5 0
      vertex 25 35.5 0
      vertex 27 37 0
    endloop
  endfacet
  facet normal 0 0 -1
    outer loop
      vertex 23.5 35.5 0
      vertex 27 37 0
      vertex 25 35.5 0
    endloop
  endfacet
  facet normal 0 0 -1
    outer loop
      vertex 22 33.5 0
      vertex 23.5 35.5 0
      vertex 22 32 0
    endloop
  endfacet
  facet normal 0 0 -1
    outer loop
      vertex 23.5 35.5 0
      vertex 21.5 37 0
      vertex 27 37 0
    endloop
  endfacet
  facet normal 0 0 -1
    outer loop
      vertex 22 33.5 0
      vertex 21.5 37 0
      vertex 23.5 35.5 0
    endloop
  endfacet
  facet normal -0 0 -1
    outer loop
      vertex 21.5 37 0
      vertex 20 35 0
      vertex 21.5 38.5 0
    endloop
  endfacet
  facet normal 0 0 -1
    outer loop
      vertex 22 33.5 0
      vertex 20 35 0
      vertex 21.5 37 0
    endloop
  endfacet
  facet normal 0 0 -1
    outer loop
      vertex 22 33.5 0
      vertex 18.5 35 0
      vertex 20 35 0
    endloop
  endfacet
  facet normal 0 0 -1
    outer loop
      vertex 18.5 35 0
      vertex 17 37 0
      vertex 18.5 40.5 0
    endloop
  endfacet
  facet normal 0 0 -1
    outer loop
      vertex 16.5 33.5 0
      vertex 18.5 35 0
      vertex 22 33.5 0
    endloop
  endfacet
  facet normal 0 0 -1
    outer loop
      vertex 16.5 33.5 0
      vertex 17 37 0
      vertex 18.5 35 0
    endloop
  endfacet
  facet normal 0 0 -1
    outer loop
      vertex 15 35.5 0
      vertex 16.5 33.5 0
      vertex 15 30 0
    endloop
  endfacet
  facet normal 0 0 -1
    outer loop
      vertex 16.5 33.5 0
      vertex 15 35.5 0
      vertex 17 37 0
    endloop
  endfacet
  facet normal 0 0 -1
    outer loop
      vertex 13.5 35.5 0
      vertex 17 37 0
      vertex 15 35.5 0
    endloop
  endfacet
  facet normal 0 0 -1
    outer loop
      vertex 12 33.5 0
      vertex 13.5 35.5 0
      vertex 12 32 0
    endloop
  endfacet
  facet normal 0 0 -1
    outer loop
      vertex 13.5 35.5 0
      vertex 11.5 37 0
      vertex 17 37 0
    endloop
  endfacet
  facet normal 0 0 -1
    outer loop
      vertex 12 33.5 0
      vertex 11.5 37 0
      vertex 13.5 35.5 0
    endloop
  endfacet
  facet normal 0 0 -1
    outer loop
      vertex 9 33.5 0
      vertex 11.5 38.5 0
      vertex 11.5 37 0
    endloop
  endfacet
  facet normal 0 0 -1
    outer loop
      vertex 9 33.5 0
      vertex 11.5 37 0
      vertex 12 33.5 0
    endloop
  endfacet
  facet normal 0 0 -1
    outer loop
      vertex 9 33.5 0
      vertex 10 43.5 0
      vertex 10 42 0
    endloop
  endfacet
  facet normal 0 0 -1
    outer loop
      vertex 10 43.5 0
      vertex 9.63847 57.8167 0
      vertex 9.68333 58.1 0
    endloop
  endfacet
  facet normal 0 0 -1
    outer loop
      vertex 10 43.5 0
      vertex 9.61563 57.6725 0
      vertex 9.63847 57.8167 0
    endloop
  endfacet
  facet normal 0 0 -1
    outer loop
      vertex 10 43.5 0
      vertex 9.48542 57.417 0
      vertex 9.61563 57.6725 0
    endloop
  endfacet
  facet normal 0 0 -1
    outer loop
      vertex 10 43.5 0
      vertex 9.41914 57.2869 0
      vertex 9.48542 57.417 0
    endloop
  endfacet
  facet normal 0 0 -1
    outer loop
      vertex 10 43.5 0
      vertex 9.21634 57.0841 0
      vertex 9.41914 57.2869 0
    endloop
  endfacet
  facet normal 0 0 -1
    outer loop
      vertex 10 43.5 0
      vertex 9.1131 56.9809 0
      vertex 9.21634 57.0841 0
    endloop
  endfacet
  facet normal -0 0 -1
    outer loop
      vertex 11.5 38.5 0
      vertex 9 33.5 0
      vertex 10 42 0
    endloop
  endfacet
  facet normal -0 0 -1
    outer loop
      vertex 10 43.5 0
      vertex 9 33.5 0
      vertex 8.98301 56.9146 0
    endloop
  endfacet
  facet normal 0 0 -1
    outer loop
      vertex 10 43.5 0
      vertex 8.98301 56.9146 0
      vertex 9.1131 56.9809 0
    endloop
  endfacet
  facet normal 0 0 -1
    outer loop
      vertex 60.5 22 0
      vertex 62.6367 18.6885 0
      vertex 62.4925 18.6656 0
    endloop
  endfacet
  facet normal 0 0 -1
    outer loop
      vertex 60.5 22 0
      vertex 62.4925 18.6656 0
      vertex 62.3624 18.5993 0
    endloop
  endfacet
  facet normal 0 0 -1
    outer loop
      vertex 60.5 22 0
      vertex 62.3624 18.5993 0
      vertex 62.1069 18.4691 0
    endloop
  endfacet
  facet normal 0 0 -1
    outer loop
      vertex 60.5 22 0
      vertex 62.1069 18.4691 0
      vertex 61.8009 18.1631 0
    endloop
  endfacet
  facet normal 0 0 -1
    outer loop
      vertex 60.5 22 0
      vertex 61.8009 18.1631 0
      vertex 61.6707 17.9076 0
    endloop
  endfacet
  facet normal 0 0 -1
    outer loop
      vertex 60.5 22 0
      vertex 61.6707 17.9076 0
      vertex 61.6044 17.7775 0
    endloop
  endfacet
  facet normal 0 0 -1
    outer loop
      vertex 60.5 22 0
      vertex 61.6044 17.7775 0
      vertex 61.5595 17.4942 0
    endloop
  endfacet
  facet normal 0 0 -1
    outer loop
      vertex 60.5 22 0
      vertex 61.5595 17.4942 0
      vertex 61.5367 17.35 0
    endloop
  endfacet
  facet normal 0 0 -1
    outer loop
      vertex 64.7644 25.9425 0
      vertex 62.5 27 0
      vertex 64.7195 26.2258 0
    endloop
  endfacet
  facet normal -0 0 -1
    outer loop
      vertex 64.0007 49.0924 0
      vertex 62.5 48.5 0
      vertex 63.9344 49.2225 0
    endloop
  endfacet
  facet normal 0 0 -1
    outer loop
      vertex 62 43.5 0
      vertex 61.5 47 0
      vertex 62.5 47 0
    endloop
  endfacet
  facet normal -0 0 -1
    outer loop
      vertex 61.5 47 0
      vertex 60 45 0
      vertex 61.5 48.5 0
    endloop
  endfacet
  facet normal 0 0 -1
    outer loop
      vertex 62 43.5 0
      vertex 60 45 0
      vertex 61.5 47 0
    endloop
  endfacet
  facet normal 0 0 -1
    outer loop
      vertex 62 43.5 0
      vertex 58.5 45 0
      vertex 60 45 0
    endloop
  endfacet
  facet normal 0 0 -1
    outer loop
      vertex 58.5 45 0
      vertex 57 47 0
      vertex 58.5 50.5 0
    endloop
  endfacet
  facet normal 0 0 -1
    outer loop
      vertex 56.5 43.5 0
      vertex 58.5 45 0
      vertex 62 43.5 0
    endloop
  endfacet
  facet normal 0 0 -1
    outer loop
      vertex 56.5 43.5 0
      vertex 57 47 0
      vertex 58.5 45 0
    endloop
  endfacet
  facet normal 0 0 -1
    outer loop
      vertex 55 45.5 0
      vertex 56.5 43.5 0
      vertex 55 40 0
    endloop
  endfacet
  facet normal 0 0 -1
    outer loop
      vertex 56.5 43.5 0
      vertex 55 45.5 0
      vertex 57 47 0
    endloop
  endfacet
  facet normal 0 0 -1
    outer loop
      vertex 53.5 45.5 0
      vertex 57 47 0
      vertex 55 45.5 0
    endloop
  endfacet
  facet normal 0 0 -1
    outer loop
      vertex 52 43.5 0
      vertex 53.5 45.5 0
      vertex 52 42 0
    endloop
  endfacet
  facet normal 0 0 -1
    outer loop
      vertex 53.5 45.5 0
      vertex 51.5 47 0
      vertex 57 47 0
    endloop
  endfacet
  facet normal 0 0 -1
    outer loop
      vertex 52 43.5 0
      vertex 51.5 47 0
      vertex 53.5 45.5 0
    endloop
  endfacet
  facet normal -0 0 -1
    outer loop
      vertex 51.5 47 0
      vertex 50 45 0
      vertex 51.5 48.5 0
    endloop
  endfacet
  facet normal 0 0 -1
    outer loop
      vertex 52 43.5 0
      vertex 50 45 0
      vertex 51.5 47 0
    endloop
  endfacet
  facet normal 0 0 -1
    outer loop
      vertex 52 43.5 0
      vertex 48.5 45 0
      vertex 50 45 0
    endloop
  endfacet
  facet normal 0 0 -1
    outer loop
      vertex 48.5 45 0
      vertex 47 47 0
      vertex 48.5 50.5 0
    endloop
  endfacet
  facet normal 0 0 -1
    outer loop
      vertex 46.5 43.5 0
      vertex 48.5 45 0
      vertex 52 43.5 0
    endloop
  endfacet
  facet normal 0 0 -1
    outer loop
      vertex 46.5 43.5 0
      vertex 47 47 0
      vertex 48.5 45 0
    endloop
  endfacet
  facet normal 0 0 -1
    outer loop
      vertex 45 45.5 0
      vertex 46.5 43.5 0
      vertex 45 40 0
    endloop
  endfacet
  facet normal 0 0 -1
    outer loop
      vertex 46.5 43.5 0
      vertex 45 45.5 0
      vertex 47 47 0
    endloop
  endfacet
  facet normal 0 0 -1
    outer loop
      vertex 43.5 45.5 0
      vertex 47 47 0
      vertex 45 45.5 0
    endloop
  endfacet
  facet normal 0 0 -1
    outer loop
      vertex 42 43.5 0
      vertex 43.5 45.5 0
      vertex 42 42 0
    endloop
  endfacet
  facet normal 0 0 -1
    outer loop
      vertex 43.5 45.5 0
      vertex 41.5 47 0
      vertex 47 47 0
    endloop
  endfacet
  facet normal 0 0 -1
    outer loop
      vertex 42 43.5 0
      vertex 41.5 47 0
      vertex 43.5 45.5 0
    endloop
  endfacet
  facet normal -0 0 -1
    outer loop
      vertex 41.5 47 0
      vertex 40 45 0
      vertex 41.5 48.5 0
    endloop
  endfacet
  facet normal 0 0 -1
    outer loop
      vertex 42 43.5 0
      vertex 40 45 0
      vertex 41.5 47 0
    endloop
  endfacet
  facet normal 0 0 -1
    outer loop
      vertex 42 43.5 0
      vertex 38.5 45 0
      vertex 40 45 0
    endloop
  endfacet
  facet normal 0 0 -1
    outer loop
      vertex 38.5 45 0
      vertex 37 47 0
      vertex 38.5 50.5 0
    endloop
  endfacet
  facet normal 0 0 -1
    outer loop
      vertex 36.5 43.5 0
      vertex 38.5 45 0
      vertex 42 43.5 0
    endloop
  endfacet
  facet normal 0 0 -1
    outer loop
      vertex 36.5 43.5 0
      vertex 37 47 0
      vertex 38.5 45 0
    endloop
  endfacet
  facet normal 0 0 -1
    outer loop
      vertex 35 45.5 0
      vertex 36.5 43.5 0
      vertex 35 40 0
    endloop
  endfacet
  facet normal 0 0 -1
    outer loop
      vertex 36.5 43.5 0
      vertex 35 45.5 0
      vertex 37 47 0
    endloop
  endfacet
  facet normal 0 0 -1
    outer loop
      vertex 33.5 45.5 0
      vertex 37 47 0
      vertex 35 45.5 0
    endloop
  endfacet
  facet normal 0 0 -1
    outer loop
      vertex 32 43.5 0
      vertex 33.5 45.5 0
      vertex 32 42 0
    endloop
  endfacet
  facet normal 0 0 -1
    outer loop
      vertex 33.5 45.5 0
      vertex 31.5 47 0
      vertex 37 47 0
    endloop
  endfacet
  facet normal 0 0 -1
    outer loop
      vertex 32 43.5 0
      vertex 31.5 47 0
      vertex 33.5 45.5 0
    endloop
  endfacet
  facet normal -0 0 -1
    outer loop
      vertex 31.5 47 0
      vertex 30 45 0
      vertex 31.5 48.5 0
    endloop
  endfacet
  facet normal 0 0 -1
    outer loop
      vertex 32 43.5 0
      vertex 30 45 0
      vertex 31.5 47 0
    endloop
  endfacet
  facet normal 0 0 -1
    outer loop
      vertex 32 43.5 0
      vertex 28.5 45 0
      vertex 30 45 0
    endloop
  endfacet
  facet normal 0 0 -1
    outer loop
      vertex 28.5 45 0
      vertex 27 47 0
      vertex 28.5 50.5 0
    endloop
  endfacet
  facet normal 0 0 -1
    outer loop
      vertex 26.5 43.5 0
      vertex 28.5 45 0
      vertex 32 43.5 0
    endloop
  endfacet
  facet normal 0 0 -1
    outer loop
      vertex 26.5 43.5 0
      vertex 27 47 0
      vertex 28.5 45 0
    endloop
  endfacet
  facet normal 0 0 -1
    outer loop
      vertex 25 45.5 0
      vertex 26.5 43.5 0
      vertex 25 40 0
    endloop
  endfacet
  facet normal 0 0 -1
    outer loop
      vertex 26.5 43.5 0
      vertex 25 45.5 0
      vertex 27 47 0
    endloop
  endfacet
  facet normal 0 0 -1
    outer loop
      vertex 23.5 45.5 0
      vertex 27 47 0
      vertex 25 45.5 0
    endloop
  endfacet
  facet normal 0 0 -1
    outer loop
      vertex 22 43.5 0
      vertex 23.5 45.5 0
      vertex 22 42 0
    endloop
  endfacet
  facet normal 0 0 -1
    outer loop
      vertex 23.5 45.5 0
      vertex 21.5 47 0
      vertex 27 47 0
    endloop
  endfacet
  facet normal 0 0 -1
    outer loop
      vertex 22 43.5 0
      vertex 21.5 47 0
      vertex 23.5 45.5 0
    endloop
  endfacet
  facet normal -0 0 -1
    outer loop
      vertex 21.5 47 0
      vertex 20 45 0
      vertex 21.5 48.5 0
    endloop
  endfacet
  facet normal 0 0 -1
    outer loop
      vertex 22 43.5 0
      vertex 20 45 0
      vertex 21.5 47 0
    endloop
  endfacet
  facet normal 0 0 -1
    outer loop
      vertex 22 43.5 0
      vertex 18.5 45 0
      vertex 20 45 0
    endloop
  endfacet
  facet normal 0 0 -1
    outer loop
      vertex 18.5 45 0
      vertex 17 47 0
      vertex 18.5 50.5 0
    endloop
  endfacet
  facet normal 0 0 -1
    outer loop
      vertex 16.5 43.5 0
      vertex 18.5 45 0
      vertex 22 43.5 0
    endloop
  endfacet
  facet normal 0 0 -1
    outer loop
      vertex 16.5 43.5 0
      vertex 17 47 0
      vertex 18.5 45 0
    endloop
  endfacet
  facet normal 0 0 -1
    outer loop
      vertex 15 45.5 0
      vertex 16.5 43.5 0
      vertex 15 40 0
    endloop
  endfacet
  facet normal 0 0 -1
    outer loop
      vertex 16.5 43.5 0
      vertex 15 45.5 0
      vertex 17 47 0
    endloop
  endfacet
  facet normal 0 0 -1
    outer loop
      vertex 13.5 45.5 0
      vertex 17 47 0
      vertex 15 45.5 0
    endloop
  endfacet
  facet normal 0 0 -1
    outer loop
      vertex 12 43.5 0
      vertex 13.5 45.5 0
      vertex 12 42 0
    endloop
  endfacet
  facet normal 0 0 -1
    outer loop
      vertex 13.5 45.5 0
      vertex 11.5 47 0
      vertex 17 47 0
    endloop
  endfacet
  facet normal 0 0 -1
    outer loop
      vertex 12 43.5 0
      vertex 11.5 47 0
      vertex 13.5 45.5 0
    endloop
  endfacet
  facet normal 0 0 -1
    outer loop
      vertex 10 43.5 0
      vertex 11.5 48.5 0
      vertex 11.5 47 0
    endloop
  endfacet
  facet normal 0 0 -1
    outer loop
      vertex 9.68333 58.1 0
      vertex 11 53.5 0
      vertex 11 52 0
    endloop
  endfacet
  facet normal -0 0 -1
    outer loop
      vertex 11.5 58.5 0
      vertex 9.63847 58.3833 0
      vertex 9.61563 58.5275 0
    endloop
  endfacet
  facet normal 0 0 -1
    outer loop
      vertex 11.5 58.5 0
      vertex 9.61563 58.5275 0
      vertex 9.54934 58.6576 0
    endloop
  endfacet
  facet normal 0 0 -1
    outer loop
      vertex 9.41914 58.9131 0
      vertex 11.5 58.5 0
      vertex 9.54934 58.6576 0
    endloop
  endfacet
  facet normal 0 0 -1
    outer loop
      vertex 9.21634 59.1159 0
      vertex 11.5 58.5 0
      vertex 9.41914 58.9131 0
    endloop
  endfacet
  facet normal 0 0 -1
    outer loop
      vertex 10 43.5 0
      vertex 11.5 47 0
      vertex 12 43.5 0
    endloop
  endfacet
  facet normal -0 0 -1
    outer loop
      vertex 11.5 48.5 0
      vertex 10 43.5 0
      vertex 11 52 0
    endloop
  endfacet
  facet normal 0 0 -1
    outer loop
      vertex 9.68333 58.1 0
      vertex 11 52 0
      vertex 10 43.5 0
    endloop
  endfacet
  facet normal 0 -0 -1
    outer loop
      vertex 10.9999 63.4 0
      vertex 11.5 58.5 0
      vertex 9.21634 59.1159 0
    endloop
  endfacet
  facet normal -0 0 -1
    outer loop
      vertex 10.9999 63.4 0
      vertex 10.4632 63.3578 0
      vertex 10.5 63.4 0
    endloop
  endfacet
  facet normal 0 0 -1
    outer loop
      vertex 11.0001 63.4 0
      vertex 10.9999 63.4 0
      vertex 11 63.4 0
    endloop
  endfacet
  facet normal 0 0 -1
    outer loop
      vertex 11.5 58.5 0
      vertex 10.9999 63.4 0
      vertex 11.0001 63.4 0
    endloop
  endfacet
  facet normal 0 0 -1
    outer loop
      vertex 10.9999 63.4 0
      vertex 9.21634 59.1159 0
      vertex 10.4632 63.3578 0
    endloop
  endfacet
  facet normal 0 0 -1
    outer loop
      vertex 9.1131 59.2191 0
      vertex 10.4632 63.3578 0
      vertex 9.21634 59.1159 0
    endloop
  endfacet
  facet normal 0 0 -1
    outer loop
      vertex 10.4632 63.3578 0
      vertex 9.1131 59.2191 0
      vertex 10.1865 63.336 0
    endloop
  endfacet
  facet normal 0 0 -1
    outer loop
      vertex 10.1865 63.336 0
      vertex 9.1131 59.2191 0
      vertex 9.39311 63.1455 0
    endloop
  endfacet
  facet normal 0 0 -1
    outer loop
      vertex 8.85756 59.3493 0
      vertex 9.39311 63.1455 0
      vertex 9.1131 59.2191 0
    endloop
  endfacet
  facet normal 0 0 -1
    outer loop
      vertex 8.63925 62.8332 0
      vertex 8.85756 59.3493 0
      vertex 8.72747 59.4156 0
    endloop
  endfacet
  facet normal 0 0 -1
    outer loop
      vertex 8.85756 59.3493 0
      vertex 8.63925 62.8332 0
      vertex 9.39311 63.1455 0
    endloop
  endfacet
  facet normal 0 0 -1
    outer loop
      vertex 7.94352 62.4069 0
      vertex 8.72747 59.4156 0
      vertex 8.58327 59.4385 0
    endloop
  endfacet
  facet normal 0 0 -1
    outer loop
      vertex 7.94352 62.4069 0
      vertex 8.58327 59.4385 0
      vertex 8.3 59.4833 0
    endloop
  endfacet
  facet normal 0 0 -1
    outer loop
      vertex 6.79311 61.2565 0
      vertex 8.3 59.4833 0
      vertex 8.01673 59.4385 0
    endloop
  endfacet
  facet normal 0 0 -1
    outer loop
      vertex 8.72747 59.4156 0
      vertex 7.94352 62.4069 0
      vertex 8.63925 62.8332 0
    endloop
  endfacet
  facet normal 0 0 -1
    outer loop
      vertex 6.79311 61.2565 0
      vertex 8.01673 59.4385 0
      vertex 7.87253 59.4156 0
    endloop
  endfacet
  facet normal 0 0 -1
    outer loop
      vertex 6.79311 61.2565 0
      vertex 7.87253 59.4156 0
      vertex 7.74243 59.3493 0
    endloop
  endfacet
  facet normal 0 0 -1
    outer loop
      vertex 6.79311 61.2565 0
      vertex 7.74243 59.3493 0
      vertex 7.4869 59.2191 0
    endloop
  endfacet
  facet normal 0 0 -1
    outer loop
      vertex 8.3 59.4833 0
      vertex 7.32304 61.877 0
      vertex 7.94352 62.4069 0
    endloop
  endfacet
  facet normal 0 0 -1
    outer loop
      vertex 6.79311 61.2565 0
      vertex 7.4869 59.2191 0
      vertex 7.18086 58.9131 0
    endloop
  endfacet
  facet normal 0 0 -1
    outer loop
      vertex 6.79311 61.2565 0
      vertex 7.18086 58.9131 0
      vertex 7.05066 58.6576 0
    endloop
  endfacet
  facet normal 0 0 -1
    outer loop
      vertex 6.79311 61.2565 0
      vertex 7.05066 58.6576 0
      vertex 6.98437 58.5275 0
    endloop
  endfacet
  facet normal 0 0 -1
    outer loop
      vertex 6.79311 61.2565 0
      vertex 6.98437 58.5275 0
      vertex 6.93951 58.2442 0
    endloop
  endfacet
  facet normal 0 0 -1
    outer loop
      vertex 6.79311 61.2565 0
      vertex 6.93951 58.2442 0
      vertex 6.91667 58.1 0
    endloop
  endfacet
  facet normal 0 0 -1
    outer loop
      vertex 8.3 59.4833 0
      vertex 6.79311 61.2565 0
      vertex 7.32304 61.877 0
    endloop
  endfacet
  facet normal -0 0 -1
    outer loop
      vertex 65.6525 25.0544 0
      vertex 63.3475 18.6656 0
      vertex 65.397 25.1846 0
    endloop
  endfacet
  facet normal 0 0 -1
    outer loop
      vertex 60.5 22 0
      vertex 65.397 25.1846 0
      vertex 63.3475 18.6656 0
    endloop
  endfacet
  facet normal -0 0 -1
    outer loop
      vertex 65.397 25.1846 0
      vertex 60.5 22 0
      vertex 65.2669 25.2509 0
    endloop
  endfacet
  facet normal 0 0 -1
    outer loop
      vertex 60.5 23.5 0
      vertex 65.2669 25.2509 0
      vertex 60.5 22 0
    endloop
  endfacet
  facet normal -0 0 -1
    outer loop
      vertex 65.2669 25.2509 0
      vertex 60.5 23.5 0
      vertex 64.9609 25.5569 0
    endloop
  endfacet
  facet normal 0 0 -1
    outer loop
      vertex 63.5 38.5 0
      vertex 64.6924 48.4007 0
      vertex 63.5 37 0
    endloop
  endfacet
  facet normal 0 0 -1
    outer loop
      vertex 62 43.5 0
      vertex 64.6924 48.4007 0
      vertex 63.5 38.5 0
    endloop
  endfacet
  facet normal 0 -0 -1
    outer loop
      vertex 62.5 47 0
      vertex 64.6924 48.4007 0
      vertex 62 43.5 0
    endloop
  endfacet
  facet normal -0 0 -1
    outer loop
      vertex 64.6924 48.4007 0
      vertex 62.5 47 0
      vertex 64.4369 48.5309 0
    endloop
  endfacet
  facet normal 0 0 -1
    outer loop
      vertex 62.5 48.5 0
      vertex 64.4369 48.5309 0
      vertex 62.5 47 0
    endloop
  endfacet
  facet normal 0 0 -1
    outer loop
      vertex 67.85 50 0
      vertex 66.6105 49.5058 0
      vertex 66.6333 49.65 0
    endloop
  endfacet
  facet normal 0 0 -1
    outer loop
      vertex 67.85 50 0
      vertex 66.5656 49.2225 0
      vertex 66.6105 49.5058 0
    endloop
  endfacet
  facet normal 0 0 -1
    outer loop
      vertex 65.6775 48.3344 0
      vertex 66.7042 40.0105 0
      vertex 66.56 40.0333 0
    endloop
  endfacet
  facet normal 0 0 -1
    outer loop
      vertex 67.85 50 0
      vertex 66.4993 49.0924 0
      vertex 66.5656 49.2225 0
    endloop
  endfacet
  facet normal 0 0 -1
    outer loop
      vertex 65.25 48.2667 0
      vertex 66.56 40.0333 0
      vertex 66.4158 40.0105 0
    endloop
  endfacet
  facet normal 0 0 -1
    outer loop
      vertex 67.85 50 0
      vertex 66.3691 48.8369 0
      vertex 66.4993 49.0924 0
    endloop
  endfacet
  facet normal 0 0 -1
    outer loop
      vertex 65.25 48.2667 0
      vertex 66.4158 40.0105 0
      vertex 66.1325 39.9656 0
    endloop
  endfacet
  facet normal 0 0 -1
    outer loop
      vertex 68.9924 39.1943 0
      vertex 66.0631 48.5309 0
      vertex 66.3691 48.8369 0
    endloop
  endfacet
  facet normal 0 0 -1
    outer loop
      vertex 64.8225 48.3344 0
      vertex 66.1325 39.9656 0
      vertex 66.0024 39.8993 0
    endloop
  endfacet
  facet normal 0 0 -1
    outer loop
      vertex 66.9875 39.9656 0
      vertex 65.8076 48.4007 0
      vertex 66.0631 48.5309 0
    endloop
  endfacet
  facet normal 0 0 -1
    outer loop
      vertex 64.8225 48.3344 0
      vertex 66.0024 39.8993 0
      vertex 65.7469 39.7691 0
    endloop
  endfacet
  facet normal 0 0 -1
    outer loop
      vertex 66.9875 39.9656 0
      vertex 65.6775 48.3344 0
      vertex 65.8076 48.4007 0
    endloop
  endfacet
  facet normal 0 0 -1
    outer loop
      vertex 66.56 40.0333 0
      vertex 65.5333 48.3115 0
      vertex 65.6775 48.3344 0
    endloop
  endfacet
  facet normal 0 0 -1
    outer loop
      vertex 64.6924 48.4007 0
      vertex 65.7469 39.7691 0
      vertex 65.4409 39.4631 0
    endloop
  endfacet
  facet normal 0 0 -1
    outer loop
      vertex 64.6924 48.4007 0
      vertex 65.4409 39.4631 0
      vertex 65.3746 39.333 0
    endloop
  endfacet
  facet normal 0 0 -1
    outer loop
      vertex 66.56 40.0333 0
      vertex 65.25 48.2667 0
      vertex 65.5333 48.3115 0
    endloop
  endfacet
  facet normal 0 0 -1
    outer loop
      vertex 64.6924 48.4007 0
      vertex 65.3746 39.333 0
      vertex 65.2444 39.0775 0
    endloop
  endfacet
  facet normal 0 0 -1
    outer loop
      vertex 64.6924 48.4007 0
      vertex 65.2444 39.0775 0
      vertex 65.1995 38.7942 0
    endloop
  endfacet
  facet normal 0 0 -1
    outer loop
      vertex 64.6924 48.4007 0
      vertex 65.1995 38.7942 0
      vertex 65.1767 38.65 0
    endloop
  endfacet
  facet normal 0 0 -1
    outer loop
      vertex 66.1325 39.9656 0
      vertex 64.9667 48.3115 0
      vertex 65.25 48.2667 0
    endloop
  endfacet
  facet normal 0 0 -1
    outer loop
      vertex 64.7644 26.7975 0
      vertex 65.2444 38.2225 0
      vertex 64.8946 27.053 0
    endloop
  endfacet
  facet normal -0 0 -1
    outer loop
      vertex 65.2444 38.2225 0
      vertex 64.7644 26.7975 0
      vertex 65.1995 38.5058 0
    endloop
  endfacet
  facet normal -0 0 -1
    outer loop
      vertex 65.1995 38.5058 0
      vertex 64.7644 26.7975 0
      vertex 65.1767 38.65 0
    endloop
  endfacet
  facet normal 0 0 -1
    outer loop
      vertex 66.1325 39.9656 0
      vertex 64.8225 48.3344 0
      vertex 64.9667 48.3115 0
    endloop
  endfacet
  facet normal 0 0 -1
    outer loop
      vertex 64.7195 26.5142 0
      vertex 65.1767 38.65 0
      vertex 64.7644 26.7975 0
    endloop
  endfacet
  facet normal 0 0 -1
    outer loop
      vertex 64.6967 26.37 0
      vertex 65.1767 38.65 0
      vertex 64.7195 26.5142 0
    endloop
  endfacet
  facet normal -0 0 -1
    outer loop
      vertex 65.1767 38.65 0
      vertex 64.6967 26.37 0
      vertex 64.6924 48.4007 0
    endloop
  endfacet
  facet normal 0 0 -1
    outer loop
      vertex 65.7469 39.7691 0
      vertex 64.6924 48.4007 0
      vertex 64.8225 48.3344 0
    endloop
  endfacet
  facet normal 0 0 -1
    outer loop
      vertex 65.4191 61.4631 0
      vertex 66.7057 61.8758 0
      vertex 65.4854 61.333 0
    endloop
  endfacet
  facet normal -0 0 -1
    outer loop
      vertex 66.7057 61.8758 0
      vertex 65.4191 61.4631 0
      vertex 66.4843 62.237 0
    endloop
  endfacet
  facet normal -0 0 -1
    outer loop
      vertex 66.4843 62.237 0
      vertex 65.4191 61.4631 0
      vertex 66.2092 62.5592 0
    endloop
  endfacet
  facet normal 0 0 -1
    outer loop
      vertex 65.2163 61.6659 0
      vertex 66.2092 62.5592 0
      vertex 65.4191 61.4631 0
    endloop
  endfacet
  facet normal 0 0 -1
    outer loop
      vertex 65.1131 61.7691 0
      vertex 66.2092 62.5592 0
      vertex 65.2163 61.6659 0
    endloop
  endfacet
  facet normal -0 0 -1
    outer loop
      vertex 66.2092 62.5592 0
      vertex 65.1131 61.7691 0
      vertex 65.887 62.8343 0
    endloop
  endfacet
  facet normal -0 0 -1
    outer loop
      vertex 65.887 62.8343 0
      vertex 65.1131 61.7691 0
      vertex 65.5258 63.0557 0
    endloop
  endfacet
  facet normal 0 0 -1
    outer loop
      vertex 64.983 61.8354 0
      vertex 65.5258 63.0557 0
      vertex 65.1131 61.7691 0
    endloop
  endfacet
  facet normal 0 0 -1
    outer loop
      vertex 64.7275 61.9656 0
      vertex 65.5258 63.0557 0
      vertex 64.983 61.8354 0
    endloop
  endfacet
  facet normal -0 0 -1
    outer loop
      vertex 65.5258 63.0557 0
      vertex 64.7275 61.9656 0
      vertex 65.1343 63.2179 0
    endloop
  endfacet
  facet normal 0 0 -1
    outer loop
      vertex 64.7275 61.9656 0
      vertex 64.7224 63.3168 0
      vertex 65.1343 63.2179 0
    endloop
  endfacet
  facet normal 0 0 -1
    outer loop
      vertex 64.4442 62.0105 0
      vertex 64.7224 63.3168 0
      vertex 64.7275 61.9656 0
    endloop
  endfacet
  facet normal 0 0 -1
    outer loop
      vertex 64.3 62.0333 0
      vertex 64.7224 63.3168 0
      vertex 64.4442 62.0105 0
    endloop
  endfacet
  facet normal 0 0 -1
    outer loop
      vertex 64.3 62.0333 0
      vertex 64.3 63.35 0
      vertex 64.7224 63.3168 0
    endloop
  endfacet
  facet normal 0 0 -1
    outer loop
      vertex 64.0704 63.3319 0
      vertex 64.3 62.0333 0
      vertex 64.1558 62.0105 0
    endloop
  endfacet
  facet normal 0 0 -1
    outer loop
      vertex 64.3 62.0333 0
      vertex 64.0704 63.3319 0
      vertex 64.3 63.35 0
    endloop
  endfacet
  facet normal 0 0 -1
    outer loop
      vertex 63.8725 61.9656 0
      vertex 64.0704 63.3319 0
      vertex 64.1558 62.0105 0
    endloop
  endfacet
  facet normal -0 0 -1
    outer loop
      vertex 64.0704 63.3319 0
      vertex 63.8725 61.9656 0
      vertex 64 63.4 0
    endloop
  endfacet
  facet normal 0 0 -1
    outer loop
      vertex 63.617 61.8354 0
      vertex 64 63.4 0
      vertex 63.8725 61.9656 0
    endloop
  endfacet
  facet normal 0 0 -1
    outer loop
      vertex 63.4869 61.7691 0
      vertex 64 63.4 0
      vertex 63.617 61.8354 0
    endloop
  endfacet
  facet normal 0 0 -1
    outer loop
      vertex 63.1809 61.4631 0
      vertex 64 63.4 0
      vertex 63.4869 61.7691 0
    endloop
  endfacet
  facet normal 0 0 -1
    outer loop
      vertex 60 60.5 0
      vertex 63.1809 61.4631 0
      vertex 63.1146 61.333 0
    endloop
  endfacet
  facet normal 0 0 -1
    outer loop
      vertex 60 60.5 0
      vertex 63.1146 61.333 0
      vertex 62.9844 61.0775 0
    endloop
  endfacet
  facet normal 0 0 -1
    outer loop
      vertex 63.1809 59.8369 0
      vertex 60 60.5 0
      vertex 63.0507 60.0924 0
    endloop
  endfacet
  facet normal -0 0 -1
    outer loop
      vertex 63.8725 59.3344 0
      vertex 60 55 0
      vertex 63.7424 59.4007 0
    endloop
  endfacet
  facet normal 0 0 -1
    outer loop
      vertex 63.0507 60.0924 0
      vertex 60 60.5 0
      vertex 62.9844 60.2225 0
    endloop
  endfacet
  facet normal 0 0 -1
    outer loop
      vertex 62.9844 60.2225 0
      vertex 60 60.5 0
      vertex 62.9395 60.5058 0
    endloop
  endfacet
  facet normal -0 0 -1
    outer loop
      vertex 62.9395 60.5058 0
      vertex 60 60.5 0
      vertex 62.9167 60.65 0
    endloop
  endfacet
  facet normal -0 0 -1
    outer loop
      vertex 62.9167 60.65 0
      vertex 60 60.5 0
      vertex 62.9395 60.7942 0
    endloop
  endfacet
  facet normal -0 0 -1
    outer loop
      vertex 62.9395 60.7942 0
      vertex 60 60.5 0
      vertex 62.9844 61.0775 0
    endloop
  endfacet
  facet normal -0 0 -1
    outer loop
      vertex 63.1809 61.4631 0
      vertex 60 60.5 0
      vertex 64 63.4 0
    endloop
  endfacet
  facet normal 0 0 -1
    outer loop
      vertex 58.5 60.5 0
      vertex 64 63.4 0
      vertex 60 60.5 0
    endloop
  endfacet
  facet normal 0 0 -1
    outer loop
      vertex 57 58.5 0
      vertex 58.5 60.5 0
      vertex 57 57 0
    endloop
  endfacet
  facet normal 0 0 -1
    outer loop
      vertex 51.5 58.5 0
      vertex 58.5 60.5 0
      vertex 57 58.5 0
    endloop
  endfacet
  facet normal 0 0 -1
    outer loop
      vertex 50 60.5 0
      vertex 58.5 60.5 0
      vertex 51.5 58.5 0
    endloop
  endfacet
  facet normal 0 0 -1
    outer loop
      vertex 50 60.5 0
      vertex 51.5 58.5 0
      vertex 50 55 0
    endloop
  endfacet
  facet normal 0 0 -1
    outer loop
      vertex 58.5 60.5 0
      vertex 50 60.5 0
      vertex 64 63.4 0
    endloop
  endfacet
  facet normal 0 0 -1
    outer loop
      vertex 48.5 60.5 0
      vertex 64 63.4 0
      vertex 50 60.5 0
    endloop
  endfacet
  facet normal 0 0 -1
    outer loop
      vertex 47 58.5 0
      vertex 48.5 60.5 0
      vertex 47 57 0
    endloop
  endfacet
  facet normal 0 0 -1
    outer loop
      vertex 41.5 58.5 0
      vertex 48.5 60.5 0
      vertex 47 58.5 0
    endloop
  endfacet
  facet normal 0 0 -1
    outer loop
      vertex 40 60.5 0
      vertex 41.5 58.5 0
      vertex 40 55 0
    endloop
  endfacet
  facet normal 0 0 -1
    outer loop
      vertex 40 60.5 0
      vertex 48.5 60.5 0
      vertex 41.5 58.5 0
    endloop
  endfacet
  facet normal 0 0 -1
    outer loop
      vertex 40 60.5 0
      vertex 64 63.4 0
      vertex 48.5 60.5 0
    endloop
  endfacet
  facet normal 0 0 -1
    outer loop
      vertex 38.5 60.5 0
      vertex 64 63.4 0
      vertex 40 60.5 0
    endloop
  endfacet
  facet normal 0 0 -1
    outer loop
      vertex 37 58.5 0
      vertex 38.5 60.5 0
      vertex 37 57 0
    endloop
  endfacet
  facet normal 0 0 -1
    outer loop
      vertex 31.5 58.5 0
      vertex 38.5 60.5 0
      vertex 37 58.5 0
    endloop
  endfacet
  facet normal 0 0 -1
    outer loop
      vertex 30 60.5 0
      vertex 31.5 58.5 0
      vertex 30 55 0
    endloop
  endfacet
  facet normal 0 0 -1
    outer loop
      vertex 30 60.5 0
      vertex 38.5 60.5 0
      vertex 31.5 58.5 0
    endloop
  endfacet
  facet normal 0 0 -1
    outer loop
      vertex 11.0001 63.4 0
      vertex 38.5 60.5 0
      vertex 30 60.5 0
    endloop
  endfacet
  facet normal 0 0 -1
    outer loop
      vertex 11.0001 63.4 0
      vertex 30 60.5 0
      vertex 28.5 60.5 0
    endloop
  endfacet
  facet normal 0 0 -1
    outer loop
      vertex 27 58.5 0
      vertex 28.5 60.5 0
      vertex 27 57 0
    endloop
  endfacet
  facet normal 0 0 -1
    outer loop
      vertex 21.5 58.5 0
      vertex 28.5 60.5 0
      vertex 27 58.5 0
    endloop
  endfacet
  facet normal 0 0 -1
    outer loop
      vertex 20 60.5 0
      vertex 21.5 58.5 0
      vertex 20 55 0
    endloop
  endfacet
  facet normal 0 0 -1
    outer loop
      vertex 20 60.5 0
      vertex 28.5 60.5 0
      vertex 21.5 58.5 0
    endloop
  endfacet
  facet normal 0 0 -1
    outer loop
      vertex 11.0001 63.4 0
      vertex 28.5 60.5 0
      vertex 20 60.5 0
    endloop
  endfacet
  facet normal 0 0 -1
    outer loop
      vertex 11.0001 63.4 0
      vertex 20 60.5 0
      vertex 18.5 60.5 0
    endloop
  endfacet
  facet normal 0 0 -1
    outer loop
      vertex 17 58.5 0
      vertex 18.5 60.5 0
      vertex 17 57 0
    endloop
  endfacet
  facet normal 0 0 -1
    outer loop
      vertex 11.0001 63.4 0
      vertex 17 58.5 0
      vertex 11.5 58.5 0
    endloop
  endfacet
  facet normal 0 0 -1
    outer loop
      vertex 38.5 60.5 0
      vertex 11.0001 63.4 0
      vertex 64 63.4 0
    endloop
  endfacet
  facet normal 0 0 -1
    outer loop
      vertex 17 58.5 0
      vertex 11.0001 63.4 0
      vertex 18.5 60.5 0
    endloop
  endfacet
  facet normal 0.444583 -0.895738 0
    outer loop
      vertex 53.0057 11.0954 0
      vertex 53.0281 11.1065 2
      vertex 53.0057 11.0954 2
    endloop
  endfacet
  facet normal 0.444583 -0.895738 0
    outer loop
      vertex 53.0281 11.1065 2
      vertex 53.0057 11.0954 0
      vertex 53.0281 11.1065 0
    endloop
  endfacet
  facet normal 0.444573 -0.895743 0
    outer loop
      vertex 61.3674 15.2453 0
      vertex 61.3837 15.2534 2
      vertex 61.3674 15.2453 2
    endloop
  endfacet
  facet normal 0.444573 -0.895743 0
    outer loop
      vertex 61.3837 15.2534 2
      vertex 61.3674 15.2453 0
      vertex 61.3837 15.2534 0
    endloop
  endfacet
  facet normal -0.0994983 -0.995038 0
    outer loop
      vertex 65.4312 16.7069 0
      vertex 65.5 16.7 2
      vertex 65.4312 16.7069 2
    endloop
  endfacet
  facet normal -0.0994983 -0.995038 -0
    outer loop
      vertex 65.5 16.7 2
      vertex 65.4312 16.7069 0
      vertex 65.5 16.7 0
    endloop
  endfacet
  facet normal 0.946583 -0.322462 0
    outer loop
      vertex 65.5 16.7 2
      vertex 68.3864 25.1729 0
      vertex 68.3864 25.1729 2
    endloop
  endfacet
  facet normal 0.946583 -0.322462 0
    outer loop
      vertex 68.3864 25.1729 0
      vertex 65.5 16.7 2
      vertex 65.5 16.7 0
    endloop
  endfacet
  facet normal 0.980581 -0.196116 0
    outer loop
      vertex 68.6579 26.0897 2
      vertex 68.7 26.3 0
      vertex 68.7 26.3 2
    endloop
  endfacet
  facet normal 0.980581 -0.196116 0
    outer loop
      vertex 68.7 26.3 0
      vertex 68.6579 26.0897 2
      vertex 68.6579 26.0897 0
    endloop
  endfacet
  facet normal 0.999585 -0.0287996 0
    outer loop
      vertex 69.0442 38.4449 2
      vertex 69.0444 38.4512 0
      vertex 69.0444 38.4512 1.99854
    endloop
  endfacet
  facet normal 0.999599 -0.028328 1.49987e-006
    outer loop
      vertex 68.7 26.3 2
      vertex 69.0444 38.4512 0
      vertex 69.0442 38.4449 2
    endloop
  endfacet
  facet normal 0.999599 -0.0283282 0
    outer loop
      vertex 69.0444 38.4512 0
      vertex 68.7 26.3 2
      vertex 68.7 26.3 0
    endloop
  endfacet
  facet normal 0.994457 0.10514 0
    outer loop
      vertex 68.9924 39.1943 2
      vertex 67.85 50 0
      vertex 67.85 50 2
    endloop
  endfacet
  facet normal 0.994457 0.10514 0
    outer loop
      vertex 67.85 50 0
      vertex 68.9924 39.1943 2
      vertex 68.9924 39.1943 0
    endloop
  endfacet
  facet normal 0.996739 0.0806876 0
    outer loop
      vertex 67.85 50 2
      vertex 67 60.5 0
      vertex 67 60.5 2
    endloop
  endfacet
  facet normal 0.996739 0.0806876 0
    outer loop
      vertex 67 60.5 0
      vertex 67.85 50 2
      vertex 67.85 50 0
    endloop
  endfacet
  facet normal 0.695007 0.719003 -0
    outer loop
      vertex 64.0704 63.3319 0
      vertex 64 63.4 2
      vertex 64.0704 63.3319 2
    endloop
  endfacet
  facet normal 0.695007 0.719003 0
    outer loop
      vertex 64 63.4 2
      vertex 64.0704 63.3319 0
      vertex 64 63.4 0
    endloop
  endfacet
  facet normal 0.695005 0.719005 -0
    outer loop
      vertex 67 60.5 0
      vertex 66.989 60.5106 2
      vertex 67 60.5 2
    endloop
  endfacet
  facet normal 0.695005 0.719005 0
    outer loop
      vertex 66.989 60.5106 2
      vertex 67 60.5 0
      vertex 66.989 60.5106 0
    endloop
  endfacet
  facet normal 0 1 -0
    outer loop
      vertex 10.9999 63.4 0
      vertex 10.5 63.4 2
      vertex 10.9999 63.4 2
    endloop
  endfacet
  facet normal 0 1 0
    outer loop
      vertex 10.5 63.4 2
      vertex 10.9999 63.4 0
      vertex 10.5 63.4 0
    endloop
  endfacet
  facet normal 0 1 -0
    outer loop
      vertex 64 63.4 0
      vertex 11.0001 63.4 2
      vertex 64 63.4 2
    endloop
  endfacet
  facet normal 0 1 0
    outer loop
      vertex 11.0001 63.4 2
      vertex 64 63.4 0
      vertex 11.0001 63.4 0
    endloop
  endfacet
  facet normal -0.754317 0.65651 0
    outer loop
      vertex 10.4632 63.3578 0
      vertex 10.5 63.4 2
      vertex 10.5 63.4 0
    endloop
  endfacet
  facet normal -0.754317 0.65651 0
    outer loop
      vertex 10.5 63.4 2
      vertex 10.4632 63.3578 0
      vertex 10.4632 63.3578 2
    endloop
  endfacet
  facet normal -0.754291 0.65654 0
    outer loop
      vertex 5.79999 58 0
      vertex 5.80722 58.0083 1.98348
      vertex 5.80722 58.0083 0
    endloop
  endfacet
  facet normal -0.754291 0.65654 0
    outer loop
      vertex 5.80722 58.0083 1.98348
      vertex 5.79999 58 0
      vertex 5.79999 58 1.99856
    endloop
  endfacet
  facet normal -0.994184 0.107693 0
    outer loop
      vertex 5.79999 58 0
      vertex 5.79966 57.9969 2
      vertex 5.79999 58 1.99856
    endloop
  endfacet
  facet normal -0.994183 0.107702 1.42551e-008
    outer loop
      vertex 4.5 46 0
      vertex 5.79966 57.9969 2
      vertex 5.79999 58 0
    endloop
  endfacet
  facet normal -0.994183 0.107702 0
    outer loop
      vertex 5.79966 57.9969 2
      vertex 4.5 46 0
      vertex 4.5 46 2
    endloop
  endfacet
  facet normal -0.999783 0.0208487 0
    outer loop
      vertex 4.48213 45.143 0
      vertex 4.5 46 2
      vertex 4.5 46 0
    endloop
  endfacet
  facet normal -0.999783 0.0208487 0
    outer loop
      vertex 4.5 46 2
      vertex 4.48213 45.143 0
      vertex 4.48213 45.143 2
    endloop
  endfacet
  facet normal -0.997218 -0.0745427 0
    outer loop
      vertex 4.13104 23.9496 0
      vertex 4.13337 23.9184 2
      vertex 4.13104 23.9496 1.9954
    endloop
  endfacet
  facet normal -0.997218 -0.0745386 6.36922e-008
    outer loop
      vertex 4.79999 15 0
      vertex 4.13337 23.9184 2
      vertex 4.13104 23.9496 0
    endloop
  endfacet
  facet normal -0.997218 -0.0745386 0
    outer loop
      vertex 4.13337 23.9184 2
      vertex 4.79999 15 0
      vertex 4.79999 15 2
    endloop
  endfacet
  facet normal -0.997218 -0.0745349 0
    outer loop
      vertex 4.06854 24.7856 0
      vertex 4.06393 24.8474 2
      vertex 4.06393 24.8474 0
    endloop
  endfacet
  facet normal -0.997218 -0.0745349 0
    outer loop
      vertex 4.06393 24.8474 2
      vertex 4.06854 24.7856 0
      vertex 4.06854 24.7856 2
    endloop
  endfacet
  facet normal -0.928472 -0.371402 0
    outer loop
      vertex 4.8294 14.9265 0
      vertex 4.79999 15 2
      vertex 4.79999 15 0
    endloop
  endfacet
  facet normal -0.928472 -0.371402 0
    outer loop
      vertex 4.79999 15 2
      vertex 4.8294 14.9265 0
      vertex 4.8294 14.9265 2
    endloop
  endfacet
  facet normal -0.926736 -0.375714 0
    outer loop
      vertex 8.2 6.59999 0
      vertex 8.1869 6.63228 2
      vertex 8.1869 6.63228 0
    endloop
  endfacet
  facet normal -0.926736 -0.375714 0
    outer loop
      vertex 8.1869 6.63228 2
      vertex 8.2 6.59999 0
      vertex 8.2 6.59999 2
    endloop
  endfacet
  facet normal -0.926739 -0.375705 0
    outer loop
      vertex 7.94613 7.2262 0
      vertex 5.28465 13.7912 2
      vertex 5.28465 13.7912 0
    endloop
  endfacet
  facet normal -0.926739 -0.375705 0
    outer loop
      vertex 5.28465 13.7912 2
      vertex 7.94613 7.2262 0
      vertex 7.94613 7.2262 2
    endloop
  endfacet
  facet normal -0.254502 -0.967072 0
    outer loop
      vertex 8.2 6.59999 0
      vertex 8.20798 6.59789 2
      vertex 8.2 6.59999 2
    endloop
  endfacet
  facet normal -0.254502 -0.967072 -0
    outer loop
      vertex 8.20798 6.59789 2
      vertex 8.2 6.59999 0
      vertex 8.20798 6.59789 0
    endloop
  endfacet
  facet normal -0.254496 -0.967074 0
    outer loop
      vertex 11.7604 5.66305 0
      vertex 11.7902 5.65521 2
      vertex 11.7604 5.66305 2
    endloop
  endfacet
  facet normal -0.254496 -0.967074 -0
    outer loop
      vertex 11.7902 5.65521 2
      vertex 11.7604 5.66305 0
      vertex 11.7902 5.65521 0
    endloop
  endfacet
  facet normal -0.11355 -0.993532 0
    outer loop
      vertex 20.0318 2.93922 0
      vertex 20.1089 2.93041 2
      vertex 20.0318 2.93922 2
    endloop
  endfacet
  facet normal -0.11355 -0.993532 -0
    outer loop
      vertex 20.1089 2.93041 2
      vertex 20.0318 2.93922 0
      vertex 20.1089 2.93041 0
    endloop
  endfacet
  facet normal 0.0890575 -0.996026 0
    outer loop
      vertex 24.6406 2.7467 0
      vertex 24.6814 2.75034 2
      vertex 24.6406 2.7467 2
    endloop
  endfacet
  facet normal 0.0890575 -0.996026 0
    outer loop
      vertex 24.6814 2.75034 2
      vertex 24.6406 2.7467 0
      vertex 24.6814 2.75034 0
    endloop
  endfacet
  facet normal -0.996917 0.0784653 0
    outer loop
      vertex 5.8 58.1 1.97059
      vertex 5.80393 58.15 0
      vertex 5.8 58.1 0
    endloop
  endfacet
  facet normal -0.996917 0.0784653 0
    outer loop
      vertex 5.80393 58.15 0
      vertex 5.8 58.1 1.97059
      vertex 5.80393 58.15 1.97762
    endloop
  endfacet
  facet normal -0.996917 -0.0784641 0
    outer loop
      vertex 5.80722 58.0083 0
      vertex 5.8 58.1 1.97059
      vertex 5.8 58.1 0
    endloop
  endfacet
  facet normal -0.996917 -0.0784641 0
    outer loop
      vertex 5.8 58.1 1.97059
      vertex 5.80722 58.0083 0
      vertex 5.80722 58.0083 1.98348
    endloop
  endfacet
  facet normal -0.996917 0.0784601 0
    outer loop
      vertex 4.05 24.55 1.97059
      vertex 4.06854 24.7856 2
      vertex 4.06854 24.7856 0
    endloop
  endfacet
  facet normal -0.996917 0.0784601 0
    outer loop
      vertex 4.05 24.55 1.97059
      vertex 4.06854 24.7856 0
      vertex 4.05 24.55 0
    endloop
  endfacet
  facet normal -0.996918 0.0784452 0.000120062
    outer loop
      vertex 4.06854 24.7856 2
      vertex 4.05 24.55 1.97059
      vertex 4.06646 24.7592 2
    endloop
  endfacet
  facet normal -0.996917 -0.0784608 0
    outer loop
      vertex 4.08078 24.1589 0
      vertex 4.05 24.55 1.97059
      vertex 4.05 24.55 0
    endloop
  endfacet
  facet normal -0.996917 -0.078462 2.39617e-007
    outer loop
      vertex 4.05 24.55 1.97059
      vertex 4.08078 24.1589 0
      vertex 4.06646 24.3408 2
    endloop
  endfacet
  facet normal -0.996917 -0.0784593 0
    outer loop
      vertex 4.06646 24.3408 2
      vertex 4.08078 24.1589 0
      vertex 4.08078 24.1589 2
    endloop
  endfacet
  facet normal -0.97237 -0.233447 0
    outer loop
      vertex 4.13104 23.9496 1.9954
      vertex 4.08078 24.1589 2
      vertex 4.08078 24.1589 0
    endloop
  endfacet
  facet normal -0.97237 -0.233447 -0
    outer loop
      vertex 4.13104 23.9496 1.9954
      vertex 4.08078 24.1589 0
      vertex 4.13104 23.9496 0
    endloop
  endfacet
  facet normal -0.972369 -0.233447 2.58445e-005
    outer loop
      vertex 4.08078 24.1589 2
      vertex 4.13104 23.9496 1.9954
      vertex 4.12338 23.9815 2
    endloop
  endfacet
  facet normal -0.92388 -0.382683 0
    outer loop
      vertex 5.08338 14.1196 0
      vertex 4.92725 14.4966 2
      vertex 4.92725 14.4966 0
    endloop
  endfacet
  facet normal -0.92388 -0.382683 0
    outer loop
      vertex 4.92725 14.4966 2
      vertex 5.08338 14.1196 0
      vertex 5.08338 14.1196 2
    endloop
  endfacet
  facet normal -0.996918 -0.0784532 0
    outer loop
      vertex 4.83201 14.8933 0
      vertex 4.8294 14.9265 2
      vertex 4.8294 14.9265 0
    endloop
  endfacet
  facet normal -0.996918 -0.0784532 0
    outer loop
      vertex 4.8294 14.9265 2
      vertex 4.83201 14.8933 0
      vertex 4.83201 14.8933 2
    endloop
  endfacet
  facet normal -0.85264 -0.522499 0
    outer loop
      vertex 5.28465 13.7912 0
      vertex 5.08338 14.1196 2
      vertex 5.08338 14.1196 0
    endloop
  endfacet
  facet normal -0.85264 -0.522499 0
    outer loop
      vertex 5.08338 14.1196 2
      vertex 5.28465 13.7912 0
      vertex 5.28465 13.7912 2
    endloop
  endfacet
  facet normal -0.97237 -0.233445 0
    outer loop
      vertex 4.92725 14.4966 0
      vertex 4.83201 14.8933 2
      vertex 4.83201 14.8933 0
    endloop
  endfacet
  facet normal -0.97237 -0.233445 0
    outer loop
      vertex 4.83201 14.8933 2
      vertex 4.92725 14.4966 0
      vertex 4.92725 14.4966 2
    endloop
  endfacet
  facet normal -0.0784608 -0.996917 0
    outer loop
      vertex 10.0433 5.33201 0
      vertex 10.45 5.3 2
      vertex 10.0433 5.33201 2
    endloop
  endfacet
  facet normal -0.0784608 -0.996917 -0
    outer loop
      vertex 10.45 5.3 2
      vertex 10.0433 5.33201 0
      vertex 10.45 5.3 0
    endloop
  endfacet
  facet normal -0.760407 -0.649447 0
    outer loop
      vertex 8.61152 6.06152 0
      vertex 8.34656 6.37176 2
      vertex 8.34656 6.37176 0
    endloop
  endfacet
  facet normal -0.760407 -0.649447 0
    outer loop
      vertex 8.34656 6.37176 2
      vertex 8.61152 6.06152 0
      vertex 8.61152 6.06152 2
    endloop
  endfacet
  facet normal -0.92388 -0.382683 0
    outer loop
      vertex 8.13338 6.71962 0
      vertex 7.97725 7.09656 2
      vertex 7.97725 7.09656 0
    endloop
  endfacet
  facet normal -0.92388 -0.382683 0
    outer loop
      vertex 7.97725 7.09656 2
      vertex 8.13338 6.71962 0
      vertex 8.13338 6.71962 2
    endloop
  endfacet
  facet normal -0.649447 -0.760407 0
    outer loop
      vertex 8.61152 6.06152 0
      vertex 8.92176 5.79656 2
      vertex 8.61152 6.06152 2
    endloop
  endfacet
  facet normal -0.649447 -0.760407 -0
    outer loop
      vertex 8.92176 5.79656 2
      vertex 8.61152 6.06152 0
      vertex 8.92176 5.79656 0
    endloop
  endfacet
  facet normal -0.382683 -0.92388 0
    outer loop
      vertex 9.26962 5.58338 0
      vertex 9.64655 5.42725 2
      vertex 9.26962 5.58338 2
    endloop
  endfacet
  facet normal -0.382683 -0.92388 -0
    outer loop
      vertex 9.64655 5.42725 2
      vertex 9.26962 5.58338 0
      vertex 9.64655 5.42725 0
    endloop
  endfacet
  facet normal -0.85264 -0.522498 0
    outer loop
      vertex 8.34656 6.37176 0
      vertex 8.20798 6.59789 2
      vertex 8.20798 6.59789 0
    endloop
  endfacet
  facet normal -0.85264 -0.522498 0
    outer loop
      vertex 8.20798 6.59789 2
      vertex 8.34656 6.37176 0
      vertex 8.34656 6.37176 2
    endloop
  endfacet
  facet normal -0.852642 -0.522496 0
    outer loop
      vertex 8.1869 6.63228 0
      vertex 8.13338 6.71962 2
      vertex 8.13338 6.71962 0
    endloop
  endfacet
  facet normal -0.852642 -0.522496 0
    outer loop
      vertex 8.13338 6.71962 2
      vertex 8.1869 6.63228 0
      vertex 8.1869 6.63228 2
    endloop
  endfacet
  facet normal 0.0784608 -0.996917 0
    outer loop
      vertex 10.45 5.3 0
      vertex 10.8567 5.33201 2
      vertex 10.45 5.3 2
    endloop
  endfacet
  facet normal 0.0784608 -0.996917 0
    outer loop
      vertex 10.8567 5.33201 2
      vertex 10.45 5.3 0
      vertex 10.8567 5.33201 0
    endloop
  endfacet
  facet normal 0.522499 -0.85264 0
    outer loop
      vertex 11.6587 5.60076 0
      vertex 11.7604 5.66305 2
      vertex 11.6587 5.60076 2
    endloop
  endfacet
  facet normal 0.522499 -0.85264 0
    outer loop
      vertex 11.7604 5.66305 2
      vertex 11.6587 5.60076 0
      vertex 11.7604 5.66305 0
    endloop
  endfacet
  facet normal -0.522499 -0.85264 0
    outer loop
      vertex 8.92176 5.79656 0
      vertex 9.26962 5.58338 2
      vertex 8.92176 5.79656 2
    endloop
  endfacet
  facet normal -0.522499 -0.85264 -0
    outer loop
      vertex 9.26962 5.58338 2
      vertex 8.92176 5.79656 0
      vertex 9.26962 5.58338 0
    endloop
  endfacet
  facet normal -0.233444 -0.97237 0
    outer loop
      vertex 9.64655 5.42725 0
      vertex 10.0433 5.33201 2
      vertex 9.64655 5.42725 2
    endloop
  endfacet
  facet normal -0.233444 -0.97237 -0
    outer loop
      vertex 10.0433 5.33201 2
      vertex 9.64655 5.42725 0
      vertex 10.0433 5.33201 0
    endloop
  endfacet
  facet normal -0.972369 -0.233449 0
    outer loop
      vertex 7.97725 7.09656 0
      vertex 7.94613 7.2262 2
      vertex 7.94613 7.2262 0
    endloop
  endfacet
  facet normal -0.972369 -0.233449 0
    outer loop
      vertex 7.94613 7.2262 2
      vertex 7.97725 7.09656 0
      vertex 7.97725 7.09656 2
    endloop
  endfacet
  facet normal 0.233445 -0.97237 0
    outer loop
      vertex 10.8567 5.33201 0
      vertex 11.2211 5.41949 2
      vertex 10.8567 5.33201 2
    endloop
  endfacet
  facet normal 0.233445 -0.97237 0
    outer loop
      vertex 11.2211 5.41949 2
      vertex 10.8567 5.33201 0
      vertex 11.2211 5.41949 0
    endloop
  endfacet
  facet normal -0.923871 -0.382703 0
    outer loop
      vertex 20.1134 2.91962 0
      vertex 20.1089 2.93041 2
      vertex 20.1089 2.93041 0
    endloop
  endfacet
  facet normal -0.923871 -0.382703 0
    outer loop
      vertex 20.1089 2.93041 2
      vertex 20.1134 2.91962 0
      vertex 20.1134 2.91962 2
    endloop
  endfacet
  facet normal 0.522499 -0.85264 0
    outer loop
      vertex 23.6104 1.78338 0
      vertex 23.9582 1.99656 2
      vertex 23.6104 1.78338 2
    endloop
  endfacet
  facet normal 0.522499 -0.85264 0
    outer loop
      vertex 23.9582 1.99656 2
      vertex 23.6104 1.78338 0
      vertex 23.9582 1.99656 0
    endloop
  endfacet
  facet normal -0.649449 -0.760405 0
    outer loop
      vertex 20.5915 2.26152 0
      vertex 20.9018 1.99656 2
      vertex 20.5915 2.26152 2
    endloop
  endfacet
  facet normal -0.649449 -0.760405 -0
    outer loop
      vertex 20.9018 1.99656 2
      vertex 20.5915 2.26152 0
      vertex 20.9018 1.99656 0
    endloop
  endfacet
  facet normal -0.382682 -0.92388 0
    outer loop
      vertex 21.2496 1.78338 0
      vertex 21.6266 1.62725 2
      vertex 21.2496 1.78338 2
    endloop
  endfacet
  facet normal -0.382682 -0.92388 -0
    outer loop
      vertex 21.6266 1.62725 2
      vertex 21.2496 1.78338 0
      vertex 21.6266 1.62725 0
    endloop
  endfacet
  facet normal -0.85264 -0.522499 0
    outer loop
      vertex 20.3266 2.57176 0
      vertex 20.1134 2.91962 2
      vertex 20.1134 2.91962 0
    endloop
  endfacet
  facet normal -0.85264 -0.522499 0
    outer loop
      vertex 20.1134 2.91962 2
      vertex 20.3266 2.57176 0
      vertex 20.3266 2.57176 2
    endloop
  endfacet
  facet normal 0.078461 -0.996917 0
    outer loop
      vertex 22.43 1.5 0
      vertex 22.8367 1.53201 2
      vertex 22.43 1.5 2
    endloop
  endfacet
  facet normal 0.078461 -0.996917 0
    outer loop
      vertex 22.8367 1.53201 2
      vertex 22.43 1.5 0
      vertex 22.8367 1.53201 0
    endloop
  endfacet
  facet normal 0.382684 -0.923879 0
    outer loop
      vertex 23.2334 1.62725 0
      vertex 23.6104 1.78338 2
      vertex 23.2334 1.62725 2
    endloop
  endfacet
  facet normal 0.382684 -0.923879 0
    outer loop
      vertex 23.6104 1.78338 2
      vertex 23.2334 1.62725 0
      vertex 23.6104 1.78338 0
    endloop
  endfacet
  facet normal 0.649446 -0.760407 0
    outer loop
      vertex 23.9582 1.99656 0
      vertex 24.2685 2.26152 2
      vertex 23.9582 1.99656 2
    endloop
  endfacet
  facet normal 0.649446 -0.760407 0
    outer loop
      vertex 24.2685 2.26152 2
      vertex 23.9582 1.99656 0
      vertex 24.2685 2.26152 0
    endloop
  endfacet
  facet normal 0.760408 -0.649446 0
    outer loop
      vertex 24.2685 2.26152 2
      vertex 24.5334 2.57176 0
      vertex 24.5334 2.57176 2
    endloop
  endfacet
  facet normal 0.760408 -0.649446 0
    outer loop
      vertex 24.5334 2.57176 0
      vertex 24.2685 2.26152 2
      vertex 24.2685 2.26152 0
    endloop
  endfacet
  facet normal -0.522499 -0.85264 0
    outer loop
      vertex 20.9018 1.99656 0
      vertex 21.2496 1.78338 2
      vertex 20.9018 1.99656 2
    endloop
  endfacet
  facet normal -0.522499 -0.85264 -0
    outer loop
      vertex 21.2496 1.78338 2
      vertex 20.9018 1.99656 0
      vertex 21.2496 1.78338 0
    endloop
  endfacet
  facet normal -0.233446 -0.97237 0
    outer loop
      vertex 21.6266 1.62725 0
      vertex 22.0233 1.53201 2
      vertex 21.6266 1.62725 2
    endloop
  endfacet
  facet normal -0.233446 -0.97237 -0
    outer loop
      vertex 22.0233 1.53201 2
      vertex 21.6266 1.62725 0
      vertex 22.0233 1.53201 0
    endloop
  endfacet
  facet normal -0.760405 -0.649449 0
    outer loop
      vertex 20.5915 2.26152 0
      vertex 20.3266 2.57176 2
      vertex 20.3266 2.57176 0
    endloop
  endfacet
  facet normal -0.760405 -0.649449 0
    outer loop
      vertex 20.3266 2.57176 2
      vertex 20.5915 2.26152 0
      vertex 20.5915 2.26152 2
    endloop
  endfacet
  facet normal 0.233444 -0.97237 0
    outer loop
      vertex 22.8367 1.53201 0
      vertex 23.2334 1.62725 2
      vertex 22.8367 1.53201 2
    endloop
  endfacet
  facet normal 0.233444 -0.97237 0
    outer loop
      vertex 23.2334 1.62725 2
      vertex 22.8367 1.53201 0
      vertex 23.2334 1.62725 0
    endloop
  endfacet
  facet normal -0.0784606 -0.996917 0
    outer loop
      vertex 22.0233 1.53201 0
      vertex 22.43 1.5 2
      vertex 22.0233 1.53201 2
    endloop
  endfacet
  facet normal -0.0784606 -0.996917 -0
    outer loop
      vertex 22.43 1.5 2
      vertex 22.0233 1.53201 0
      vertex 22.43 1.5 0
    endloop
  endfacet
  facet normal 0.852642 -0.522496 0
    outer loop
      vertex 24.5334 2.57176 2
      vertex 24.6406 2.7467 0
      vertex 24.6406 2.7467 2
    endloop
  endfacet
  facet normal 0.852642 -0.522496 0
    outer loop
      vertex 24.6406 2.7467 0
      vertex 24.5334 2.57176 2
      vertex 24.5334 2.57176 0
    endloop
  endfacet
  facet normal 0.0784583 -0.996917 0
    outer loop
      vertex 36.42 2.85 0
      vertex 36.8267 2.88201 2
      vertex 36.42 2.85 2
    endloop
  endfacet
  facet normal 0.0784583 -0.996917 0
    outer loop
      vertex 36.8267 2.88201 2
      vertex 36.42 2.85 0
      vertex 36.8267 2.88201 0
    endloop
  endfacet
  facet normal 0.97237 -0.233446 0
    outer loop
      vertex 38.8927 4.64655 2
      vertex 38.9324 4.81174 0
      vertex 38.9324 4.81174 2
    endloop
  endfacet
  facet normal 0.97237 -0.233446 0
    outer loop
      vertex 38.9324 4.81174 0
      vertex 38.8927 4.64655 2
      vertex 38.8927 4.64655 0
    endloop
  endfacet
  facet normal 0.85264 -0.522499 0
    outer loop
      vertex 38.5234 3.92176 2
      vertex 38.7366 4.26962 0
      vertex 38.7366 4.26962 2
    endloop
  endfacet
  facet normal 0.85264 -0.522499 0
    outer loop
      vertex 38.7366 4.26962 0
      vertex 38.5234 3.92176 2
      vertex 38.5234 3.92176 0
    endloop
  endfacet
  facet normal 0.233448 -0.972369 0
    outer loop
      vertex 36.8267 2.88201 0
      vertex 37.2234 2.97725 2
      vertex 36.8267 2.88201 2
    endloop
  endfacet
  facet normal 0.233448 -0.972369 0
    outer loop
      vertex 37.2234 2.97725 2
      vertex 36.8267 2.88201 0
      vertex 37.2234 2.97725 0
    endloop
  endfacet
  facet normal 0.522499 -0.85264 0
    outer loop
      vertex 37.6004 3.13338 0
      vertex 37.9482 3.34656 2
      vertex 37.6004 3.13338 2
    endloop
  endfacet
  facet normal 0.522499 -0.85264 0
    outer loop
      vertex 37.9482 3.34656 2
      vertex 37.6004 3.13338 0
      vertex 37.9482 3.34656 0
    endloop
  endfacet
  facet normal 0.923881 -0.382679 0
    outer loop
      vertex 38.7366 4.26962 2
      vertex 38.8927 4.64655 0
      vertex 38.8927 4.64655 2
    endloop
  endfacet
  facet normal 0.923881 -0.382679 0
    outer loop
      vertex 38.8927 4.64655 0
      vertex 38.7366 4.26962 2
      vertex 38.7366 4.26962 0
    endloop
  endfacet
  facet normal 0.382681 -0.923881 0
    outer loop
      vertex 37.2234 2.97725 0
      vertex 37.6004 3.13338 2
      vertex 37.2234 2.97725 2
    endloop
  endfacet
  facet normal 0.382681 -0.923881 0
    outer loop
      vertex 37.6004 3.13338 2
      vertex 37.2234 2.97725 0
      vertex 37.6004 3.13338 0
    endloop
  endfacet
  facet normal 0.760403 -0.649451 0
    outer loop
      vertex 38.2585 3.61152 2
      vertex 38.5234 3.92176 0
      vertex 38.5234 3.92176 2
    endloop
  endfacet
  facet normal 0.760403 -0.649451 0
    outer loop
      vertex 38.5234 3.92176 0
      vertex 38.2585 3.61152 2
      vertex 38.2585 3.61152 0
    endloop
  endfacet
  facet normal -0.0784591 -0.996917 0
    outer loop
      vertex 36.0133 2.88201 0
      vertex 36.42 2.85 2
      vertex 36.0133 2.88201 2
    endloop
  endfacet
  facet normal -0.0784591 -0.996917 -0
    outer loop
      vertex 36.42 2.85 2
      vertex 36.0133 2.88201 0
      vertex 36.42 2.85 0
    endloop
  endfacet
  facet normal -0.382684 -0.923879 0
    outer loop
      vertex 35.2396 3.13338 0
      vertex 35.6166 2.97725 2
      vertex 35.2396 3.13338 2
    endloop
  endfacet
  facet normal -0.382684 -0.923879 -0
    outer loop
      vertex 35.6166 2.97725 2
      vertex 35.2396 3.13338 0
      vertex 35.6166 2.97725 0
    endloop
  endfacet
  facet normal -0.233446 -0.97237 0
    outer loop
      vertex 35.6166 2.97725 0
      vertex 36.0133 2.88201 2
      vertex 35.6166 2.97725 2
    endloop
  endfacet
  facet normal -0.233446 -0.97237 -0
    outer loop
      vertex 36.0133 2.88201 2
      vertex 35.6166 2.97725 0
      vertex 36.0133 2.88201 0
    endloop
  endfacet
  facet normal 0.64945 -0.760405 0
    outer loop
      vertex 37.9482 3.34656 0
      vertex 38.2585 3.61152 2
      vertex 37.9482 3.34656 2
    endloop
  endfacet
  facet normal 0.64945 -0.760405 0
    outer loop
      vertex 38.2585 3.61152 2
      vertex 37.9482 3.34656 0
      vertex 38.2585 3.61152 0
    endloop
  endfacet
  facet normal -0.522499 -0.85264 0
    outer loop
      vertex 34.8918 3.34656 0
      vertex 35.2396 3.13338 2
      vertex 34.8918 3.34656 2
    endloop
  endfacet
  facet normal -0.522499 -0.85264 -0
    outer loop
      vertex 35.2396 3.13338 2
      vertex 34.8918 3.34656 0
      vertex 35.2396 3.13338 0
    endloop
  endfacet
  facet normal -0.649456 -0.760399 0
    outer loop
      vertex 34.8227 3.40551 0
      vertex 34.8918 3.34656 2
      vertex 34.8227 3.40551 2
    endloop
  endfacet
  facet normal -0.649456 -0.760399 -0
    outer loop
      vertex 34.8918 3.34656 2
      vertex 34.8227 3.40551 0
      vertex 34.8918 3.34656 0
    endloop
  endfacet
  facet normal 0.85264 -0.522498 0
    outer loop
      vertex 52.5134 9.62176 2
      vertex 52.7266 9.96962 0
      vertex 52.7266 9.96962 2
    endloop
  endfacet
  facet normal 0.85264 -0.522498 0
    outer loop
      vertex 52.7266 9.96962 0
      vertex 52.5134 9.62176 2
      vertex 52.5134 9.62176 0
    endloop
  endfacet
  facet normal 0.972371 -0.233443 0
    outer loop
      vertex 52.8827 10.3466 2
      vertex 52.978 10.7433 0
      vertex 52.978 10.7433 2
    endloop
  endfacet
  facet normal 0.972371 -0.233443 0
    outer loop
      vertex 52.978 10.7433 0
      vertex 52.8827 10.3466 2
      vertex 52.8827 10.3466 0
    endloop
  endfacet
  facet normal -0.382681 -0.923881 0
    outer loop
      vertex 49.2296 8.83338 0
      vertex 49.6066 8.67725 2
      vertex 49.2296 8.83338 2
    endloop
  endfacet
  facet normal -0.382681 -0.923881 -0
    outer loop
      vertex 49.6066 8.67725 2
      vertex 49.2296 8.83338 0
      vertex 49.6066 8.67725 0
    endloop
  endfacet
  facet normal 0.0784606 -0.996917 0
    outer loop
      vertex 50.41 8.55 0
      vertex 50.8167 8.58201 2
      vertex 50.41 8.55 2
    endloop
  endfacet
  facet normal 0.0784606 -0.996917 0
    outer loop
      vertex 50.8167 8.58201 2
      vertex 50.41 8.55 0
      vertex 50.8167 8.58201 0
    endloop
  endfacet
  facet normal 0.382684 -0.923879 0
    outer loop
      vertex 51.2134 8.67725 0
      vertex 51.5904 8.83338 2
      vertex 51.2134 8.67725 2
    endloop
  endfacet
  facet normal 0.382684 -0.923879 0
    outer loop
      vertex 51.5904 8.83338 2
      vertex 51.2134 8.67725 0
      vertex 51.5904 8.83338 0
    endloop
  endfacet
  facet normal 0.760408 -0.649446 0
    outer loop
      vertex 52.2485 9.31152 2
      vertex 52.5134 9.62176 0
      vertex 52.5134 9.62176 2
    endloop
  endfacet
  facet normal 0.760408 -0.649446 0
    outer loop
      vertex 52.5134 9.62176 0
      vertex 52.2485 9.31152 2
      vertex 52.2485 9.31152 0
    endloop
  endfacet
  facet normal 0.522499 -0.85264 0
    outer loop
      vertex 51.5904 8.83338 0
      vertex 51.9382 9.04656 2
      vertex 51.5904 8.83338 2
    endloop
  endfacet
  facet normal 0.522499 -0.85264 0
    outer loop
      vertex 51.9382 9.04656 2
      vertex 51.5904 8.83338 0
      vertex 51.9382 9.04656 0
    endloop
  endfacet
  facet normal 0.923878 -0.382687 0
    outer loop
      vertex 52.7266 9.96962 2
      vertex 52.8827 10.3466 0
      vertex 52.8827 10.3466 2
    endloop
  endfacet
  facet normal 0.923878 -0.382687 0
    outer loop
      vertex 52.8827 10.3466 0
      vertex 52.7266 9.96962 2
      vertex 52.7266 9.96962 0
    endloop
  endfacet
  facet normal 0.996917 -0.0784577 0
    outer loop
      vertex 52.978 10.7433 2
      vertex 53.0057 11.0954 0
      vertex 53.0057 11.0954 2
    endloop
  endfacet
  facet normal 0.996917 -0.0784577 0
    outer loop
      vertex 53.0057 11.0954 0
      vertex 52.978 10.7433 2
      vertex 52.978 10.7433 0
    endloop
  endfacet
  facet normal -0.5225 -0.852639 0
    outer loop
      vertex 49.0285 8.95662 0
      vertex 49.2296 8.83338 2
      vertex 49.0285 8.95662 2
    endloop
  endfacet
  facet normal -0.5225 -0.852639 -0
    outer loop
      vertex 49.2296 8.83338 2
      vertex 49.0285 8.95662 0
      vertex 49.2296 8.83338 0
    endloop
  endfacet
  facet normal -0.233446 -0.97237 0
    outer loop
      vertex 49.6066 8.67725 0
      vertex 50.0033 8.58201 2
      vertex 49.6066 8.67725 2
    endloop
  endfacet
  facet normal -0.233446 -0.97237 -0
    outer loop
      vertex 50.0033 8.58201 2
      vertex 49.6066 8.67725 0
      vertex 50.0033 8.58201 0
    endloop
  endfacet
  facet normal 0.233446 -0.97237 0
    outer loop
      vertex 50.8167 8.58201 0
      vertex 51.2134 8.67725 2
      vertex 50.8167 8.58201 2
    endloop
  endfacet
  facet normal 0.233446 -0.97237 0
    outer loop
      vertex 51.2134 8.67725 2
      vertex 50.8167 8.58201 0
      vertex 51.2134 8.67725 0
    endloop
  endfacet
  facet normal 0.649445 -0.760409 0
    outer loop
      vertex 51.9382 9.04656 0
      vertex 52.2485 9.31152 2
      vertex 51.9382 9.04656 2
    endloop
  endfacet
  facet normal 0.649445 -0.760409 0
    outer loop
      vertex 52.2485 9.31152 2
      vertex 51.9382 9.04656 0
      vertex 52.2485 9.31152 0
    endloop
  endfacet
  facet normal -0.0784606 -0.996917 0
    outer loop
      vertex 50.0033 8.58201 0
      vertex 50.41 8.55 2
      vertex 50.0033 8.58201 2
    endloop
  endfacet
  facet normal -0.0784606 -0.996917 -0
    outer loop
      vertex 50.41 8.55 2
      vertex 50.0033 8.58201 0
      vertex 50.41 8.55 0
    endloop
  endfacet
  facet normal 0.0784583 -0.996917 0
    outer loop
      vertex 62.92 14.75 0
      vertex 63.3267 14.782 2
      vertex 62.92 14.75 2
    endloop
  endfacet
  facet normal 0.0784583 -0.996917 0
    outer loop
      vertex 63.3267 14.782 2
      vertex 62.92 14.75 0
      vertex 63.3267 14.782 0
    endloop
  endfacet
  facet normal 0.923881 -0.38268 0
    outer loop
      vertex 65.2366 16.1696 2
      vertex 65.3927 16.5466 0
      vertex 65.3927 16.5466 2
    endloop
  endfacet
  facet normal 0.923881 -0.38268 0
    outer loop
      vertex 65.3927 16.5466 0
      vertex 65.2366 16.1696 2
      vertex 65.2366 16.1696 0
    endloop
  endfacet
  facet normal 0.972368 -0.233453 0
    outer loop
      vertex 65.3927 16.5466 2
      vertex 65.4312 16.7069 0
      vertex 65.4312 16.7069 2
    endloop
  endfacet
  facet normal 0.972368 -0.233453 0
    outer loop
      vertex 65.4312 16.7069 0
      vertex 65.3927 16.5466 2
      vertex 65.3927 16.5466 0
    endloop
  endfacet
  facet normal 0.233446 -0.97237 0
    outer loop
      vertex 63.3267 14.782 0
      vertex 63.7234 14.8773 2
      vertex 63.3267 14.782 2
    endloop
  endfacet
  facet normal 0.233446 -0.97237 0
    outer loop
      vertex 63.7234 14.8773 2
      vertex 63.3267 14.782 0
      vertex 63.7234 14.8773 0
    endloop
  endfacet
  facet normal 0.85264 -0.522499 0
    outer loop
      vertex 65.0234 15.8218 2
      vertex 65.2366 16.1696 0
      vertex 65.2366 16.1696 2
    endloop
  endfacet
  facet normal 0.85264 -0.522499 0
    outer loop
      vertex 65.2366 16.1696 0
      vertex 65.0234 15.8218 2
      vertex 65.0234 15.8218 0
    endloop
  endfacet
  facet normal 0.522495 -0.852642 0
    outer loop
      vertex 64.1004 15.0334 0
      vertex 64.4482 15.2466 2
      vertex 64.1004 15.0334 2
    endloop
  endfacet
  facet normal 0.522495 -0.852642 0
    outer loop
      vertex 64.4482 15.2466 2
      vertex 64.1004 15.0334 0
      vertex 64.4482 15.2466 0
    endloop
  endfacet
  facet normal 0.382684 -0.923879 0
    outer loop
      vertex 63.7234 14.8773 0
      vertex 64.1004 15.0334 2
      vertex 63.7234 14.8773 2
    endloop
  endfacet
  facet normal 0.382684 -0.923879 0
    outer loop
      vertex 64.1004 15.0334 2
      vertex 63.7234 14.8773 0
      vertex 64.1004 15.0334 0
    endloop
  endfacet
  facet normal -0.233443 -0.97237 0
    outer loop
      vertex 62.1166 14.8773 0
      vertex 62.5133 14.782 2
      vertex 62.1166 14.8773 2
    endloop
  endfacet
  facet normal -0.233443 -0.97237 -0
    outer loop
      vertex 62.5133 14.782 2
      vertex 62.1166 14.8773 0
      vertex 62.5133 14.782 0
    endloop
  endfacet
  facet normal 0.649451 -0.760403 0
    outer loop
      vertex 64.4482 15.2466 0
      vertex 64.7585 15.5115 2
      vertex 64.4482 15.2466 2
    endloop
  endfacet
  facet normal 0.649451 -0.760403 0
    outer loop
      vertex 64.7585 15.5115 2
      vertex 64.4482 15.2466 0
      vertex 64.7585 15.5115 0
    endloop
  endfacet
  facet normal -0.0784591 -0.996917 0
    outer loop
      vertex 62.5133 14.782 0
      vertex 62.92 14.75 2
      vertex 62.5133 14.782 2
    endloop
  endfacet
  facet normal -0.0784591 -0.996917 -0
    outer loop
      vertex 62.92 14.75 2
      vertex 62.5133 14.782 0
      vertex 62.92 14.75 0
    endloop
  endfacet
  facet normal -0.522499 -0.85264 0
    outer loop
      vertex 61.3918 15.2466 0
      vertex 61.7396 15.0334 2
      vertex 61.3918 15.2466 2
    endloop
  endfacet
  facet normal -0.522499 -0.85264 -0
    outer loop
      vertex 61.7396 15.0334 2
      vertex 61.3918 15.2466 0
      vertex 61.7396 15.0334 0
    endloop
  endfacet
  facet normal -0.382684 -0.923879 0
    outer loop
      vertex 61.7396 15.0334 0
      vertex 62.1166 14.8773 2
      vertex 61.7396 15.0334 2
    endloop
  endfacet
  facet normal -0.382684 -0.923879 -0
    outer loop
      vertex 62.1166 14.8773 2
      vertex 61.7396 15.0334 0
      vertex 62.1166 14.8773 0
    endloop
  endfacet
  facet normal -0.649516 -0.760348 0
    outer loop
      vertex 61.3837 15.2534 0
      vertex 61.3918 15.2466 2
      vertex 61.3837 15.2534 2
    endloop
  endfacet
  facet normal -0.649516 -0.760348 -0
    outer loop
      vertex 61.3918 15.2466 2
      vertex 61.3837 15.2534 0
      vertex 61.3918 15.2466 0
    endloop
  endfacet
  facet normal 0.760403 -0.649451 0
    outer loop
      vertex 64.7585 15.5115 2
      vertex 65.0234 15.8218 0
      vertex 65.0234 15.8218 2
    endloop
  endfacet
  facet normal 0.760403 -0.649451 0
    outer loop
      vertex 65.0234 15.8218 0
      vertex 64.7585 15.5115 2
      vertex 64.7585 15.5115 0
    endloop
  endfacet
  facet normal 0.852738 -0.522339 0
    outer loop
      vertex 68.3864 25.1729 2
      vertex 68.3966 25.1896 0
      vertex 68.3966 25.1896 2
    endloop
  endfacet
  facet normal 0.852738 -0.522339 0
    outer loop
      vertex 68.3966 25.1896 0
      vertex 68.3864 25.1729 2
      vertex 68.3864 25.1729 0
    endloop
  endfacet
  facet normal 0.972373 -0.233433 0
    outer loop
      vertex 68.5527 25.5666 2
      vertex 68.648 25.9633 0
      vertex 68.648 25.9633 2
    endloop
  endfacet
  facet normal 0.972373 -0.233433 0
    outer loop
      vertex 68.648 25.9633 0
      vertex 68.5527 25.5666 2
      vertex 68.5527 25.5666 0
    endloop
  endfacet
  facet normal 0.996915 -0.0784937 0
    outer loop
      vertex 68.648 25.9633 2
      vertex 68.6579 26.0897 0
      vertex 68.6579 26.0897 2
    endloop
  endfacet
  facet normal 0.996915 -0.0784937 0
    outer loop
      vertex 68.6579 26.0897 0
      vertex 68.648 25.9633 2
      vertex 68.648 25.9633 0
    endloop
  endfacet
  facet normal 0.923874 -0.382696 0
    outer loop
      vertex 68.3966 25.1896 2
      vertex 68.5527 25.5666 0
      vertex 68.5527 25.5666 2
    endloop
  endfacet
  facet normal 0.923874 -0.382696 0
    outer loop
      vertex 68.5527 25.5666 0
      vertex 68.3966 25.1896 2
      vertex 68.3966 25.1896 0
    endloop
  endfacet
  facet normal 0.996916 0.078474 0
    outer loop
      vertex 69.0435 38.8592 2
      vertex 69.0292 39.0411 0
      vertex 69.0292 39.0411 2
    endloop
  endfacet
  facet normal 0.996919 0.0784327 -3.77705e-006
    outer loop
      vertex 69.0554 38.709 1.97889
      vertex 69.0292 39.0411 0
      vertex 69.0435 38.8592 2
    endloop
  endfacet
  facet normal 0.996918 0.0784498 -0
    outer loop
      vertex 69.06 38.65 0
      vertex 69.0554 38.709 1.97889
      vertex 69.06 38.65 1.97059
    endloop
  endfacet
  facet normal 0.996918 0.0784543 -1.33915e-007
    outer loop
      vertex 69.0554 38.709 1.97889
      vertex 69.06 38.65 0
      vertex 69.0292 39.0411 0
    endloop
  endfacet
  facet normal 0.972365 0.233466 0
    outer loop
      vertex 69.0292 39.0411 2
      vertex 68.9924 39.1943 0
      vertex 68.9924 39.1943 2
    endloop
  endfacet
  facet normal 0.972365 0.233466 0
    outer loop
      vertex 68.9924 39.1943 0
      vertex 69.0292 39.0411 2
      vertex 69.0292 39.0411 0
    endloop
  endfacet
  facet normal 0.996918 -0.0784446 1.19662e-006
    outer loop
      vertex 69.0444 38.4512 0
      vertex 69.06 38.65 1.97059
      vertex 69.0554 38.591 1.97889
    endloop
  endfacet
  facet normal 0.99692 -0.0784278 0
    outer loop
      vertex 69.0444 38.4512 0
      vertex 69.0554 38.591 1.97889
      vertex 69.0444 38.4512 1.99854
    endloop
  endfacet
  facet normal 0.996919 -0.0784328 0
    outer loop
      vertex 69.06 38.65 1.97059
      vertex 69.0444 38.4512 0
      vertex 69.06 38.65 0
    endloop
  endfacet
  facet normal 0.996917 0.078459 0
    outer loop
      vertex 67 60.65 2
      vertex 66.9668 61.0724 0
      vertex 66.9668 61.0724 2
    endloop
  endfacet
  facet normal 0.996917 0.078459 0
    outer loop
      vertex 66.9668 61.0724 0
      vertex 67 60.65 2
      vertex 67 60.65 0
    endloop
  endfacet
  facet normal -0.0784469 0.996918 0
    outer loop
      vertex 64.3 63.35 0
      vertex 64.0704 63.3319 2
      vertex 64.3 63.35 2
    endloop
  endfacet
  facet normal -0.0784469 0.996918 0
    outer loop
      vertex 64.0704 63.3319 2
      vertex 64.3 63.35 0
      vertex 64.0704 63.3319 0
    endloop
  endfacet
  facet normal 0.64945 0.760404 -0
    outer loop
      vertex 66.2092 62.5592 0
      vertex 65.887 62.8343 2
      vertex 66.2092 62.5592 2
    endloop
  endfacet
  facet normal 0.64945 0.760404 0
    outer loop
      vertex 65.887 62.8343 2
      vertex 66.2092 62.5592 0
      vertex 65.887 62.8343 0
    endloop
  endfacet
  facet normal 0.852636 0.522505 0
    outer loop
      vertex 66.7057 61.8758 2
      vertex 66.4843 62.237 0
      vertex 66.4843 62.237 2
    endloop
  endfacet
  facet normal 0.852636 0.522505 0
    outer loop
      vertex 66.4843 62.237 0
      vertex 66.7057 61.8758 2
      vertex 66.7057 61.8758 0
    endloop
  endfacet
  facet normal 0.972369 0.233449 0
    outer loop
      vertex 66.9668 61.0724 2
      vertex 66.8679 61.4843 0
      vertex 66.8679 61.4843 2
    endloop
  endfacet
  facet normal 0.972369 0.233449 0
    outer loop
      vertex 66.8679 61.4843 0
      vertex 66.9668 61.0724 2
      vertex 66.9668 61.0724 0
    endloop
  endfacet
  facet normal 0.760412 0.649441 0
    outer loop
      vertex 66.4843 62.237 2
      vertex 66.2092 62.5592 0
      vertex 66.2092 62.5592 2
    endloop
  endfacet
  facet normal 0.760412 0.649441 0
    outer loop
      vertex 66.2092 62.5592 0
      vertex 66.4843 62.237 2
      vertex 66.4843 62.237 0
    endloop
  endfacet
  facet normal 0.382688 0.923878 -0
    outer loop
      vertex 65.5258 63.0557 0
      vertex 65.1343 63.2179 2
      vertex 65.5258 63.0557 2
    endloop
  endfacet
  facet normal 0.382688 0.923878 0
    outer loop
      vertex 65.1343 63.2179 2
      vertex 65.5258 63.0557 0
      vertex 65.1343 63.2179 0
    endloop
  endfacet
  facet normal 0.233441 0.972371 -0
    outer loop
      vertex 65.1343 63.2179 0
      vertex 64.7224 63.3168 2
      vertex 65.1343 63.2179 2
    endloop
  endfacet
  facet normal 0.233441 0.972371 0
    outer loop
      vertex 64.7224 63.3168 2
      vertex 65.1343 63.2179 0
      vertex 64.7224 63.3168 0
    endloop
  endfacet
  facet normal 0.52249 0.852645 -0
    outer loop
      vertex 65.887 62.8343 0
      vertex 65.5258 63.0557 2
      vertex 65.887 62.8343 2
    endloop
  endfacet
  facet normal 0.52249 0.852645 0
    outer loop
      vertex 65.5258 63.0557 2
      vertex 65.887 62.8343 0
      vertex 65.5258 63.0557 0
    endloop
  endfacet
  facet normal 0.923882 0.382677 0
    outer loop
      vertex 66.8679 61.4843 2
      vertex 66.7057 61.8758 0
      vertex 66.7057 61.8758 2
    endloop
  endfacet
  facet normal 0.923882 0.382677 0
    outer loop
      vertex 66.7057 61.8758 0
      vertex 66.8679 61.4843 2
      vertex 66.8679 61.4843 0
    endloop
  endfacet
  facet normal 0.078459 0.996917 -0
    outer loop
      vertex 64.7224 63.3168 0
      vertex 64.3 63.35 2
      vertex 64.7224 63.3168 2
    endloop
  endfacet
  facet normal 0.078459 0.996917 0
    outer loop
      vertex 64.3 63.35 2
      vertex 64.7224 63.3168 0
      vertex 64.3 63.35 0
    endloop
  endfacet
  facet normal 0.996917 -0.0784613 0
    outer loop
      vertex 66.989 60.5106 2
      vertex 67 60.65 0
      vertex 67 60.65 2
    endloop
  endfacet
  facet normal 0.996917 -0.0784613 0
    outer loop
      vertex 67 60.65 0
      vertex 66.989 60.5106 2
      vertex 66.989 60.5106 0
    endloop
  endfacet
  facet normal 1 -0 0
    outer loop
      vertex 13.5 30 2
      vertex 13.5 35.5 0
      vertex 13.5 35.5 2
    endloop
  endfacet
  facet normal 1 0 0
    outer loop
      vertex 13.5 35.5 0
      vertex 13.5 30 2
      vertex 13.5 30 0
    endloop
  endfacet
  facet normal -1 0 0
    outer loop
      vertex 15 30 0
      vertex 15 35.5 2
      vertex 15 35.5 0
    endloop
  endfacet
  facet normal -1 -0 0
    outer loop
      vertex 15 35.5 2
      vertex 15 30 0
      vertex 15 30 2
    endloop
  endfacet
  facet normal 0 1 -0
    outer loop
      vertex 15 30 0
      vertex 13.5 30 2
      vertex 15 30 2
    endloop
  endfacet
  facet normal 0 1 0
    outer loop
      vertex 13.5 30 2
      vertex 15 30 0
      vertex 13.5 30 0
    endloop
  endfacet
  facet normal 0 -1 0
    outer loop
      vertex 13.5 35.5 0
      vertex 15 35.5 2
      vertex 13.5 35.5 2
    endloop
  endfacet
  facet normal 0 -1 -0
    outer loop
      vertex 15 35.5 2
      vertex 13.5 35.5 0
      vertex 15 35.5 0
    endloop
  endfacet
  facet normal 1 -0 0
    outer loop
      vertex 16.5 32 2
      vertex 16.5 33.5 0
      vertex 16.5 33.5 2
    endloop
  endfacet
  facet normal 1 0 0
    outer loop
      vertex 16.5 33.5 0
      vertex 16.5 32 2
      vertex 16.5 32 0
    endloop
  endfacet
  facet normal -1 0 0
    outer loop
      vertex 22 32 0
      vertex 22 33.5 2
      vertex 22 33.5 0
    endloop
  endfacet
  facet normal -1 -0 0
    outer loop
      vertex 22 33.5 2
      vertex 22 32 0
      vertex 22 32 2
    endloop
  endfacet
  facet normal 0 -1 0
    outer loop
      vertex 16.5 33.5 0
      vertex 22 33.5 2
      vertex 16.5 33.5 2
    endloop
  endfacet
  facet normal 0 -1 -0
    outer loop
      vertex 22 33.5 2
      vertex 16.5 33.5 0
      vertex 22 33.5 0
    endloop
  endfacet
  facet normal 0 1 -0
    outer loop
      vertex 22 32 0
      vertex 16.5 32 2
      vertex 22 32 2
    endloop
  endfacet
  facet normal 0 1 0
    outer loop
      vertex 16.5 32 2
      vertex 22 32 0
      vertex 16.5 32 0
    endloop
  endfacet
  facet normal 1 -0 0
    outer loop
      vertex 18.5 35 2
      vertex 18.5 40.5 0
      vertex 18.5 40.5 2
    endloop
  endfacet
  facet normal 1 0 0
    outer loop
      vertex 18.5 40.5 0
      vertex 18.5 35 2
      vertex 18.5 35 0
    endloop
  endfacet
  facet normal -1 0 0
    outer loop
      vertex 20 35 0
      vertex 20 40.5 2
      vertex 20 40.5 0
    endloop
  endfacet
  facet normal -1 -0 0
    outer loop
      vertex 20 40.5 2
      vertex 20 35 0
      vertex 20 35 2
    endloop
  endfacet
  facet normal 0 -1 0
    outer loop
      vertex 18.5 40.5 0
      vertex 20 40.5 2
      vertex 18.5 40.5 2
    endloop
  endfacet
  facet normal 0 -1 -0
    outer loop
      vertex 20 40.5 2
      vertex 18.5 40.5 0
      vertex 20 40.5 0
    endloop
  endfacet
  facet normal 0 1 -0
    outer loop
      vertex 20 35 0
      vertex 18.5 35 2
      vertex 20 35 2
    endloop
  endfacet
  facet normal 0 1 0
    outer loop
      vertex 18.5 35 2
      vertex 20 35 0
      vertex 18.5 35 0
    endloop
  endfacet
  facet normal 1 -0 0
    outer loop
      vertex 11.5 37 2
      vertex 11.5 38.5 0
      vertex 11.5 38.5 2
    endloop
  endfacet
  facet normal 1 0 0
    outer loop
      vertex 11.5 38.5 0
      vertex 11.5 37 2
      vertex 11.5 37 0
    endloop
  endfacet
  facet normal -1 0 0
    outer loop
      vertex 17 37 0
      vertex 17 38.5 2
      vertex 17 38.5 0
    endloop
  endfacet
  facet normal -1 -0 0
    outer loop
      vertex 17 38.5 2
      vertex 17 37 0
      vertex 17 37 2
    endloop
  endfacet
  facet normal 0 1 -0
    outer loop
      vertex 17 37 0
      vertex 11.5 37 2
      vertex 17 37 2
    endloop
  endfacet
  facet normal 0 1 0
    outer loop
      vertex 11.5 37 2
      vertex 17 37 0
      vertex 11.5 37 0
    endloop
  endfacet
  facet normal 0 -1 0
    outer loop
      vertex 11.5 38.5 0
      vertex 17 38.5 2
      vertex 11.5 38.5 2
    endloop
  endfacet
  facet normal 0 -1 -0
    outer loop
      vertex 17 38.5 2
      vertex 11.5 38.5 0
      vertex 17 38.5 0
    endloop
  endfacet
  facet normal 1 -0 0
    outer loop
      vertex 23.5 30 2
      vertex 23.5 35.5 0
      vertex 23.5 35.5 2
    endloop
  endfacet
  facet normal 1 0 0
    outer loop
      vertex 23.5 35.5 0
      vertex 23.5 30 2
      vertex 23.5 30 0
    endloop
  endfacet
  facet normal -1 0 0
    outer loop
      vertex 25 30 0
      vertex 25 35.5 2
      vertex 25 35.5 0
    endloop
  endfacet
  facet normal -1 -0 0
    outer loop
      vertex 25 35.5 2
      vertex 25 30 0
      vertex 25 30 2
    endloop
  endfacet
  facet normal 0 1 -0
    outer loop
      vertex 25 30 0
      vertex 23.5 30 2
      vertex 25 30 2
    endloop
  endfacet
  facet normal 0 1 0
    outer loop
      vertex 23.5 30 2
      vertex 25 30 0
      vertex 23.5 30 0
    endloop
  endfacet
  facet normal 0 -1 0
    outer loop
      vertex 23.5 35.5 0
      vertex 25 35.5 2
      vertex 23.5 35.5 2
    endloop
  endfacet
  facet normal 0 -1 -0
    outer loop
      vertex 25 35.5 2
      vertex 23.5 35.5 0
      vertex 25 35.5 0
    endloop
  endfacet
  facet normal 1 -0 0
    outer loop
      vertex 26.5 32 2
      vertex 26.5 33.5 0
      vertex 26.5 33.5 2
    endloop
  endfacet
  facet normal 1 0 0
    outer loop
      vertex 26.5 33.5 0
      vertex 26.5 32 2
      vertex 26.5 32 0
    endloop
  endfacet
  facet normal -1 0 0
    outer loop
      vertex 32 32 0
      vertex 32 33.5 2
      vertex 32 33.5 0
    endloop
  endfacet
  facet normal -1 -0 0
    outer loop
      vertex 32 33.5 2
      vertex 32 32 0
      vertex 32 32 2
    endloop
  endfacet
  facet normal 0 -1 0
    outer loop
      vertex 26.5 33.5 0
      vertex 32 33.5 2
      vertex 26.5 33.5 2
    endloop
  endfacet
  facet normal 0 -1 -0
    outer loop
      vertex 32 33.5 2
      vertex 26.5 33.5 0
      vertex 32 33.5 0
    endloop
  endfacet
  facet normal 0 1 -0
    outer loop
      vertex 32 32 0
      vertex 26.5 32 2
      vertex 32 32 2
    endloop
  endfacet
  facet normal 0 1 0
    outer loop
      vertex 26.5 32 2
      vertex 32 32 0
      vertex 26.5 32 0
    endloop
  endfacet
  facet normal 1 -0 0
    outer loop
      vertex 28.5 35 2
      vertex 28.5 40.5 0
      vertex 28.5 40.5 2
    endloop
  endfacet
  facet normal 1 0 0
    outer loop
      vertex 28.5 40.5 0
      vertex 28.5 35 2
      vertex 28.5 35 0
    endloop
  endfacet
  facet normal -1 0 0
    outer loop
      vertex 30 35 0
      vertex 30 40.5 2
      vertex 30 40.5 0
    endloop
  endfacet
  facet normal -1 -0 0
    outer loop
      vertex 30 40.5 2
      vertex 30 35 0
      vertex 30 35 2
    endloop
  endfacet
  facet normal 0 1 -0
    outer loop
      vertex 30 35 0
      vertex 28.5 35 2
      vertex 30 35 2
    endloop
  endfacet
  facet normal 0 1 0
    outer loop
      vertex 28.5 35 2
      vertex 30 35 0
      vertex 28.5 35 0
    endloop
  endfacet
  facet normal 0 -1 0
    outer loop
      vertex 28.5 40.5 0
      vertex 30 40.5 2
      vertex 28.5 40.5 2
    endloop
  endfacet
  facet normal 0 -1 -0
    outer loop
      vertex 30 40.5 2
      vertex 28.5 40.5 0
      vertex 30 40.5 0
    endloop
  endfacet
  facet normal 1 -0 0
    outer loop
      vertex 21.5 37 2
      vertex 21.5 38.5 0
      vertex 21.5 38.5 2
    endloop
  endfacet
  facet normal 1 0 0
    outer loop
      vertex 21.5 38.5 0
      vertex 21.5 37 2
      vertex 21.5 37 0
    endloop
  endfacet
  facet normal -1 0 0
    outer loop
      vertex 27 37 0
      vertex 27 38.5 2
      vertex 27 38.5 0
    endloop
  endfacet
  facet normal -1 -0 0
    outer loop
      vertex 27 38.5 2
      vertex 27 37 0
      vertex 27 37 2
    endloop
  endfacet
  facet normal 0 1 -0
    outer loop
      vertex 27 37 0
      vertex 21.5 37 2
      vertex 27 37 2
    endloop
  endfacet
  facet normal 0 1 0
    outer loop
      vertex 21.5 37 2
      vertex 27 37 0
      vertex 21.5 37 0
    endloop
  endfacet
  facet normal 0 -1 0
    outer loop
      vertex 21.5 38.5 0
      vertex 27 38.5 2
      vertex 21.5 38.5 2
    endloop
  endfacet
  facet normal 0 -1 -0
    outer loop
      vertex 27 38.5 2
      vertex 21.5 38.5 0
      vertex 27 38.5 0
    endloop
  endfacet
  facet normal 1 -0 0
    outer loop
      vertex 33.5 30 2
      vertex 33.5 35.5 0
      vertex 33.5 35.5 2
    endloop
  endfacet
  facet normal 1 0 0
    outer loop
      vertex 33.5 35.5 0
      vertex 33.5 30 2
      vertex 33.5 30 0
    endloop
  endfacet
  facet normal -1 0 0
    outer loop
      vertex 35 30 0
      vertex 35 35.5 2
      vertex 35 35.5 0
    endloop
  endfacet
  facet normal -1 -0 0
    outer loop
      vertex 35 35.5 2
      vertex 35 30 0
      vertex 35 30 2
    endloop
  endfacet
  facet normal 0 -1 0
    outer loop
      vertex 33.5 35.5 0
      vertex 35 35.5 2
      vertex 33.5 35.5 2
    endloop
  endfacet
  facet normal 0 -1 -0
    outer loop
      vertex 35 35.5 2
      vertex 33.5 35.5 0
      vertex 35 35.5 0
    endloop
  endfacet
  facet normal 0 1 -0
    outer loop
      vertex 35 30 0
      vertex 33.5 30 2
      vertex 35 30 2
    endloop
  endfacet
  facet normal 0 1 0
    outer loop
      vertex 33.5 30 2
      vertex 35 30 0
      vertex 33.5 30 0
    endloop
  endfacet
  facet normal 1 -0 0
    outer loop
      vertex 36.5 32 2
      vertex 36.5 33.5 0
      vertex 36.5 33.5 2
    endloop
  endfacet
  facet normal 1 0 0
    outer loop
      vertex 36.5 33.5 0
      vertex 36.5 32 2
      vertex 36.5 32 0
    endloop
  endfacet
  facet normal -1 0 0
    outer loop
      vertex 42 32 0
      vertex 42 33.5 2
      vertex 42 33.5 0
    endloop
  endfacet
  facet normal -1 -0 0
    outer loop
      vertex 42 33.5 2
      vertex 42 32 0
      vertex 42 32 2
    endloop
  endfacet
  facet normal 0 1 -0
    outer loop
      vertex 42 32 0
      vertex 36.5 32 2
      vertex 42 32 2
    endloop
  endfacet
  facet normal 0 1 0
    outer loop
      vertex 36.5 32 2
      vertex 42 32 0
      vertex 36.5 32 0
    endloop
  endfacet
  facet normal 0 -1 0
    outer loop
      vertex 36.5 33.5 0
      vertex 42 33.5 2
      vertex 36.5 33.5 2
    endloop
  endfacet
  facet normal 0 -1 -0
    outer loop
      vertex 42 33.5 2
      vertex 36.5 33.5 0
      vertex 42 33.5 0
    endloop
  endfacet
  facet normal 1 -0 0
    outer loop
      vertex 38.5 35 2
      vertex 38.5 40.5 0
      vertex 38.5 40.5 2
    endloop
  endfacet
  facet normal 1 0 0
    outer loop
      vertex 38.5 40.5 0
      vertex 38.5 35 2
      vertex 38.5 35 0
    endloop
  endfacet
  facet normal -1 0 0
    outer loop
      vertex 40 35 0
      vertex 40 40.5 2
      vertex 40 40.5 0
    endloop
  endfacet
  facet normal -1 -0 0
    outer loop
      vertex 40 40.5 2
      vertex 40 35 0
      vertex 40 35 2
    endloop
  endfacet
  facet normal 0 1 -0
    outer loop
      vertex 40 35 0
      vertex 38.5 35 2
      vertex 40 35 2
    endloop
  endfacet
  facet normal 0 1 0
    outer loop
      vertex 38.5 35 2
      vertex 40 35 0
      vertex 38.5 35 0
    endloop
  endfacet
  facet normal 0 -1 0
    outer loop
      vertex 38.5 40.5 0
      vertex 40 40.5 2
      vertex 38.5 40.5 2
    endloop
  endfacet
  facet normal 0 -1 -0
    outer loop
      vertex 40 40.5 2
      vertex 38.5 40.5 0
      vertex 40 40.5 0
    endloop
  endfacet
  facet normal 1 -0 0
    outer loop
      vertex 31.5 37 2
      vertex 31.5 38.5 0
      vertex 31.5 38.5 2
    endloop
  endfacet
  facet normal 1 0 0
    outer loop
      vertex 31.5 38.5 0
      vertex 31.5 37 2
      vertex 31.5 37 0
    endloop
  endfacet
  facet normal -1 0 0
    outer loop
      vertex 37 37 0
      vertex 37 38.5 2
      vertex 37 38.5 0
    endloop
  endfacet
  facet normal -1 -0 0
    outer loop
      vertex 37 38.5 2
      vertex 37 37 0
      vertex 37 37 2
    endloop
  endfacet
  facet normal 0 -1 0
    outer loop
      vertex 31.5 38.5 0
      vertex 37 38.5 2
      vertex 31.5 38.5 2
    endloop
  endfacet
  facet normal 0 -1 -0
    outer loop
      vertex 37 38.5 2
      vertex 31.5 38.5 0
      vertex 37 38.5 0
    endloop
  endfacet
  facet normal 0 1 -0
    outer loop
      vertex 37 37 0
      vertex 31.5 37 2
      vertex 37 37 2
    endloop
  endfacet
  facet normal 0 1 0
    outer loop
      vertex 31.5 37 2
      vertex 37 37 0
      vertex 31.5 37 0
    endloop
  endfacet
  facet normal 1 -0 0
    outer loop
      vertex 43.5 30 2
      vertex 43.5 35.5 0
      vertex 43.5 35.5 2
    endloop
  endfacet
  facet normal 1 0 0
    outer loop
      vertex 43.5 35.5 0
      vertex 43.5 30 2
      vertex 43.5 30 0
    endloop
  endfacet
  facet normal -1 0 0
    outer loop
      vertex 45 30 0
      vertex 45 35.5 2
      vertex 45 35.5 0
    endloop
  endfacet
  facet normal -1 -0 0
    outer loop
      vertex 45 35.5 2
      vertex 45 30 0
      vertex 45 30 2
    endloop
  endfacet
  facet normal 0 1 -0
    outer loop
      vertex 45 30 0
      vertex 43.5 30 2
      vertex 45 30 2
    endloop
  endfacet
  facet normal 0 1 0
    outer loop
      vertex 43.5 30 2
      vertex 45 30 0
      vertex 43.5 30 0
    endloop
  endfacet
  facet normal 0 -1 0
    outer loop
      vertex 43.5 35.5 0
      vertex 45 35.5 2
      vertex 43.5 35.5 2
    endloop
  endfacet
  facet normal 0 -1 -0
    outer loop
      vertex 45 35.5 2
      vertex 43.5 35.5 0
      vertex 45 35.5 0
    endloop
  endfacet
  facet normal 1 -0 0
    outer loop
      vertex 46.5 32 2
      vertex 46.5 33.5 0
      vertex 46.5 33.5 2
    endloop
  endfacet
  facet normal 1 0 0
    outer loop
      vertex 46.5 33.5 0
      vertex 46.5 32 2
      vertex 46.5 32 0
    endloop
  endfacet
  facet normal -1 0 0
    outer loop
      vertex 52 32 0
      vertex 52 33.5 2
      vertex 52 33.5 0
    endloop
  endfacet
  facet normal -1 -0 0
    outer loop
      vertex 52 33.5 2
      vertex 52 32 0
      vertex 52 32 2
    endloop
  endfacet
  facet normal 0 1 -0
    outer loop
      vertex 52 32 0
      vertex 46.5 32 2
      vertex 52 32 2
    endloop
  endfacet
  facet normal 0 1 0
    outer loop
      vertex 46.5 32 2
      vertex 52 32 0
      vertex 46.5 32 0
    endloop
  endfacet
  facet normal 0 -1 0
    outer loop
      vertex 46.5 33.5 0
      vertex 52 33.5 2
      vertex 46.5 33.5 2
    endloop
  endfacet
  facet normal 0 -1 -0
    outer loop
      vertex 52 33.5 2
      vertex 46.5 33.5 0
      vertex 52 33.5 0
    endloop
  endfacet
  facet normal 1 -0 0
    outer loop
      vertex 48.5 35 2
      vertex 48.5 40.5 0
      vertex 48.5 40.5 2
    endloop
  endfacet
  facet normal 1 0 0
    outer loop
      vertex 48.5 40.5 0
      vertex 48.5 35 2
      vertex 48.5 35 0
    endloop
  endfacet
  facet normal -1 0 0
    outer loop
      vertex 50 35 0
      vertex 50 40.5 2
      vertex 50 40.5 0
    endloop
  endfacet
  facet normal -1 -0 0
    outer loop
      vertex 50 40.5 2
      vertex 50 35 0
      vertex 50 35 2
    endloop
  endfacet
  facet normal 0 -1 0
    outer loop
      vertex 48.5 40.5 0
      vertex 50 40.5 2
      vertex 48.5 40.5 2
    endloop
  endfacet
  facet normal 0 -1 -0
    outer loop
      vertex 50 40.5 2
      vertex 48.5 40.5 0
      vertex 50 40.5 0
    endloop
  endfacet
  facet normal 0 1 -0
    outer loop
      vertex 50 35 0
      vertex 48.5 35 2
      vertex 50 35 2
    endloop
  endfacet
  facet normal 0 1 0
    outer loop
      vertex 48.5 35 2
      vertex 50 35 0
      vertex 48.5 35 0
    endloop
  endfacet
  facet normal 1 -0 0
    outer loop
      vertex 41.5 37 2
      vertex 41.5 38.5 0
      vertex 41.5 38.5 2
    endloop
  endfacet
  facet normal 1 0 0
    outer loop
      vertex 41.5 38.5 0
      vertex 41.5 37 2
      vertex 41.5 37 0
    endloop
  endfacet
  facet normal -1 0 0
    outer loop
      vertex 47 37 0
      vertex 47 38.5 2
      vertex 47 38.5 0
    endloop
  endfacet
  facet normal -1 -0 0
    outer loop
      vertex 47 38.5 2
      vertex 47 37 0
      vertex 47 37 2
    endloop
  endfacet
  facet normal 0 -1 0
    outer loop
      vertex 41.5 38.5 0
      vertex 47 38.5 2
      vertex 41.5 38.5 2
    endloop
  endfacet
  facet normal 0 -1 -0
    outer loop
      vertex 47 38.5 2
      vertex 41.5 38.5 0
      vertex 47 38.5 0
    endloop
  endfacet
  facet normal 0 1 -0
    outer loop
      vertex 47 37 0
      vertex 41.5 37 2
      vertex 47 37 2
    endloop
  endfacet
  facet normal 0 1 0
    outer loop
      vertex 41.5 37 2
      vertex 47 37 0
      vertex 41.5 37 0
    endloop
  endfacet
  facet normal 1 -0 0
    outer loop
      vertex 53.5 30 2
      vertex 53.5 35.5 0
      vertex 53.5 35.5 2
    endloop
  endfacet
  facet normal 1 0 0
    outer loop
      vertex 53.5 35.5 0
      vertex 53.5 30 2
      vertex 53.5 30 0
    endloop
  endfacet
  facet normal -1 0 0
    outer loop
      vertex 55 30 0
      vertex 55 35.5 2
      vertex 55 35.5 0
    endloop
  endfacet
  facet normal -1 -0 0
    outer loop
      vertex 55 35.5 2
      vertex 55 30 0
      vertex 55 30 2
    endloop
  endfacet
  facet normal 0 1 -0
    outer loop
      vertex 55 30 0
      vertex 53.5 30 2
      vertex 55 30 2
    endloop
  endfacet
  facet normal 0 1 0
    outer loop
      vertex 53.5 30 2
      vertex 55 30 0
      vertex 53.5 30 0
    endloop
  endfacet
  facet normal 0 -1 0
    outer loop
      vertex 53.5 35.5 0
      vertex 55 35.5 2
      vertex 53.5 35.5 2
    endloop
  endfacet
  facet normal 0 -1 -0
    outer loop
      vertex 55 35.5 2
      vertex 53.5 35.5 0
      vertex 55 35.5 0
    endloop
  endfacet
  facet normal 1 -0 0
    outer loop
      vertex 56.5 32 2
      vertex 56.5 33.5 0
      vertex 56.5 33.5 2
    endloop
  endfacet
  facet normal 1 0 0
    outer loop
      vertex 56.5 33.5 0
      vertex 56.5 32 2
      vertex 56.5 32 0
    endloop
  endfacet
  facet normal -1 0 0
    outer loop
      vertex 62 32 0
      vertex 62 33.5 2
      vertex 62 33.5 0
    endloop
  endfacet
  facet normal -1 -0 0
    outer loop
      vertex 62 33.5 2
      vertex 62 32 0
      vertex 62 32 2
    endloop
  endfacet
  facet normal 0 1 -0
    outer loop
      vertex 62 32 0
      vertex 56.5 32 2
      vertex 62 32 2
    endloop
  endfacet
  facet normal 0 1 0
    outer loop
      vertex 56.5 32 2
      vertex 62 32 0
      vertex 56.5 32 0
    endloop
  endfacet
  facet normal 0 -1 0
    outer loop
      vertex 56.5 33.5 0
      vertex 62 33.5 2
      vertex 56.5 33.5 2
    endloop
  endfacet
  facet normal 0 -1 -0
    outer loop
      vertex 62 33.5 2
      vertex 56.5 33.5 0
      vertex 62 33.5 0
    endloop
  endfacet
  facet normal 1 -0 0
    outer loop
      vertex 58.5 35 2
      vertex 58.5 40.5 0
      vertex 58.5 40.5 2
    endloop
  endfacet
  facet normal 1 0 0
    outer loop
      vertex 58.5 40.5 0
      vertex 58.5 35 2
      vertex 58.5 35 0
    endloop
  endfacet
  facet normal -1 0 0
    outer loop
      vertex 60 35 0
      vertex 60 40.5 2
      vertex 60 40.5 0
    endloop
  endfacet
  facet normal -1 -0 0
    outer loop
      vertex 60 40.5 2
      vertex 60 35 0
      vertex 60 35 2
    endloop
  endfacet
  facet normal 0 1 -0
    outer loop
      vertex 60 35 0
      vertex 58.5 35 2
      vertex 60 35 2
    endloop
  endfacet
  facet normal 0 1 0
    outer loop
      vertex 58.5 35 2
      vertex 60 35 0
      vertex 58.5 35 0
    endloop
  endfacet
  facet normal 0 -1 0
    outer loop
      vertex 58.5 40.5 0
      vertex 60 40.5 2
      vertex 58.5 40.5 2
    endloop
  endfacet
  facet normal 0 -1 -0
    outer loop
      vertex 60 40.5 2
      vertex 58.5 40.5 0
      vertex 60 40.5 0
    endloop
  endfacet
  facet normal 1 -0 0
    outer loop
      vertex 51.5 37 2
      vertex 51.5 38.5 0
      vertex 51.5 38.5 2
    endloop
  endfacet
  facet normal 1 0 0
    outer loop
      vertex 51.5 38.5 0
      vertex 51.5 37 2
      vertex 51.5 37 0
    endloop
  endfacet
  facet normal -1 0 0
    outer loop
      vertex 57 37 0
      vertex 57 38.5 2
      vertex 57 38.5 0
    endloop
  endfacet
  facet normal -1 -0 0
    outer loop
      vertex 57 38.5 2
      vertex 57 37 0
      vertex 57 37 2
    endloop
  endfacet
  facet normal 0 -1 0
    outer loop
      vertex 51.5 38.5 0
      vertex 57 38.5 2
      vertex 51.5 38.5 2
    endloop
  endfacet
  facet normal 0 -1 -0
    outer loop
      vertex 57 38.5 2
      vertex 51.5 38.5 0
      vertex 57 38.5 0
    endloop
  endfacet
  facet normal 0 1 -0
    outer loop
      vertex 57 37 0
      vertex 51.5 37 2
      vertex 57 37 2
    endloop
  endfacet
  facet normal 0 1 0
    outer loop
      vertex 51.5 37 2
      vertex 57 37 0
      vertex 51.5 37 0
    endloop
  endfacet
  facet normal 1 -0 0
    outer loop
      vertex 13.5 40 2
      vertex 13.5 45.5 0
      vertex 13.5 45.5 2
    endloop
  endfacet
  facet normal 1 0 0
    outer loop
      vertex 13.5 45.5 0
      vertex 13.5 40 2
      vertex 13.5 40 0
    endloop
  endfacet
  facet normal -1 0 0
    outer loop
      vertex 15 40 0
      vertex 15 45.5 2
      vertex 15 45.5 0
    endloop
  endfacet
  facet normal -1 -0 0
    outer loop
      vertex 15 45.5 2
      vertex 15 40 0
      vertex 15 40 2
    endloop
  endfacet
  facet normal 0 -1 0
    outer loop
      vertex 13.5 45.5 0
      vertex 15 45.5 2
      vertex 13.5 45.5 2
    endloop
  endfacet
  facet normal 0 -1 -0
    outer loop
      vertex 15 45.5 2
      vertex 13.5 45.5 0
      vertex 15 45.5 0
    endloop
  endfacet
  facet normal 0 1 -0
    outer loop
      vertex 15 40 0
      vertex 13.5 40 2
      vertex 15 40 2
    endloop
  endfacet
  facet normal 0 1 0
    outer loop
      vertex 13.5 40 2
      vertex 15 40 0
      vertex 13.5 40 0
    endloop
  endfacet
  facet normal 1 -0 0
    outer loop
      vertex 16.5 42 2
      vertex 16.5 43.5 0
      vertex 16.5 43.5 2
    endloop
  endfacet
  facet normal 1 0 0
    outer loop
      vertex 16.5 43.5 0
      vertex 16.5 42 2
      vertex 16.5 42 0
    endloop
  endfacet
  facet normal -1 0 0
    outer loop
      vertex 22 42 0
      vertex 22 43.5 2
      vertex 22 43.5 0
    endloop
  endfacet
  facet normal -1 -0 0
    outer loop
      vertex 22 43.5 2
      vertex 22 42 0
      vertex 22 42 2
    endloop
  endfacet
  facet normal 0 -1 0
    outer loop
      vertex 16.5 43.5 0
      vertex 22 43.5 2
      vertex 16.5 43.5 2
    endloop
  endfacet
  facet normal 0 -1 -0
    outer loop
      vertex 22 43.5 2
      vertex 16.5 43.5 0
      vertex 22 43.5 0
    endloop
  endfacet
  facet normal 0 1 -0
    outer loop
      vertex 22 42 0
      vertex 16.5 42 2
      vertex 22 42 2
    endloop
  endfacet
  facet normal 0 1 0
    outer loop
      vertex 16.5 42 2
      vertex 22 42 0
      vertex 16.5 42 0
    endloop
  endfacet
  facet normal 1 -0 0
    outer loop
      vertex 18.5 45 2
      vertex 18.5 50.5 0
      vertex 18.5 50.5 2
    endloop
  endfacet
  facet normal 1 0 0
    outer loop
      vertex 18.5 50.5 0
      vertex 18.5 45 2
      vertex 18.5 45 0
    endloop
  endfacet
  facet normal -1 0 0
    outer loop
      vertex 20 45 0
      vertex 20 50.5 2
      vertex 20 50.5 0
    endloop
  endfacet
  facet normal -1 -0 0
    outer loop
      vertex 20 50.5 2
      vertex 20 45 0
      vertex 20 45 2
    endloop
  endfacet
  facet normal 0 1 -0
    outer loop
      vertex 20 45 0
      vertex 18.5 45 2
      vertex 20 45 2
    endloop
  endfacet
  facet normal 0 1 0
    outer loop
      vertex 18.5 45 2
      vertex 20 45 0
      vertex 18.5 45 0
    endloop
  endfacet
  facet normal 0 -1 0
    outer loop
      vertex 18.5 50.5 0
      vertex 20 50.5 2
      vertex 18.5 50.5 2
    endloop
  endfacet
  facet normal 0 -1 -0
    outer loop
      vertex 20 50.5 2
      vertex 18.5 50.5 0
      vertex 20 50.5 0
    endloop
  endfacet
  facet normal 1 -0 0
    outer loop
      vertex 11.5 47 2
      vertex 11.5 48.5 0
      vertex 11.5 48.5 2
    endloop
  endfacet
  facet normal 1 0 0
    outer loop
      vertex 11.5 48.5 0
      vertex 11.5 47 2
      vertex 11.5 47 0
    endloop
  endfacet
  facet normal -1 0 0
    outer loop
      vertex 17 47 0
      vertex 17 48.5 2
      vertex 17 48.5 0
    endloop
  endfacet
  facet normal -1 -0 0
    outer loop
      vertex 17 48.5 2
      vertex 17 47 0
      vertex 17 47 2
    endloop
  endfacet
  facet normal 0 1 -0
    outer loop
      vertex 17 47 0
      vertex 11.5 47 2
      vertex 17 47 2
    endloop
  endfacet
  facet normal 0 1 0
    outer loop
      vertex 11.5 47 2
      vertex 17 47 0
      vertex 11.5 47 0
    endloop
  endfacet
  facet normal 0 -1 0
    outer loop
      vertex 11.5 48.5 0
      vertex 17 48.5 2
      vertex 11.5 48.5 2
    endloop
  endfacet
  facet normal 0 -1 -0
    outer loop
      vertex 17 48.5 2
      vertex 11.5 48.5 0
      vertex 17 48.5 0
    endloop
  endfacet
  facet normal 1 -0 0
    outer loop
      vertex 23.5 40 2
      vertex 23.5 45.5 0
      vertex 23.5 45.5 2
    endloop
  endfacet
  facet normal 1 0 0
    outer loop
      vertex 23.5 45.5 0
      vertex 23.5 40 2
      vertex 23.5 40 0
    endloop
  endfacet
  facet normal -1 0 0
    outer loop
      vertex 25 40 0
      vertex 25 45.5 2
      vertex 25 45.5 0
    endloop
  endfacet
  facet normal -1 -0 0
    outer loop
      vertex 25 45.5 2
      vertex 25 40 0
      vertex 25 40 2
    endloop
  endfacet
  facet normal 0 -1 0
    outer loop
      vertex 23.5 45.5 0
      vertex 25 45.5 2
      vertex 23.5 45.5 2
    endloop
  endfacet
  facet normal 0 -1 -0
    outer loop
      vertex 25 45.5 2
      vertex 23.5 45.5 0
      vertex 25 45.5 0
    endloop
  endfacet
  facet normal 0 1 -0
    outer loop
      vertex 25 40 0
      vertex 23.5 40 2
      vertex 25 40 2
    endloop
  endfacet
  facet normal 0 1 0
    outer loop
      vertex 23.5 40 2
      vertex 25 40 0
      vertex 23.5 40 0
    endloop
  endfacet
  facet normal 1 -0 0
    outer loop
      vertex 26.5 42 2
      vertex 26.5 43.5 0
      vertex 26.5 43.5 2
    endloop
  endfacet
  facet normal 1 0 0
    outer loop
      vertex 26.5 43.5 0
      vertex 26.5 42 2
      vertex 26.5 42 0
    endloop
  endfacet
  facet normal -1 0 0
    outer loop
      vertex 32 42 0
      vertex 32 43.5 2
      vertex 32 43.5 0
    endloop
  endfacet
  facet normal -1 -0 0
    outer loop
      vertex 32 43.5 2
      vertex 32 42 0
      vertex 32 42 2
    endloop
  endfacet
  facet normal 0 -1 0
    outer loop
      vertex 26.5 43.5 0
      vertex 32 43.5 2
      vertex 26.5 43.5 2
    endloop
  endfacet
  facet normal 0 -1 -0
    outer loop
      vertex 32 43.5 2
      vertex 26.5 43.5 0
      vertex 32 43.5 0
    endloop
  endfacet
  facet normal 0 1 -0
    outer loop
      vertex 32 42 0
      vertex 26.5 42 2
      vertex 32 42 2
    endloop
  endfacet
  facet normal 0 1 0
    outer loop
      vertex 26.5 42 2
      vertex 32 42 0
      vertex 26.5 42 0
    endloop
  endfacet
  facet normal 1 -0 0
    outer loop
      vertex 28.5 45 2
      vertex 28.5 50.5 0
      vertex 28.5 50.5 2
    endloop
  endfacet
  facet normal 1 0 0
    outer loop
      vertex 28.5 50.5 0
      vertex 28.5 45 2
      vertex 28.5 45 0
    endloop
  endfacet
  facet normal -1 0 0
    outer loop
      vertex 30 45 0
      vertex 30 50.5 2
      vertex 30 50.5 0
    endloop
  endfacet
  facet normal -1 -0 0
    outer loop
      vertex 30 50.5 2
      vertex 30 45 0
      vertex 30 45 2
    endloop
  endfacet
  facet normal 0 1 -0
    outer loop
      vertex 30 45 0
      vertex 28.5 45 2
      vertex 30 45 2
    endloop
  endfacet
  facet normal 0 1 0
    outer loop
      vertex 28.5 45 2
      vertex 30 45 0
      vertex 28.5 45 0
    endloop
  endfacet
  facet normal 0 -1 0
    outer loop
      vertex 28.5 50.5 0
      vertex 30 50.5 2
      vertex 28.5 50.5 2
    endloop
  endfacet
  facet normal 0 -1 -0
    outer loop
      vertex 30 50.5 2
      vertex 28.5 50.5 0
      vertex 30 50.5 0
    endloop
  endfacet
  facet normal 1 -0 0
    outer loop
      vertex 21.5 47 2
      vertex 21.5 48.5 0
      vertex 21.5 48.5 2
    endloop
  endfacet
  facet normal 1 0 0
    outer loop
      vertex 21.5 48.5 0
      vertex 21.5 47 2
      vertex 21.5 47 0
    endloop
  endfacet
  facet normal -1 0 0
    outer loop
      vertex 27 47 0
      vertex 27 48.5 2
      vertex 27 48.5 0
    endloop
  endfacet
  facet normal -1 -0 0
    outer loop
      vertex 27 48.5 2
      vertex 27 47 0
      vertex 27 47 2
    endloop
  endfacet
  facet normal 0 -1 0
    outer loop
      vertex 21.5 48.5 0
      vertex 27 48.5 2
      vertex 21.5 48.5 2
    endloop
  endfacet
  facet normal 0 -1 -0
    outer loop
      vertex 27 48.5 2
      vertex 21.5 48.5 0
      vertex 27 48.5 0
    endloop
  endfacet
  facet normal 0 1 -0
    outer loop
      vertex 27 47 0
      vertex 21.5 47 2
      vertex 27 47 2
    endloop
  endfacet
  facet normal 0 1 0
    outer loop
      vertex 21.5 47 2
      vertex 27 47 0
      vertex 21.5 47 0
    endloop
  endfacet
  facet normal 1 -0 0
    outer loop
      vertex 33.5 40 2
      vertex 33.5 45.5 0
      vertex 33.5 45.5 2
    endloop
  endfacet
  facet normal 1 0 0
    outer loop
      vertex 33.5 45.5 0
      vertex 33.5 40 2
      vertex 33.5 40 0
    endloop
  endfacet
  facet normal -1 0 0
    outer loop
      vertex 35 40 0
      vertex 35 45.5 2
      vertex 35 45.5 0
    endloop
  endfacet
  facet normal -1 -0 0
    outer loop
      vertex 35 45.5 2
      vertex 35 40 0
      vertex 35 40 2
    endloop
  endfacet
  facet normal 0 1 -0
    outer loop
      vertex 35 40 0
      vertex 33.5 40 2
      vertex 35 40 2
    endloop
  endfacet
  facet normal 0 1 0
    outer loop
      vertex 33.5 40 2
      vertex 35 40 0
      vertex 33.5 40 0
    endloop
  endfacet
  facet normal 0 -1 0
    outer loop
      vertex 33.5 45.5 0
      vertex 35 45.5 2
      vertex 33.5 45.5 2
    endloop
  endfacet
  facet normal 0 -1 -0
    outer loop
      vertex 35 45.5 2
      vertex 33.5 45.5 0
      vertex 35 45.5 0
    endloop
  endfacet
  facet normal 1 -0 0
    outer loop
      vertex 36.5 42 2
      vertex 36.5 43.5 0
      vertex 36.5 43.5 2
    endloop
  endfacet
  facet normal 1 0 0
    outer loop
      vertex 36.5 43.5 0
      vertex 36.5 42 2
      vertex 36.5 42 0
    endloop
  endfacet
  facet normal -1 0 0
    outer loop
      vertex 42 42 0
      vertex 42 43.5 2
      vertex 42 43.5 0
    endloop
  endfacet
  facet normal -1 -0 0
    outer loop
      vertex 42 43.5 2
      vertex 42 42 0
      vertex 42 42 2
    endloop
  endfacet
  facet normal 0 1 -0
    outer loop
      vertex 42 42 0
      vertex 36.5 42 2
      vertex 42 42 2
    endloop
  endfacet
  facet normal 0 1 0
    outer loop
      vertex 36.5 42 2
      vertex 42 42 0
      vertex 36.5 42 0
    endloop
  endfacet
  facet normal 0 -1 0
    outer loop
      vertex 36.5 43.5 0
      vertex 42 43.5 2
      vertex 36.5 43.5 2
    endloop
  endfacet
  facet normal 0 -1 -0
    outer loop
      vertex 42 43.5 2
      vertex 36.5 43.5 0
      vertex 42 43.5 0
    endloop
  endfacet
  facet normal 1 -0 0
    outer loop
      vertex 38.5 45 2
      vertex 38.5 50.5 0
      vertex 38.5 50.5 2
    endloop
  endfacet
  facet normal 1 0 0
    outer loop
      vertex 38.5 50.5 0
      vertex 38.5 45 2
      vertex 38.5 45 0
    endloop
  endfacet
  facet normal -1 0 0
    outer loop
      vertex 40 45 0
      vertex 40 50.5 2
      vertex 40 50.5 0
    endloop
  endfacet
  facet normal -1 -0 0
    outer loop
      vertex 40 50.5 2
      vertex 40 45 0
      vertex 40 45 2
    endloop
  endfacet
  facet normal 0 1 -0
    outer loop
      vertex 40 45 0
      vertex 38.5 45 2
      vertex 40 45 2
    endloop
  endfacet
  facet normal 0 1 0
    outer loop
      vertex 38.5 45 2
      vertex 40 45 0
      vertex 38.5 45 0
    endloop
  endfacet
  facet normal 0 -1 0
    outer loop
      vertex 38.5 50.5 0
      vertex 40 50.5 2
      vertex 38.5 50.5 2
    endloop
  endfacet
  facet normal 0 -1 -0
    outer loop
      vertex 40 50.5 2
      vertex 38.5 50.5 0
      vertex 40 50.5 0
    endloop
  endfacet
  facet normal 1 -0 0
    outer loop
      vertex 31.5 47 2
      vertex 31.5 48.5 0
      vertex 31.5 48.5 2
    endloop
  endfacet
  facet normal 1 0 0
    outer loop
      vertex 31.5 48.5 0
      vertex 31.5 47 2
      vertex 31.5 47 0
    endloop
  endfacet
  facet normal -1 0 0
    outer loop
      vertex 37 47 0
      vertex 37 48.5 2
      vertex 37 48.5 0
    endloop
  endfacet
  facet normal -1 -0 0
    outer loop
      vertex 37 48.5 2
      vertex 37 47 0
      vertex 37 47 2
    endloop
  endfacet
  facet normal 0 1 -0
    outer loop
      vertex 37 47 0
      vertex 31.5 47 2
      vertex 37 47 2
    endloop
  endfacet
  facet normal 0 1 0
    outer loop
      vertex 31.5 47 2
      vertex 37 47 0
      vertex 31.5 47 0
    endloop
  endfacet
  facet normal 0 -1 0
    outer loop
      vertex 31.5 48.5 0
      vertex 37 48.5 2
      vertex 31.5 48.5 2
    endloop
  endfacet
  facet normal 0 -1 -0
    outer loop
      vertex 37 48.5 2
      vertex 31.5 48.5 0
      vertex 37 48.5 0
    endloop
  endfacet
  facet normal 1 -0 0
    outer loop
      vertex 43.5 40 2
      vertex 43.5 45.5 0
      vertex 43.5 45.5 2
    endloop
  endfacet
  facet normal 1 0 0
    outer loop
      vertex 43.5 45.5 0
      vertex 43.5 40 2
      vertex 43.5 40 0
    endloop
  endfacet
  facet normal -1 0 0
    outer loop
      vertex 45 40 0
      vertex 45 45.5 2
      vertex 45 45.5 0
    endloop
  endfacet
  facet normal -1 -0 0
    outer loop
      vertex 45 45.5 2
      vertex 45 40 0
      vertex 45 40 2
    endloop
  endfacet
  facet normal 0 1 -0
    outer loop
      vertex 45 40 0
      vertex 43.5 40 2
      vertex 45 40 2
    endloop
  endfacet
  facet normal 0 1 0
    outer loop
      vertex 43.5 40 2
      vertex 45 40 0
      vertex 43.5 40 0
    endloop
  endfacet
  facet normal 0 -1 0
    outer loop
      vertex 43.5 45.5 0
      vertex 45 45.5 2
      vertex 43.5 45.5 2
    endloop
  endfacet
  facet normal 0 -1 -0
    outer loop
      vertex 45 45.5 2
      vertex 43.5 45.5 0
      vertex 45 45.5 0
    endloop
  endfacet
  facet normal 1 -0 0
    outer loop
      vertex 46.5 42 2
      vertex 46.5 43.5 0
      vertex 46.5 43.5 2
    endloop
  endfacet
  facet normal 1 0 0
    outer loop
      vertex 46.5 43.5 0
      vertex 46.5 42 2
      vertex 46.5 42 0
    endloop
  endfacet
  facet normal -1 0 0
    outer loop
      vertex 52 42 0
      vertex 52 43.5 2
      vertex 52 43.5 0
    endloop
  endfacet
  facet normal -1 -0 0
    outer loop
      vertex 52 43.5 2
      vertex 52 42 0
      vertex 52 42 2
    endloop
  endfacet
  facet normal 0 1 -0
    outer loop
      vertex 52 42 0
      vertex 46.5 42 2
      vertex 52 42 2
    endloop
  endfacet
  facet normal 0 1 0
    outer loop
      vertex 46.5 42 2
      vertex 52 42 0
      vertex 46.5 42 0
    endloop
  endfacet
  facet normal 0 -1 0
    outer loop
      vertex 46.5 43.5 0
      vertex 52 43.5 2
      vertex 46.5 43.5 2
    endloop
  endfacet
  facet normal 0 -1 -0
    outer loop
      vertex 52 43.5 2
      vertex 46.5 43.5 0
      vertex 52 43.5 0
    endloop
  endfacet
  facet normal 1 -0 0
    outer loop
      vertex 48.5 45 2
      vertex 48.5 50.5 0
      vertex 48.5 50.5 2
    endloop
  endfacet
  facet normal 1 0 0
    outer loop
      vertex 48.5 50.5 0
      vertex 48.5 45 2
      vertex 48.5 45 0
    endloop
  endfacet
  facet normal -1 0 0
    outer loop
      vertex 50 45 0
      vertex 50 50.5 2
      vertex 50 50.5 0
    endloop
  endfacet
  facet normal -1 -0 0
    outer loop
      vertex 50 50.5 2
      vertex 50 45 0
      vertex 50 45 2
    endloop
  endfacet
  facet normal 0 1 -0
    outer loop
      vertex 50 45 0
      vertex 48.5 45 2
      vertex 50 45 2
    endloop
  endfacet
  facet normal 0 1 0
    outer loop
      vertex 48.5 45 2
      vertex 50 45 0
      vertex 48.5 45 0
    endloop
  endfacet
  facet normal 0 -1 0
    outer loop
      vertex 48.5 50.5 0
      vertex 50 50.5 2
      vertex 48.5 50.5 2
    endloop
  endfacet
  facet normal 0 -1 -0
    outer loop
      vertex 50 50.5 2
      vertex 48.5 50.5 0
      vertex 50 50.5 0
    endloop
  endfacet
  facet normal 1 -0 0
    outer loop
      vertex 41.5 47 2
      vertex 41.5 48.5 0
      vertex 41.5 48.5 2
    endloop
  endfacet
  facet normal 1 0 0
    outer loop
      vertex 41.5 48.5 0
      vertex 41.5 47 2
      vertex 41.5 47 0
    endloop
  endfacet
  facet normal -1 0 0
    outer loop
      vertex 47 47 0
      vertex 47 48.5 2
      vertex 47 48.5 0
    endloop
  endfacet
  facet normal -1 -0 0
    outer loop
      vertex 47 48.5 2
      vertex 47 47 0
      vertex 47 47 2
    endloop
  endfacet
  facet normal 0 1 -0
    outer loop
      vertex 47 47 0
      vertex 41.5 47 2
      vertex 47 47 2
    endloop
  endfacet
  facet normal 0 1 0
    outer loop
      vertex 41.5 47 2
      vertex 47 47 0
      vertex 41.5 47 0
    endloop
  endfacet
  facet normal 0 -1 0
    outer loop
      vertex 41.5 48.5 0
      vertex 47 48.5 2
      vertex 41.5 48.5 2
    endloop
  endfacet
  facet normal 0 -1 -0
    outer loop
      vertex 47 48.5 2
      vertex 41.5 48.5 0
      vertex 47 48.5 0
    endloop
  endfacet
  facet normal 1 -0 0
    outer loop
      vertex 53.5 40 2
      vertex 53.5 45.5 0
      vertex 53.5 45.5 2
    endloop
  endfacet
  facet normal 1 0 0
    outer loop
      vertex 53.5 45.5 0
      vertex 53.5 40 2
      vertex 53.5 40 0
    endloop
  endfacet
  facet normal -1 0 0
    outer loop
      vertex 55 40 0
      vertex 55 45.5 2
      vertex 55 45.5 0
    endloop
  endfacet
  facet normal -1 -0 0
    outer loop
      vertex 55 45.5 2
      vertex 55 40 0
      vertex 55 40 2
    endloop
  endfacet
  facet normal 0 1 -0
    outer loop
      vertex 55 40 0
      vertex 53.5 40 2
      vertex 55 40 2
    endloop
  endfacet
  facet normal 0 1 0
    outer loop
      vertex 53.5 40 2
      vertex 55 40 0
      vertex 53.5 40 0
    endloop
  endfacet
  facet normal 0 -1 0
    outer loop
      vertex 53.5 45.5 0
      vertex 55 45.5 2
      vertex 53.5 45.5 2
    endloop
  endfacet
  facet normal 0 -1 -0
    outer loop
      vertex 55 45.5 2
      vertex 53.5 45.5 0
      vertex 55 45.5 0
    endloop
  endfacet
  facet normal 1 -0 0
    outer loop
      vertex 56.5 42 2
      vertex 56.5 43.5 0
      vertex 56.5 43.5 2
    endloop
  endfacet
  facet normal 1 0 0
    outer loop
      vertex 56.5 43.5 0
      vertex 56.5 42 2
      vertex 56.5 42 0
    endloop
  endfacet
  facet normal -1 0 0
    outer loop
      vertex 62 42 0
      vertex 62 43.5 2
      vertex 62 43.5 0
    endloop
  endfacet
  facet normal -1 -0 0
    outer loop
      vertex 62 43.5 2
      vertex 62 42 0
      vertex 62 42 2
    endloop
  endfacet
  facet normal 0 1 -0
    outer loop
      vertex 62 42 0
      vertex 56.5 42 2
      vertex 62 42 2
    endloop
  endfacet
  facet normal 0 1 0
    outer loop
      vertex 56.5 42 2
      vertex 62 42 0
      vertex 56.5 42 0
    endloop
  endfacet
  facet normal 0 -1 0
    outer loop
      vertex 56.5 43.5 0
      vertex 62 43.5 2
      vertex 56.5 43.5 2
    endloop
  endfacet
  facet normal 0 -1 -0
    outer loop
      vertex 62 43.5 2
      vertex 56.5 43.5 0
      vertex 62 43.5 0
    endloop
  endfacet
  facet normal 1 -0 0
    outer loop
      vertex 58.5 45 2
      vertex 58.5 50.5 0
      vertex 58.5 50.5 2
    endloop
  endfacet
  facet normal 1 0 0
    outer loop
      vertex 58.5 50.5 0
      vertex 58.5 45 2
      vertex 58.5 45 0
    endloop
  endfacet
  facet normal -1 0 0
    outer loop
      vertex 60 45 0
      vertex 60 50.5 2
      vertex 60 50.5 0
    endloop
  endfacet
  facet normal -1 -0 0
    outer loop
      vertex 60 50.5 2
      vertex 60 45 0
      vertex 60 45 2
    endloop
  endfacet
  facet normal 0 1 -0
    outer loop
      vertex 60 45 0
      vertex 58.5 45 2
      vertex 60 45 2
    endloop
  endfacet
  facet normal 0 1 0
    outer loop
      vertex 58.5 45 2
      vertex 60 45 0
      vertex 58.5 45 0
    endloop
  endfacet
  facet normal 0 -1 0
    outer loop
      vertex 58.5 50.5 0
      vertex 60 50.5 2
      vertex 58.5 50.5 2
    endloop
  endfacet
  facet normal 0 -1 -0
    outer loop
      vertex 60 50.5 2
      vertex 58.5 50.5 0
      vertex 60 50.5 0
    endloop
  endfacet
  facet normal 1 -0 0
    outer loop
      vertex 51.5 47 2
      vertex 51.5 48.5 0
      vertex 51.5 48.5 2
    endloop
  endfacet
  facet normal 1 0 0
    outer loop
      vertex 51.5 48.5 0
      vertex 51.5 47 2
      vertex 51.5 47 0
    endloop
  endfacet
  facet normal -1 0 0
    outer loop
      vertex 57 47 0
      vertex 57 48.5 2
      vertex 57 48.5 0
    endloop
  endfacet
  facet normal -1 -0 0
    outer loop
      vertex 57 48.5 2
      vertex 57 47 0
      vertex 57 47 2
    endloop
  endfacet
  facet normal 0 1 -0
    outer loop
      vertex 57 47 0
      vertex 51.5 47 2
      vertex 57 47 2
    endloop
  endfacet
  facet normal 0 1 0
    outer loop
      vertex 51.5 47 2
      vertex 57 47 0
      vertex 51.5 47 0
    endloop
  endfacet
  facet normal 0 -1 0
    outer loop
      vertex 51.5 48.5 0
      vertex 57 48.5 2
      vertex 51.5 48.5 2
    endloop
  endfacet
  facet normal 0 -1 -0
    outer loop
      vertex 57 48.5 2
      vertex 51.5 48.5 0
      vertex 57 48.5 0
    endloop
  endfacet
  facet normal 1 -0 0
    outer loop
      vertex 13.5 50 2
      vertex 13.5 55.5 0
      vertex 13.5 55.5 2
    endloop
  endfacet
  facet normal 1 0 0
    outer loop
      vertex 13.5 55.5 0
      vertex 13.5 50 2
      vertex 13.5 50 0
    endloop
  endfacet
  facet normal -1 0 0
    outer loop
      vertex 15 50 0
      vertex 15 55.5 2
      vertex 15 55.5 0
    endloop
  endfacet
  facet normal -1 -0 0
    outer loop
      vertex 15 55.5 2
      vertex 15 50 0
      vertex 15 50 2
    endloop
  endfacet
  facet normal 0 1 -0
    outer loop
      vertex 15 50 0
      vertex 13.5 50 2
      vertex 15 50 2
    endloop
  endfacet
  facet normal 0 1 0
    outer loop
      vertex 13.5 50 2
      vertex 15 50 0
      vertex 13.5 50 0
    endloop
  endfacet
  facet normal 0 -1 0
    outer loop
      vertex 13.5 55.5 0
      vertex 15 55.5 2
      vertex 13.5 55.5 2
    endloop
  endfacet
  facet normal 0 -1 -0
    outer loop
      vertex 15 55.5 2
      vertex 13.5 55.5 0
      vertex 15 55.5 0
    endloop
  endfacet
  facet normal 1 -0 0
    outer loop
      vertex 16.5 52 2
      vertex 16.5 53.5 0
      vertex 16.5 53.5 2
    endloop
  endfacet
  facet normal 1 0 0
    outer loop
      vertex 16.5 53.5 0
      vertex 16.5 52 2
      vertex 16.5 52 0
    endloop
  endfacet
  facet normal -1 0 0
    outer loop
      vertex 22 52 0
      vertex 22 53.5 2
      vertex 22 53.5 0
    endloop
  endfacet
  facet normal -1 -0 0
    outer loop
      vertex 22 53.5 2
      vertex 22 52 0
      vertex 22 52 2
    endloop
  endfacet
  facet normal 0 1 -0
    outer loop
      vertex 22 52 0
      vertex 16.5 52 2
      vertex 22 52 2
    endloop
  endfacet
  facet normal 0 1 0
    outer loop
      vertex 16.5 52 2
      vertex 22 52 0
      vertex 16.5 52 0
    endloop
  endfacet
  facet normal 0 -1 0
    outer loop
      vertex 16.5 53.5 0
      vertex 22 53.5 2
      vertex 16.5 53.5 2
    endloop
  endfacet
  facet normal 0 -1 -0
    outer loop
      vertex 22 53.5 2
      vertex 16.5 53.5 0
      vertex 22 53.5 0
    endloop
  endfacet
  facet normal 1 -0 0
    outer loop
      vertex 18.5 55 2
      vertex 18.5 60.5 0
      vertex 18.5 60.5 2
    endloop
  endfacet
  facet normal 1 0 0
    outer loop
      vertex 18.5 60.5 0
      vertex 18.5 55 2
      vertex 18.5 55 0
    endloop
  endfacet
  facet normal -1 0 0
    outer loop
      vertex 20 55 0
      vertex 20 60.5 2
      vertex 20 60.5 0
    endloop
  endfacet
  facet normal -1 -0 0
    outer loop
      vertex 20 60.5 2
      vertex 20 55 0
      vertex 20 55 2
    endloop
  endfacet
  facet normal 0 1 -0
    outer loop
      vertex 20 55 0
      vertex 18.5 55 2
      vertex 20 55 2
    endloop
  endfacet
  facet normal 0 1 0
    outer loop
      vertex 18.5 55 2
      vertex 20 55 0
      vertex 18.5 55 0
    endloop
  endfacet
  facet normal 0 -1 0
    outer loop
      vertex 18.5 60.5 0
      vertex 20 60.5 2
      vertex 18.5 60.5 2
    endloop
  endfacet
  facet normal 0 -1 -0
    outer loop
      vertex 20 60.5 2
      vertex 18.5 60.5 0
      vertex 20 60.5 0
    endloop
  endfacet
  facet normal 1 -0 0
    outer loop
      vertex 11.5 57 2
      vertex 11.5 58.5 0
      vertex 11.5 58.5 2
    endloop
  endfacet
  facet normal 1 0 0
    outer loop
      vertex 11.5 58.5 0
      vertex 11.5 57 2
      vertex 11.5 57 0
    endloop
  endfacet
  facet normal -1 0 0
    outer loop
      vertex 17 57 0
      vertex 17 58.5 2
      vertex 17 58.5 0
    endloop
  endfacet
  facet normal -1 -0 0
    outer loop
      vertex 17 58.5 2
      vertex 17 57 0
      vertex 17 57 2
    endloop
  endfacet
  facet normal 0 1 -0
    outer loop
      vertex 17 57 0
      vertex 11.5 57 2
      vertex 17 57 2
    endloop
  endfacet
  facet normal 0 1 0
    outer loop
      vertex 11.5 57 2
      vertex 17 57 0
      vertex 11.5 57 0
    endloop
  endfacet
  facet normal 0 -1 0
    outer loop
      vertex 11.5 58.5 0
      vertex 17 58.5 2
      vertex 11.5 58.5 2
    endloop
  endfacet
  facet normal 0 -1 -0
    outer loop
      vertex 17 58.5 2
      vertex 11.5 58.5 0
      vertex 17 58.5 0
    endloop
  endfacet
  facet normal 1 -0 0
    outer loop
      vertex 23.5 50 2
      vertex 23.5 55.5 0
      vertex 23.5 55.5 2
    endloop
  endfacet
  facet normal 1 0 0
    outer loop
      vertex 23.5 55.5 0
      vertex 23.5 50 2
      vertex 23.5 50 0
    endloop
  endfacet
  facet normal -1 0 0
    outer loop
      vertex 25 50 0
      vertex 25 55.5 2
      vertex 25 55.5 0
    endloop
  endfacet
  facet normal -1 -0 0
    outer loop
      vertex 25 55.5 2
      vertex 25 50 0
      vertex 25 50 2
    endloop
  endfacet
  facet normal 0 -1 0
    outer loop
      vertex 23.5 55.5 0
      vertex 25 55.5 2
      vertex 23.5 55.5 2
    endloop
  endfacet
  facet normal 0 -1 -0
    outer loop
      vertex 25 55.5 2
      vertex 23.5 55.5 0
      vertex 25 55.5 0
    endloop
  endfacet
  facet normal 0 1 -0
    outer loop
      vertex 25 50 0
      vertex 23.5 50 2
      vertex 25 50 2
    endloop
  endfacet
  facet normal 0 1 0
    outer loop
      vertex 23.5 50 2
      vertex 25 50 0
      vertex 23.5 50 0
    endloop
  endfacet
  facet normal 1 -0 0
    outer loop
      vertex 26.5 52 2
      vertex 26.5 53.5 0
      vertex 26.5 53.5 2
    endloop
  endfacet
  facet normal 1 0 0
    outer loop
      vertex 26.5 53.5 0
      vertex 26.5 52 2
      vertex 26.5 52 0
    endloop
  endfacet
  facet normal -1 0 0
    outer loop
      vertex 32 52 0
      vertex 32 53.5 2
      vertex 32 53.5 0
    endloop
  endfacet
  facet normal -1 -0 0
    outer loop
      vertex 32 53.5 2
      vertex 32 52 0
      vertex 32 52 2
    endloop
  endfacet
  facet normal 0 1 -0
    outer loop
      vertex 32 52 0
      vertex 26.5 52 2
      vertex 32 52 2
    endloop
  endfacet
  facet normal 0 1 0
    outer loop
      vertex 26.5 52 2
      vertex 32 52 0
      vertex 26.5 52 0
    endloop
  endfacet
  facet normal 0 -1 0
    outer loop
      vertex 26.5 53.5 0
      vertex 32 53.5 2
      vertex 26.5 53.5 2
    endloop
  endfacet
  facet normal 0 -1 -0
    outer loop
      vertex 32 53.5 2
      vertex 26.5 53.5 0
      vertex 32 53.5 0
    endloop
  endfacet
  facet normal 1 -0 0
    outer loop
      vertex 28.5 55 2
      vertex 28.5 60.5 0
      vertex 28.5 60.5 2
    endloop
  endfacet
  facet normal 1 0 0
    outer loop
      vertex 28.5 60.5 0
      vertex 28.5 55 2
      vertex 28.5 55 0
    endloop
  endfacet
  facet normal -1 0 0
    outer loop
      vertex 30 55 0
      vertex 30 60.5 2
      vertex 30 60.5 0
    endloop
  endfacet
  facet normal -1 -0 0
    outer loop
      vertex 30 60.5 2
      vertex 30 55 0
      vertex 30 55 2
    endloop
  endfacet
  facet normal 0 1 -0
    outer loop
      vertex 30 55 0
      vertex 28.5 55 2
      vertex 30 55 2
    endloop
  endfacet
  facet normal 0 1 0
    outer loop
      vertex 28.5 55 2
      vertex 30 55 0
      vertex 28.5 55 0
    endloop
  endfacet
  facet normal 0 -1 0
    outer loop
      vertex 28.5 60.5 0
      vertex 30 60.5 2
      vertex 28.5 60.5 2
    endloop
  endfacet
  facet normal 0 -1 -0
    outer loop
      vertex 30 60.5 2
      vertex 28.5 60.5 0
      vertex 30 60.5 0
    endloop
  endfacet
  facet normal 1 -0 0
    outer loop
      vertex 21.5 57 2
      vertex 21.5 58.5 0
      vertex 21.5 58.5 2
    endloop
  endfacet
  facet normal 1 0 0
    outer loop
      vertex 21.5 58.5 0
      vertex 21.5 57 2
      vertex 21.5 57 0
    endloop
  endfacet
  facet normal -1 0 0
    outer loop
      vertex 27 57 0
      vertex 27 58.5 2
      vertex 27 58.5 0
    endloop
  endfacet
  facet normal -1 -0 0
    outer loop
      vertex 27 58.5 2
      vertex 27 57 0
      vertex 27 57 2
    endloop
  endfacet
  facet normal 0 1 -0
    outer loop
      vertex 27 57 0
      vertex 21.5 57 2
      vertex 27 57 2
    endloop
  endfacet
  facet normal 0 1 0
    outer loop
      vertex 21.5 57 2
      vertex 27 57 0
      vertex 21.5 57 0
    endloop
  endfacet
  facet normal 0 -1 0
    outer loop
      vertex 21.5 58.5 0
      vertex 27 58.5 2
      vertex 21.5 58.5 2
    endloop
  endfacet
  facet normal 0 -1 -0
    outer loop
      vertex 27 58.5 2
      vertex 21.5 58.5 0
      vertex 27 58.5 0
    endloop
  endfacet
  facet normal 1 -0 0
    outer loop
      vertex 33.5 50 2
      vertex 33.5 55.5 0
      vertex 33.5 55.5 2
    endloop
  endfacet
  facet normal 1 0 0
    outer loop
      vertex 33.5 55.5 0
      vertex 33.5 50 2
      vertex 33.5 50 0
    endloop
  endfacet
  facet normal -1 0 0
    outer loop
      vertex 35 50 0
      vertex 35 55.5 2
      vertex 35 55.5 0
    endloop
  endfacet
  facet normal -1 -0 0
    outer loop
      vertex 35 55.5 2
      vertex 35 50 0
      vertex 35 50 2
    endloop
  endfacet
  facet normal 0 -1 0
    outer loop
      vertex 33.5 55.5 0
      vertex 35 55.5 2
      vertex 33.5 55.5 2
    endloop
  endfacet
  facet normal 0 -1 -0
    outer loop
      vertex 35 55.5 2
      vertex 33.5 55.5 0
      vertex 35 55.5 0
    endloop
  endfacet
  facet normal 0 1 -0
    outer loop
      vertex 35 50 0
      vertex 33.5 50 2
      vertex 35 50 2
    endloop
  endfacet
  facet normal 0 1 0
    outer loop
      vertex 33.5 50 2
      vertex 35 50 0
      vertex 33.5 50 0
    endloop
  endfacet
  facet normal 1 -0 0
    outer loop
      vertex 36.5 52 2
      vertex 36.5 53.5 0
      vertex 36.5 53.5 2
    endloop
  endfacet
  facet normal 1 0 0
    outer loop
      vertex 36.5 53.5 0
      vertex 36.5 52 2
      vertex 36.5 52 0
    endloop
  endfacet
  facet normal -1 0 0
    outer loop
      vertex 42 52 0
      vertex 42 53.5 2
      vertex 42 53.5 0
    endloop
  endfacet
  facet normal -1 -0 0
    outer loop
      vertex 42 53.5 2
      vertex 42 52 0
      vertex 42 52 2
    endloop
  endfacet
  facet normal 0 1 -0
    outer loop
      vertex 42 52 0
      vertex 36.5 52 2
      vertex 42 52 2
    endloop
  endfacet
  facet normal 0 1 0
    outer loop
      vertex 36.5 52 2
      vertex 42 52 0
      vertex 36.5 52 0
    endloop
  endfacet
  facet normal 0 -1 0
    outer loop
      vertex 36.5 53.5 0
      vertex 42 53.5 2
      vertex 36.5 53.5 2
    endloop
  endfacet
  facet normal 0 -1 -0
    outer loop
      vertex 42 53.5 2
      vertex 36.5 53.5 0
      vertex 42 53.5 0
    endloop
  endfacet
  facet normal 1 -0 0
    outer loop
      vertex 38.5 55 2
      vertex 38.5 60.5 0
      vertex 38.5 60.5 2
    endloop
  endfacet
  facet normal 1 0 0
    outer loop
      vertex 38.5 60.5 0
      vertex 38.5 55 2
      vertex 38.5 55 0
    endloop
  endfacet
  facet normal -1 0 0
    outer loop
      vertex 40 55 0
      vertex 40 60.5 2
      vertex 40 60.5 0
    endloop
  endfacet
  facet normal -1 -0 0
    outer loop
      vertex 40 60.5 2
      vertex 40 55 0
      vertex 40 55 2
    endloop
  endfacet
  facet normal 0 1 -0
    outer loop
      vertex 40 55 0
      vertex 38.5 55 2
      vertex 40 55 2
    endloop
  endfacet
  facet normal 0 1 0
    outer loop
      vertex 38.5 55 2
      vertex 40 55 0
      vertex 38.5 55 0
    endloop
  endfacet
  facet normal 0 -1 0
    outer loop
      vertex 38.5 60.5 0
      vertex 40 60.5 2
      vertex 38.5 60.5 2
    endloop
  endfacet
  facet normal 0 -1 -0
    outer loop
      vertex 40 60.5 2
      vertex 38.5 60.5 0
      vertex 40 60.5 0
    endloop
  endfacet
  facet normal 1 -0 0
    outer loop
      vertex 31.5 57 2
      vertex 31.5 58.5 0
      vertex 31.5 58.5 2
    endloop
  endfacet
  facet normal 1 0 0
    outer loop
      vertex 31.5 58.5 0
      vertex 31.5 57 2
      vertex 31.5 57 0
    endloop
  endfacet
  facet normal -1 0 0
    outer loop
      vertex 37 57 0
      vertex 37 58.5 2
      vertex 37 58.5 0
    endloop
  endfacet
  facet normal -1 -0 0
    outer loop
      vertex 37 58.5 2
      vertex 37 57 0
      vertex 37 57 2
    endloop
  endfacet
  facet normal 0 -1 0
    outer loop
      vertex 31.5 58.5 0
      vertex 37 58.5 2
      vertex 31.5 58.5 2
    endloop
  endfacet
  facet normal 0 -1 -0
    outer loop
      vertex 37 58.5 2
      vertex 31.5 58.5 0
      vertex 37 58.5 0
    endloop
  endfacet
  facet normal 0 1 -0
    outer loop
      vertex 37 57 0
      vertex 31.5 57 2
      vertex 37 57 2
    endloop
  endfacet
  facet normal 0 1 0
    outer loop
      vertex 31.5 57 2
      vertex 37 57 0
      vertex 31.5 57 0
    endloop
  endfacet
  facet normal 1 -0 0
    outer loop
      vertex 43.5 50 2
      vertex 43.5 55.5 0
      vertex 43.5 55.5 2
    endloop
  endfacet
  facet normal 1 0 0
    outer loop
      vertex 43.5 55.5 0
      vertex 43.5 50 2
      vertex 43.5 50 0
    endloop
  endfacet
  facet normal -1 0 0
    outer loop
      vertex 45 50 0
      vertex 45 55.5 2
      vertex 45 55.5 0
    endloop
  endfacet
  facet normal -1 -0 0
    outer loop
      vertex 45 55.5 2
      vertex 45 50 0
      vertex 45 50 2
    endloop
  endfacet
  facet normal 0 1 -0
    outer loop
      vertex 45 50 0
      vertex 43.5 50 2
      vertex 45 50 2
    endloop
  endfacet
  facet normal 0 1 0
    outer loop
      vertex 43.5 50 2
      vertex 45 50 0
      vertex 43.5 50 0
    endloop
  endfacet
  facet normal 0 -1 0
    outer loop
      vertex 43.5 55.5 0
      vertex 45 55.5 2
      vertex 43.5 55.5 2
    endloop
  endfacet
  facet normal 0 -1 -0
    outer loop
      vertex 45 55.5 2
      vertex 43.5 55.5 0
      vertex 45 55.5 0
    endloop
  endfacet
  facet normal 1 -0 0
    outer loop
      vertex 46.5 52 2
      vertex 46.5 53.5 0
      vertex 46.5 53.5 2
    endloop
  endfacet
  facet normal 1 0 0
    outer loop
      vertex 46.5 53.5 0
      vertex 46.5 52 2
      vertex 46.5 52 0
    endloop
  endfacet
  facet normal -1 0 0
    outer loop
      vertex 52 52 0
      vertex 52 53.5 2
      vertex 52 53.5 0
    endloop
  endfacet
  facet normal -1 -0 0
    outer loop
      vertex 52 53.5 2
      vertex 52 52 0
      vertex 52 52 2
    endloop
  endfacet
  facet normal 0 1 -0
    outer loop
      vertex 52 52 0
      vertex 46.5 52 2
      vertex 52 52 2
    endloop
  endfacet
  facet normal 0 1 0
    outer loop
      vertex 46.5 52 2
      vertex 52 52 0
      vertex 46.5 52 0
    endloop
  endfacet
  facet normal 0 -1 0
    outer loop
      vertex 46.5 53.5 0
      vertex 52 53.5 2
      vertex 46.5 53.5 2
    endloop
  endfacet
  facet normal 0 -1 -0
    outer loop
      vertex 52 53.5 2
      vertex 46.5 53.5 0
      vertex 52 53.5 0
    endloop
  endfacet
  facet normal 1 -0 0
    outer loop
      vertex 48.5 55 2
      vertex 48.5 60.5 0
      vertex 48.5 60.5 2
    endloop
  endfacet
  facet normal 1 0 0
    outer loop
      vertex 48.5 60.5 0
      vertex 48.5 55 2
      vertex 48.5 55 0
    endloop
  endfacet
  facet normal -1 0 0
    outer loop
      vertex 50 55 0
      vertex 50 60.5 2
      vertex 50 60.5 0
    endloop
  endfacet
  facet normal -1 -0 0
    outer loop
      vertex 50 60.5 2
      vertex 50 55 0
      vertex 50 55 2
    endloop
  endfacet
  facet normal 0 -1 0
    outer loop
      vertex 48.5 60.5 0
      vertex 50 60.5 2
      vertex 48.5 60.5 2
    endloop
  endfacet
  facet normal 0 -1 -0
    outer loop
      vertex 50 60.5 2
      vertex 48.5 60.5 0
      vertex 50 60.5 0
    endloop
  endfacet
  facet normal 0 1 -0
    outer loop
      vertex 50 55 0
      vertex 48.5 55 2
      vertex 50 55 2
    endloop
  endfacet
  facet normal 0 1 0
    outer loop
      vertex 48.5 55 2
      vertex 50 55 0
      vertex 48.5 55 0
    endloop
  endfacet
  facet normal 1 -0 0
    outer loop
      vertex 41.5 57 2
      vertex 41.5 58.5 0
      vertex 41.5 58.5 2
    endloop
  endfacet
  facet normal 1 0 0
    outer loop
      vertex 41.5 58.5 0
      vertex 41.5 57 2
      vertex 41.5 57 0
    endloop
  endfacet
  facet normal -1 0 0
    outer loop
      vertex 47 57 0
      vertex 47 58.5 2
      vertex 47 58.5 0
    endloop
  endfacet
  facet normal -1 -0 0
    outer loop
      vertex 47 58.5 2
      vertex 47 57 0
      vertex 47 57 2
    endloop
  endfacet
  facet normal 0 -1 0
    outer loop
      vertex 41.5 58.5 0
      vertex 47 58.5 2
      vertex 41.5 58.5 2
    endloop
  endfacet
  facet normal 0 -1 -0
    outer loop
      vertex 47 58.5 2
      vertex 41.5 58.5 0
      vertex 47 58.5 0
    endloop
  endfacet
  facet normal 0 1 -0
    outer loop
      vertex 47 57 0
      vertex 41.5 57 2
      vertex 47 57 2
    endloop
  endfacet
  facet normal 0 1 0
    outer loop
      vertex 41.5 57 2
      vertex 47 57 0
      vertex 41.5 57 0
    endloop
  endfacet
  facet normal 1 -0 0
    outer loop
      vertex 53.5 50 2
      vertex 53.5 55.5 0
      vertex 53.5 55.5 2
    endloop
  endfacet
  facet normal 1 0 0
    outer loop
      vertex 53.5 55.5 0
      vertex 53.5 50 2
      vertex 53.5 50 0
    endloop
  endfacet
  facet normal -1 0 0
    outer loop
      vertex 55 50 0
      vertex 55 55.5 2
      vertex 55 55.5 0
    endloop
  endfacet
  facet normal -1 -0 0
    outer loop
      vertex 55 55.5 2
      vertex 55 50 0
      vertex 55 50 2
    endloop
  endfacet
  facet normal 0 -1 0
    outer loop
      vertex 53.5 55.5 0
      vertex 55 55.5 2
      vertex 53.5 55.5 2
    endloop
  endfacet
  facet normal 0 -1 -0
    outer loop
      vertex 55 55.5 2
      vertex 53.5 55.5 0
      vertex 55 55.5 0
    endloop
  endfacet
  facet normal 0 1 -0
    outer loop
      vertex 55 50 0
      vertex 53.5 50 2
      vertex 55 50 2
    endloop
  endfacet
  facet normal 0 1 0
    outer loop
      vertex 53.5 50 2
      vertex 55 50 0
      vertex 53.5 50 0
    endloop
  endfacet
  facet normal 1 -0 0
    outer loop
      vertex 56.5 52 2
      vertex 56.5 53.5 0
      vertex 56.5 53.5 2
    endloop
  endfacet
  facet normal 1 0 0
    outer loop
      vertex 56.5 53.5 0
      vertex 56.5 52 2
      vertex 56.5 52 0
    endloop
  endfacet
  facet normal -1 0 0
    outer loop
      vertex 62 52 0
      vertex 62 53.5 2
      vertex 62 53.5 0
    endloop
  endfacet
  facet normal -1 -0 0
    outer loop
      vertex 62 53.5 2
      vertex 62 52 0
      vertex 62 52 2
    endloop
  endfacet
  facet normal 0 1 -0
    outer loop
      vertex 62 52 0
      vertex 56.5 52 2
      vertex 62 52 2
    endloop
  endfacet
  facet normal 0 1 0
    outer loop
      vertex 56.5 52 2
      vertex 62 52 0
      vertex 56.5 52 0
    endloop
  endfacet
  facet normal 0 -1 0
    outer loop
      vertex 56.5 53.5 0
      vertex 62 53.5 2
      vertex 56.5 53.5 2
    endloop
  endfacet
  facet normal 0 -1 -0
    outer loop
      vertex 62 53.5 2
      vertex 56.5 53.5 0
      vertex 62 53.5 0
    endloop
  endfacet
  facet normal 1 -0 0
    outer loop
      vertex 58.5 55 2
      vertex 58.5 60.5 0
      vertex 58.5 60.5 2
    endloop
  endfacet
  facet normal 1 0 0
    outer loop
      vertex 58.5 60.5 0
      vertex 58.5 55 2
      vertex 58.5 55 0
    endloop
  endfacet
  facet normal -1 0 0
    outer loop
      vertex 60 55 0
      vertex 60 60.5 2
      vertex 60 60.5 0
    endloop
  endfacet
  facet normal -1 -0 0
    outer loop
      vertex 60 60.5 2
      vertex 60 55 0
      vertex 60 55 2
    endloop
  endfacet
  facet normal 0 -1 0
    outer loop
      vertex 58.5 60.5 0
      vertex 60 60.5 2
      vertex 58.5 60.5 2
    endloop
  endfacet
  facet normal 0 -1 -0
    outer loop
      vertex 60 60.5 2
      vertex 58.5 60.5 0
      vertex 60 60.5 0
    endloop
  endfacet
  facet normal 0 1 -0
    outer loop
      vertex 60 55 0
      vertex 58.5 55 2
      vertex 60 55 2
    endloop
  endfacet
  facet normal 0 1 0
    outer loop
      vertex 58.5 55 2
      vertex 60 55 0
      vertex 58.5 55 0
    endloop
  endfacet
  facet normal 1 -0 0
    outer loop
      vertex 51.5 57 2
      vertex 51.5 58.5 0
      vertex 51.5 58.5 2
    endloop
  endfacet
  facet normal 1 0 0
    outer loop
      vertex 51.5 58.5 0
      vertex 51.5 57 2
      vertex 51.5 57 0
    endloop
  endfacet
  facet normal -1 0 0
    outer loop
      vertex 57 57 0
      vertex 57 58.5 2
      vertex 57 58.5 0
    endloop
  endfacet
  facet normal -1 -0 0
    outer loop
      vertex 57 58.5 2
      vertex 57 57 0
      vertex 57 57 2
    endloop
  endfacet
  facet normal 0 -1 0
    outer loop
      vertex 51.5 58.5 0
      vertex 57 58.5 2
      vertex 51.5 58.5 2
    endloop
  endfacet
  facet normal 0 -1 -0
    outer loop
      vertex 57 58.5 2
      vertex 51.5 58.5 0
      vertex 57 58.5 0
    endloop
  endfacet
  facet normal 0 1 -0
    outer loop
      vertex 57 57 0
      vertex 51.5 57 2
      vertex 57 57 2
    endloop
  endfacet
  facet normal 0 1 0
    outer loop
      vertex 51.5 57 2
      vertex 57 57 0
      vertex 51.5 57 0
    endloop
  endfacet
  facet normal 1 -0 0
    outer loop
      vertex 13.5 20 2
      vertex 13.5 25.5 0
      vertex 13.5 25.5 2
    endloop
  endfacet
  facet normal 1 0 0
    outer loop
      vertex 13.5 25.5 0
      vertex 13.5 20 2
      vertex 13.5 20 0
    endloop
  endfacet
  facet normal -1 0 0
    outer loop
      vertex 15 20 0
      vertex 15 25.5 2
      vertex 15 25.5 0
    endloop
  endfacet
  facet normal -1 -0 0
    outer loop
      vertex 15 25.5 2
      vertex 15 20 0
      vertex 15 20 2
    endloop
  endfacet
  facet normal 0 -1 0
    outer loop
      vertex 13.5 25.5 0
      vertex 15 25.5 2
      vertex 13.5 25.5 2
    endloop
  endfacet
  facet normal 0 -1 -0
    outer loop
      vertex 15 25.5 2
      vertex 13.5 25.5 0
      vertex 15 25.5 0
    endloop
  endfacet
  facet normal 0 1 -0
    outer loop
      vertex 15 20 0
      vertex 13.5 20 2
      vertex 15 20 2
    endloop
  endfacet
  facet normal 0 1 0
    outer loop
      vertex 13.5 20 2
      vertex 15 20 0
      vertex 13.5 20 0
    endloop
  endfacet
  facet normal 1 -0 0
    outer loop
      vertex 16.5 22 2
      vertex 16.5 23.5 0
      vertex 16.5 23.5 2
    endloop
  endfacet
  facet normal 1 0 0
    outer loop
      vertex 16.5 23.5 0
      vertex 16.5 22 2
      vertex 16.5 22 0
    endloop
  endfacet
  facet normal -1 0 0
    outer loop
      vertex 22 22 0
      vertex 22 23.5 2
      vertex 22 23.5 0
    endloop
  endfacet
  facet normal -1 -0 0
    outer loop
      vertex 22 23.5 2
      vertex 22 22 0
      vertex 22 22 2
    endloop
  endfacet
  facet normal 0 -1 0
    outer loop
      vertex 16.5 23.5 0
      vertex 22 23.5 2
      vertex 16.5 23.5 2
    endloop
  endfacet
  facet normal 0 -1 -0
    outer loop
      vertex 22 23.5 2
      vertex 16.5 23.5 0
      vertex 22 23.5 0
    endloop
  endfacet
  facet normal 0 1 -0
    outer loop
      vertex 22 22 0
      vertex 16.5 22 2
      vertex 22 22 2
    endloop
  endfacet
  facet normal 0 1 0
    outer loop
      vertex 16.5 22 2
      vertex 22 22 0
      vertex 16.5 22 0
    endloop
  endfacet
  facet normal 1 -0 0
    outer loop
      vertex 18.5 25 2
      vertex 18.5 30.5 0
      vertex 18.5 30.5 2
    endloop
  endfacet
  facet normal 1 0 0
    outer loop
      vertex 18.5 30.5 0
      vertex 18.5 25 2
      vertex 18.5 25 0
    endloop
  endfacet
  facet normal -1 0 0
    outer loop
      vertex 20 25 0
      vertex 20 30.5 2
      vertex 20 30.5 0
    endloop
  endfacet
  facet normal -1 -0 0
    outer loop
      vertex 20 30.5 2
      vertex 20 25 0
      vertex 20 25 2
    endloop
  endfacet
  facet normal 0 1 -0
    outer loop
      vertex 20 25 0
      vertex 18.5 25 2
      vertex 20 25 2
    endloop
  endfacet
  facet normal 0 1 0
    outer loop
      vertex 18.5 25 2
      vertex 20 25 0
      vertex 18.5 25 0
    endloop
  endfacet
  facet normal 0 -1 0
    outer loop
      vertex 18.5 30.5 0
      vertex 20 30.5 2
      vertex 18.5 30.5 2
    endloop
  endfacet
  facet normal 0 -1 -0
    outer loop
      vertex 20 30.5 2
      vertex 18.5 30.5 0
      vertex 20 30.5 0
    endloop
  endfacet
  facet normal 1 -0 0
    outer loop
      vertex 11.5 27 2
      vertex 11.5 28.5 0
      vertex 11.5 28.5 2
    endloop
  endfacet
  facet normal 1 0 0
    outer loop
      vertex 11.5 28.5 0
      vertex 11.5 27 2
      vertex 11.5 27 0
    endloop
  endfacet
  facet normal -1 0 0
    outer loop
      vertex 17 27 0
      vertex 17 28.5 2
      vertex 17 28.5 0
    endloop
  endfacet
  facet normal -1 -0 0
    outer loop
      vertex 17 28.5 2
      vertex 17 27 0
      vertex 17 27 2
    endloop
  endfacet
  facet normal 0 1 -0
    outer loop
      vertex 17 27 0
      vertex 11.5 27 2
      vertex 17 27 2
    endloop
  endfacet
  facet normal 0 1 0
    outer loop
      vertex 11.5 27 2
      vertex 17 27 0
      vertex 11.5 27 0
    endloop
  endfacet
  facet normal 0 -1 0
    outer loop
      vertex 11.5 28.5 0
      vertex 17 28.5 2
      vertex 11.5 28.5 2
    endloop
  endfacet
  facet normal 0 -1 -0
    outer loop
      vertex 17 28.5 2
      vertex 11.5 28.5 0
      vertex 17 28.5 0
    endloop
  endfacet
  facet normal 1 -0 0
    outer loop
      vertex 23.5 20 2
      vertex 23.5 25.5 0
      vertex 23.5 25.5 2
    endloop
  endfacet
  facet normal 1 0 0
    outer loop
      vertex 23.5 25.5 0
      vertex 23.5 20 2
      vertex 23.5 20 0
    endloop
  endfacet
  facet normal -1 0 0
    outer loop
      vertex 25 20 0
      vertex 25 25.5 2
      vertex 25 25.5 0
    endloop
  endfacet
  facet normal -1 -0 0
    outer loop
      vertex 25 25.5 2
      vertex 25 20 0
      vertex 25 20 2
    endloop
  endfacet
  facet normal 0 -1 0
    outer loop
      vertex 23.5 25.5 0
      vertex 25 25.5 2
      vertex 23.5 25.5 2
    endloop
  endfacet
  facet normal 0 -1 -0
    outer loop
      vertex 25 25.5 2
      vertex 23.5 25.5 0
      vertex 25 25.5 0
    endloop
  endfacet
  facet normal 0 1 -0
    outer loop
      vertex 25 20 0
      vertex 23.5 20 2
      vertex 25 20 2
    endloop
  endfacet
  facet normal 0 1 0
    outer loop
      vertex 23.5 20 2
      vertex 25 20 0
      vertex 23.5 20 0
    endloop
  endfacet
  facet normal 1 -0 0
    outer loop
      vertex 26.5 22 2
      vertex 26.5 23.5 0
      vertex 26.5 23.5 2
    endloop
  endfacet
  facet normal 1 0 0
    outer loop
      vertex 26.5 23.5 0
      vertex 26.5 22 2
      vertex 26.5 22 0
    endloop
  endfacet
  facet normal -1 0 0
    outer loop
      vertex 32 22 0
      vertex 32 23.5 2
      vertex 32 23.5 0
    endloop
  endfacet
  facet normal -1 -0 0
    outer loop
      vertex 32 23.5 2
      vertex 32 22 0
      vertex 32 22 2
    endloop
  endfacet
  facet normal 0 -1 0
    outer loop
      vertex 26.5 23.5 0
      vertex 32 23.5 2
      vertex 26.5 23.5 2
    endloop
  endfacet
  facet normal 0 -1 -0
    outer loop
      vertex 32 23.5 2
      vertex 26.5 23.5 0
      vertex 32 23.5 0
    endloop
  endfacet
  facet normal 0 1 -0
    outer loop
      vertex 32 22 0
      vertex 26.5 22 2
      vertex 32 22 2
    endloop
  endfacet
  facet normal 0 1 0
    outer loop
      vertex 26.5 22 2
      vertex 32 22 0
      vertex 26.5 22 0
    endloop
  endfacet
  facet normal 1 -0 0
    outer loop
      vertex 28.5 25 2
      vertex 28.5 30.5 0
      vertex 28.5 30.5 2
    endloop
  endfacet
  facet normal 1 0 0
    outer loop
      vertex 28.5 30.5 0
      vertex 28.5 25 2
      vertex 28.5 25 0
    endloop
  endfacet
  facet normal -1 0 0
    outer loop
      vertex 30 25 0
      vertex 30 30.5 2
      vertex 30 30.5 0
    endloop
  endfacet
  facet normal -1 -0 0
    outer loop
      vertex 30 30.5 2
      vertex 30 25 0
      vertex 30 25 2
    endloop
  endfacet
  facet normal 0 -1 0
    outer loop
      vertex 28.5 30.5 0
      vertex 30 30.5 2
      vertex 28.5 30.5 2
    endloop
  endfacet
  facet normal 0 -1 -0
    outer loop
      vertex 30 30.5 2
      vertex 28.5 30.5 0
      vertex 30 30.5 0
    endloop
  endfacet
  facet normal 0 1 -0
    outer loop
      vertex 30 25 0
      vertex 28.5 25 2
      vertex 30 25 2
    endloop
  endfacet
  facet normal 0 1 0
    outer loop
      vertex 28.5 25 2
      vertex 30 25 0
      vertex 28.5 25 0
    endloop
  endfacet
  facet normal 1 -0 0
    outer loop
      vertex 21.5 27 2
      vertex 21.5 28.5 0
      vertex 21.5 28.5 2
    endloop
  endfacet
  facet normal 1 0 0
    outer loop
      vertex 21.5 28.5 0
      vertex 21.5 27 2
      vertex 21.5 27 0
    endloop
  endfacet
  facet normal -1 0 0
    outer loop
      vertex 27 27 0
      vertex 27 28.5 2
      vertex 27 28.5 0
    endloop
  endfacet
  facet normal -1 -0 0
    outer loop
      vertex 27 28.5 2
      vertex 27 27 0
      vertex 27 27 2
    endloop
  endfacet
  facet normal 0 1 -0
    outer loop
      vertex 27 27 0
      vertex 21.5 27 2
      vertex 27 27 2
    endloop
  endfacet
  facet normal 0 1 0
    outer loop
      vertex 21.5 27 2
      vertex 27 27 0
      vertex 21.5 27 0
    endloop
  endfacet
  facet normal 0 -1 0
    outer loop
      vertex 21.5 28.5 0
      vertex 27 28.5 2
      vertex 21.5 28.5 2
    endloop
  endfacet
  facet normal 0 -1 -0
    outer loop
      vertex 27 28.5 2
      vertex 21.5 28.5 0
      vertex 27 28.5 0
    endloop
  endfacet
  facet normal 1 -0 0
    outer loop
      vertex 33.5 20 2
      vertex 33.5 25.5 0
      vertex 33.5 25.5 2
    endloop
  endfacet
  facet normal 1 0 0
    outer loop
      vertex 33.5 25.5 0
      vertex 33.5 20 2
      vertex 33.5 20 0
    endloop
  endfacet
  facet normal -1 0 0
    outer loop
      vertex 35 20 0
      vertex 35 25.5 2
      vertex 35 25.5 0
    endloop
  endfacet
  facet normal -1 -0 0
    outer loop
      vertex 35 25.5 2
      vertex 35 20 0
      vertex 35 20 2
    endloop
  endfacet
  facet normal 0 1 -0
    outer loop
      vertex 35 20 0
      vertex 33.5 20 2
      vertex 35 20 2
    endloop
  endfacet
  facet normal 0 1 0
    outer loop
      vertex 33.5 20 2
      vertex 35 20 0
      vertex 33.5 20 0
    endloop
  endfacet
  facet normal 0 -1 0
    outer loop
      vertex 33.5 25.5 0
      vertex 35 25.5 2
      vertex 33.5 25.5 2
    endloop
  endfacet
  facet normal 0 -1 -0
    outer loop
      vertex 35 25.5 2
      vertex 33.5 25.5 0
      vertex 35 25.5 0
    endloop
  endfacet
  facet normal 1 -0 0
    outer loop
      vertex 36.5 22 2
      vertex 36.5 23.5 0
      vertex 36.5 23.5 2
    endloop
  endfacet
  facet normal 1 0 0
    outer loop
      vertex 36.5 23.5 0
      vertex 36.5 22 2
      vertex 36.5 22 0
    endloop
  endfacet
  facet normal -1 0 0
    outer loop
      vertex 42 22 0
      vertex 42 23.5 2
      vertex 42 23.5 0
    endloop
  endfacet
  facet normal -1 -0 0
    outer loop
      vertex 42 23.5 2
      vertex 42 22 0
      vertex 42 22 2
    endloop
  endfacet
  facet normal 0 -1 0
    outer loop
      vertex 36.5 23.5 0
      vertex 42 23.5 2
      vertex 36.5 23.5 2
    endloop
  endfacet
  facet normal 0 -1 -0
    outer loop
      vertex 42 23.5 2
      vertex 36.5 23.5 0
      vertex 42 23.5 0
    endloop
  endfacet
  facet normal 0 1 -0
    outer loop
      vertex 42 22 0
      vertex 36.5 22 2
      vertex 42 22 2
    endloop
  endfacet
  facet normal 0 1 0
    outer loop
      vertex 36.5 22 2
      vertex 42 22 0
      vertex 36.5 22 0
    endloop
  endfacet
  facet normal 1 -0 0
    outer loop
      vertex 38.5 25 2
      vertex 38.5 30.5 0
      vertex 38.5 30.5 2
    endloop
  endfacet
  facet normal 1 0 0
    outer loop
      vertex 38.5 30.5 0
      vertex 38.5 25 2
      vertex 38.5 25 0
    endloop
  endfacet
  facet normal -1 0 0
    outer loop
      vertex 40 25 0
      vertex 40 30.5 2
      vertex 40 30.5 0
    endloop
  endfacet
  facet normal -1 -0 0
    outer loop
      vertex 40 30.5 2
      vertex 40 25 0
      vertex 40 25 2
    endloop
  endfacet
  facet normal 0 -1 0
    outer loop
      vertex 38.5 30.5 0
      vertex 40 30.5 2
      vertex 38.5 30.5 2
    endloop
  endfacet
  facet normal 0 -1 -0
    outer loop
      vertex 40 30.5 2
      vertex 38.5 30.5 0
      vertex 40 30.5 0
    endloop
  endfacet
  facet normal 0 1 -0
    outer loop
      vertex 40 25 0
      vertex 38.5 25 2
      vertex 40 25 2
    endloop
  endfacet
  facet normal 0 1 0
    outer loop
      vertex 38.5 25 2
      vertex 40 25 0
      vertex 38.5 25 0
    endloop
  endfacet
  facet normal 1 -0 0
    outer loop
      vertex 31.5 27 2
      vertex 31.5 28.5 0
      vertex 31.5 28.5 2
    endloop
  endfacet
  facet normal 1 0 0
    outer loop
      vertex 31.5 28.5 0
      vertex 31.5 27 2
      vertex 31.5 27 0
    endloop
  endfacet
  facet normal -1 0 0
    outer loop
      vertex 37 27 0
      vertex 37 28.5 2
      vertex 37 28.5 0
    endloop
  endfacet
  facet normal -1 -0 0
    outer loop
      vertex 37 28.5 2
      vertex 37 27 0
      vertex 37 27 2
    endloop
  endfacet
  facet normal 0 1 -0
    outer loop
      vertex 37 27 0
      vertex 31.5 27 2
      vertex 37 27 2
    endloop
  endfacet
  facet normal 0 1 0
    outer loop
      vertex 31.5 27 2
      vertex 37 27 0
      vertex 31.5 27 0
    endloop
  endfacet
  facet normal 0 -1 0
    outer loop
      vertex 31.5 28.5 0
      vertex 37 28.5 2
      vertex 31.5 28.5 2
    endloop
  endfacet
  facet normal 0 -1 -0
    outer loop
      vertex 37 28.5 2
      vertex 31.5 28.5 0
      vertex 37 28.5 0
    endloop
  endfacet
  facet normal 1 -0 0
    outer loop
      vertex 43.5 20 2
      vertex 43.5 25.5 0
      vertex 43.5 25.5 2
    endloop
  endfacet
  facet normal 1 0 0
    outer loop
      vertex 43.5 25.5 0
      vertex 43.5 20 2
      vertex 43.5 20 0
    endloop
  endfacet
  facet normal -1 0 0
    outer loop
      vertex 45 20 0
      vertex 45 25.5 2
      vertex 45 25.5 0
    endloop
  endfacet
  facet normal -1 -0 0
    outer loop
      vertex 45 25.5 2
      vertex 45 20 0
      vertex 45 20 2
    endloop
  endfacet
  facet normal 0 1 -0
    outer loop
      vertex 45 20 0
      vertex 43.5 20 2
      vertex 45 20 2
    endloop
  endfacet
  facet normal 0 1 0
    outer loop
      vertex 43.5 20 2
      vertex 45 20 0
      vertex 43.5 20 0
    endloop
  endfacet
  facet normal 0 -1 0
    outer loop
      vertex 43.5 25.5 0
      vertex 45 25.5 2
      vertex 43.5 25.5 2
    endloop
  endfacet
  facet normal 0 -1 -0
    outer loop
      vertex 45 25.5 2
      vertex 43.5 25.5 0
      vertex 45 25.5 0
    endloop
  endfacet
  facet normal 1 -0 0
    outer loop
      vertex 46.5 22 2
      vertex 46.5 23.5 0
      vertex 46.5 23.5 2
    endloop
  endfacet
  facet normal 1 0 0
    outer loop
      vertex 46.5 23.5 0
      vertex 46.5 22 2
      vertex 46.5 22 0
    endloop
  endfacet
  facet normal -1 0 0
    outer loop
      vertex 52 22 0
      vertex 52 23.5 2
      vertex 52 23.5 0
    endloop
  endfacet
  facet normal -1 -0 0
    outer loop
      vertex 52 23.5 2
      vertex 52 22 0
      vertex 52 22 2
    endloop
  endfacet
  facet normal 0 -1 0
    outer loop
      vertex 46.5 23.5 0
      vertex 52 23.5 2
      vertex 46.5 23.5 2
    endloop
  endfacet
  facet normal 0 -1 -0
    outer loop
      vertex 52 23.5 2
      vertex 46.5 23.5 0
      vertex 52 23.5 0
    endloop
  endfacet
  facet normal 0 1 -0
    outer loop
      vertex 52 22 0
      vertex 46.5 22 2
      vertex 52 22 2
    endloop
  endfacet
  facet normal 0 1 0
    outer loop
      vertex 46.5 22 2
      vertex 52 22 0
      vertex 46.5 22 0
    endloop
  endfacet
  facet normal 1 -0 0
    outer loop
      vertex 48.5 25 2
      vertex 48.5 30.5 0
      vertex 48.5 30.5 2
    endloop
  endfacet
  facet normal 1 0 0
    outer loop
      vertex 48.5 30.5 0
      vertex 48.5 25 2
      vertex 48.5 25 0
    endloop
  endfacet
  facet normal -1 0 0
    outer loop
      vertex 50 25 0
      vertex 50 30.5 2
      vertex 50 30.5 0
    endloop
  endfacet
  facet normal -1 -0 0
    outer loop
      vertex 50 30.5 2
      vertex 50 25 0
      vertex 50 25 2
    endloop
  endfacet
  facet normal 0 1 -0
    outer loop
      vertex 50 25 0
      vertex 48.5 25 2
      vertex 50 25 2
    endloop
  endfacet
  facet normal 0 1 0
    outer loop
      vertex 48.5 25 2
      vertex 50 25 0
      vertex 48.5 25 0
    endloop
  endfacet
  facet normal 0 -1 0
    outer loop
      vertex 48.5 30.5 0
      vertex 50 30.5 2
      vertex 48.5 30.5 2
    endloop
  endfacet
  facet normal 0 -1 -0
    outer loop
      vertex 50 30.5 2
      vertex 48.5 30.5 0
      vertex 50 30.5 0
    endloop
  endfacet
  facet normal 1 -0 0
    outer loop
      vertex 41.5 27 2
      vertex 41.5 28.5 0
      vertex 41.5 28.5 2
    endloop
  endfacet
  facet normal 1 0 0
    outer loop
      vertex 41.5 28.5 0
      vertex 41.5 27 2
      vertex 41.5 27 0
    endloop
  endfacet
  facet normal -1 0 0
    outer loop
      vertex 47 27 0
      vertex 47 28.5 2
      vertex 47 28.5 0
    endloop
  endfacet
  facet normal -1 -0 0
    outer loop
      vertex 47 28.5 2
      vertex 47 27 0
      vertex 47 27 2
    endloop
  endfacet
  facet normal 0 1 -0
    outer loop
      vertex 47 27 0
      vertex 41.5 27 2
      vertex 47 27 2
    endloop
  endfacet
  facet normal 0 1 0
    outer loop
      vertex 41.5 27 2
      vertex 47 27 0
      vertex 41.5 27 0
    endloop
  endfacet
  facet normal 0 -1 0
    outer loop
      vertex 41.5 28.5 0
      vertex 47 28.5 2
      vertex 41.5 28.5 2
    endloop
  endfacet
  facet normal 0 -1 -0
    outer loop
      vertex 47 28.5 2
      vertex 41.5 28.5 0
      vertex 47 28.5 0
    endloop
  endfacet
  facet normal 1 -0 0
    outer loop
      vertex 13.5 10 2
      vertex 13.5 15.5 0
      vertex 13.5 15.5 2
    endloop
  endfacet
  facet normal 1 0 0
    outer loop
      vertex 13.5 15.5 0
      vertex 13.5 10 2
      vertex 13.5 10 0
    endloop
  endfacet
  facet normal -1 0 0
    outer loop
      vertex 15 10 0
      vertex 15 15.5 2
      vertex 15 15.5 0
    endloop
  endfacet
  facet normal -1 -0 0
    outer loop
      vertex 15 15.5 2
      vertex 15 10 0
      vertex 15 10 2
    endloop
  endfacet
  facet normal 0 1 -0
    outer loop
      vertex 15 10 0
      vertex 13.5 10 2
      vertex 15 10 2
    endloop
  endfacet
  facet normal 0 1 0
    outer loop
      vertex 13.5 10 2
      vertex 15 10 0
      vertex 13.5 10 0
    endloop
  endfacet
  facet normal 0 -1 0
    outer loop
      vertex 13.5 15.5 0
      vertex 15 15.5 2
      vertex 13.5 15.5 2
    endloop
  endfacet
  facet normal 0 -1 -0
    outer loop
      vertex 15 15.5 2
      vertex 13.5 15.5 0
      vertex 15 15.5 0
    endloop
  endfacet
  facet normal 1 -0 0
    outer loop
      vertex 16.5 12 2
      vertex 16.5 13.5 0
      vertex 16.5 13.5 2
    endloop
  endfacet
  facet normal 1 0 0
    outer loop
      vertex 16.5 13.5 0
      vertex 16.5 12 2
      vertex 16.5 12 0
    endloop
  endfacet
  facet normal -1 0 0
    outer loop
      vertex 22 12 0
      vertex 22 13.5 2
      vertex 22 13.5 0
    endloop
  endfacet
  facet normal -1 -0 0
    outer loop
      vertex 22 13.5 2
      vertex 22 12 0
      vertex 22 12 2
    endloop
  endfacet
  facet normal 0 -1 0
    outer loop
      vertex 16.5 13.5 0
      vertex 22 13.5 2
      vertex 16.5 13.5 2
    endloop
  endfacet
  facet normal 0 -1 -0
    outer loop
      vertex 22 13.5 2
      vertex 16.5 13.5 0
      vertex 22 13.5 0
    endloop
  endfacet
  facet normal 0 1 -0
    outer loop
      vertex 22 12 0
      vertex 16.5 12 2
      vertex 22 12 2
    endloop
  endfacet
  facet normal 0 1 0
    outer loop
      vertex 16.5 12 2
      vertex 22 12 0
      vertex 16.5 12 0
    endloop
  endfacet
  facet normal 1 -0 0
    outer loop
      vertex 18.5 15 2
      vertex 18.5 20.5 0
      vertex 18.5 20.5 2
    endloop
  endfacet
  facet normal 1 0 0
    outer loop
      vertex 18.5 20.5 0
      vertex 18.5 15 2
      vertex 18.5 15 0
    endloop
  endfacet
  facet normal -1 0 0
    outer loop
      vertex 20 15 0
      vertex 20 20.5 2
      vertex 20 20.5 0
    endloop
  endfacet
  facet normal -1 -0 0
    outer loop
      vertex 20 20.5 2
      vertex 20 15 0
      vertex 20 15 2
    endloop
  endfacet
  facet normal 0 -1 0
    outer loop
      vertex 18.5 20.5 0
      vertex 20 20.5 2
      vertex 18.5 20.5 2
    endloop
  endfacet
  facet normal 0 -1 -0
    outer loop
      vertex 20 20.5 2
      vertex 18.5 20.5 0
      vertex 20 20.5 0
    endloop
  endfacet
  facet normal 0 1 -0
    outer loop
      vertex 20 15 0
      vertex 18.5 15 2
      vertex 20 15 2
    endloop
  endfacet
  facet normal 0 1 0
    outer loop
      vertex 18.5 15 2
      vertex 20 15 0
      vertex 18.5 15 0
    endloop
  endfacet
  facet normal 1 -0 0
    outer loop
      vertex 11.5 17 2
      vertex 11.5 18.5 0
      vertex 11.5 18.5 2
    endloop
  endfacet
  facet normal 1 0 0
    outer loop
      vertex 11.5 18.5 0
      vertex 11.5 17 2
      vertex 11.5 17 0
    endloop
  endfacet
  facet normal -1 0 0
    outer loop
      vertex 17 17 0
      vertex 17 18.5 2
      vertex 17 18.5 0
    endloop
  endfacet
  facet normal -1 -0 0
    outer loop
      vertex 17 18.5 2
      vertex 17 17 0
      vertex 17 17 2
    endloop
  endfacet
  facet normal 0 -1 0
    outer loop
      vertex 11.5 18.5 0
      vertex 17 18.5 2
      vertex 11.5 18.5 2
    endloop
  endfacet
  facet normal 0 -1 -0
    outer loop
      vertex 17 18.5 2
      vertex 11.5 18.5 0
      vertex 17 18.5 0
    endloop
  endfacet
  facet normal 0 1 -0
    outer loop
      vertex 17 17 0
      vertex 11.5 17 2
      vertex 17 17 2
    endloop
  endfacet
  facet normal 0 1 0
    outer loop
      vertex 11.5 17 2
      vertex 17 17 0
      vertex 11.5 17 0
    endloop
  endfacet
  facet normal 1 -0 0
    outer loop
      vertex 23.5 10 2
      vertex 23.5 15.5 0
      vertex 23.5 15.5 2
    endloop
  endfacet
  facet normal 1 0 0
    outer loop
      vertex 23.5 15.5 0
      vertex 23.5 10 2
      vertex 23.5 10 0
    endloop
  endfacet
  facet normal -1 0 0
    outer loop
      vertex 25 10 0
      vertex 25 15.5 2
      vertex 25 15.5 0
    endloop
  endfacet
  facet normal -1 -0 0
    outer loop
      vertex 25 15.5 2
      vertex 25 10 0
      vertex 25 10 2
    endloop
  endfacet
  facet normal 0 1 -0
    outer loop
      vertex 25 10 0
      vertex 23.5 10 2
      vertex 25 10 2
    endloop
  endfacet
  facet normal 0 1 0
    outer loop
      vertex 23.5 10 2
      vertex 25 10 0
      vertex 23.5 10 0
    endloop
  endfacet
  facet normal 0 -1 0
    outer loop
      vertex 23.5 15.5 0
      vertex 25 15.5 2
      vertex 23.5 15.5 2
    endloop
  endfacet
  facet normal 0 -1 -0
    outer loop
      vertex 25 15.5 2
      vertex 23.5 15.5 0
      vertex 25 15.5 0
    endloop
  endfacet
  facet normal 1 -0 0
    outer loop
      vertex 26.5 12 2
      vertex 26.5 13.5 0
      vertex 26.5 13.5 2
    endloop
  endfacet
  facet normal 1 0 0
    outer loop
      vertex 26.5 13.5 0
      vertex 26.5 12 2
      vertex 26.5 12 0
    endloop
  endfacet
  facet normal -1 0 0
    outer loop
      vertex 32 12 0
      vertex 32 13.5 2
      vertex 32 13.5 0
    endloop
  endfacet
  facet normal -1 -0 0
    outer loop
      vertex 32 13.5 2
      vertex 32 12 0
      vertex 32 12 2
    endloop
  endfacet
  facet normal 0 -1 0
    outer loop
      vertex 26.5 13.5 0
      vertex 32 13.5 2
      vertex 26.5 13.5 2
    endloop
  endfacet
  facet normal 0 -1 -0
    outer loop
      vertex 32 13.5 2
      vertex 26.5 13.5 0
      vertex 32 13.5 0
    endloop
  endfacet
  facet normal 0 1 -0
    outer loop
      vertex 32 12 0
      vertex 26.5 12 2
      vertex 32 12 2
    endloop
  endfacet
  facet normal 0 1 0
    outer loop
      vertex 26.5 12 2
      vertex 32 12 0
      vertex 26.5 12 0
    endloop
  endfacet
  facet normal 1 -0 0
    outer loop
      vertex 28.5 15 2
      vertex 28.5 20.5 0
      vertex 28.5 20.5 2
    endloop
  endfacet
  facet normal 1 0 0
    outer loop
      vertex 28.5 20.5 0
      vertex 28.5 15 2
      vertex 28.5 15 0
    endloop
  endfacet
  facet normal -1 0 0
    outer loop
      vertex 30 15 0
      vertex 30 20.5 2
      vertex 30 20.5 0
    endloop
  endfacet
  facet normal -1 -0 0
    outer loop
      vertex 30 20.5 2
      vertex 30 15 0
      vertex 30 15 2
    endloop
  endfacet
  facet normal 0 -1 0
    outer loop
      vertex 28.5 20.5 0
      vertex 30 20.5 2
      vertex 28.5 20.5 2
    endloop
  endfacet
  facet normal 0 -1 -0
    outer loop
      vertex 30 20.5 2
      vertex 28.5 20.5 0
      vertex 30 20.5 0
    endloop
  endfacet
  facet normal 0 1 -0
    outer loop
      vertex 30 15 0
      vertex 28.5 15 2
      vertex 30 15 2
    endloop
  endfacet
  facet normal 0 1 0
    outer loop
      vertex 28.5 15 2
      vertex 30 15 0
      vertex 28.5 15 0
    endloop
  endfacet
  facet normal 1 -0 0
    outer loop
      vertex 21.5 17 2
      vertex 21.5 18.5 0
      vertex 21.5 18.5 2
    endloop
  endfacet
  facet normal 1 0 0
    outer loop
      vertex 21.5 18.5 0
      vertex 21.5 17 2
      vertex 21.5 17 0
    endloop
  endfacet
  facet normal -1 0 0
    outer loop
      vertex 27 17 0
      vertex 27 18.5 2
      vertex 27 18.5 0
    endloop
  endfacet
  facet normal -1 -0 0
    outer loop
      vertex 27 18.5 2
      vertex 27 17 0
      vertex 27 17 2
    endloop
  endfacet
  facet normal 0 1 -0
    outer loop
      vertex 27 17 0
      vertex 21.5 17 2
      vertex 27 17 2
    endloop
  endfacet
  facet normal 0 1 0
    outer loop
      vertex 21.5 17 2
      vertex 27 17 0
      vertex 21.5 17 0
    endloop
  endfacet
  facet normal 0 -1 0
    outer loop
      vertex 21.5 18.5 0
      vertex 27 18.5 2
      vertex 21.5 18.5 2
    endloop
  endfacet
  facet normal 0 -1 -0
    outer loop
      vertex 27 18.5 2
      vertex 21.5 18.5 0
      vertex 27 18.5 0
    endloop
  endfacet
  facet normal 1 -0 0
    outer loop
      vertex 33.5 10 2
      vertex 33.5 15.5 0
      vertex 33.5 15.5 2
    endloop
  endfacet
  facet normal 1 0 0
    outer loop
      vertex 33.5 15.5 0
      vertex 33.5 10 2
      vertex 33.5 10 0
    endloop
  endfacet
  facet normal -1 0 0
    outer loop
      vertex 35 10 0
      vertex 35 15.5 2
      vertex 35 15.5 0
    endloop
  endfacet
  facet normal -1 -0 0
    outer loop
      vertex 35 15.5 2
      vertex 35 10 0
      vertex 35 10 2
    endloop
  endfacet
  facet normal 0 1 -0
    outer loop
      vertex 35 10 0
      vertex 33.5 10 2
      vertex 35 10 2
    endloop
  endfacet
  facet normal 0 1 0
    outer loop
      vertex 33.5 10 2
      vertex 35 10 0
      vertex 33.5 10 0
    endloop
  endfacet
  facet normal 0 -1 0
    outer loop
      vertex 33.5 15.5 0
      vertex 35 15.5 2
      vertex 33.5 15.5 2
    endloop
  endfacet
  facet normal 0 -1 -0
    outer loop
      vertex 35 15.5 2
      vertex 33.5 15.5 0
      vertex 35 15.5 0
    endloop
  endfacet
  facet normal 1 -0 0
    outer loop
      vertex 36.5 12 2
      vertex 36.5 13.5 0
      vertex 36.5 13.5 2
    endloop
  endfacet
  facet normal 1 0 0
    outer loop
      vertex 36.5 13.5 0
      vertex 36.5 12 2
      vertex 36.5 12 0
    endloop
  endfacet
  facet normal -1 0 0
    outer loop
      vertex 42 12 0
      vertex 42 13.5 2
      vertex 42 13.5 0
    endloop
  endfacet
  facet normal -1 -0 0
    outer loop
      vertex 42 13.5 2
      vertex 42 12 0
      vertex 42 12 2
    endloop
  endfacet
  facet normal 0 -1 0
    outer loop
      vertex 36.5 13.5 0
      vertex 42 13.5 2
      vertex 36.5 13.5 2
    endloop
  endfacet
  facet normal 0 -1 -0
    outer loop
      vertex 42 13.5 2
      vertex 36.5 13.5 0
      vertex 42 13.5 0
    endloop
  endfacet
  facet normal 0 1 -0
    outer loop
      vertex 42 12 0
      vertex 36.5 12 2
      vertex 42 12 2
    endloop
  endfacet
  facet normal 0 1 0
    outer loop
      vertex 36.5 12 2
      vertex 42 12 0
      vertex 36.5 12 0
    endloop
  endfacet
  facet normal 1 -0 0
    outer loop
      vertex 38.5 15 2
      vertex 38.5 20.5 0
      vertex 38.5 20.5 2
    endloop
  endfacet
  facet normal 1 0 0
    outer loop
      vertex 38.5 20.5 0
      vertex 38.5 15 2
      vertex 38.5 15 0
    endloop
  endfacet
  facet normal -1 0 0
    outer loop
      vertex 40 15 0
      vertex 40 20.5 2
      vertex 40 20.5 0
    endloop
  endfacet
  facet normal -1 -0 0
    outer loop
      vertex 40 20.5 2
      vertex 40 15 0
      vertex 40 15 2
    endloop
  endfacet
  facet normal 0 -1 0
    outer loop
      vertex 38.5 20.5 0
      vertex 40 20.5 2
      vertex 38.5 20.5 2
    endloop
  endfacet
  facet normal 0 -1 -0
    outer loop
      vertex 40 20.5 2
      vertex 38.5 20.5 0
      vertex 40 20.5 0
    endloop
  endfacet
  facet normal 0 1 -0
    outer loop
      vertex 40 15 0
      vertex 38.5 15 2
      vertex 40 15 2
    endloop
  endfacet
  facet normal 0 1 0
    outer loop
      vertex 38.5 15 2
      vertex 40 15 0
      vertex 38.5 15 0
    endloop
  endfacet
  facet normal 1 -0 0
    outer loop
      vertex 31.5 17 2
      vertex 31.5 18.5 0
      vertex 31.5 18.5 2
    endloop
  endfacet
  facet normal 1 0 0
    outer loop
      vertex 31.5 18.5 0
      vertex 31.5 17 2
      vertex 31.5 17 0
    endloop
  endfacet
  facet normal -1 0 0
    outer loop
      vertex 37 17 0
      vertex 37 18.5 2
      vertex 37 18.5 0
    endloop
  endfacet
  facet normal -1 -0 0
    outer loop
      vertex 37 18.5 2
      vertex 37 17 0
      vertex 37 17 2
    endloop
  endfacet
  facet normal 0 -1 0
    outer loop
      vertex 31.5 18.5 0
      vertex 37 18.5 2
      vertex 31.5 18.5 2
    endloop
  endfacet
  facet normal 0 -1 -0
    outer loop
      vertex 37 18.5 2
      vertex 31.5 18.5 0
      vertex 37 18.5 0
    endloop
  endfacet
  facet normal 0 1 -0
    outer loop
      vertex 37 17 0
      vertex 31.5 17 2
      vertex 37 17 2
    endloop
  endfacet
  facet normal 0 1 0
    outer loop
      vertex 31.5 17 2
      vertex 37 17 0
      vertex 31.5 17 0
    endloop
  endfacet
  facet normal -0.996917 -0.0784591 0
    outer loop
      vertex 6.5 35.5 0
      vertex 6.19221 39.4109 2
      vertex 6.19221 39.4109 0
    endloop
  endfacet
  facet normal -0.996917 -0.0784591 0
    outer loop
      vertex 6.19221 39.4109 2
      vertex 6.5 35.5 0
      vertex 6.5 35.5 2
    endloop
  endfacet
  facet normal -0.923879 -0.382684 0
    outer loop
      vertex 5.27641 43.2254 0
      vertex 4.48213 45.143 2
      vertex 4.48213 45.143 0
    endloop
  endfacet
  facet normal -0.923879 -0.382684 0
    outer loop
      vertex 4.48213 45.143 2
      vertex 5.27641 43.2254 0
      vertex 5.27641 43.2254 2
    endloop
  endfacet
  facet normal -0.97237 -0.233445 0
    outer loop
      vertex 6.19221 39.4109 0
      vertex 5.27641 43.2254 2
      vertex 5.27641 43.2254 0
    endloop
  endfacet
  facet normal -0.97237 -0.233445 0
    outer loop
      vertex 5.27641 43.2254 2
      vertex 6.19221 39.4109 0
      vertex 6.19221 39.4109 2
    endloop
  endfacet
  facet normal -0.97237 0.233445 0
    outer loop
      vertex 5.27641 27.7746 0
      vertex 6.19221 31.5891 2
      vertex 6.19221 31.5891 0
    endloop
  endfacet
  facet normal -0.97237 0.233445 0
    outer loop
      vertex 6.19221 31.5891 2
      vertex 5.27641 27.7746 0
      vertex 5.27641 27.7746 2
    endloop
  endfacet
  facet normal -0.996917 0.0784591 0
    outer loop
      vertex 6.19221 31.5891 0
      vertex 6.5 35.5 2
      vertex 6.5 35.5 0
    endloop
  endfacet
  facet normal -0.996917 0.0784591 0
    outer loop
      vertex 6.5 35.5 2
      vertex 6.19221 31.5891 0
      vertex 6.19221 31.5891 2
    endloop
  endfacet
  facet normal -0.92388 0.382683 0
    outer loop
      vertex 5.27641 27.7746 0
      vertex 4.58141 26.0967 2
      vertex 5.27641 27.7746 2
    endloop
  endfacet
  facet normal -0.923879 0.382684 3.0689e-007
    outer loop
      vertex 5.27641 27.7746 0
      vertex 4.54434 26.0072 1.93376
      vertex 4.58141 26.0967 2
    endloop
  endfacet
  facet normal -0.92388 0.382683 -4.18642e-008
    outer loop
      vertex 4.06393 24.8474 0
      vertex 4.54434 26.0072 1.93376
      vertex 5.27641 27.7746 0
    endloop
  endfacet
  facet normal -0.923879 0.382684 -4.14172e-007
    outer loop
      vertex 4.54434 26.0072 1.93376
      vertex 4.06393 24.8474 0
      vertex 4.27912 25.3669 1.8366
    endloop
  endfacet
  facet normal -0.923881 0.38268 9.16352e-007
    outer loop
      vertex 4.27912 25.3669 1.8366
      vertex 4.06393 24.8474 0
      vertex 4.25026 25.2972 1.82604
    endloop
  endfacet
  facet normal -0.923882 0.382678 1.44403e-006
    outer loop
      vertex 4.25026 25.2972 1.82604
      vertex 4.06393 24.8474 0
      vertex 4.22228 25.2297 1.85654
    endloop
  endfacet
  facet normal -0.923879 0.382684 0
    outer loop
      vertex 4.06393 24.8474 2
      vertex 4.22228 25.2297 1.85654
      vertex 4.06393 24.8474 0
    endloop
  endfacet
  facet normal -0.923881 0.382679 -1.6194e-005
    outer loop
      vertex 4.22228 25.2297 1.85654
      vertex 4.06393 24.8474 2
      vertex 4.09065 24.9119 2
    endloop
  endfacet
  facet normal 0.0784591 -0.996917 0
    outer loop
      vertex 13.105 6.01382 0
      vertex 14.2 6.1 2
      vertex 13.105 6.01382 2
    endloop
  endfacet
  facet normal 0.0784591 -0.996917 0
    outer loop
      vertex 14.2 6.1 2
      vertex 13.105 6.01382 0
      vertex 14.2 6.1 0
    endloop
  endfacet
  facet normal -0.649448 -0.760406 0
    outer loop
      vertex 18.3145 4.76312 0
      vertex 19.1497 4.04975 2
      vertex 18.3145 4.76312 2
    endloop
  endfacet
  facet normal -0.649448 -0.760406 -0
    outer loop
      vertex 19.1497 4.04975 2
      vertex 18.3145 4.76312 0
      vertex 19.1497 4.04975 0
    endloop
  endfacet
  facet normal -0.233446 -0.97237 0
    outer loop
      vertex 15.295 6.01382 0
      vertex 16.3631 5.75739 2
      vertex 15.295 6.01382 2
    endloop
  endfacet
  facet normal -0.233446 -0.97237 -0
    outer loop
      vertex 16.3631 5.75739 2
      vertex 15.295 6.01382 0
      vertex 16.3631 5.75739 0
    endloop
  endfacet
  facet normal -0.0784591 -0.996917 0
    outer loop
      vertex 14.2 6.1 0
      vertex 15.295 6.01382 2
      vertex 14.2 6.1 2
    endloop
  endfacet
  facet normal -0.0784591 -0.996917 -0
    outer loop
      vertex 15.295 6.01382 2
      vertex 14.2 6.1 0
      vertex 15.295 6.01382 0
    endloop
  endfacet
  facet normal -0.382683 -0.92388 0
    outer loop
      vertex 16.3631 5.75739 0
      vertex 17.3779 5.33704 2
      vertex 16.3631 5.75739 2
    endloop
  endfacet
  facet normal -0.382683 -0.92388 -0
    outer loop
      vertex 17.3779 5.33704 2
      vertex 16.3631 5.75739 0
      vertex 17.3779 5.33704 0
    endloop
  endfacet
  facet normal 0.233445 -0.97237 0
    outer loop
      vertex 12.0369 5.75739 0
      vertex 13.105 6.01382 2
      vertex 12.0369 5.75739 2
    endloop
  endfacet
  facet normal 0.233445 -0.97237 0
    outer loop
      vertex 13.105 6.01382 2
      vertex 12.0369 5.75739 0
      vertex 13.105 6.01382 0
    endloop
  endfacet
  facet normal -0.760406 -0.649448 0
    outer loop
      vertex 19.8631 3.2145 0
      vertex 19.1497 4.04975 2
      vertex 19.1497 4.04975 0
    endloop
  endfacet
  facet normal -0.760406 -0.649448 0
    outer loop
      vertex 19.1497 4.04975 2
      vertex 19.8631 3.2145 0
      vertex 19.8631 3.2145 2
    endloop
  endfacet
  facet normal -0.85264 -0.522499 0
    outer loop
      vertex 20.0318 2.93922 0
      vertex 19.8631 3.2145 2
      vertex 19.8631 3.2145 0
    endloop
  endfacet
  facet normal -0.85264 -0.522499 0
    outer loop
      vertex 19.8631 3.2145 2
      vertex 20.0318 2.93922 0
      vertex 20.0318 2.93922 2
    endloop
  endfacet
  facet normal -0.522499 -0.85264 0
    outer loop
      vertex 17.3779 5.33704 0
      vertex 18.3145 4.76312 2
      vertex 17.3779 5.33704 2
    endloop
  endfacet
  facet normal -0.522499 -0.85264 -0
    outer loop
      vertex 18.3145 4.76312 2
      vertex 17.3779 5.33704 0
      vertex 18.3145 4.76312 0
    endloop
  endfacet
  facet normal 0.382684 -0.923879 0
    outer loop
      vertex 11.2211 5.41949 0
      vertex 11.6587 5.60076 2
      vertex 11.2211 5.41949 2
    endloop
  endfacet
  facet normal 0.382684 -0.923879 0
    outer loop
      vertex 11.6587 5.60076 2
      vertex 11.2211 5.41949 0
      vertex 11.6587 5.60076 0
    endloop
  endfacet
  facet normal 0.382684 -0.923879 0
    outer loop
      vertex 11.7902 5.65521 0
      vertex 12.0369 5.75739 2
      vertex 11.7902 5.65521 2
    endloop
  endfacet
  facet normal 0.382684 -0.923879 0
    outer loop
      vertex 12.0369 5.75739 2
      vertex 11.7902 5.65521 0
      vertex 12.0369 5.75739 0
    endloop
  endfacet
  facet normal -0.0784599 -0.996917 0
    outer loop
      vertex 29.95 6 0
      vertex 30.873 5.92736 2
      vertex 29.95 6 2
    endloop
  endfacet
  facet normal -0.0784599 -0.996917 -0
    outer loop
      vertex 30.873 5.92736 2
      vertex 29.95 6 0
      vertex 30.873 5.92736 0
    endloop
  endfacet
  facet normal -0.760407 -0.649447 0
    outer loop
      vertex 34.7232 3.56793 0
      vertex 34.1219 4.27193 2
      vertex 34.1219 4.27193 0
    endloop
  endfacet
  facet normal -0.760407 -0.649447 0
    outer loop
      vertex 34.1219 4.27193 2
      vertex 34.7232 3.56793 0
      vertex 34.7232 3.56793 2
    endloop
  endfacet
  facet normal 0.649447 -0.760407 0
    outer loop
      vertex 25.7781 4.27193 0
      vertex 26.4821 4.8732 2
      vertex 25.7781 4.27193 2
    endloop
  endfacet
  facet normal 0.649447 -0.760407 0
    outer loop
      vertex 26.4821 4.8732 2
      vertex 25.7781 4.27193 0
      vertex 26.4821 4.8732 0
    endloop
  endfacet
  facet normal 0.382683 -0.92388 0
    outer loop
      vertex 27.2715 5.35694 0
      vertex 28.1268 5.71123 2
      vertex 27.2715 5.35694 2
    endloop
  endfacet
  facet normal 0.382683 -0.92388 0
    outer loop
      vertex 28.1268 5.71123 2
      vertex 27.2715 5.35694 0
      vertex 28.1268 5.71123 0
    endloop
  endfacet
  facet normal -0.852632 -0.522512 0
    outer loop
      vertex 34.8227 3.40551 0
      vertex 34.7232 3.56793 2
      vertex 34.7232 3.56793 0
    endloop
  endfacet
  facet normal -0.852632 -0.522512 0
    outer loop
      vertex 34.7232 3.56793 2
      vertex 34.8227 3.40551 0
      vertex 34.8227 3.40551 2
    endloop
  endfacet
  facet normal -0.5225 -0.852639 0
    outer loop
      vertex 32.6285 5.35694 0
      vertex 33.4179 4.8732 2
      vertex 32.6285 5.35694 2
    endloop
  endfacet
  facet normal -0.5225 -0.852639 -0
    outer loop
      vertex 33.4179 4.8732 2
      vertex 32.6285 5.35694 0
      vertex 33.4179 4.8732 0
    endloop
  endfacet
  facet normal -0.382684 -0.923879 0
    outer loop
      vertex 31.7732 5.71123 0
      vertex 32.6285 5.35694 2
      vertex 31.7732 5.71123 2
    endloop
  endfacet
  facet normal -0.382684 -0.923879 -0
    outer loop
      vertex 32.6285 5.35694 2
      vertex 31.7732 5.71123 0
      vertex 32.6285 5.35694 0
    endloop
  endfacet
  facet normal -0.649447 -0.760407 0
    outer loop
      vertex 33.4179 4.8732 0
      vertex 34.1219 4.27193 2
      vertex 33.4179 4.8732 2
    endloop
  endfacet
  facet normal -0.649447 -0.760407 -0
    outer loop
      vertex 34.1219 4.27193 2
      vertex 33.4179 4.8732 0
      vertex 34.1219 4.27193 0
    endloop
  endfacet
  facet normal 0.85264 -0.522499 0
    outer loop
      vertex 24.6931 2.77854 2
      vertex 25.1768 3.56793 0
      vertex 25.1768 3.56793 2
    endloop
  endfacet
  facet normal 0.85264 -0.522499 0
    outer loop
      vertex 25.1768 3.56793 0
      vertex 24.6931 2.77854 2
      vertex 24.6931 2.77854 0
    endloop
  endfacet
  facet normal 0.760407 -0.649447 0
    outer loop
      vertex 25.1768 3.56793 2
      vertex 25.7781 4.27193 0
      vertex 25.7781 4.27193 2
    endloop
  endfacet
  facet normal 0.760407 -0.649447 0
    outer loop
      vertex 25.7781 4.27193 0
      vertex 25.1768 3.56793 2
      vertex 25.1768 3.56793 0
    endloop
  endfacet
  facet normal 0.923868 -0.38271 0
    outer loop
      vertex 24.6814 2.75034 2
      vertex 24.6931 2.77854 0
      vertex 24.6931 2.77854 2
    endloop
  endfacet
  facet normal 0.923868 -0.38271 0
    outer loop
      vertex 24.6931 2.77854 0
      vertex 24.6814 2.75034 2
      vertex 24.6814 2.75034 0
    endloop
  endfacet
  facet normal 0.522499 -0.85264 0
    outer loop
      vertex 26.4821 4.8732 0
      vertex 27.2715 5.35694 2
      vertex 26.4821 4.8732 2
    endloop
  endfacet
  facet normal 0.522499 -0.85264 0
    outer loop
      vertex 27.2715 5.35694 2
      vertex 26.4821 4.8732 0
      vertex 27.2715 5.35694 0
    endloop
  endfacet
  facet normal 0.233446 -0.97237 0
    outer loop
      vertex 28.1268 5.71123 0
      vertex 29.027 5.92736 2
      vertex 28.1268 5.71123 2
    endloop
  endfacet
  facet normal 0.233446 -0.97237 0
    outer loop
      vertex 29.027 5.92736 2
      vertex 28.1268 5.71123 0
      vertex 29.027 5.92736 0
    endloop
  endfacet
  facet normal -0.233445 -0.97237 0
    outer loop
      vertex 30.873 5.92736 0
      vertex 31.7732 5.71123 2
      vertex 30.873 5.92736 2
    endloop
  endfacet
  facet normal -0.233445 -0.97237 -0
    outer loop
      vertex 31.7732 5.71123 2
      vertex 30.873 5.92736 0
      vertex 31.7732 5.71123 0
    endloop
  endfacet
  facet normal 0.0784596 -0.996917 0
    outer loop
      vertex 29.027 5.92736 0
      vertex 29.95 6 2
      vertex 29.027 5.92736 2
    endloop
  endfacet
  facet normal 0.0784596 -0.996917 0
    outer loop
      vertex 29.95 6 2
      vertex 29.027 5.92736 0
      vertex 29.95 6 0
    endloop
  endfacet
  facet normal 0.996917 -0.0784617 0
    outer loop
      vertex 38.9324 4.81174 2
      vertex 38.9751 5.35425 0
      vertex 38.9751 5.35425 2
    endloop
  endfacet
  facet normal 0.996917 -0.0784617 0
    outer loop
      vertex 38.9751 5.35425 0
      vertex 38.9324 4.81174 2
      vertex 38.9324 4.81174 0
    endloop
  endfacet
  facet normal -0.0784598 -0.996917 0
    outer loop
      vertex 45 10.5 0
      vertex 45.9543 10.4249 2
      vertex 45 10.5 2
    endloop
  endfacet
  facet normal -0.0784598 -0.996917 -0
    outer loop
      vertex 45.9543 10.4249 2
      vertex 45 10.5 0
      vertex 45.9543 10.4249 0
    endloop
  endfacet
  facet normal 0.649449 -0.760405 0
    outer loop
      vertex 40.6866 8.71335 0
      vertex 41.4145 9.335 2
      vertex 40.6866 8.71335 2
    endloop
  endfacet
  facet normal 0.649449 -0.760405 0
    outer loop
      vertex 41.4145 9.335 2
      vertex 40.6866 8.71335 0
      vertex 41.4145 9.335 0
    endloop
  endfacet
  facet normal 0.233445 -0.97237 0
    outer loop
      vertex 43.115 10.2014 0
      vertex 44.0457 10.4249 2
      vertex 43.115 10.2014 2
    endloop
  endfacet
  facet normal 0.233445 -0.97237 0
    outer loop
      vertex 44.0457 10.4249 2
      vertex 43.115 10.2014 0
      vertex 44.0457 10.4249 0
    endloop
  endfacet
  facet normal -0.382684 -0.923879 0
    outer loop
      vertex 46.885 10.2014 0
      vertex 47.7693 9.83514 2
      vertex 46.885 10.2014 2
    endloop
  endfacet
  facet normal -0.382684 -0.923879 -0
    outer loop
      vertex 47.7693 9.83514 2
      vertex 46.885 10.2014 0
      vertex 47.7693 9.83514 0
    endloop
  endfacet
  facet normal -0.233445 -0.97237 0
    outer loop
      vertex 45.9543 10.4249 0
      vertex 46.885 10.2014 2
      vertex 45.9543 10.4249 2
    endloop
  endfacet
  facet normal -0.233445 -0.97237 -0
    outer loop
      vertex 46.885 10.2014 2
      vertex 45.9543 10.4249 0
      vertex 46.885 10.2014 0
    endloop
  endfacet
  facet normal -0.522499 -0.85264 0
    outer loop
      vertex 47.7693 9.83514 0
      vertex 48.5855 9.335 2
      vertex 47.7693 9.83514 2
    endloop
  endfacet
  facet normal -0.522499 -0.85264 -0
    outer loop
      vertex 48.5855 9.335 2
      vertex 47.7693 9.83514 0
      vertex 48.5855 9.335 0
    endloop
  endfacet
  facet normal 0.85264 -0.5225 0
    outer loop
      vertex 39.5649 7.16934 2
      vertex 40.065 7.98549 0
      vertex 40.065 7.98549 2
    endloop
  endfacet
  facet normal 0.85264 -0.5225 0
    outer loop
      vertex 40.065 7.98549 0
      vertex 39.5649 7.16934 2
      vertex 39.5649 7.16934 0
    endloop
  endfacet
  facet normal 0.760405 -0.649449 0
    outer loop
      vertex 40.065 7.98549 2
      vertex 40.6866 8.71335 0
      vertex 40.6866 8.71335 2
    endloop
  endfacet
  facet normal 0.760405 -0.649449 0
    outer loop
      vertex 40.6866 8.71335 0
      vertex 40.065 7.98549 2
      vertex 40.065 7.98549 0
    endloop
  endfacet
  facet normal 0.382684 -0.923879 0
    outer loop
      vertex 42.2307 9.83514 0
      vertex 43.115 10.2014 2
      vertex 42.2307 9.83514 2
    endloop
  endfacet
  facet normal 0.382684 -0.923879 0
    outer loop
      vertex 43.115 10.2014 2
      vertex 42.2307 9.83514 0
      vertex 43.115 10.2014 0
    endloop
  endfacet
  facet normal 0.0784598 -0.996917 0
    outer loop
      vertex 44.0457 10.4249 0
      vertex 45 10.5 2
      vertex 44.0457 10.4249 2
    endloop
  endfacet
  facet normal 0.0784598 -0.996917 0
    outer loop
      vertex 45 10.5 2
      vertex 44.0457 10.4249 0
      vertex 45 10.5 0
    endloop
  endfacet
  facet normal -0.649447 -0.760407 0
    outer loop
      vertex 48.5855 9.335 0
      vertex 49.0285 8.95662 2
      vertex 48.5855 9.335 2
    endloop
  endfacet
  facet normal -0.649447 -0.760407 -0
    outer loop
      vertex 49.0285 8.95662 2
      vertex 48.5855 9.335 0
      vertex 49.0285 8.95662 0
    endloop
  endfacet
  facet normal 0.92388 -0.382681 0
    outer loop
      vertex 39.1986 6.285 2
      vertex 39.5649 7.16934 0
      vertex 39.5649 7.16934 2
    endloop
  endfacet
  facet normal 0.92388 -0.382681 0
    outer loop
      vertex 39.5649 7.16934 0
      vertex 39.1986 6.285 2
      vertex 39.1986 6.285 0
    endloop
  endfacet
  facet normal 0.97237 -0.233445 0
    outer loop
      vertex 38.9751 5.35425 2
      vertex 39.1986 6.285 0
      vertex 39.1986 6.285 2
    endloop
  endfacet
  facet normal 0.97237 -0.233445 0
    outer loop
      vertex 39.1986 6.285 0
      vertex 38.9751 5.35425 2
      vertex 38.9751 5.35425 0
    endloop
  endfacet
  facet normal 0.522498 -0.852641 0
    outer loop
      vertex 41.4145 9.335 0
      vertex 42.2307 9.83514 2
      vertex 41.4145 9.335 2
    endloop
  endfacet
  facet normal 0.522498 -0.852641 0
    outer loop
      vertex 42.2307 9.83514 2
      vertex 41.4145 9.335 0
      vertex 42.2307 9.83514 0
    endloop
  endfacet
  facet normal 0.0784605 -0.996917 0
    outer loop
      vertex 57.5553 16.0835 0
      vertex 58.4 16.15 2
      vertex 57.5553 16.0835 2
    endloop
  endfacet
  facet normal 0.0784605 -0.996917 0
    outer loop
      vertex 58.4 16.15 2
      vertex 57.5553 16.0835 0
      vertex 58.4 16.15 0
    endloop
  endfacet
  facet normal 0.760406 -0.649448 0
    outer loop
      vertex 54.0313 13.924 2
      vertex 54.5816 14.5684 0
      vertex 54.5816 14.5684 2
    endloop
  endfacet
  facet normal 0.760406 -0.649448 0
    outer loop
      vertex 54.5816 14.5684 0
      vertex 54.0313 13.924 2
      vertex 54.0313 13.924 0
    endloop
  endfacet
  facet normal 0.522498 -0.85264 0
    outer loop
      vertex 55.226 15.1187 0
      vertex 55.9485 15.5614 2
      vertex 55.226 15.1187 2
    endloop
  endfacet
  facet normal 0.522498 -0.85264 0
    outer loop
      vertex 55.9485 15.5614 2
      vertex 55.226 15.1187 0
      vertex 55.9485 15.5614 0
    endloop
  endfacet
  facet normal -0.382684 -0.923879 0
    outer loop
      vertex 60.0687 15.8857 0
      vertex 60.8515 15.5614 2
      vertex 60.0687 15.8857 2
    endloop
  endfacet
  facet normal -0.382684 -0.923879 -0
    outer loop
      vertex 60.8515 15.5614 2
      vertex 60.0687 15.8857 0
      vertex 60.8515 15.5614 0
    endloop
  endfacet
  facet normal -0.522497 -0.852641 0
    outer loop
      vertex 60.8515 15.5614 0
      vertex 61.3674 15.2453 2
      vertex 60.8515 15.5614 2
    endloop
  endfacet
  facet normal -0.522497 -0.852641 -0
    outer loop
      vertex 61.3674 15.2453 2
      vertex 60.8515 15.5614 0
      vertex 61.3674 15.2453 0
    endloop
  endfacet
  facet normal 0.97237 -0.233444 0
    outer loop
      vertex 53.0665 11.5947 2
      vertex 53.2643 12.4187 0
      vertex 53.2643 12.4187 2
    endloop
  endfacet
  facet normal 0.97237 -0.233444 0
    outer loop
      vertex 53.2643 12.4187 0
      vertex 53.0665 11.5947 2
      vertex 53.0665 11.5947 0
    endloop
  endfacet
  facet normal 0.852639 -0.5225 0
    outer loop
      vertex 53.5886 13.2015 2
      vertex 54.0313 13.924 0
      vertex 54.0313 13.924 2
    endloop
  endfacet
  facet normal 0.852639 -0.5225 0
    outer loop
      vertex 54.0313 13.924 0
      vertex 53.5886 13.2015 2
      vertex 53.5886 13.2015 0
    endloop
  endfacet
  facet normal 0.996917 -0.0784598 0
    outer loop
      vertex 53.0281 11.1065 2
      vertex 53.0665 11.5947 0
      vertex 53.0665 11.5947 2
    endloop
  endfacet
  facet normal 0.996917 -0.0784598 0
    outer loop
      vertex 53.0665 11.5947 0
      vertex 53.0281 11.1065 2
      vertex 53.0281 11.1065 0
    endloop
  endfacet
  facet normal 0.649448 -0.760406 0
    outer loop
      vertex 54.5816 14.5684 0
      vertex 55.226 15.1187 2
      vertex 54.5816 14.5684 2
    endloop
  endfacet
  facet normal 0.649448 -0.760406 0
    outer loop
      vertex 55.226 15.1187 2
      vertex 54.5816 14.5684 0
      vertex 55.226 15.1187 0
    endloop
  endfacet
  facet normal 0.233444 -0.97237 0
    outer loop
      vertex 56.7313 15.8857 0
      vertex 57.5553 16.0835 2
      vertex 56.7313 15.8857 2
    endloop
  endfacet
  facet normal 0.233444 -0.97237 0
    outer loop
      vertex 57.5553 16.0835 2
      vertex 56.7313 15.8857 0
      vertex 57.5553 16.0835 0
    endloop
  endfacet
  facet normal -0.233443 -0.972371 0
    outer loop
      vertex 59.2447 16.0835 0
      vertex 60.0687 15.8857 2
      vertex 59.2447 16.0835 2
    endloop
  endfacet
  facet normal -0.233443 -0.972371 -0
    outer loop
      vertex 60.0687 15.8857 2
      vertex 59.2447 16.0835 0
      vertex 60.0687 15.8857 0
    endloop
  endfacet
  facet normal -0.0784612 -0.996917 0
    outer loop
      vertex 58.4 16.15 0
      vertex 59.2447 16.0835 2
      vertex 58.4 16.15 2
    endloop
  endfacet
  facet normal -0.0784612 -0.996917 -0
    outer loop
      vertex 59.2447 16.0835 2
      vertex 58.4 16.15 0
      vertex 59.2447 16.0835 0
    endloop
  endfacet
  facet normal 0.92388 -0.382682 0
    outer loop
      vertex 53.2643 12.4187 2
      vertex 53.5886 13.2015 0
      vertex 53.5886 13.2015 2
    endloop
  endfacet
  facet normal 0.92388 -0.382682 0
    outer loop
      vertex 53.5886 13.2015 0
      vertex 53.2643 12.4187 2
      vertex 53.2643 12.4187 0
    endloop
  endfacet
  facet normal 0.382684 -0.923879 0
    outer loop
      vertex 55.9485 15.5614 0
      vertex 56.7313 15.8857 2
      vertex 55.9485 15.5614 2
    endloop
  endfacet
  facet normal 0.382684 -0.923879 0
    outer loop
      vertex 56.7313 15.8857 2
      vertex 55.9485 15.5614 0
      vertex 56.7313 15.8857 0
    endloop
  endfacet
  facet normal -0.861878 -0.136506 0.488398
    outer loop
      vertex 9.68333 58.1 0
      vertex 10.8077 58.1567 2
      vertex 9.63847 58.3833 0
    endloop
  endfacet
  facet normal -0.86188 -0.136489 0.488399
    outer loop
      vertex 10.8077 58.1567 2
      vertex 9.68333 58.1 0
      vertex 10.8167 58.1 2
    endloop
  endfacet
  facet normal -0.136507 0.861878 0.488398
    outer loop
      vertex 8.3 56.7167 0
      vertex 8.35665 55.5923 2
      vertex 8.58327 56.7615 0
    endloop
  endfacet
  facet normal -0.136496 0.861879 0.488399
    outer loop
      vertex 8.35665 55.5923 2
      vertex 8.3 56.7167 0
      vertex 8.3 55.5833 2
    endloop
  endfacet
  facet normal 0.136508 -0.861878 0.488397
    outer loop
      vertex 8.3 59.4833 0
      vertex 8.24335 60.6077 2
      vertex 8.01673 59.4385 0
    endloop
  endfacet
  facet normal 0.136496 -0.86188 0.488398
    outer loop
      vertex 8.24335 60.6077 2
      vertex 8.3 59.4833 0
      vertex 8.3 60.6167 2
    endloop
  endfacet
  facet normal -0.861878 0.13651 0.488397
    outer loop
      vertex 9.61563 57.6725 0
      vertex 10.8077 58.0433 2
      vertex 9.63847 57.8167 0
    endloop
  endfacet
  facet normal -0.861878 0.136509 0.488397
    outer loop
      vertex 10.8077 58.0433 2
      vertex 9.61563 57.6725 0
      vertex 10.6935 57.3223 2
    endloop
  endfacet
  facet normal -0.777512 -0.396161 0.488397
    outer loop
      vertex 9.54934 58.6576 0
      vertex 10.6935 58.8777 2
      vertex 10.3621 59.5282 2
    endloop
  endfacet
  facet normal -0.777514 -0.396155 0.488398
    outer loop
      vertex 10.6935 58.8777 2
      vertex 9.54934 58.6576 0
      vertex 9.61563 58.5275 0
    endloop
  endfacet
  facet normal 0.861878 0.136509 0.488398
    outer loop
      vertex 5.89753 57.379 2
      vertex 6.98437 57.6725 0
      vertex 6.93951 57.9558 0
    endloop
  endfacet
  facet normal 0.861878 0.136506 0.488398
    outer loop
      vertex 6.98437 57.6725 0
      vertex 5.89753 57.379 2
      vertex 5.90651 57.3223 2
    endloop
  endfacet
  facet normal 0.86188 -0.136497 0.488397
    outer loop
      vertex 5.89753 58.821 2
      vertex 6.98437 58.5275 0
      vertex 5.90651 58.8777 2
    endloop
  endfacet
  facet normal 0.861878 -0.13651 0.488397
    outer loop
      vertex 6.98437 58.5275 0
      vertex 5.89753 58.821 2
      vertex 6.93951 58.2442 0
    endloop
  endfacet
  facet normal -0.861878 -0.13651 0.488397
    outer loop
      vertex 10.8077 58.1567 2
      vertex 9.61563 58.5275 0
      vertex 9.63847 58.3833 0
    endloop
  endfacet
  facet normal -0.861878 -0.136509 0.488397
    outer loop
      vertex 9.61563 58.5275 0
      vertex 10.8077 58.1567 2
      vertex 10.6935 58.8777 2
    endloop
  endfacet
  facet normal -0.777512 0.39616 0.488398
    outer loop
      vertex 9.41914 57.2869 0
      vertex 10.6675 57.2712 2
      vertex 9.48542 57.417 0
    endloop
  endfacet
  facet normal -0.777512 0.396161 0.488398
    outer loop
      vertex 10.6675 57.2712 2
      vertex 9.41914 57.2869 0
      vertex 10.336 56.6207 2
    endloop
  endfacet
  facet normal -0.777513 0.396159 0.488398
    outer loop
      vertex 9.48542 57.417 0
      vertex 10.6935 57.3223 2
      vertex 9.61563 57.6725 0
    endloop
  endfacet
  facet normal -0.777519 0.396144 0.4884
    outer loop
      vertex 10.6935 57.3223 2
      vertex 9.48542 57.417 0
      vertex 10.6675 57.2712 2
    endloop
  endfacet
  facet normal 0.777511 -0.396162 0.488398
    outer loop
      vertex 5.90651 58.8777 2
      vertex 7.05066 58.6576 0
      vertex 6.23793 59.5282 2
    endloop
  endfacet
  facet normal 0.777512 -0.39616 0.488398
    outer loop
      vertex 7.05066 58.6576 0
      vertex 5.90651 58.8777 2
      vertex 6.98437 58.5275 0
    endloop
  endfacet
  facet normal -0.136521 -0.861877 0.488395
    outer loop
      vertex 8.72747 59.4156 0
      vertex 8.35665 60.6077 2
      vertex 8.58327 59.4385 0
    endloop
  endfacet
  facet normal -0.136507 -0.861878 0.488398
    outer loop
      vertex 8.35665 60.6077 2
      vertex 8.72747 59.4156 0
      vertex 9.07769 60.4935 2
    endloop
  endfacet
  facet normal -0.617056 -0.617013 0.488403
    outer loop
      vertex 9.21634 59.1159 0
      vertex 10.336 59.5793 2
      vertex 10.2955 59.6198 2
    endloop
  endfacet
  facet normal -0.617039 -0.617033 0.488398
    outer loop
      vertex 10.336 59.5793 2
      vertex 9.21634 59.1159 0
      vertex 9.41914 58.9131 0
    endloop
  endfacet
  facet normal -0.777508 -0.396168 0.488398
    outer loop
      vertex 9.41914 58.9131 0
      vertex 10.3621 59.5282 2
      vertex 10.336 59.5793 2
    endloop
  endfacet
  facet normal -0.777509 -0.396166 0.488398
    outer loop
      vertex 10.3621 59.5282 2
      vertex 9.41914 58.9131 0
      vertex 9.54934 58.6576 0
    endloop
  endfacet
  facet normal -0.617029 0.617044 0.488397
    outer loop
      vertex 9.41914 57.2869 0
      vertex 10.2955 56.5802 2
      vertex 10.336 56.6207 2
    endloop
  endfacet
  facet normal -0.617034 0.617039 0.488397
    outer loop
      vertex 10.2955 56.5802 2
      vertex 9.41914 57.2869 0
      vertex 9.21634 57.0841 0
    endloop
  endfacet
  facet normal 0.136498 0.861878 0.4884
    outer loop
      vertex 7.87253 56.7844 0
      vertex 8.24335 55.5923 2
      vertex 8.01673 56.7615 0
    endloop
  endfacet
  facet normal 0.136511 0.861878 0.488397
    outer loop
      vertex 8.24335 55.5923 2
      vertex 7.87253 56.7844 0
      vertex 7.52231 55.7065 2
    endloop
  endfacet
  facet normal 0.777512 0.39616 0.488398
    outer loop
      vertex 5.93255 57.2712 2
      vertex 7.18086 57.2869 0
      vertex 7.11457 57.417 0
    endloop
  endfacet
  facet normal 0.777511 0.396162 0.488398
    outer loop
      vertex 7.18086 57.2869 0
      vertex 5.93255 57.2712 2
      vertex 6.26397 56.6207 2
    endloop
  endfacet
  facet normal 0.396158 0.777513 0.488398
    outer loop
      vertex 7.4869 56.9809 0
      vertex 7.4712 55.7325 2
      vertex 7.61699 56.9146 0
    endloop
  endfacet
  facet normal 0.396161 0.777512 0.488397
    outer loop
      vertex 7.4712 55.7325 2
      vertex 7.4869 56.9809 0
      vertex 6.82074 56.064 2
    endloop
  endfacet
  facet normal 0.396162 0.777511 0.488397
    outer loop
      vertex 7.61699 56.9146 0
      vertex 7.52231 55.7065 2
      vertex 7.87253 56.7844 0
    endloop
  endfacet
  facet normal 0.396144 0.777518 0.4884
    outer loop
      vertex 7.52231 55.7065 2
      vertex 7.61699 56.9146 0
      vertex 7.4712 55.7325 2
    endloop
  endfacet
  facet normal 0.861871 -0.136507 0.488409
    outer loop
      vertex 5.80393 58.15 1.97762
      vertex 5.89753 58.821 2
      vertex 5.80082 58.2104 2
    endloop
  endfacet
  facet normal 0.861832 -0.136532 0.488472
    outer loop
      vertex 5.80393 58.15 1.97762
      vertex 5.80082 58.2104 2
      vertex 5.8 58.2 1.99854
    endloop
  endfacet
  facet normal 0.861878 -0.136507 0.488397
    outer loop
      vertex 5.89753 58.821 2
      vertex 5.80393 58.15 1.97762
      vertex 6.93951 58.2442 0
    endloop
  endfacet
  facet normal 0.861878 -0.136512 0.488397
    outer loop
      vertex 5.8 58.1 1.97059
      vertex 6.93951 58.2442 0
      vertex 5.80393 58.15 1.97762
    endloop
  endfacet
  facet normal 0.861878 -0.136504 0.488398
    outer loop
      vertex 6.93951 58.2442 0
      vertex 5.8 58.1 1.97059
      vertex 6.91667 58.1 0
    endloop
  endfacet
  facet normal 0.861878 0.136511 0.488397
    outer loop
      vertex 6.93951 57.9558 0
      vertex 5.8 58.1 1.97059
      vertex 5.80722 58.0083 1.98348
    endloop
  endfacet
  facet normal 0.861832 0.136613 0.488448
    outer loop
      vertex 5.79966 57.9969 2
      vertex 5.80722 58.0083 1.98348
      vertex 5.79999 58 1.99856
    endloop
  endfacet
  facet normal 0.861878 0.136507 0.488397
    outer loop
      vertex 5.80722 58.0083 1.98348
      vertex 5.79966 57.9969 2
      vertex 5.89753 57.379 2
    endloop
  endfacet
  facet normal 0.861878 0.136507 0.488397
    outer loop
      vertex 5.8 58.1 1.97059
      vertex 6.93951 57.9558 0
      vertex 6.91667 58.1 0
    endloop
  endfacet
  facet normal 0.861878 0.136507 0.488397
    outer loop
      vertex 5.80722 58.0083 1.98348
      vertex 5.89753 57.379 2
      vertex 6.93951 57.9558 0
    endloop
  endfacet
  facet normal 0.777505 -0.396174 0.488399
    outer loop
      vertex 6.23793 59.5282 2
      vertex 7.18086 58.9131 0
      vertex 6.26397 59.5793 2
    endloop
  endfacet
  facet normal 0.77751 -0.396164 0.488398
    outer loop
      vertex 7.18086 58.9131 0
      vertex 6.23793 59.5282 2
      vertex 7.05066 58.6576 0
    endloop
  endfacet
  facet normal 0.396161 -0.777511 0.488398
    outer loop
      vertex 7.74243 59.3493 0
      vertex 7.52231 60.4935 2
      vertex 6.87185 60.1621 2
    endloop
  endfacet
  facet normal 0.396158 -0.777513 0.488398
    outer loop
      vertex 7.52231 60.4935 2
      vertex 7.74243 59.3493 0
      vertex 7.87253 59.4156 0
    endloop
  endfacet
  facet normal 0.136507 -0.861878 0.488398
    outer loop
      vertex 7.87253 59.4156 0
      vertex 8.24335 60.6077 2
      vertex 7.52231 60.4935 2
    endloop
  endfacet
  facet normal 0.136521 -0.861877 0.488395
    outer loop
      vertex 8.24335 60.6077 2
      vertex 7.87253 59.4156 0
      vertex 8.01673 59.4385 0
    endloop
  endfacet
  facet normal -0.136496 -0.86188 0.488398
    outer loop
      vertex 8.3 59.4833 0
      vertex 8.35665 60.6077 2
      vertex 8.3 60.6167 2
    endloop
  endfacet
  facet normal -0.136507 -0.861878 0.488397
    outer loop
      vertex 8.35665 60.6077 2
      vertex 8.3 59.4833 0
      vertex 8.58327 59.4385 0
    endloop
  endfacet
  facet normal -0.861879 0.136499 0.488398
    outer loop
      vertex 9.68333 58.1 0
      vertex 10.8077 58.0433 2
      vertex 10.8167 58.1 2
    endloop
  endfacet
  facet normal -0.861878 0.136508 0.488398
    outer loop
      vertex 10.8077 58.0433 2
      vertex 9.68333 58.1 0
      vertex 9.63847 57.8167 0
    endloop
  endfacet
  facet normal -0.396144 0.777519 0.4884
    outer loop
      vertex 8.98301 56.9146 0
      vertex 9.07769 55.7065 2
      vertex 9.1288 55.7325 2
    endloop
  endfacet
  facet normal -0.396162 0.777511 0.488397
    outer loop
      vertex 9.07769 55.7065 2
      vertex 8.98301 56.9146 0
      vertex 8.72747 56.7844 0
    endloop
  endfacet
  facet normal -0.136512 0.861878 0.488397
    outer loop
      vertex 8.72747 56.7844 0
      vertex 8.35665 55.5923 2
      vertex 9.07769 55.7065 2
    endloop
  endfacet
  facet normal -0.136498 0.861878 0.4884
    outer loop
      vertex 8.35665 55.5923 2
      vertex 8.72747 56.7844 0
      vertex 8.58327 56.7615 0
    endloop
  endfacet
  facet normal -0.396161 0.777512 0.488397
    outer loop
      vertex 9.1131 56.9809 0
      vertex 9.1288 55.7325 2
      vertex 9.77926 56.064 2
    endloop
  endfacet
  facet normal -0.396158 0.777513 0.488398
    outer loop
      vertex 9.1288 55.7325 2
      vertex 9.1131 56.9809 0
      vertex 8.98301 56.9146 0
    endloop
  endfacet
  facet normal -0.617044 0.617027 0.4884
    outer loop
      vertex 9.1131 56.9809 0
      vertex 10.2955 56.5802 2
      vertex 9.21634 57.0841 0
    endloop
  endfacet
  facet normal -0.617037 0.617037 0.488397
    outer loop
      vertex 10.2955 56.5802 2
      vertex 9.1131 56.9809 0
      vertex 9.77926 56.064 2
    endloop
  endfacet
  facet normal 0.777512 0.39616 0.488398
    outer loop
      vertex 5.90651 57.3223 2
      vertex 7.11457 57.417 0
      vertex 6.98437 57.6725 0
    endloop
  endfacet
  facet normal 0.777516 0.39615 0.4884
    outer loop
      vertex 7.11457 57.417 0
      vertex 5.90651 57.3223 2
      vertex 5.93255 57.2712 2
    endloop
  endfacet
  facet normal 0.617037 0.617035 0.488398
    outer loop
      vertex 6.26397 56.6207 2
      vertex 7.4869 56.9809 0
      vertex 7.18086 57.2869 0
    endloop
  endfacet
  facet normal 0.617036 0.617036 0.488397
    outer loop
      vertex 7.4869 56.9809 0
      vertex 6.26397 56.6207 2
      vertex 6.82074 56.064 2
    endloop
  endfacet
  facet normal 0.617036 -0.617036 0.488397
    outer loop
      vertex 6.26397 59.5793 2
      vertex 7.4869 59.2191 0
      vertex 6.82074 60.136 2
    endloop
  endfacet
  facet normal 0.617037 -0.617035 0.488398
    outer loop
      vertex 7.4869 59.2191 0
      vertex 6.26397 59.5793 2
      vertex 7.18086 58.9131 0
    endloop
  endfacet
  facet normal -0.396158 -0.777513 0.488398
    outer loop
      vertex 8.85756 59.3493 0
      vertex 9.07769 60.4935 2
      vertex 8.72747 59.4156 0
    endloop
  endfacet
  facet normal -0.396161 -0.777512 0.488398
    outer loop
      vertex 9.07769 60.4935 2
      vertex 8.85756 59.3493 0
      vertex 9.72815 60.1621 2
    endloop
  endfacet
  facet normal 0.136496 0.861879 0.488399
    outer loop
      vertex 8.3 56.7167 0
      vertex 8.24335 55.5923 2
      vertex 8.3 55.5833 2
    endloop
  endfacet
  facet normal 0.136508 0.861877 0.488398
    outer loop
      vertex 8.24335 55.5923 2
      vertex 8.3 56.7167 0
      vertex 8.01673 56.7615 0
    endloop
  endfacet
  facet normal 0.39619 -0.777495 0.4884
    outer loop
      vertex 7.4869 59.2191 0
      vertex 6.87185 60.1621 2
      vertex 6.82074 60.136 2
    endloop
  endfacet
  facet normal 0.396162 -0.777511 0.488398
    outer loop
      vertex 6.87185 60.1621 2
      vertex 7.4869 59.2191 0
      vertex 7.74243 59.3493 0
    endloop
  endfacet
  facet normal -0.396162 -0.777511 0.488398
    outer loop
      vertex 9.1131 59.2191 0
      vertex 9.72815 60.1621 2
      vertex 8.85756 59.3493 0
    endloop
  endfacet
  facet normal -0.39619 -0.777495 0.488399
    outer loop
      vertex 9.72815 60.1621 2
      vertex 9.1131 59.2191 0
      vertex 9.77926 60.136 2
    endloop
  endfacet
  facet normal -0.617034 -0.617039 0.488397
    outer loop
      vertex 9.21634 59.1159 0
      vertex 9.77926 60.136 2
      vertex 9.1131 59.2191 0
    endloop
  endfacet
  facet normal -0.617034 -0.617039 0.488397
    outer loop
      vertex 9.77926 60.136 2
      vertex 9.21634 59.1159 0
      vertex 10.2955 59.6198 2
    endloop
  endfacet
  facet normal -0.861878 -0.136511 0.488397
    outer loop
      vertex 8.48333 45.4 0
      vertex 9.60769 45.4567 2
      vertex 8.43847 45.6833 0
    endloop
  endfacet
  facet normal -0.861877 -0.136513 0.488397
    outer loop
      vertex 9.60769 45.4567 2
      vertex 8.48333 45.4 0
      vertex 9.61667 45.4 2
    endloop
  endfacet
  facet normal -0.136507 0.861878 0.488397
    outer loop
      vertex 7.1 44.0167 0
      vertex 7.15665 42.8923 2
      vertex 7.38327 44.0615 0
    endloop
  endfacet
  facet normal -0.136553 0.861872 0.488395
    outer loop
      vertex 7.15665 42.8923 2
      vertex 7.1 44.0167 0
      vertex 7.1 42.8833 2
    endloop
  endfacet
  facet normal -0.861878 0.136504 0.488398
    outer loop
      vertex 8.41563 44.9725 0
      vertex 9.60769 45.3433 2
      vertex 8.43847 45.1167 0
    endloop
  endfacet
  facet normal -0.861878 0.136508 0.488397
    outer loop
      vertex 9.60769 45.3433 2
      vertex 8.41563 44.9725 0
      vertex 9.49349 44.6223 2
    endloop
  endfacet
  facet normal -0.777511 -0.396163 0.488397
    outer loop
      vertex 8.34934 45.9576 0
      vertex 9.49349 46.1777 2
      vertex 9.16207 46.8282 2
    endloop
  endfacet
  facet normal -0.77751 -0.396165 0.488397
    outer loop
      vertex 9.49349 46.1777 2
      vertex 8.34934 45.9576 0
      vertex 8.41563 45.8275 0
    endloop
  endfacet
  facet normal 0.861878 0.136504 0.488398
    outer loop
      vertex 4.59231 45.3433 2
      vertex 5.71667 45.4 0
      vertex 4.58333 45.4 2
    endloop
  endfacet
  facet normal 0.861878 0.136506 0.488398
    outer loop
      vertex 5.71667 45.4 0
      vertex 4.59231 45.3433 2
      vertex 5.76153 45.1167 0
    endloop
  endfacet
  facet normal -0.136498 -0.861879 0.488399
    outer loop
      vertex 7.24421 46.7605 0
      vertex 7.1 47.9167 2
      vertex 7.1 46.7833 0
    endloop
  endfacet
  facet normal -0.136511 -0.861878 0.488397
    outer loop
      vertex 7.1 47.9167 2
      vertex 7.24421 46.7605 0
      vertex 7.82104 47.8025 2
    endloop
  endfacet
  facet normal -0.861878 -0.136504 0.488398
    outer loop
      vertex 9.60769 45.4567 2
      vertex 8.41563 45.8275 0
      vertex 8.43847 45.6833 0
    endloop
  endfacet
  facet normal -0.861878 -0.136508 0.488397
    outer loop
      vertex 8.41563 45.8275 0
      vertex 9.60769 45.4567 2
      vertex 9.49349 46.1777 2
    endloop
  endfacet
  facet normal -0.39619 0.777495 0.4884
    outer loop
      vertex 7.9131 44.2809 0
      vertex 8.52815 43.3379 2
      vertex 8.57926 43.364 2
    endloop
  endfacet
  facet normal -0.396163 0.77751 0.488398
    outer loop
      vertex 8.52815 43.3379 2
      vertex 7.9131 44.2809 0
      vertex 7.65757 44.1507 0
    endloop
  endfacet
  facet normal 0.77751 0.396164 0.488398
    outer loop
      vertex 5.03793 43.9718 2
      vertex 5.98086 44.5869 0
      vertex 5.85066 44.8424 0
    endloop
  endfacet
  facet normal 0.777517 0.39615 0.488397
    outer loop
      vertex 5.98086 44.5869 0
      vertex 5.03793 43.9718 2
      vertex 5.06397 43.9207 2
    endloop
  endfacet
  facet normal 0.861878 -0.136508 0.488398
    outer loop
      vertex 4.59231 45.4567 2
      vertex 5.78437 45.8275 0
      vertex 4.70651 46.1777 2
    endloop
  endfacet
  facet normal 0.861878 -0.13651 0.488397
    outer loop
      vertex 5.78437 45.8275 0
      vertex 4.59231 45.4567 2
      vertex 5.76153 45.6833 0
    endloop
  endfacet
  facet normal 0.777516 -0.39615 0.4884
    outer loop
      vertex 4.70651 46.1777 2
      vertex 5.91457 46.083 0
      vertex 4.73255 46.2288 2
    endloop
  endfacet
  facet normal 0.777512 -0.39616 0.488398
    outer loop
      vertex 5.91457 46.083 0
      vertex 4.70651 46.1777 2
      vertex 5.78437 45.8275 0
    endloop
  endfacet
  facet normal 0.617036 -0.617036 0.488397
    outer loop
      vertex 5.06397 46.8793 2
      vertex 6.2869 46.5191 0
      vertex 5.62074 47.436 2
    endloop
  endfacet
  facet normal 0.617034 -0.61704 0.488396
    outer loop
      vertex 6.2869 46.5191 0
      vertex 5.06397 46.8793 2
      vertex 5.98086 46.2131 0
    endloop
  endfacet
  facet normal -0.136518 -0.861876 0.488398
    outer loop
      vertex 7.52747 46.7156 0
      vertex 7.82104 47.8025 2
      vertex 7.24421 46.7605 0
    endloop
  endfacet
  facet normal -0.136496 -0.86188 0.488397
    outer loop
      vertex 7.82104 47.8025 2
      vertex 7.52747 46.7156 0
      vertex 7.87769 47.7935 2
    endloop
  endfacet
  facet normal -0.396163 -0.77751 0.488398
    outer loop
      vertex 7.9131 46.5191 0
      vertex 8.52815 47.4621 2
      vertex 7.65757 46.6493 0
    endloop
  endfacet
  facet normal -0.39619 -0.777495 0.4884
    outer loop
      vertex 8.52815 47.4621 2
      vertex 7.9131 46.5191 0
      vertex 8.57926 47.436 2
    endloop
  endfacet
  facet normal -0.777508 -0.396168 0.488398
    outer loop
      vertex 8.21914 46.2131 0
      vertex 9.16207 46.8282 2
      vertex 9.13603 46.8793 2
    endloop
  endfacet
  facet normal -0.777512 -0.396161 0.488397
    outer loop
      vertex 9.16207 46.8282 2
      vertex 8.21914 46.2131 0
      vertex 8.34934 45.9576 0
    endloop
  endfacet
  facet normal -0.861878 0.136504 0.488398
    outer loop
      vertex 8.48333 45.4 0
      vertex 9.60769 45.3433 2
      vertex 9.61667 45.4 2
    endloop
  endfacet
  facet normal -0.861878 0.136509 0.488397
    outer loop
      vertex 9.60769 45.3433 2
      vertex 8.48333 45.4 0
      vertex 8.43847 45.1167 0
    endloop
  endfacet
  facet normal -0.396161 0.777512 0.488398
    outer loop
      vertex 7.65757 44.1507 0
      vertex 7.87769 43.0065 2
      vertex 8.52815 43.3379 2
    endloop
  endfacet
  facet normal -0.396176 0.777505 0.488396
    outer loop
      vertex 7.87769 43.0065 2
      vertex 7.65757 44.1507 0
      vertex 7.52747 44.0844 0
    endloop
  endfacet
  facet normal -0.136507 0.861879 0.488397
    outer loop
      vertex 7.52747 44.0844 0
      vertex 7.15665 42.8923 2
      vertex 7.87769 43.0065 2
    endloop
  endfacet
  facet normal -0.136498 0.861879 0.488399
    outer loop
      vertex 7.15665 42.8923 2
      vertex 7.52747 44.0844 0
      vertex 7.38327 44.0615 0
    endloop
  endfacet
  facet normal 0.617037 0.617036 0.488397
    outer loop
      vertex 5.98086 44.5869 0
      vertex 5.62074 43.364 2
      vertex 6.2869 44.2809 0
    endloop
  endfacet
  facet normal 0.617034 0.617038 0.488398
    outer loop
      vertex 5.62074 43.364 2
      vertex 5.98086 44.5869 0
      vertex 5.06397 43.9207 2
    endloop
  endfacet
  facet normal 0.136511 -0.861878 0.488397
    outer loop
      vertex 6.95579 46.7605 0
      vertex 7.1 47.9167 2
      vertex 6.37896 47.8025 2
    endloop
  endfacet
  facet normal 0.136498 -0.861879 0.488399
    outer loop
      vertex 7.1 47.9167 2
      vertex 6.95579 46.7605 0
      vertex 7.1 46.7833 0
    endloop
  endfacet
  facet normal 0.396144 -0.777518 0.4884
    outer loop
      vertex 6.41699 46.5854 0
      vertex 6.32231 47.7935 2
      vertex 6.2712 47.7675 2
    endloop
  endfacet
  facet normal 0.396153 -0.777515 0.488399
    outer loop
      vertex 6.32231 47.7935 2
      vertex 6.41699 46.5854 0
      vertex 6.67253 46.7156 0
    endloop
  endfacet
  facet normal -0.396158 -0.777513 0.488398
    outer loop
      vertex 7.65757 46.6493 0
      vertex 7.87769 47.7935 2
      vertex 7.52747 46.7156 0
    endloop
  endfacet
  facet normal -0.396161 -0.777512 0.488398
    outer loop
      vertex 7.87769 47.7935 2
      vertex 7.65757 46.6493 0
      vertex 8.52815 47.4621 2
    endloop
  endfacet
  facet normal -0.77751 0.396165 0.488397
    outer loop
      vertex 8.34934 44.8424 0
      vertex 9.49349 44.6223 2
      vertex 8.41563 44.9725 0
    endloop
  endfacet
  facet normal -0.777511 0.396163 0.488397
    outer loop
      vertex 9.49349 44.6223 2
      vertex 8.34934 44.8424 0
      vertex 9.16207 43.9718 2
    endloop
  endfacet
  facet normal 0.777512 0.39616 0.488398
    outer loop
      vertex 4.70651 44.6223 2
      vertex 5.85066 44.8424 0
      vertex 5.78437 44.9725 0
    endloop
  endfacet
  facet normal 0.777511 0.396162 0.488398
    outer loop
      vertex 5.85066 44.8424 0
      vertex 4.70651 44.6223 2
      vertex 5.03793 43.9718 2
    endloop
  endfacet
  facet normal 0.861878 0.13651 0.488397
    outer loop
      vertex 4.59231 45.3433 2
      vertex 5.78437 44.9725 0
      vertex 5.76153 45.1167 0
    endloop
  endfacet
  facet normal 0.861878 0.136508 0.488398
    outer loop
      vertex 5.78437 44.9725 0
      vertex 4.59231 45.3433 2
      vertex 4.70651 44.6223 2
    endloop
  endfacet
  facet normal 0.136498 0.861879 0.488399
    outer loop
      vertex 6.67253 44.0844 0
      vertex 7.04335 42.8923 2
      vertex 6.81673 44.0615 0
    endloop
  endfacet
  facet normal 0.136507 0.861878 0.488397
    outer loop
      vertex 7.04335 42.8923 2
      vertex 6.67253 44.0844 0
      vertex 6.32231 43.0065 2
    endloop
  endfacet
  facet normal 0.396176 0.777505 0.488396
    outer loop
      vertex 6.54243 44.1507 0
      vertex 6.32231 43.0065 2
      vertex 6.67253 44.0844 0
    endloop
  endfacet
  facet normal 0.396161 0.777511 0.488398
    outer loop
      vertex 6.32231 43.0065 2
      vertex 6.54243 44.1507 0
      vertex 5.67185 43.3379 2
    endloop
  endfacet
  facet normal 0.396165 -0.77751 0.488398
    outer loop
      vertex 6.2869 46.5191 0
      vertex 6.2712 47.7675 2
      vertex 5.62074 47.436 2
    endloop
  endfacet
  facet normal 0.396177 -0.777505 0.488395
    outer loop
      vertex 6.2712 47.7675 2
      vertex 6.2869 46.5191 0
      vertex 6.41699 46.5854 0
    endloop
  endfacet
  facet normal 0.861877 -0.136513 0.488397
    outer loop
      vertex 5.71667 45.4 0
      vertex 4.59231 45.4567 2
      vertex 4.58333 45.4 2
    endloop
  endfacet
  facet normal 0.861878 -0.136508 0.488398
    outer loop
      vertex 4.59231 45.4567 2
      vertex 5.71667 45.4 0
      vertex 5.76153 45.6833 0
    endloop
  endfacet
  facet normal 0.77751 -0.396164 0.488397
    outer loop
      vertex 4.73255 46.2288 2
      vertex 5.98086 46.2131 0
      vertex 5.06397 46.8793 2
    endloop
  endfacet
  facet normal 0.777512 -0.39616 0.488398
    outer loop
      vertex 5.98086 46.2131 0
      vertex 4.73255 46.2288 2
      vertex 5.91457 46.083 0
    endloop
  endfacet
  facet normal -0.617036 -0.617036 0.488397
    outer loop
      vertex 7.9131 46.5191 0
      vertex 9.13603 46.8793 2
      vertex 8.57926 47.436 2
    endloop
  endfacet
  facet normal -0.617034 -0.61704 0.488396
    outer loop
      vertex 9.13603 46.8793 2
      vertex 7.9131 46.5191 0
      vertex 8.21914 46.2131 0
    endloop
  endfacet
  facet normal -0.777509 0.396166 0.488398
    outer loop
      vertex 8.21914 44.5869 0
      vertex 9.16207 43.9718 2
      vertex 8.34934 44.8424 0
    endloop
  endfacet
  facet normal -0.77752 0.396145 0.488397
    outer loop
      vertex 9.16207 43.9718 2
      vertex 8.21914 44.5869 0
      vertex 9.13603 43.9207 2
    endloop
  endfacet
  facet normal -0.617034 0.617038 0.488398
    outer loop
      vertex 8.21914 44.5869 0
      vertex 8.57926 43.364 2
      vertex 9.13603 43.9207 2
    endloop
  endfacet
  facet normal -0.617037 0.617036 0.488397
    outer loop
      vertex 8.57926 43.364 2
      vertex 8.21914 44.5869 0
      vertex 7.9131 44.2809 0
    endloop
  endfacet
  facet normal 0.396162 0.777511 0.488398
    outer loop
      vertex 6.2869 44.2809 0
      vertex 5.67185 43.3379 2
      vertex 6.54243 44.1507 0
    endloop
  endfacet
  facet normal 0.39619 0.777495 0.4884
    outer loop
      vertex 5.67185 43.3379 2
      vertex 6.2869 44.2809 0
      vertex 5.62074 43.364 2
    endloop
  endfacet
  facet normal 0.136553 0.861872 0.488395
    outer loop
      vertex 7.1 44.0167 0
      vertex 7.04335 42.8923 2
      vertex 7.1 42.8833 2
    endloop
  endfacet
  facet normal 0.136508 0.861878 0.488397
    outer loop
      vertex 7.04335 42.8923 2
      vertex 7.1 44.0167 0
      vertex 6.81673 44.0615 0
    endloop
  endfacet
  facet normal 0.136496 -0.86188 0.488397
    outer loop
      vertex 6.67253 46.7156 0
      vertex 6.37896 47.8025 2
      vertex 6.32231 47.7935 2
    endloop
  endfacet
  facet normal 0.136519 -0.861876 0.488398
    outer loop
      vertex 6.37896 47.8025 2
      vertex 6.67253 46.7156 0
      vertex 6.95579 46.7605 0
    endloop
  endfacet
  facet normal -0.861878 -0.136507 0.488398
    outer loop
      vertex 7.93333 24.55 0
      vertex 9.05769 24.6067 2
      vertex 7.88847 24.8333 0
    endloop
  endfacet
  facet normal -0.86188 -0.136494 0.488398
    outer loop
      vertex 9.05769 24.6067 2
      vertex 7.93333 24.55 0
      vertex 9.06667 24.55 2
    endloop
  endfacet
  facet normal -0.396161 0.777512 0.488397
    outer loop
      vertex 7.3631 23.4309 0
      vertex 7.3788 22.1825 2
      vertex 8.02926 22.514 2
    endloop
  endfacet
  facet normal -0.396156 0.777513 0.488398
    outer loop
      vertex 7.3788 22.1825 2
      vertex 7.3631 23.4309 0
      vertex 7.23301 23.3646 0
    endloop
  endfacet
  facet normal -0.861878 0.136508 0.488397
    outer loop
      vertex 7.86563 24.1225 0
      vertex 9.05769 24.4933 2
      vertex 7.88847 24.2667 0
    endloop
  endfacet
  facet normal -0.861878 0.136509 0.488397
    outer loop
      vertex 9.05769 24.4933 2
      vertex 7.86563 24.1225 0
      vertex 8.94349 23.7723 2
    endloop
  endfacet
  facet normal -0.617038 -0.617036 0.488397
    outer loop
      vertex 7.66914 25.3631 0
      vertex 8.02926 26.586 2
      vertex 7.3631 25.6691 0
    endloop
  endfacet
  facet normal -0.617036 -0.617037 0.488398
    outer loop
      vertex 8.02926 26.586 2
      vertex 7.66914 25.3631 0
      vertex 8.58603 26.0293 2
    endloop
  endfacet
  facet normal 0.861878 0.136509 0.488398
    outer loop
      vertex 4.14753 23.829 2
      vertex 5.23437 24.1225 0
      vertex 5.18951 24.4058 0
    endloop
  endfacet
  facet normal 0.861879 0.136501 0.488397
    outer loop
      vertex 5.23437 24.1225 0
      vertex 4.14753 23.829 2
      vertex 4.15651 23.7723 2
    endloop
  endfacet
  facet normal 0.136508 -0.861878 0.488398
    outer loop
      vertex 6.55 25.9333 0
      vertex 6.49335 27.0577 2
      vertex 6.26673 25.8885 0
    endloop
  endfacet
  facet normal 0.136496 -0.861879 0.488398
    outer loop
      vertex 6.49335 27.0577 2
      vertex 6.55 25.9333 0
      vertex 6.55 27.0667 2
    endloop
  endfacet
  facet normal -0.861878 -0.13651 0.488397
    outer loop
      vertex 9.05769 24.6067 2
      vertex 7.86563 24.9775 0
      vertex 7.88847 24.8333 0
    endloop
  endfacet
  facet normal -0.861878 -0.136509 0.488397
    outer loop
      vertex 7.86563 24.9775 0
      vertex 9.05769 24.6067 2
      vertex 8.94349 25.3277 2
    endloop
  endfacet
  facet normal -0.777512 0.39616 0.488398
    outer loop
      vertex 7.66914 23.7369 0
      vertex 8.91745 23.7212 2
      vertex 7.73542 23.867 0
    endloop
  endfacet
  facet normal -0.777512 0.396161 0.488398
    outer loop
      vertex 8.91745 23.7212 2
      vertex 7.66914 23.7369 0
      vertex 8.58603 23.0707 2
    endloop
  endfacet
  facet normal -0.777511 0.396162 0.488397
    outer loop
      vertex 7.73542 23.867 0
      vertex 8.94349 23.7723 2
      vertex 7.86563 24.1225 0
    endloop
  endfacet
  facet normal -0.777514 0.396156 0.488398
    outer loop
      vertex 8.94349 23.7723 2
      vertex 7.73542 23.867 0
      vertex 8.91745 23.7212 2
    endloop
  endfacet
  facet normal -0.136525 0.861875 0.488398
    outer loop
      vertex 6.97747 23.2344 0
      vertex 7.27104 22.1475 2
      vertex 7.32769 22.1565 2
    endloop
  endfacet
  facet normal -0.136507 0.861878 0.488398
    outer loop
      vertex 7.27104 22.1475 2
      vertex 6.97747 23.2344 0
      vertex 6.69421 23.1895 0
    endloop
  endfacet
  facet normal 0.777511 0.396162 0.488398
    outer loop
      vertex 4.15651 23.7723 2
      vertex 5.36457 23.867 0
      vertex 5.23437 24.1225 0
    endloop
  endfacet
  facet normal 0.777511 0.396162 0.488398
    outer loop
      vertex 5.36457 23.867 0
      vertex 4.15651 23.7723 2
      vertex 4.18255 23.7212 2
    endloop
  endfacet
  facet normal 0.861878 -0.136505 0.488397
    outer loop
      vertex 4.22228 25.2297 1.85654
      vertex 5.23437 24.9775 0
      vertex 4.25026 25.2972 1.82604
    endloop
  endfacet
  facet normal 0.861878 -0.136509 0.488398
    outer loop
      vertex 5.23437 24.9775 0
      vertex 4.22228 25.2297 1.85654
      vertex 5.18951 24.6942 0
    endloop
  endfacet
  facet normal 0.777511 -0.396162 0.488398
    outer loop
      vertex 4.27912 25.3669 1.8366
      vertex 5.43086 25.3631 0
      vertex 4.54434 26.0072 1.93376
    endloop
  endfacet
  facet normal 0.77751 -0.396165 0.488397
    outer loop
      vertex 5.43086 25.3631 0
      vertex 4.27912 25.3669 1.8366
      vertex 5.36457 25.233 0
    endloop
  endfacet
  facet normal -0.396156 -0.777513 0.488398
    outer loop
      vertex 7.3631 25.6691 0
      vertex 7.3788 26.9174 2
      vertex 7.23301 25.7354 0
    endloop
  endfacet
  facet normal -0.396161 -0.777512 0.488397
    outer loop
      vertex 7.3788 26.9174 2
      vertex 7.3631 25.6691 0
      vertex 8.02926 26.586 2
    endloop
  endfacet
  facet normal -0.617043 0.617029 0.488398
    outer loop
      vertex 7.66914 23.7369 0
      vertex 8.54547 23.0302 2
      vertex 8.58603 23.0707 2
    endloop
  endfacet
  facet normal -0.617036 0.617037 0.488398
    outer loop
      vertex 8.54547 23.0302 2
      vertex 7.66914 23.7369 0
      vertex 7.46634 23.5341 0
    endloop
  endfacet
  facet normal -0.617035 0.617037 0.488398
    outer loop
      vertex 7.46634 23.5341 0
      vertex 8.02926 22.514 2
      vertex 8.54547 23.0302 2
    endloop
  endfacet
  facet normal -0.617041 0.617032 0.488397
    outer loop
      vertex 8.02926 22.514 2
      vertex 7.46634 23.5341 0
      vertex 7.3631 23.4309 0
    endloop
  endfacet
  facet normal -0.396165 0.77751 0.488397
    outer loop
      vertex 7.23301 23.3646 0
      vertex 7.32769 22.1565 2
      vertex 7.3788 22.1825 2
    endloop
  endfacet
  facet normal -0.396163 0.777511 0.488397
    outer loop
      vertex 7.32769 22.1565 2
      vertex 7.23301 23.3646 0
      vertex 6.97747 23.2344 0
    endloop
  endfacet
  facet normal 0.136509 0.861878 0.488397
    outer loop
      vertex 6.40579 23.1895 0
      vertex 6.55 22.0333 2
      vertex 6.55 23.1667 0
    endloop
  endfacet
  facet normal 0.136507 0.861878 0.488398
    outer loop
      vertex 6.55 22.0333 2
      vertex 6.40579 23.1895 0
      vertex 5.82896 22.1475 2
    endloop
  endfacet
  facet normal -0.136507 0.861878 0.488398
    outer loop
      vertex 6.69421 23.1895 0
      vertex 6.55 22.0333 2
      vertex 7.27104 22.1475 2
    endloop
  endfacet
  facet normal -0.136509 0.861878 0.488397
    outer loop
      vertex 6.55 22.0333 2
      vertex 6.69421 23.1895 0
      vertex 6.55 23.1667 0
    endloop
  endfacet
  facet normal 0.136508 0.861878 0.488398
    outer loop
      vertex 6.12253 23.2344 0
      vertex 5.82896 22.1475 2
      vertex 6.40579 23.1895 0
    endloop
  endfacet
  facet normal 0.136525 0.861875 0.488399
    outer loop
      vertex 5.82896 22.1475 2
      vertex 6.12253 23.2344 0
      vertex 5.77231 22.1565 2
    endloop
  endfacet
  facet normal 0.861874 -0.136504 0.488405
    outer loop
      vertex 4.06646 24.7592 2
      vertex 4.22228 25.2297 1.85654
      vertex 4.09065 24.9119 2
    endloop
  endfacet
  facet normal 0.861879 -0.136508 0.488395
    outer loop
      vertex 4.05 24.55 1.97059
      vertex 4.22228 25.2297 1.85654
      vertex 4.06646 24.7592 2
    endloop
  endfacet
  facet normal 0.861878 -0.136507 0.488397
    outer loop
      vertex 4.22228 25.2297 1.85654
      vertex 4.05 24.55 1.97059
      vertex 5.18951 24.6942 0
    endloop
  endfacet
  facet normal 0.861878 -0.136507 0.488397
    outer loop
      vertex 5.18951 24.6942 0
      vertex 4.05 24.55 1.97059
      vertex 5.16667 24.55 0
    endloop
  endfacet
  facet normal 0.861878 0.136507 0.488397
    outer loop
      vertex 4.05 24.55 1.97059
      vertex 5.18951 24.4058 0
      vertex 5.16667 24.55 0
    endloop
  endfacet
  facet normal 0.861878 0.136509 0.488397
    outer loop
      vertex 4.06646 24.3408 2
      vertex 5.18951 24.4058 0
      vertex 4.05 24.55 1.97059
    endloop
  endfacet
  facet normal 0.861878 0.136507 0.488397
    outer loop
      vertex 4.12338 23.9815 2
      vertex 5.18951 24.4058 0
      vertex 4.06646 24.3408 2
    endloop
  endfacet
  facet normal 0.861878 0.136507 0.488397
    outer loop
      vertex 4.13104 23.9496 1.9954
      vertex 5.18951 24.4058 0
      vertex 4.12338 23.9815 2
    endloop
  endfacet
  facet normal 0.861876 0.136508 0.488401
    outer loop
      vertex 4.14753 23.829 2
      vertex 4.13104 23.9496 1.9954
      vertex 4.13337 23.9184 2
    endloop
  endfacet
  facet normal 0.861878 0.136509 0.488398
    outer loop
      vertex 4.13104 23.9496 1.9954
      vertex 4.14753 23.829 2
      vertex 5.18951 24.4058 0
    endloop
  endfacet
  facet normal 0.617039 -0.617037 0.488394
    outer loop
      vertex 4.54434 26.0072 1.93376
      vertex 5.03018 26.5455 2
      vertex 4.58141 26.0967 2
    endloop
  endfacet
  facet normal 0.617037 -0.617036 0.488397
    outer loop
      vertex 4.54434 26.0072 1.93376
      vertex 5.5341 25.4663 0
      vertex 5.03018 26.5455 2
    endloop
  endfacet
  facet normal 0.61704 -0.617032 0.488398
    outer loop
      vertex 5.5341 25.4663 0
      vertex 4.54434 26.0072 1.93376
      vertex 5.43086 25.3631 0
    endloop
  endfacet
  facet normal 0.777512 -0.396159 0.488398
    outer loop
      vertex 4.25026 25.2972 1.82604
      vertex 5.36457 25.233 0
      vertex 4.27912 25.3669 1.8366
    endloop
  endfacet
  facet normal 0.777512 -0.39616 0.488398
    outer loop
      vertex 5.36457 25.233 0
      vertex 4.25026 25.2972 1.82604
      vertex 5.23437 24.9775 0
    endloop
  endfacet
  facet normal -0.861879 0.136499 0.488398
    outer loop
      vertex 7.93333 24.55 0
      vertex 9.05769 24.4933 2
      vertex 9.06667 24.55 2
    endloop
  endfacet
  facet normal -0.861878 0.136508 0.488397
    outer loop
      vertex 9.05769 24.4933 2
      vertex 7.93333 24.55 0
      vertex 7.88847 24.2667 0
    endloop
  endfacet
  facet normal 0.396162 0.777511 0.488397
    outer loop
      vertex 5.86699 23.3646 0
      vertex 5.77231 22.1565 2
      vertex 6.12253 23.2344 0
    endloop
  endfacet
  facet normal 0.396168 0.777509 0.488396
    outer loop
      vertex 5.77231 22.1565 2
      vertex 5.86699 23.3646 0
      vertex 5.7212 22.1825 2
    endloop
  endfacet
  facet normal 0.617025 -0.617046 0.4884
    outer loop
      vertex 5.5341 25.4663 0
      vertex 5.07074 26.586 2
      vertex 5.03018 26.5455 2
    endloop
  endfacet
  facet normal 0.617036 -0.617037 0.488397
    outer loop
      vertex 5.07074 26.586 2
      vertex 5.5341 25.4663 0
      vertex 5.7369 25.6691 0
    endloop
  endfacet
  facet normal 0.396161 -0.777512 0.488397
    outer loop
      vertex 5.7369 25.6691 0
      vertex 5.7212 26.9174 2
      vertex 5.07074 26.586 2
    endloop
  endfacet
  facet normal 0.396158 -0.777513 0.488398
    outer loop
      vertex 5.7212 26.9174 2
      vertex 5.7369 25.6691 0
      vertex 5.86699 25.7354 0
    endloop
  endfacet
  facet normal -0.136509 -0.861878 0.488397
    outer loop
      vertex 6.97747 25.8656 0
      vertex 6.60665 27.0577 2
      vertex 6.83327 25.8885 0
    endloop
  endfacet
  facet normal -0.136509 -0.861878 0.488397
    outer loop
      vertex 6.60665 27.0577 2
      vertex 6.97747 25.8656 0
      vertex 7.32769 26.9435 2
    endloop
  endfacet
  facet normal -0.396163 -0.777511 0.488397
    outer loop
      vertex 7.23301 25.7354 0
      vertex 7.32769 26.9435 2
      vertex 6.97747 25.8656 0
    endloop
  endfacet
  facet normal -0.396165 -0.77751 0.488397
    outer loop
      vertex 7.32769 26.9435 2
      vertex 7.23301 25.7354 0
      vertex 7.3788 26.9174 2
    endloop
  endfacet
  facet normal -0.777512 -0.396161 0.488398
    outer loop
      vertex 7.66914 25.3631 0
      vertex 8.91745 25.3788 2
      vertex 8.58603 26.0293 2
    endloop
  endfacet
  facet normal -0.77751 -0.396165 0.488397
    outer loop
      vertex 8.91745 25.3788 2
      vertex 7.66914 25.3631 0
      vertex 7.73542 25.233 0
    endloop
  endfacet
  facet normal -0.777514 -0.396156 0.488398
    outer loop
      vertex 7.73542 25.233 0
      vertex 8.94349 25.3277 2
      vertex 8.91745 25.3788 2
    endloop
  endfacet
  facet normal -0.777512 -0.39616 0.488397
    outer loop
      vertex 8.94349 25.3277 2
      vertex 7.73542 25.233 0
      vertex 7.86563 24.9775 0
    endloop
  endfacet
  facet normal 0.777512 0.39616 0.488398
    outer loop
      vertex 4.18255 23.7212 2
      vertex 5.43086 23.7369 0
      vertex 5.36457 23.867 0
    endloop
  endfacet
  facet normal 0.777511 0.396162 0.488398
    outer loop
      vertex 5.43086 23.7369 0
      vertex 4.18255 23.7212 2
      vertex 4.51397 23.0707 2
    endloop
  endfacet
  facet normal 0.617037 0.617035 0.488398
    outer loop
      vertex 4.51397 23.0707 2
      vertex 5.7369 23.4309 0
      vertex 5.43086 23.7369 0
    endloop
  endfacet
  facet normal 0.617036 0.617036 0.488397
    outer loop
      vertex 5.7369 23.4309 0
      vertex 4.51397 23.0707 2
      vertex 5.07074 22.514 2
    endloop
  endfacet
  facet normal 0.396158 0.777513 0.488398
    outer loop
      vertex 5.7369 23.4309 0
      vertex 5.7212 22.1825 2
      vertex 5.86699 23.3646 0
    endloop
  endfacet
  facet normal 0.396161 0.777512 0.488397
    outer loop
      vertex 5.7212 22.1825 2
      vertex 5.7369 23.4309 0
      vertex 5.07074 22.514 2
    endloop
  endfacet
  facet normal 0.396168 -0.777509 0.488396
    outer loop
      vertex 5.86699 25.7354 0
      vertex 5.77231 26.9435 2
      vertex 5.7212 26.9174 2
    endloop
  endfacet
  facet normal 0.396162 -0.777511 0.488397
    outer loop
      vertex 5.77231 26.9435 2
      vertex 5.86699 25.7354 0
      vertex 6.12253 25.8656 0
    endloop
  endfacet
  facet normal 0.136509 -0.861878 0.488397
    outer loop
      vertex 6.12253 25.8656 0
      vertex 6.49335 27.0577 2
      vertex 5.77231 26.9435 2
    endloop
  endfacet
  facet normal 0.136509 -0.861878 0.488397
    outer loop
      vertex 6.49335 27.0577 2
      vertex 6.12253 25.8656 0
      vertex 6.26673 25.8885 0
    endloop
  endfacet
  facet normal -0.136496 -0.861879 0.488398
    outer loop
      vertex 6.55 25.9333 0
      vertex 6.60665 27.0577 2
      vertex 6.55 27.0667 2
    endloop
  endfacet
  facet normal -0.136507 -0.861878 0.488398
    outer loop
      vertex 6.60665 27.0577 2
      vertex 6.55 25.9333 0
      vertex 6.83327 25.8885 0
    endloop
  endfacet
  facet normal -0.396162 0.777511 0.488398
    outer loop
      vertex 8.2131 14.1809 0
      vertex 8.2288 12.9325 2
      vertex 8.87926 13.264 2
    endloop
  endfacet
  facet normal -0.396162 0.777511 0.488398
    outer loop
      vertex 8.2288 12.9325 2
      vertex 8.2131 14.1809 0
      vertex 8.08301 14.1146 0
    endloop
  endfacet
  facet normal -0.861878 -0.136504 0.488398
    outer loop
      vertex 9.91667 15.3 2
      vertex 8.76049 15.4442 0
      vertex 8.78333 15.3 0
    endloop
  endfacet
  facet normal -0.861878 -0.136508 0.488397
    outer loop
      vertex 8.76049 15.4442 0
      vertex 9.91667 15.3 2
      vertex 9.80246 16.021 2
    endloop
  endfacet
  facet normal -0.861878 -0.136508 0.488397
    outer loop
      vertex 8.71563 15.7275 0
      vertex 9.80246 16.021 2
      vertex 9.79349 16.0777 2
    endloop
  endfacet
  facet normal -0.861878 -0.13651 0.488397
    outer loop
      vertex 9.80246 16.021 2
      vertex 8.71563 15.7275 0
      vertex 8.76049 15.4442 0
    endloop
  endfacet
  facet normal -0.861877 0.13651 0.488398
    outer loop
      vertex 8.71563 14.8725 0
      vertex 9.80246 14.579 2
      vertex 8.76049 15.1558 0
    endloop
  endfacet
  facet normal -0.861877 0.13651 0.488398
    outer loop
      vertex 9.80246 14.579 2
      vertex 8.71563 14.8725 0
      vertex 9.79349 14.5223 2
    endloop
  endfacet
  facet normal 0.777511 0.396162 0.488397
    outer loop
      vertex 5.00651 14.5223 2
      vertex 6.15066 14.7424 0
      vertex 6.08437 14.8725 0
    endloop
  endfacet
  facet normal 0.777511 0.396162 0.488397
    outer loop
      vertex 6.15066 14.7424 0
      vertex 5.00651 14.5223 2
      vertex 5.33793 13.8718 2
    endloop
  endfacet
  facet normal 0.396161 -0.777512 0.488397
    outer loop
      vertex 6.84243 16.5493 0
      vertex 6.62231 17.6935 2
      vertex 5.97185 17.3621 2
    endloop
  endfacet
  facet normal 0.396158 -0.777513 0.488398
    outer loop
      vertex 6.62231 17.6935 2
      vertex 6.84243 16.5493 0
      vertex 6.97253 16.6156 0
    endloop
  endfacet
  facet normal -0.777511 0.396162 0.488398
    outer loop
      vertex 8.51914 14.4869 0
      vertex 9.76745 14.4712 2
      vertex 8.58542 14.617 0
    endloop
  endfacet
  facet normal -0.777511 0.396162 0.488398
    outer loop
      vertex 9.76745 14.4712 2
      vertex 8.51914 14.4869 0
      vertex 9.43603 13.8207 2
    endloop
  endfacet
  facet normal -0.861878 0.136504 0.488398
    outer loop
      vertex 8.76049 15.1558 0
      vertex 9.91667 15.3 2
      vertex 8.78333 15.3 0
    endloop
  endfacet
  facet normal -0.861878 0.136508 0.488397
    outer loop
      vertex 9.91667 15.3 2
      vertex 8.76049 15.1558 0
      vertex 9.80246 14.579 2
    endloop
  endfacet
  facet normal -0.13651 0.861877 0.488398
    outer loop
      vertex 7.82747 13.9844 0
      vertex 8.12104 12.8975 2
      vertex 8.17769 12.9065 2
    endloop
  endfacet
  facet normal -0.136508 0.861878 0.488397
    outer loop
      vertex 8.12104 12.8975 2
      vertex 7.82747 13.9844 0
      vertex 7.54421 13.9395 0
    endloop
  endfacet
  facet normal 0.861878 -0.136508 0.488397
    outer loop
      vertex 4.89231 15.3567 2
      vertex 6.08437 15.7275 0
      vertex 5.00651 16.0777 2
    endloop
  endfacet
  facet normal 0.861878 -0.136509 0.488397
    outer loop
      vertex 6.08437 15.7275 0
      vertex 4.89231 15.3567 2
      vertex 6.06153 15.5833 0
    endloop
  endfacet
  facet normal -0.617036 0.617036 0.488398
    outer loop
      vertex 8.2131 14.1809 0
      vertex 9.43603 13.8207 2
      vertex 8.51914 14.4869 0
    endloop
  endfacet
  facet normal -0.617036 0.617036 0.488398
    outer loop
      vertex 9.43603 13.8207 2
      vertex 8.2131 14.1809 0
      vertex 8.87926 13.264 2
    endloop
  endfacet
  facet normal -0.396156 0.777513 0.488399
    outer loop
      vertex 8.08301 14.1146 0
      vertex 8.17769 12.9065 2
      vertex 8.2288 12.9325 2
    endloop
  endfacet
  facet normal -0.396162 0.777511 0.488397
    outer loop
      vertex 8.17769 12.9065 2
      vertex 8.08301 14.1146 0
      vertex 7.82747 13.9844 0
    endloop
  endfacet
  facet normal 0.136507 0.861878 0.488397
    outer loop
      vertex 6.97253 13.9844 0
      vertex 6.67896 12.8975 2
      vertex 7.25579 13.9395 0
    endloop
  endfacet
  facet normal 0.13651 0.861877 0.488397
    outer loop
      vertex 6.67896 12.8975 2
      vertex 6.97253 13.9844 0
      vertex 6.62231 12.9065 2
    endloop
  endfacet
  facet normal 0.136509 0.861878 0.488397
    outer loop
      vertex 7.25579 13.9395 0
      vertex 7.4 12.7833 2
      vertex 7.4 13.9167 0
    endloop
  endfacet
  facet normal 0.136508 0.861878 0.488397
    outer loop
      vertex 7.4 12.7833 2
      vertex 7.25579 13.9395 0
      vertex 6.67896 12.8975 2
    endloop
  endfacet
  facet normal -0.136508 0.861878 0.488397
    outer loop
      vertex 7.54421 13.9395 0
      vertex 7.4 12.7833 2
      vertex 8.12104 12.8975 2
    endloop
  endfacet
  facet normal -0.136509 0.861878 0.488397
    outer loop
      vertex 7.4 12.7833 2
      vertex 7.54421 13.9395 0
      vertex 7.4 13.9167 0
    endloop
  endfacet
  facet normal -0.396158 -0.777513 0.488398
    outer loop
      vertex 8.2131 16.4191 0
      vertex 8.2288 17.6674 2
      vertex 8.08301 16.4854 0
    endloop
  endfacet
  facet normal -0.396161 -0.777512 0.488397
    outer loop
      vertex 8.2288 17.6674 2
      vertex 8.2131 16.4191 0
      vertex 8.87926 17.336 2
    endloop
  endfacet
  facet normal 0.861878 0.136511 0.488397
    outer loop
      vertex 4.89231 15.2433 2
      vertex 6.01667 15.3 0
      vertex 4.88333 15.3 2
    endloop
  endfacet
  facet normal 0.861878 0.136508 0.488397
    outer loop
      vertex 6.01667 15.3 0
      vertex 4.89231 15.2433 2
      vertex 6.06153 15.0167 0
    endloop
  endfacet
  facet normal 0.861878 0.136509 0.488397
    outer loop
      vertex 4.89231 15.2433 2
      vertex 6.08437 14.8725 0
      vertex 6.06153 15.0167 0
    endloop
  endfacet
  facet normal 0.861878 0.136508 0.488397
    outer loop
      vertex 6.08437 14.8725 0
      vertex 4.89231 15.2433 2
      vertex 5.00651 14.5223 2
    endloop
  endfacet
  facet normal -0.777511 0.396162 0.488397
    outer loop
      vertex 8.58542 14.617 0
      vertex 9.79349 14.5223 2
      vertex 8.71563 14.8725 0
    endloop
  endfacet
  facet normal -0.777513 0.396156 0.488399
    outer loop
      vertex 9.79349 14.5223 2
      vertex 8.58542 14.617 0
      vertex 9.76745 14.4712 2
    endloop
  endfacet
  facet normal 0.396163 0.77751 0.488398
    outer loop
      vertex 6.5869 14.1809 0
      vertex 5.97185 13.2379 2
      vertex 6.84243 14.0507 0
    endloop
  endfacet
  facet normal 0.396156 0.777514 0.488397
    outer loop
      vertex 5.97185 13.2379 2
      vertex 6.5869 14.1809 0
      vertex 5.92074 13.264 2
    endloop
  endfacet
  facet normal 0.396162 0.777511 0.488397
    outer loop
      vertex 6.84243 14.0507 0
      vertex 6.62231 12.9065 2
      vertex 6.97253 13.9844 0
    endloop
  endfacet
  facet normal 0.396162 0.777511 0.488397
    outer loop
      vertex 6.62231 12.9065 2
      vertex 6.84243 14.0507 0
      vertex 5.97185 13.2379 2
    endloop
  endfacet
  facet normal 0.617036 0.617036 0.488398
    outer loop
      vertex 5.36397 13.8207 2
      vertex 6.5869 14.1809 0
      vertex 6.28086 14.4869 0
    endloop
  endfacet
  facet normal 0.617036 0.617036 0.488398
    outer loop
      vertex 6.5869 14.1809 0
      vertex 5.36397 13.8207 2
      vertex 5.92074 13.264 2
    endloop
  endfacet
  facet normal 0.77751 0.396163 0.488398
    outer loop
      vertex 5.33793 13.8718 2
      vertex 6.28086 14.4869 0
      vertex 6.15066 14.7424 0
    endloop
  endfacet
  facet normal 0.777511 0.396162 0.488398
    outer loop
      vertex 6.28086 14.4869 0
      vertex 5.33793 13.8718 2
      vertex 5.36397 13.8207 2
    endloop
  endfacet
  facet normal -0.617035 -0.617038 0.488398
    outer loop
      vertex 8.4159 16.2163 0
      vertex 8.87926 17.336 2
      vertex 8.2131 16.4191 0
    endloop
  endfacet
  facet normal -0.617029 -0.617043 0.488399
    outer loop
      vertex 8.87926 17.336 2
      vertex 8.4159 16.2163 0
      vertex 8.91982 17.2955 2
    endloop
  endfacet
  facet normal -0.136509 -0.861878 0.488397
    outer loop
      vertex 7.82747 16.6156 0
      vertex 7.45665 17.8077 2
      vertex 7.68326 16.6385 0
    endloop
  endfacet
  facet normal -0.136509 -0.861878 0.488397
    outer loop
      vertex 7.45665 17.8077 2
      vertex 7.82747 16.6156 0
      vertex 8.17769 17.6935 2
    endloop
  endfacet
  facet normal 0.136509 -0.861878 0.488397
    outer loop
      vertex 6.97253 16.6156 0
      vertex 7.34335 17.8077 2
      vertex 6.62231 17.6935 2
    endloop
  endfacet
  facet normal 0.136509 -0.861878 0.488397
    outer loop
      vertex 7.34335 17.8077 2
      vertex 6.97253 16.6156 0
      vertex 7.11673 16.6385 0
    endloop
  endfacet
  facet normal 0.617025 -0.617046 0.4884
    outer loop
      vertex 6.3841 16.2163 0
      vertex 5.92074 17.336 2
      vertex 5.88018 17.2955 2
    endloop
  endfacet
  facet normal 0.617036 -0.617037 0.488397
    outer loop
      vertex 5.92074 17.336 2
      vertex 6.3841 16.2163 0
      vertex 6.5869 16.4191 0
    endloop
  endfacet
  facet normal 0.777511 -0.396162 0.488397
    outer loop
      vertex 5.00651 16.0777 2
      vertex 6.15066 15.8576 0
      vertex 5.33793 16.7282 2
    endloop
  endfacet
  facet normal 0.777511 -0.396162 0.488397
    outer loop
      vertex 6.15066 15.8576 0
      vertex 5.00651 16.0777 2
      vertex 6.08437 15.7275 0
    endloop
  endfacet
  facet normal 0.396168 -0.777508 0.488398
    outer loop
      vertex 6.5869 16.4191 0
      vertex 5.97185 17.3621 2
      vertex 5.92074 17.336 2
    endloop
  endfacet
  facet normal 0.396163 -0.77751 0.488398
    outer loop
      vertex 5.97185 17.3621 2
      vertex 6.5869 16.4191 0
      vertex 6.84243 16.5493 0
    endloop
  endfacet
  facet normal 0.861878 -0.136511 0.488397
    outer loop
      vertex 6.01667 15.3 0
      vertex 4.89231 15.3567 2
      vertex 4.88333 15.3 2
    endloop
  endfacet
  facet normal 0.861878 -0.136507 0.488397
    outer loop
      vertex 4.89231 15.3567 2
      vertex 6.01667 15.3 0
      vertex 6.06153 15.5833 0
    endloop
  endfacet
  facet normal -0.617037 -0.617036 0.488397
    outer loop
      vertex 8.4159 16.2163 0
      vertex 9.43603 16.7793 2
      vertex 8.91982 17.2955 2
    endloop
  endfacet
  facet normal -0.617042 -0.61703 0.488398
    outer loop
      vertex 9.43603 16.7793 2
      vertex 8.4159 16.2163 0
      vertex 8.51914 16.1131 0
    endloop
  endfacet
  facet normal 0.136507 -0.861878 0.488398
    outer loop
      vertex 7.4 16.6833 0
      vertex 7.34335 17.8077 2
      vertex 7.11673 16.6385 0
    endloop
  endfacet
  facet normal 0.136496 -0.861879 0.488398
    outer loop
      vertex 7.34335 17.8077 2
      vertex 7.4 16.6833 0
      vertex 7.4 17.8167 2
    endloop
  endfacet
  facet normal 0.777511 -0.396162 0.488398
    outer loop
      vertex 5.33793 16.7282 2
      vertex 6.28086 16.1131 0
      vertex 5.36397 16.7793 2
    endloop
  endfacet
  facet normal 0.77751 -0.396164 0.488398
    outer loop
      vertex 6.28086 16.1131 0
      vertex 5.33793 16.7282 2
      vertex 6.15066 15.8576 0
    endloop
  endfacet
  facet normal 0.617037 -0.617036 0.488397
    outer loop
      vertex 5.36397 16.7793 2
      vertex 6.3841 16.2163 0
      vertex 5.88018 17.2955 2
    endloop
  endfacet
  facet normal 0.61704 -0.617032 0.488398
    outer loop
      vertex 6.3841 16.2163 0
      vertex 5.36397 16.7793 2
      vertex 6.28086 16.1131 0
    endloop
  endfacet
  facet normal -0.777511 -0.396162 0.488398
    outer loop
      vertex 8.51914 16.1131 0
      vertex 9.76745 16.1288 2
      vertex 9.43603 16.7793 2
    endloop
  endfacet
  facet normal -0.77751 -0.396165 0.488397
    outer loop
      vertex 9.76745 16.1288 2
      vertex 8.51914 16.1131 0
      vertex 8.58542 15.983 0
    endloop
  endfacet
  facet normal -0.777514 -0.396156 0.488398
    outer loop
      vertex 8.58542 15.983 0
      vertex 9.79349 16.0777 2
      vertex 9.76745 16.1288 2
    endloop
  endfacet
  facet normal -0.777511 -0.396162 0.488397
    outer loop
      vertex 9.79349 16.0777 2
      vertex 8.58542 15.983 0
      vertex 8.71563 15.7275 0
    endloop
  endfacet
  facet normal -0.396162 -0.777511 0.488397
    outer loop
      vertex 8.08301 16.4854 0
      vertex 8.17769 17.6935 2
      vertex 7.82747 16.6156 0
    endloop
  endfacet
  facet normal -0.396168 -0.777509 0.488396
    outer loop
      vertex 8.17769 17.6935 2
      vertex 8.08301 16.4854 0
      vertex 8.2288 17.6674 2
    endloop
  endfacet
  facet normal -0.136496 -0.861879 0.488398
    outer loop
      vertex 7.4 16.6833 0
      vertex 7.45665 17.8077 2
      vertex 7.4 17.8167 2
    endloop
  endfacet
  facet normal -0.136508 -0.861878 0.488398
    outer loop
      vertex 7.45665 17.8077 2
      vertex 7.4 16.6833 0
      vertex 7.68326 16.6385 0
    endloop
  endfacet
  facet normal -0.861878 -0.136511 0.488397
    outer loop
      vertex 11.8333 7.9 0
      vertex 12.9577 7.95665 2
      vertex 11.7885 8.18326 0
    endloop
  endfacet
  facet normal -0.861878 -0.136511 0.488397
    outer loop
      vertex 12.9577 7.95665 2
      vertex 11.8333 7.9 0
      vertex 12.9667 7.9 2
    endloop
  endfacet
  facet normal 0.861878 0.136511 0.488397
    outer loop
      vertex 7.94231 7.84335 2
      vertex 9.06667 7.9 0
      vertex 7.93333 7.9 2
    endloop
  endfacet
  facet normal 0.861878 0.13651 0.488397
    outer loop
      vertex 9.06667 7.9 0
      vertex 7.94231 7.84335 2
      vertex 9.11153 7.61673 0
    endloop
  endfacet
  facet normal -0.861878 0.136504 0.488398
    outer loop
      vertex 11.7656 7.47253 0
      vertex 12.9577 7.84335 2
      vertex 11.7885 7.61673 0
    endloop
  endfacet
  facet normal -0.861878 0.136508 0.488397
    outer loop
      vertex 12.9577 7.84335 2
      vertex 11.7656 7.47253 0
      vertex 12.8435 7.12231 2
    endloop
  endfacet
  facet normal -0.396162 0.777511 0.488398
    outer loop
      vertex 11.2631 6.78086 0
      vertex 11.8782 5.83793 2
      vertex 11.9293 5.86397 2
    endloop
  endfacet
  facet normal -0.396163 0.77751 0.488398
    outer loop
      vertex 11.8782 5.83793 2
      vertex 11.2631 6.78086 0
      vertex 11.0076 6.65066 0
    endloop
  endfacet
  facet normal 0.136508 -0.861878 0.488397
    outer loop
      vertex 10.3058 9.26049 0
      vertex 10.45 10.4167 2
      vertex 9.72896 10.3025 2
    endloop
  endfacet
  facet normal 0.136504 -0.861878 0.488398
    outer loop
      vertex 10.45 10.4167 2
      vertex 10.3058 9.26049 0
      vertex 10.45 9.28333 0
    endloop
  endfacet
  facet normal -0.861878 -0.136504 0.488398
    outer loop
      vertex 12.9577 7.95665 2
      vertex 11.7656 8.32747 0
      vertex 11.7885 8.18326 0
    endloop
  endfacet
  facet normal -0.861878 -0.136508 0.488397
    outer loop
      vertex 11.7656 8.32747 0
      vertex 12.9577 7.95665 2
      vertex 12.8435 8.67769 2
    endloop
  endfacet
  facet normal -0.77751 0.396163 0.488398
    outer loop
      vertex 11.5691 7.0869 0
      vertex 12.5121 6.47185 2
      vertex 11.6993 7.34243 0
    endloop
  endfacet
  facet normal -0.777514 0.396156 0.488397
    outer loop
      vertex 12.5121 6.47185 2
      vertex 11.5691 7.0869 0
      vertex 12.486 6.42074 2
    endloop
  endfacet
  facet normal -0.136508 0.861878 0.488397
    outer loop
      vertex 10.45 6.51667 0
      vertex 10.5067 5.39231 2
      vertex 10.7333 6.56153 0
    endloop
  endfacet
  facet normal -0.136511 0.861878 0.488397
    outer loop
      vertex 10.5067 5.39231 2
      vertex 10.45 6.51667 0
      vertex 10.45 5.38333 2
    endloop
  endfacet
  facet normal 0.136509 0.861878 0.488397
    outer loop
      vertex 10.0225 6.58437 0
      vertex 10.3933 5.39231 2
      vertex 10.1667 6.56153 0
    endloop
  endfacet
  facet normal 0.136508 0.861878 0.488397
    outer loop
      vertex 10.3933 5.39231 2
      vertex 10.0225 6.58437 0
      vertex 9.67231 5.50651 2
    endloop
  endfacet
  facet normal 0.77751 0.396163 0.488398
    outer loop
      vertex 8.38793 6.47185 2
      vertex 9.33086 7.0869 0
      vertex 9.20066 7.34243 0
    endloop
  endfacet
  facet normal 0.777514 0.396156 0.488397
    outer loop
      vertex 9.33086 7.0869 0
      vertex 8.38793 6.47185 2
      vertex 8.41397 6.42074 2
    endloop
  endfacet
  facet normal 0.617036 0.617037 0.488397
    outer loop
      vertex 9.33086 7.0869 0
      vertex 8.45453 6.38018 2
      vertex 9.53366 6.8841 0
    endloop
  endfacet
  facet normal 0.617033 0.61704 0.488397
    outer loop
      vertex 8.45453 6.38018 2
      vertex 9.33086 7.0869 0
      vertex 8.41397 6.42074 2
    endloop
  endfacet
  facet normal 0.777512 -0.396161 0.488398
    outer loop
      vertex 8.08255 8.7288 2
      vertex 9.33086 8.7131 0
      vertex 8.41397 9.37926 2
    endloop
  endfacet
  facet normal 0.777511 -0.396162 0.488397
    outer loop
      vertex 9.33086 8.7131 0
      vertex 8.08255 8.7288 2
      vertex 9.26457 8.58301 0
    endloop
  endfacet
  facet normal 0.777509 -0.396168 0.488396
    outer loop
      vertex 8.05651 8.67769 2
      vertex 9.26457 8.58301 0
      vertex 8.08255 8.7288 2
    endloop
  endfacet
  facet normal 0.777511 -0.396162 0.488397
    outer loop
      vertex 9.26457 8.58301 0
      vertex 8.05651 8.67769 2
      vertex 9.13437 8.32747 0
    endloop
  endfacet
  facet normal 0.861878 -0.136508 0.488397
    outer loop
      vertex 7.94231 7.95665 2
      vertex 9.13437 8.32747 0
      vertex 8.05651 8.67769 2
    endloop
  endfacet
  facet normal 0.861878 -0.136504 0.488398
    outer loop
      vertex 9.13437 8.32747 0
      vertex 7.94231 7.95665 2
      vertex 9.11153 8.18326 0
    endloop
  endfacet
  facet normal -0.617036 -0.617036 0.488398
    outer loop
      vertex 11.2631 9.01914 0
      vertex 12.486 9.37926 2
      vertex 11.9293 9.93603 2
    endloop
  endfacet
  facet normal -0.617036 -0.617036 0.488398
    outer loop
      vertex 12.486 9.37926 2
      vertex 11.2631 9.01914 0
      vertex 11.5691 8.7131 0
    endloop
  endfacet
  facet normal -0.136504 -0.861878 0.488398
    outer loop
      vertex 10.5942 9.26049 0
      vertex 10.45 10.4167 2
      vertex 10.45 9.28333 0
    endloop
  endfacet
  facet normal -0.136508 -0.861878 0.488397
    outer loop
      vertex 10.45 10.4167 2
      vertex 10.5942 9.26049 0
      vertex 11.171 10.3025 2
    endloop
  endfacet
  facet normal -0.777511 -0.396162 0.488398
    outer loop
      vertex 11.5691 8.7131 0
      vertex 12.8175 8.7288 2
      vertex 12.486 9.37926 2
    endloop
  endfacet
  facet normal -0.777511 -0.396162 0.488398
    outer loop
      vertex 12.8175 8.7288 2
      vertex 11.5691 8.7131 0
      vertex 11.6354 8.58301 0
    endloop
  endfacet
  facet normal -0.777513 -0.396156 0.488399
    outer loop
      vertex 11.6354 8.58301 0
      vertex 12.8435 8.67769 2
      vertex 12.8175 8.7288 2
    endloop
  endfacet
  facet normal -0.777511 -0.396162 0.488397
    outer loop
      vertex 12.8435 8.67769 2
      vertex 11.6354 8.58301 0
      vertex 11.7656 8.32747 0
    endloop
  endfacet
  facet normal -0.861878 0.136511 0.488397
    outer loop
      vertex 11.8333 7.9 0
      vertex 12.9577 7.84335 2
      vertex 12.9667 7.9 2
    endloop
  endfacet
  facet normal -0.861878 0.13651 0.488397
    outer loop
      vertex 12.9577 7.84335 2
      vertex 11.8333 7.9 0
      vertex 11.7885 7.61673 0
    endloop
  endfacet
  facet normal -0.777511 0.396162 0.488397
    outer loop
      vertex 11.6993 7.34243 0
      vertex 12.8435 7.12231 2
      vertex 11.7656 7.47253 0
    endloop
  endfacet
  facet normal -0.777511 0.396162 0.488397
    outer loop
      vertex 12.8435 7.12231 2
      vertex 11.6993 7.34243 0
      vertex 12.5121 6.47185 2
    endloop
  endfacet
  facet normal -0.396162 0.777511 0.488397
    outer loop
      vertex 11.0076 6.65066 0
      vertex 11.2277 5.50651 2
      vertex 11.8782 5.83793 2
    endloop
  endfacet
  facet normal -0.396162 0.777511 0.488397
    outer loop
      vertex 11.2277 5.50651 2
      vertex 11.0076 6.65066 0
      vertex 10.8775 6.58437 0
    endloop
  endfacet
  facet normal -0.136508 0.861878 0.488397
    outer loop
      vertex 10.8775 6.58437 0
      vertex 10.5067 5.39231 2
      vertex 11.2277 5.50651 2
    endloop
  endfacet
  facet normal -0.136509 0.861878 0.488397
    outer loop
      vertex 10.5067 5.39231 2
      vertex 10.8775 6.58437 0
      vertex 10.7333 6.56153 0
    endloop
  endfacet
  facet normal 0.777511 0.396162 0.488397
    outer loop
      vertex 8.05651 7.12231 2
      vertex 9.20066 7.34243 0
      vertex 9.13437 7.47253 0
    endloop
  endfacet
  facet normal 0.777511 0.396162 0.488397
    outer loop
      vertex 9.20066 7.34243 0
      vertex 8.05651 7.12231 2
      vertex 8.38793 6.47185 2
    endloop
  endfacet
  facet normal 0.861878 0.136504 0.488398
    outer loop
      vertex 7.94231 7.84335 2
      vertex 9.13437 7.47253 0
      vertex 9.11153 7.61673 0
    endloop
  endfacet
  facet normal 0.861878 0.136508 0.488397
    outer loop
      vertex 9.13437 7.47253 0
      vertex 7.94231 7.84335 2
      vertex 8.05651 7.12231 2
    endloop
  endfacet
  facet normal 0.396162 0.777511 0.488397
    outer loop
      vertex 9.89243 6.65066 0
      vertex 9.67231 5.50651 2
      vertex 10.0225 6.58437 0
    endloop
  endfacet
  facet normal 0.396162 0.777511 0.488397
    outer loop
      vertex 9.67231 5.50651 2
      vertex 9.89243 6.65066 0
      vertex 9.02185 5.83793 2
    endloop
  endfacet
  facet normal 0.61703 -0.617044 0.488396
    outer loop
      vertex 8.41397 9.37926 2
      vertex 9.53366 8.9159 0
      vertex 8.45453 9.41982 2
    endloop
  endfacet
  facet normal 0.617036 -0.617036 0.488398
    outer loop
      vertex 9.53366 8.9159 0
      vertex 8.41397 9.37926 2
      vertex 9.33086 8.7131 0
    endloop
  endfacet
  facet normal -0.13651 -0.861877 0.488398
    outer loop
      vertex 10.8775 9.21563 0
      vertex 11.171 10.3025 2
      vertex 10.5942 9.26049 0
    endloop
  endfacet
  facet normal -0.13651 -0.861877 0.488398
    outer loop
      vertex 11.171 10.3025 2
      vertex 10.8775 9.21563 0
      vertex 11.2277 10.2935 2
    endloop
  endfacet
  facet normal -0.617036 0.617036 0.488398
    outer loop
      vertex 11.2631 6.78086 0
      vertex 12.486 6.42074 2
      vertex 11.5691 7.0869 0
    endloop
  endfacet
  facet normal -0.617036 0.617036 0.488398
    outer loop
      vertex 12.486 6.42074 2
      vertex 11.2631 6.78086 0
      vertex 11.9293 5.86397 2
    endloop
  endfacet
  facet normal 0.136511 0.861878 0.488397
    outer loop
      vertex 10.45 6.51667 0
      vertex 10.3933 5.39231 2
      vertex 10.45 5.38333 2
    endloop
  endfacet
  facet normal 0.136507 0.861878 0.488397
    outer loop
      vertex 10.3933 5.39231 2
      vertex 10.45 6.51667 0
      vertex 10.1667 6.56153 0
    endloop
  endfacet
  facet normal 0.396156 -0.777514 0.488398
    outer loop
      vertex 9.76699 9.08542 0
      vertex 9.67231 10.2935 2
      vertex 9.6212 10.2675 2
    endloop
  endfacet
  facet normal 0.396162 -0.777511 0.488397
    outer loop
      vertex 9.67231 10.2935 2
      vertex 9.76699 9.08542 0
      vertex 10.0225 9.21563 0
    endloop
  endfacet
  facet normal 0.13651 -0.861877 0.488397
    outer loop
      vertex 10.0225 9.21563 0
      vertex 9.72896 10.3025 2
      vertex 9.67231 10.2935 2
    endloop
  endfacet
  facet normal 0.13651 -0.861878 0.488397
    outer loop
      vertex 9.72896 10.3025 2
      vertex 10.0225 9.21563 0
      vertex 10.3058 9.26049 0
    endloop
  endfacet
  facet normal 0.396162 -0.777511 0.488397
    outer loop
      vertex 9.6369 9.01914 0
      vertex 9.6212 10.2675 2
      vertex 8.97074 9.93603 2
    endloop
  endfacet
  facet normal 0.396162 -0.777511 0.488397
    outer loop
      vertex 9.6212 10.2675 2
      vertex 9.6369 9.01914 0
      vertex 9.76699 9.08542 0
    endloop
  endfacet
  facet normal 0.617036 -0.617036 0.488397
    outer loop
      vertex 8.45453 9.41982 2
      vertex 9.6369 9.01914 0
      vertex 8.97074 9.93603 2
    endloop
  endfacet
  facet normal 0.617036 -0.617036 0.488397
    outer loop
      vertex 9.6369 9.01914 0
      vertex 8.45453 9.41982 2
      vertex 9.53366 8.9159 0
    endloop
  endfacet
  facet normal 0.861878 -0.136511 0.488397
    outer loop
      vertex 9.06667 7.9 0
      vertex 7.94231 7.95665 2
      vertex 7.93333 7.9 2
    endloop
  endfacet
  facet normal 0.861878 -0.136511 0.488397
    outer loop
      vertex 7.94231 7.95665 2
      vertex 9.06667 7.9 0
      vertex 9.11153 8.18326 0
    endloop
  endfacet
  facet normal -0.396162 -0.777511 0.488397
    outer loop
      vertex 11.133 9.08542 0
      vertex 11.2277 10.2935 2
      vertex 10.8775 9.21563 0
    endloop
  endfacet
  facet normal -0.396156 -0.777513 0.488399
    outer loop
      vertex 11.2277 10.2935 2
      vertex 11.133 9.08542 0
      vertex 11.2788 10.2675 2
    endloop
  endfacet
  facet normal -0.396162 -0.777511 0.488398
    outer loop
      vertex 11.2631 9.01914 0
      vertex 11.2788 10.2675 2
      vertex 11.133 9.08542 0
    endloop
  endfacet
  facet normal -0.396162 -0.777511 0.488398
    outer loop
      vertex 11.2788 10.2675 2
      vertex 11.2631 9.01914 0
      vertex 11.9293 9.93603 2
    endloop
  endfacet
  facet normal 0.396163 0.77751 0.488398
    outer loop
      vertex 9.6369 6.78086 0
      vertex 9.02185 5.83793 2
      vertex 9.89243 6.65066 0
    endloop
  endfacet
  facet normal 0.396162 0.777511 0.488397
    outer loop
      vertex 9.02185 5.83793 2
      vertex 9.6369 6.78086 0
      vertex 8.97074 5.86397 2
    endloop
  endfacet
  facet normal 0.617038 0.617035 0.488397
    outer loop
      vertex 9.53366 6.8841 0
      vertex 8.97074 5.86397 2
      vertex 9.6369 6.78086 0
    endloop
  endfacet
  facet normal 0.617036 0.617037 0.488398
    outer loop
      vertex 8.97074 5.86397 2
      vertex 9.53366 6.8841 0
      vertex 8.45453 6.38018 2
    endloop
  endfacet
  facet normal -0.861878 -0.136507 0.488397
    outer loop
      vertex 23.8133 4.1 0
      vertex 24.9377 4.15665 2
      vertex 23.7685 4.38327 0
    endloop
  endfacet
  facet normal -0.861876 -0.136525 0.488396
    outer loop
      vertex 24.9377 4.15665 2
      vertex 23.8133 4.1 0
      vertex 24.9467 4.1 2
    endloop
  endfacet
  facet normal -0.136508 0.861878 0.488397
    outer loop
      vertex 22.5742 2.73951 0
      vertex 22.43 1.58333 2
      vertex 23.151 1.69753 2
    endloop
  endfacet
  facet normal -0.136509 0.861878 0.488397
    outer loop
      vertex 22.43 1.58333 2
      vertex 22.5742 2.73951 0
      vertex 22.43 2.71667 0
    endloop
  endfacet
  facet normal -0.861878 0.136509 0.488397
    outer loop
      vertex 23.7456 3.67253 0
      vertex 24.9377 4.04335 2
      vertex 23.7685 3.81673 0
    endloop
  endfacet
  facet normal -0.861878 0.136507 0.488397
    outer loop
      vertex 24.9377 4.04335 2
      vertex 23.7456 3.67253 0
      vertex 24.8235 3.32231 2
    endloop
  endfacet
  facet normal -0.777511 -0.396163 0.488397
    outer loop
      vertex 23.6793 4.65757 0
      vertex 24.8235 4.87769 2
      vertex 24.4921 5.52815 2
    endloop
  endfacet
  facet normal -0.777509 -0.396167 0.488397
    outer loop
      vertex 24.8235 4.87769 2
      vertex 23.6793 4.65757 0
      vertex 23.7456 4.52747 0
    endloop
  endfacet
  facet normal 0.861876 0.136525 0.488397
    outer loop
      vertex 19.9223 4.04335 2
      vertex 21.0467 4.1 0
      vertex 19.9133 4.1 2
    endloop
  endfacet
  facet normal 0.861878 0.136508 0.488398
    outer loop
      vertex 21.0467 4.1 0
      vertex 19.9223 4.04335 2
      vertex 21.0915 3.81673 0
    endloop
  endfacet
  facet normal -0.136513 -0.861877 0.488397
    outer loop
      vertex 22.43 5.48333 0
      vertex 22.4867 6.60769 2
      vertex 22.43 6.61667 2
    endloop
  endfacet
  facet normal -0.136508 -0.861878 0.488397
    outer loop
      vertex 22.4867 6.60769 2
      vertex 22.43 5.48333 0
      vertex 22.7133 5.43847 0
    endloop
  endfacet
  facet normal -0.861878 -0.136509 0.488397
    outer loop
      vertex 24.9377 4.15665 2
      vertex 23.7456 4.52747 0
      vertex 23.7685 4.38327 0
    endloop
  endfacet
  facet normal -0.861878 -0.136507 0.488397
    outer loop
      vertex 23.7456 4.52747 0
      vertex 24.9377 4.15665 2
      vertex 24.8235 4.87769 2
    endloop
  endfacet
  facet normal -0.617036 0.617037 0.488397
    outer loop
      vertex 23.5491 3.2869 0
      vertex 23.9498 2.10453 2
      vertex 24.466 2.62074 2
    endloop
  endfacet
  facet normal -0.617032 0.61704 0.488398
    outer loop
      vertex 23.9498 2.10453 2
      vertex 23.5491 3.2869 0
      vertex 23.4459 3.18366 0
    endloop
  endfacet
  facet normal -0.777511 0.396162 0.488397
    outer loop
      vertex 23.6154 3.41699 0
      vertex 24.8235 3.32231 2
      vertex 23.7456 3.67253 0
    endloop
  endfacet
  facet normal -0.777509 0.396167 0.488397
    outer loop
      vertex 24.8235 3.32231 2
      vertex 23.6154 3.41699 0
      vertex 24.7975 3.2712 2
    endloop
  endfacet
  facet normal -0.396163 0.777511 0.488398
    outer loop
      vertex 22.9876 2.85066 0
      vertex 23.2077 1.70651 2
      vertex 23.8582 2.03793 2
    endloop
  endfacet
  facet normal -0.396165 0.77751 0.488397
    outer loop
      vertex 23.2077 1.70651 2
      vertex 22.9876 2.85066 0
      vertex 22.8575 2.78437 0
    endloop
  endfacet
  facet normal -0.136508 0.861878 0.488398
    outer loop
      vertex 22.8575 2.78437 0
      vertex 23.151 1.69753 2
      vertex 23.2077 1.70651 2
    endloop
  endfacet
  facet normal -0.13651 0.861877 0.488398
    outer loop
      vertex 23.151 1.69753 2
      vertex 22.8575 2.78437 0
      vertex 22.5742 2.73951 0
    endloop
  endfacet
  facet normal 0.777509 0.396167 0.488397
    outer loop
      vertex 20.0625 3.2712 2
      vertex 21.3109 3.2869 0
      vertex 21.2446 3.41699 0
    endloop
  endfacet
  facet normal 0.777511 0.396163 0.488397
    outer loop
      vertex 21.3109 3.2869 0
      vertex 20.0625 3.2712 2
      vertex 20.394 2.62074 2
    endloop
  endfacet
  facet normal 0.861878 -0.136507 0.488398
    outer loop
      vertex 19.9223 4.15665 2
      vertex 21.1144 4.52747 0
      vertex 20.0365 4.87769 2
    endloop
  endfacet
  facet normal 0.861878 -0.136509 0.488397
    outer loop
      vertex 21.1144 4.52747 0
      vertex 19.9223 4.15665 2
      vertex 21.0915 4.38327 0
    endloop
  endfacet
  facet normal -0.617032 -0.61704 0.488398
    outer loop
      vertex 23.5491 4.9131 0
      vertex 23.9498 6.09547 2
      vertex 23.4459 5.01634 0
    endloop
  endfacet
  facet normal -0.617036 -0.617037 0.488397
    outer loop
      vertex 23.9498 6.09547 2
      vertex 23.5491 4.9131 0
      vertex 24.466 5.57926 2
    endloop
  endfacet
  facet normal -0.136508 -0.861878 0.488397
    outer loop
      vertex 22.8575 5.41563 0
      vertex 22.4867 6.60769 2
      vertex 22.7133 5.43847 0
    endloop
  endfacet
  facet normal -0.136508 -0.861878 0.488397
    outer loop
      vertex 22.4867 6.60769 2
      vertex 22.8575 5.41563 0
      vertex 23.2077 6.49349 2
    endloop
  endfacet
  facet normal -0.396162 -0.777511 0.488397
    outer loop
      vertex 23.2431 5.21914 0
      vertex 23.8582 6.16207 2
      vertex 22.9876 5.34934 0
    endloop
  endfacet
  facet normal -0.396151 -0.777517 0.488397
    outer loop
      vertex 23.8582 6.16207 2
      vertex 23.2431 5.21914 0
      vertex 23.9093 6.13603 2
    endloop
  endfacet
  facet normal -0.777521 -0.396145 0.488396
    outer loop
      vertex 23.5491 4.9131 0
      vertex 24.4921 5.52815 2
      vertex 24.466 5.57926 2
    endloop
  endfacet
  facet normal -0.777513 -0.396159 0.488397
    outer loop
      vertex 24.4921 5.52815 2
      vertex 23.5491 4.9131 0
      vertex 23.6793 4.65757 0
    endloop
  endfacet
  facet normal -0.861876 0.136525 0.488396
    outer loop
      vertex 23.8133 4.1 0
      vertex 24.9377 4.04335 2
      vertex 24.9467 4.1 2
    endloop
  endfacet
  facet normal -0.861878 0.136508 0.488397
    outer loop
      vertex 24.9377 4.04335 2
      vertex 23.8133 4.1 0
      vertex 23.7685 3.81673 0
    endloop
  endfacet
  facet normal -0.777513 0.396157 0.488398
    outer loop
      vertex 23.5491 3.2869 0
      vertex 24.7975 3.2712 2
      vertex 23.6154 3.41699 0
    endloop
  endfacet
  facet normal -0.777512 0.396161 0.488397
    outer loop
      vertex 24.7975 3.2712 2
      vertex 23.5491 3.2869 0
      vertex 24.466 2.62074 2
    endloop
  endfacet
  facet normal -0.396151 0.777517 0.488397
    outer loop
      vertex 23.2431 2.98086 0
      vertex 23.8582 2.03793 2
      vertex 23.9093 2.06397 2
    endloop
  endfacet
  facet normal -0.39616 0.777512 0.488397
    outer loop
      vertex 23.8582 2.03793 2
      vertex 23.2431 2.98086 0
      vertex 22.9876 2.85066 0
    endloop
  endfacet
  facet normal 0.617036 0.617037 0.488398
    outer loop
      vertex 21.3109 3.2869 0
      vertex 20.9507 2.06397 2
      vertex 21.6169 2.98086 0
    endloop
  endfacet
  facet normal 0.617036 0.617037 0.488397
    outer loop
      vertex 20.9507 2.06397 2
      vertex 21.3109 3.2869 0
      vertex 20.394 2.62074 2
    endloop
  endfacet
  facet normal 0.396162 -0.777511 0.488398
    outer loop
      vertex 21.6169 5.21914 0
      vertex 21.0018 6.16207 2
      vertex 20.9507 6.13603 2
    endloop
  endfacet
  facet normal 0.396164 -0.77751 0.488398
    outer loop
      vertex 21.0018 6.16207 2
      vertex 21.6169 5.21914 0
      vertex 21.8724 5.34934 0
    endloop
  endfacet
  facet normal 0.136508 -0.861878 0.488397
    outer loop
      vertex 22.0025 5.41563 0
      vertex 22.3733 6.60769 2
      vertex 21.6523 6.49349 2
    endloop
  endfacet
  facet normal 0.136508 -0.861878 0.488397
    outer loop
      vertex 22.3733 6.60769 2
      vertex 22.0025 5.41563 0
      vertex 22.1467 5.43847 0
    endloop
  endfacet
  facet normal 0.861876 -0.136525 0.488397
    outer loop
      vertex 21.0467 4.1 0
      vertex 19.9223 4.15665 2
      vertex 19.9133 4.1 2
    endloop
  endfacet
  facet normal 0.861878 -0.136507 0.488398
    outer loop
      vertex 19.9223 4.15665 2
      vertex 21.0467 4.1 0
      vertex 21.0915 4.38327 0
    endloop
  endfacet
  facet normal -0.396165 -0.77751 0.488397
    outer loop
      vertex 22.9876 5.34934 0
      vertex 23.2077 6.49349 2
      vertex 22.8575 5.41563 0
    endloop
  endfacet
  facet normal -0.396163 -0.777511 0.488397
    outer loop
      vertex 23.2077 6.49349 2
      vertex 22.9876 5.34934 0
      vertex 23.8582 6.16207 2
    endloop
  endfacet
  facet normal -0.617038 0.617035 0.488397
    outer loop
      vertex 23.2431 2.98086 0
      vertex 23.9498 2.10453 2
      vertex 23.4459 3.18366 0
    endloop
  endfacet
  facet normal -0.617046 0.617028 0.488397
    outer loop
      vertex 23.9498 2.10453 2
      vertex 23.2431 2.98086 0
      vertex 23.9093 2.06397 2
    endloop
  endfacet
  facet normal 0.777513 0.396158 0.488398
    outer loop
      vertex 20.0365 3.32231 2
      vertex 21.2446 3.41699 0
      vertex 21.1144 3.67253 0
    endloop
  endfacet
  facet normal 0.777509 0.396167 0.488397
    outer loop
      vertex 21.2446 3.41699 0
      vertex 20.0365 3.32231 2
      vertex 20.0625 3.2712 2
    endloop
  endfacet
  facet normal 0.861878 0.136509 0.488397
    outer loop
      vertex 19.9223 4.04335 2
      vertex 21.1144 3.67253 0
      vertex 21.0915 3.81673 0
    endloop
  endfacet
  facet normal 0.861878 0.136507 0.488398
    outer loop
      vertex 21.1144 3.67253 0
      vertex 19.9223 4.04335 2
      vertex 20.0365 3.32231 2
    endloop
  endfacet
  facet normal 0.13651 0.861877 0.488398
    outer loop
      vertex 22.0025 2.78437 0
      vertex 21.709 1.69753 2
      vertex 22.2858 2.73951 0
    endloop
  endfacet
  facet normal 0.136508 0.861878 0.488398
    outer loop
      vertex 21.709 1.69753 2
      vertex 22.0025 2.78437 0
      vertex 21.6523 1.70651 2
    endloop
  endfacet
  facet normal 0.136507 0.861878 0.488397
    outer loop
      vertex 22.2858 2.73951 0
      vertex 22.43 1.58333 2
      vertex 22.43 2.71667 0
    endloop
  endfacet
  facet normal 0.136508 0.861878 0.488397
    outer loop
      vertex 22.43 1.58333 2
      vertex 22.2858 2.73951 0
      vertex 21.709 1.69753 2
    endloop
  endfacet
  facet normal 0.136507 -0.861878 0.488397
    outer loop
      vertex 22.43 5.48333 0
      vertex 22.3733 6.60769 2
      vertex 22.1467 5.43847 0
    endloop
  endfacet
  facet normal 0.136508 -0.861878 0.488397
    outer loop
      vertex 22.3733 6.60769 2
      vertex 22.43 5.48333 0
      vertex 22.43 6.61667 2
    endloop
  endfacet
  facet normal 0.396163 -0.777511 0.488397
    outer loop
      vertex 21.8724 5.34934 0
      vertex 21.6523 6.49349 2
      vertex 21.0018 6.16207 2
    endloop
  endfacet
  facet normal 0.396165 -0.77751 0.488397
    outer loop
      vertex 21.6523 6.49349 2
      vertex 21.8724 5.34934 0
      vertex 22.0025 5.41563 0
    endloop
  endfacet
  facet normal 0.777511 -0.396163 0.488397
    outer loop
      vertex 20.0365 4.87769 2
      vertex 21.1807 4.65757 0
      vertex 20.3679 5.52815 2
    endloop
  endfacet
  facet normal 0.777513 -0.396158 0.488398
    outer loop
      vertex 21.1807 4.65757 0
      vertex 20.0365 4.87769 2
      vertex 21.1144 4.52747 0
    endloop
  endfacet
  facet normal -0.617048 -0.617026 0.488397
    outer loop
      vertex 23.2431 5.21914 0
      vertex 23.9498 6.09547 2
      vertex 23.9093 6.13603 2
    endloop
  endfacet
  facet normal -0.617037 -0.617036 0.488397
    outer loop
      vertex 23.9498 6.09547 2
      vertex 23.2431 5.21914 0
      vertex 23.4459 5.01634 0
    endloop
  endfacet
  facet normal 0.396165 0.77751 0.488397
    outer loop
      vertex 21.6169 2.98086 0
      vertex 21.6012 1.73255 2
      vertex 21.747 2.91457 0
    endloop
  endfacet
  facet normal 0.396163 0.777511 0.488398
    outer loop
      vertex 21.6012 1.73255 2
      vertex 21.6169 2.98086 0
      vertex 20.9507 2.06397 2
    endloop
  endfacet
  facet normal 0.396162 0.777511 0.488398
    outer loop
      vertex 21.747 2.91457 0
      vertex 21.6523 1.70651 2
      vertex 22.0025 2.78437 0
    endloop
  endfacet
  facet normal 0.396162 0.777511 0.488398
    outer loop
      vertex 21.6523 1.70651 2
      vertex 21.747 2.91457 0
      vertex 21.6012 1.73255 2
    endloop
  endfacet
  facet normal 0.777508 -0.396168 0.488398
    outer loop
      vertex 20.3679 5.52815 2
      vertex 21.3109 4.9131 0
      vertex 20.394 5.57926 2
    endloop
  endfacet
  facet normal 0.77751 -0.396163 0.488398
    outer loop
      vertex 21.3109 4.9131 0
      vertex 20.3679 5.52815 2
      vertex 21.1807 4.65757 0
    endloop
  endfacet
  facet normal 0.617036 -0.617036 0.488398
    outer loop
      vertex 20.394 5.57926 2
      vertex 21.6169 5.21914 0
      vertex 20.9507 6.13603 2
    endloop
  endfacet
  facet normal 0.617036 -0.617037 0.488397
    outer loop
      vertex 21.6169 5.21914 0
      vertex 20.394 5.57926 2
      vertex 21.3109 4.9131 0
    endloop
  endfacet
  facet normal -0.861878 0.136507 0.488398
    outer loop
      vertex 37.7356 5.02253 0
      vertex 38.8225 4.72896 2
      vertex 37.7805 5.30579 0
    endloop
  endfacet
  facet normal -0.86188 0.136496 0.488397
    outer loop
      vertex 38.8225 4.72896 2
      vertex 37.7356 5.02253 0
      vertex 38.8135 4.67231 2
    endloop
  endfacet
  facet normal -0.861877 -0.13652 0.488396
    outer loop
      vertex 38.9367 5.45 2
      vertex 37.7805 5.59421 0
      vertex 37.8033 5.45 0
    endloop
  endfacet
  facet normal -0.861878 -0.136507 0.488398
    outer loop
      vertex 37.7805 5.59421 0
      vertex 38.9367 5.45 2
      vertex 38.8225 6.17104 2
    endloop
  endfacet
  facet normal -0.86188 -0.136496 0.488397
    outer loop
      vertex 37.7356 5.87747 0
      vertex 38.8225 6.17104 2
      vertex 38.8135 6.22769 2
    endloop
  endfacet
  facet normal -0.861878 -0.136508 0.488398
    outer loop
      vertex 38.8225 6.17104 2
      vertex 37.7356 5.87747 0
      vertex 37.7805 5.59421 0
    endloop
  endfacet
  facet normal 0.136508 -0.861878 0.488398
    outer loop
      vertex 35.9925 6.76563 0
      vertex 36.3633 7.95769 2
      vertex 35.6423 7.84349 2
    endloop
  endfacet
  facet normal 0.13651 -0.861878 0.488397
    outer loop
      vertex 36.3633 7.95769 2
      vertex 35.9925 6.76563 0
      vertex 36.1367 6.78847 0
    endloop
  endfacet
  facet normal -0.136509 0.861878 0.488397
    outer loop
      vertex 36.8475 4.13437 0
      vertex 36.4767 2.94231 2
      vertex 37.1977 3.05651 2
    endloop
  endfacet
  facet normal -0.13651 0.861878 0.488397
    outer loop
      vertex 36.4767 2.94231 2
      vertex 36.8475 4.13437 0
      vertex 36.7033 4.11153 0
    endloop
  endfacet
  facet normal 0.13651 0.861878 0.488397
    outer loop
      vertex 35.9925 4.13437 0
      vertex 36.3633 2.94231 2
      vertex 36.1367 4.11153 0
    endloop
  endfacet
  facet normal 0.136509 0.861878 0.488397
    outer loop
      vertex 36.3633 2.94231 2
      vertex 35.9925 4.13437 0
      vertex 35.6423 3.05651 2
    endloop
  endfacet
  facet normal -0.861877 0.13652 0.488396
    outer loop
      vertex 37.7805 5.30579 0
      vertex 38.9367 5.45 2
      vertex 37.8033 5.45 0
    endloop
  endfacet
  facet normal -0.861878 0.136507 0.488398
    outer loop
      vertex 38.9367 5.45 2
      vertex 37.7805 5.30579 0
      vertex 38.8225 4.72896 2
    endloop
  endfacet
  facet normal -0.617046 -0.617025 0.4884
    outer loop
      vertex 37.3363 6.4659 0
      vertex 38.456 6.92926 2
      vertex 38.4155 6.96982 2
    endloop
  endfacet
  facet normal -0.61704 -0.617033 0.488398
    outer loop
      vertex 38.456 6.92926 2
      vertex 37.3363 6.4659 0
      vertex 37.5391 6.2631 0
    endloop
  endfacet
  facet normal 0.61704 0.617033 0.488397
    outer loop
      vertex 34.9002 3.45453 2
      vertex 35.6069 4.33086 0
      vertex 35.4041 4.53365 0
    endloop
  endfacet
  facet normal 0.617046 0.617028 0.488397
    outer loop
      vertex 35.6069 4.33086 0
      vertex 34.9002 3.45453 2
      vertex 34.9407 3.41397 2
    endloop
  endfacet
  facet normal 0.39616 0.777512 0.488397
    outer loop
      vertex 35.6069 4.33086 0
      vertex 34.9918 3.38793 2
      vertex 35.8624 4.20066 0
    endloop
  endfacet
  facet normal 0.396151 0.777517 0.488397
    outer loop
      vertex 34.9918 3.38793 2
      vertex 35.6069 4.33086 0
      vertex 34.9407 3.41397 2
    endloop
  endfacet
  facet normal 0.39616 0.777512 0.488398
    outer loop
      vertex 35.8624 4.20066 0
      vertex 35.6423 3.05651 2
      vertex 35.9925 4.13437 0
    endloop
  endfacet
  facet normal 0.396161 0.777512 0.488397
    outer loop
      vertex 35.6423 3.05651 2
      vertex 35.8624 4.20066 0
      vertex 34.9918 3.38793 2
    endloop
  endfacet
  facet normal 0.777511 0.396163 0.488397
    outer loop
      vertex 34.0265 4.67231 2
      vertex 35.2346 4.76699 0
      vertex 35.1044 5.02253 0
    endloop
  endfacet
  facet normal 0.77752 0.396141 0.488401
    outer loop
      vertex 35.2346 4.76699 0
      vertex 34.0265 4.67231 2
      vertex 34.0525 4.6212 2
    endloop
  endfacet
  facet normal -0.39616 -0.777512 0.488398
    outer loop
      vertex 37.103 6.63542 0
      vertex 37.1977 7.84349 2
      vertex 36.8475 6.76563 0
    endloop
  endfacet
  facet normal -0.396174 -0.777506 0.488395
    outer loop
      vertex 37.1977 7.84349 2
      vertex 37.103 6.63542 0
      vertex 37.2488 7.81745 2
    endloop
  endfacet
  facet normal -0.396175 0.777506 0.488395
    outer loop
      vertex 37.103 4.26457 0
      vertex 37.1977 3.05651 2
      vertex 37.2488 3.08255 2
    endloop
  endfacet
  facet normal -0.39616 0.777512 0.488398
    outer loop
      vertex 37.1977 3.05651 2
      vertex 37.103 4.26457 0
      vertex 36.8475 4.13437 0
    endloop
  endfacet
  facet normal -0.136506 0.861878 0.488398
    outer loop
      vertex 36.42 4.06667 0
      vertex 36.4767 2.94231 2
      vertex 36.7033 4.11153 0
    endloop
  endfacet
  facet normal -0.1365 0.861879 0.488398
    outer loop
      vertex 36.4767 2.94231 2
      vertex 36.42 4.06667 0
      vertex 36.42 2.93333 2
    endloop
  endfacet
  facet normal -0.396161 0.777512 0.488397
    outer loop
      vertex 37.2331 4.33086 0
      vertex 37.2488 3.08255 2
      vertex 37.8993 3.41397 2
    endloop
  endfacet
  facet normal -0.39617 0.777508 0.488396
    outer loop
      vertex 37.2488 3.08255 2
      vertex 37.2331 4.33086 0
      vertex 37.103 4.26457 0
    endloop
  endfacet
  facet normal 0.617025 0.617045 0.4884
    outer loop
      vertex 35.3009 4.6369 0
      vertex 34.9002 3.45453 2
      vertex 35.4041 4.53365 0
    endloop
  endfacet
  facet normal 0.617036 0.617037 0.488397
    outer loop
      vertex 34.9002 3.45453 2
      vertex 35.3009 4.6369 0
      vertex 34.384 3.97074 2
    endloop
  endfacet
  facet normal 0.777513 0.396156 0.488398
    outer loop
      vertex 34.0525 4.6212 2
      vertex 35.3009 4.6369 0
      vertex 35.2346 4.76699 0
    endloop
  endfacet
  facet normal 0.777512 0.396161 0.488397
    outer loop
      vertex 35.3009 4.6369 0
      vertex 34.0525 4.6212 2
      vertex 34.384 3.97074 2
    endloop
  endfacet
  facet normal 0.777512 -0.396161 0.488397
    outer loop
      vertex 34.0525 6.2788 2
      vertex 35.3009 6.2631 0
      vertex 34.384 6.92926 2
    endloop
  endfacet
  facet normal 0.777513 -0.396158 0.488398
    outer loop
      vertex 35.3009 6.2631 0
      vertex 34.0525 6.2788 2
      vertex 35.2346 6.13301 0
    endloop
  endfacet
  facet normal 0.861878 0.136507 0.488398
    outer loop
      vertex 34.0175 4.72896 2
      vertex 35.1044 5.02253 0
      vertex 35.0595 5.30579 0
    endloop
  endfacet
  facet normal 0.861869 0.136553 0.4884
    outer loop
      vertex 35.1044 5.02253 0
      vertex 34.0175 4.72896 2
      vertex 34.0265 4.67231 2
    endloop
  endfacet
  facet normal 0.136508 -0.861878 0.488398
    outer loop
      vertex 36.42 6.83333 0
      vertex 36.3633 7.95769 2
      vertex 36.1367 6.78847 0
    endloop
  endfacet
  facet normal 0.136513 -0.861877 0.488397
    outer loop
      vertex 36.3633 7.95769 2
      vertex 36.42 6.83333 0
      vertex 36.42 7.96667 2
    endloop
  endfacet
  facet normal 0.136509 0.861878 0.488397
    outer loop
      vertex 36.42 4.06667 0
      vertex 36.3633 2.94231 2
      vertex 36.42 2.93333 2
    endloop
  endfacet
  facet normal 0.136508 0.861878 0.488397
    outer loop
      vertex 36.3633 2.94231 2
      vertex 36.42 4.06667 0
      vertex 36.1367 4.11153 0
    endloop
  endfacet
  facet normal -0.777515 0.396153 0.488398
    outer loop
      vertex 37.6054 4.76699 0
      vertex 38.8135 4.67231 2
      vertex 37.7356 5.02253 0
    endloop
  endfacet
  facet normal -0.77752 0.396141 0.488401
    outer loop
      vertex 38.8135 4.67231 2
      vertex 37.6054 4.76699 0
      vertex 38.7875 4.6212 2
    endloop
  endfacet
  facet normal -0.777506 0.396175 0.488395
    outer loop
      vertex 37.5391 4.6369 0
      vertex 38.7875 4.6212 2
      vertex 37.6054 4.76699 0
    endloop
  endfacet
  facet normal -0.77751 0.396165 0.488397
    outer loop
      vertex 38.7875 4.6212 2
      vertex 37.5391 4.6369 0
      vertex 38.456 3.97074 2
    endloop
  endfacet
  facet normal -0.617036 0.617038 0.488397
    outer loop
      vertex 37.2331 4.33086 0
      vertex 38.456 3.97074 2
      vertex 37.5391 4.6369 0
    endloop
  endfacet
  facet normal -0.617037 0.617036 0.488398
    outer loop
      vertex 38.456 3.97074 2
      vertex 37.2331 4.33086 0
      vertex 37.8993 3.41397 2
    endloop
  endfacet
  facet normal 0.396162 -0.777511 0.488398
    outer loop
      vertex 35.6069 6.56914 0
      vertex 35.5912 7.81745 2
      vertex 34.9407 7.48603 2
    endloop
  endfacet
  facet normal 0.39616 -0.777512 0.488398
    outer loop
      vertex 35.5912 7.81745 2
      vertex 35.6069 6.56914 0
      vertex 35.737 6.63542 0
    endloop
  endfacet
  facet normal 0.617036 -0.617036 0.488398
    outer loop
      vertex 34.384 6.92926 2
      vertex 35.6069 6.56914 0
      vertex 34.9407 7.48603 2
    endloop
  endfacet
  facet normal 0.617036 -0.617037 0.488397
    outer loop
      vertex 35.6069 6.56914 0
      vertex 34.384 6.92926 2
      vertex 35.3009 6.2631 0
    endloop
  endfacet
  facet normal 0.861878 -0.136507 0.488398
    outer loop
      vertex 33.9033 5.45 2
      vertex 35.0595 5.59421 0
      vertex 34.0175 6.17104 2
    endloop
  endfacet
  facet normal 0.861879 -0.136498 0.488399
    outer loop
      vertex 35.0595 5.59421 0
      vertex 33.9033 5.45 2
      vertex 35.0367 5.45 0
    endloop
  endfacet
  facet normal 0.861879 0.136498 0.488399
    outer loop
      vertex 33.9033 5.45 2
      vertex 35.0595 5.30579 0
      vertex 35.0367 5.45 0
    endloop
  endfacet
  facet normal 0.861878 0.136507 0.488398
    outer loop
      vertex 35.0595 5.30579 0
      vertex 33.9033 5.45 2
      vertex 34.0175 4.72896 2
    endloop
  endfacet
  facet normal 0.861869 -0.136553 0.4884
    outer loop
      vertex 34.0175 6.17104 2
      vertex 35.1044 5.87747 0
      vertex 34.0265 6.22769 2
    endloop
  endfacet
  facet normal 0.861878 -0.136508 0.488398
    outer loop
      vertex 35.1044 5.87747 0
      vertex 34.0175 6.17104 2
      vertex 35.0595 5.59421 0
    endloop
  endfacet
  facet normal 0.777518 -0.396144 0.4884
    outer loop
      vertex 34.0265 6.22769 2
      vertex 35.2346 6.13301 0
      vertex 34.0525 6.2788 2
    endloop
  endfacet
  facet normal 0.777511 -0.396162 0.488397
    outer loop
      vertex 35.2346 6.13301 0
      vertex 34.0265 6.22769 2
      vertex 35.1044 5.87747 0
    endloop
  endfacet
  facet normal -0.136504 -0.861878 0.488398
    outer loop
      vertex 36.42 6.83333 0
      vertex 36.4767 7.95769 2
      vertex 36.42 7.96667 2
    endloop
  endfacet
  facet normal -0.136506 -0.861878 0.488398
    outer loop
      vertex 36.4767 7.95769 2
      vertex 36.42 6.83333 0
      vertex 36.7033 6.78847 0
    endloop
  endfacet
  facet normal -0.13651 -0.861878 0.488397
    outer loop
      vertex 36.8475 6.76563 0
      vertex 36.4767 7.95769 2
      vertex 36.7033 6.78847 0
    endloop
  endfacet
  facet normal -0.136508 -0.861878 0.488398
    outer loop
      vertex 36.4767 7.95769 2
      vertex 36.8475 6.76563 0
      vertex 37.1977 7.84349 2
    endloop
  endfacet
  facet normal -0.617026 -0.617046 0.488399
    outer loop
      vertex 37.3363 6.4659 0
      vertex 37.8993 7.48603 2
      vertex 37.2331 6.56914 0
    endloop
  endfacet
  facet normal -0.617036 -0.617037 0.488397
    outer loop
      vertex 37.8993 7.48603 2
      vertex 37.3363 6.4659 0
      vertex 38.4155 6.96982 2
    endloop
  endfacet
  facet normal -0.39617 -0.777508 0.488396
    outer loop
      vertex 37.2331 6.56914 0
      vertex 37.2488 7.81745 2
      vertex 37.103 6.63542 0
    endloop
  endfacet
  facet normal -0.396162 -0.777511 0.488398
    outer loop
      vertex 37.2488 7.81745 2
      vertex 37.2331 6.56914 0
      vertex 37.8993 7.48603 2
    endloop
  endfacet
  facet normal -0.77751 -0.396165 0.488398
    outer loop
      vertex 37.5391 6.2631 0
      vertex 38.7875 6.2788 2
      vertex 38.456 6.92926 2
    endloop
  endfacet
  facet normal -0.777505 -0.396177 0.488395
    outer loop
      vertex 38.7875 6.2788 2
      vertex 37.5391 6.2631 0
      vertex 37.6054 6.13301 0
    endloop
  endfacet
  facet normal -0.777518 -0.396144 0.4884
    outer loop
      vertex 37.6054 6.13301 0
      vertex 38.8135 6.22769 2
      vertex 38.7875 6.2788 2
    endloop
  endfacet
  facet normal -0.777515 -0.396153 0.488399
    outer loop
      vertex 38.8135 6.22769 2
      vertex 37.6054 6.13301 0
      vertex 37.7356 5.87747 0
    endloop
  endfacet
  facet normal 0.39615 -0.777516 0.4884
    outer loop
      vertex 35.737 6.63542 0
      vertex 35.6423 7.84349 2
      vertex 35.5912 7.81745 2
    endloop
  endfacet
  facet normal 0.39616 -0.777512 0.488398
    outer loop
      vertex 35.6423 7.84349 2
      vertex 35.737 6.63542 0
      vertex 35.9925 6.76563 0
    endloop
  endfacet
  facet normal 0.86188 0.136496 0.488398
    outer loop
      vertex 47.9023 11.0933 2
      vertex 49.0267 11.15 0
      vertex 47.8933 11.15 2
    endloop
  endfacet
  facet normal 0.861878 0.136507 0.488397
    outer loop
      vertex 49.0267 11.15 0
      vertex 47.9023 11.0933 2
      vertex 49.0715 10.8667 0
    endloop
  endfacet
  facet normal -0.861879 -0.136498 0.488399
    outer loop
      vertex 52.9267 11.15 2
      vertex 51.7705 11.2942 0
      vertex 51.7933 11.15 0
    endloop
  endfacet
  facet normal -0.861878 -0.136507 0.488398
    outer loop
      vertex 51.7705 11.2942 0
      vertex 52.9267 11.15 2
      vertex 52.8125 11.871 2
    endloop
  endfacet
  facet normal -0.86188 -0.136496 0.488397
    outer loop
      vertex 51.7256 11.5775 0
      vertex 52.8125 11.871 2
      vertex 52.8035 11.9277 2
    endloop
  endfacet
  facet normal -0.861878 -0.136508 0.488398
    outer loop
      vertex 52.8125 11.871 2
      vertex 51.7256 11.5775 0
      vertex 51.7705 11.2942 0
    endloop
  endfacet
  facet normal -0.861878 0.136507 0.488398
    outer loop
      vertex 51.7256 10.7225 0
      vertex 52.8125 10.429 2
      vertex 51.7705 11.0058 0
    endloop
  endfacet
  facet normal -0.86188 0.136496 0.488397
    outer loop
      vertex 52.8125 10.429 2
      vertex 51.7256 10.7225 0
      vertex 52.8035 10.3723 2
    endloop
  endfacet
  facet normal -0.136508 0.861878 0.488398
    outer loop
      vertex 50.41 9.76667 0
      vertex 50.4667 8.64231 2
      vertex 50.6933 9.81153 0
    endloop
  endfacet
  facet normal -0.136499 0.861879 0.488398
    outer loop
      vertex 50.4667 8.64231 2
      vertex 50.41 9.76667 0
      vertex 50.41 8.63333 2
    endloop
  endfacet
  facet normal 0.136508 -0.861878 0.488397
    outer loop
      vertex 50.2658 12.5105 0
      vertex 50.41 13.6667 2
      vertex 49.689 13.5525 2
    endloop
  endfacet
  facet normal 0.136505 -0.861878 0.488398
    outer loop
      vertex 50.41 13.6667 2
      vertex 50.2658 12.5105 0
      vertex 50.41 12.5333 0
    endloop
  endfacet
  facet normal -0.777513 0.396158 0.488398
    outer loop
      vertex 51.6593 10.5924 0
      vertex 52.8035 10.3723 2
      vertex 51.7256 10.7225 0
    endloop
  endfacet
  facet normal -0.77751 0.396165 0.488397
    outer loop
      vertex 52.8035 10.3723 2
      vertex 51.6593 10.5924 0
      vertex 52.4721 9.72185 2
    endloop
  endfacet
  facet normal -0.861879 0.136498 0.488399
    outer loop
      vertex 51.7705 11.0058 0
      vertex 52.9267 11.15 2
      vertex 51.7933 11.15 0
    endloop
  endfacet
  facet normal -0.861878 0.136507 0.488398
    outer loop
      vertex 52.9267 11.15 2
      vertex 51.7705 11.0058 0
      vertex 52.8125 10.429 2
    endloop
  endfacet
  facet normal 0.136507 0.861878 0.488398
    outer loop
      vertex 49.9825 9.83437 0
      vertex 50.3533 8.64231 2
      vertex 50.1267 9.81153 0
    endloop
  endfacet
  facet normal 0.136509 0.861878 0.488397
    outer loop
      vertex 50.3533 8.64231 2
      vertex 49.9825 9.83437 0
      vertex 49.6323 8.75651 2
    endloop
  endfacet
  facet normal 0.77751 0.396163 0.488398
    outer loop
      vertex 48.3479 9.72185 2
      vertex 49.2909 10.3369 0
      vertex 49.1607 10.5924 0
    endloop
  endfacet
  facet normal 0.777495 0.39619 0.4884
    outer loop
      vertex 49.2909 10.3369 0
      vertex 48.3479 9.72185 2
      vertex 48.374 9.67074 2
    endloop
  endfacet
  facet normal 0.617035 0.617038 0.488397
    outer loop
      vertex 49.2909 10.3369 0
      vertex 48.4145 9.63018 2
      vertex 49.4937 10.1341 0
    endloop
  endfacet
  facet normal 0.617043 0.617029 0.488398
    outer loop
      vertex 48.4145 9.63018 2
      vertex 49.2909 10.3369 0
      vertex 48.374 9.67074 2
    endloop
  endfacet
  facet normal 0.777512 -0.396161 0.488397
    outer loop
      vertex 48.0425 11.9788 2
      vertex 49.2909 11.9631 0
      vertex 48.374 12.6293 2
    endloop
  endfacet
  facet normal 0.777513 -0.396158 0.488398
    outer loop
      vertex 49.2909 11.9631 0
      vertex 48.0425 11.9788 2
      vertex 49.2246 11.833 0
    endloop
  endfacet
  facet normal -0.777511 0.396163 0.488397
    outer loop
      vertex 51.5291 10.3369 0
      vertex 52.4721 9.72185 2
      vertex 51.6593 10.5924 0
    endloop
  endfacet
  facet normal -0.777521 0.396145 0.488396
    outer loop
      vertex 52.4721 9.72185 2
      vertex 51.5291 10.3369 0
      vertex 52.446 9.67074 2
    endloop
  endfacet
  facet normal -0.396161 0.777512 0.488397
    outer loop
      vertex 50.9676 9.90066 0
      vertex 51.1877 8.75651 2
      vertex 51.8382 9.08793 2
    endloop
  endfacet
  facet normal -0.396155 0.777514 0.488398
    outer loop
      vertex 51.1877 8.75651 2
      vertex 50.9676 9.90066 0
      vertex 50.8375 9.83437 0
    endloop
  endfacet
  facet normal -0.136509 0.861878 0.488397
    outer loop
      vertex 50.8375 9.83437 0
      vertex 50.4667 8.64231 2
      vertex 51.1877 8.75651 2
    endloop
  endfacet
  facet normal -0.13651 0.861878 0.488397
    outer loop
      vertex 50.4667 8.64231 2
      vertex 50.8375 9.83437 0
      vertex 50.6933 9.81153 0
    endloop
  endfacet
  facet normal 0.777513 0.396158 0.488398
    outer loop
      vertex 48.0165 10.3723 2
      vertex 49.1607 10.5924 0
      vertex 49.0944 10.7225 0
    endloop
  endfacet
  facet normal 0.777512 0.396161 0.488398
    outer loop
      vertex 49.1607 10.5924 0
      vertex 48.0165 10.3723 2
      vertex 48.3479 9.72185 2
    endloop
  endfacet
  facet normal 0.861877 0.136521 0.488395
    outer loop
      vertex 47.9023 11.0933 2
      vertex 49.0944 10.7225 0
      vertex 49.0715 10.8667 0
    endloop
  endfacet
  facet normal 0.861878 0.136507 0.488398
    outer loop
      vertex 49.0944 10.7225 0
      vertex 47.9023 11.0933 2
      vertex 48.0165 10.3723 2
    endloop
  endfacet
  facet normal 0.396155 0.777514 0.488398
    outer loop
      vertex 49.8524 9.90066 0
      vertex 49.6323 8.75651 2
      vertex 49.9825 9.83437 0
    endloop
  endfacet
  facet normal 0.396163 0.777511 0.488397
    outer loop
      vertex 49.6323 8.75651 2
      vertex 49.8524 9.90066 0
      vertex 48.9818 9.08793 2
    endloop
  endfacet
  facet normal -0.39616 -0.777512 0.488398
    outer loop
      vertex 51.2231 12.2691 0
      vertex 51.2388 13.5175 2
      vertex 51.093 12.3354 0
    endloop
  endfacet
  facet normal -0.396162 -0.777511 0.488398
    outer loop
      vertex 51.2388 13.5175 2
      vertex 51.2231 12.2691 0
      vertex 51.8893 13.186 2
    endloop
  endfacet
  facet normal 0.617043 -0.617029 0.488398
    outer loop
      vertex 49.2909 11.9631 0
      vertex 48.4145 12.6698 2
      vertex 48.374 12.6293 2
    endloop
  endfacet
  facet normal 0.617035 -0.617038 0.488397
    outer loop
      vertex 48.4145 12.6698 2
      vertex 49.2909 11.9631 0
      vertex 49.4937 12.1659 0
    endloop
  endfacet
  facet normal 0.861878 -0.136507 0.488398
    outer loop
      vertex 47.9023 11.2067 2
      vertex 49.0944 11.5775 0
      vertex 48.0165 11.9277 2
    endloop
  endfacet
  facet normal 0.861877 -0.136521 0.488395
    outer loop
      vertex 49.0944 11.5775 0
      vertex 47.9023 11.2067 2
      vertex 49.0715 11.4333 0
    endloop
  endfacet
  facet normal 0.777499 -0.396192 0.488392
    outer loop
      vertex 48.0165 11.9277 2
      vertex 49.2246 11.833 0
      vertex 48.0425 11.9788 2
    endloop
  endfacet
  facet normal 0.777511 -0.396162 0.488398
    outer loop
      vertex 49.2246 11.833 0
      vertex 48.0165 11.9277 2
      vertex 49.0944 11.5775 0
    endloop
  endfacet
  facet normal -0.617036 0.617037 0.488397
    outer loop
      vertex 51.2231 10.0309 0
      vertex 52.446 9.67074 2
      vertex 51.5291 10.3369 0
    endloop
  endfacet
  facet normal -0.617036 0.617036 0.488398
    outer loop
      vertex 52.446 9.67074 2
      vertex 51.2231 10.0309 0
      vertex 51.8893 9.11397 2
    endloop
  endfacet
  facet normal 0.136499 0.861879 0.488398
    outer loop
      vertex 50.41 9.76667 0
      vertex 50.3533 8.64231 2
      vertex 50.41 8.63333 2
    endloop
  endfacet
  facet normal 0.136508 0.861878 0.488398
    outer loop
      vertex 50.3533 8.64231 2
      vertex 50.41 9.76667 0
      vertex 50.1267 9.81153 0
    endloop
  endfacet
  facet normal -0.136511 -0.861877 0.488398
    outer loop
      vertex 50.8375 12.4656 0
      vertex 51.131 13.5525 2
      vertex 50.5542 12.5105 0
    endloop
  endfacet
  facet normal -0.136513 -0.861877 0.488398
    outer loop
      vertex 51.131 13.5525 2
      vertex 50.8375 12.4656 0
      vertex 51.1877 13.5435 2
    endloop
  endfacet
  facet normal -0.136505 -0.861878 0.488398
    outer loop
      vertex 50.5542 12.5105 0
      vertex 50.41 13.6667 2
      vertex 50.41 12.5333 0
    endloop
  endfacet
  facet normal -0.136508 -0.861878 0.488397
    outer loop
      vertex 50.41 13.6667 2
      vertex 50.5542 12.5105 0
      vertex 51.131 13.5525 2
    endloop
  endfacet
  facet normal 0.617036 -0.617037 0.488398
    outer loop
      vertex 49.4937 12.1659 0
      vertex 48.9307 13.186 2
      vertex 48.4145 12.6698 2
    endloop
  endfacet
  facet normal 0.617036 -0.617036 0.488398
    outer loop
      vertex 48.9307 13.186 2
      vertex 49.4937 12.1659 0
      vertex 49.5969 12.2691 0
    endloop
  endfacet
  facet normal 0.86188 -0.136496 0.488398
    outer loop
      vertex 49.0267 11.15 0
      vertex 47.9023 11.2067 2
      vertex 47.8933 11.15 2
    endloop
  endfacet
  facet normal 0.861878 -0.136508 0.488397
    outer loop
      vertex 47.9023 11.2067 2
      vertex 49.0267 11.15 0
      vertex 49.0715 11.4333 0
    endloop
  endfacet
  facet normal -0.396156 0.777514 0.488397
    outer loop
      vertex 51.2231 10.0309 0
      vertex 51.8382 9.08793 2
      vertex 51.8893 9.11397 2
    endloop
  endfacet
  facet normal -0.396163 0.77751 0.488398
    outer loop
      vertex 51.8382 9.08793 2
      vertex 51.2231 10.0309 0
      vertex 50.9676 9.90066 0
    endloop
  endfacet
  facet normal 0.396168 0.777508 0.488398
    outer loop
      vertex 49.5969 10.0309 0
      vertex 48.9818 9.08793 2
      vertex 49.8524 9.90066 0
    endloop
  endfacet
  facet normal 0.396156 0.777514 0.488397
    outer loop
      vertex 48.9818 9.08793 2
      vertex 49.5969 10.0309 0
      vertex 48.9307 9.11397 2
    endloop
  endfacet
  facet normal 0.617036 0.617036 0.488398
    outer loop
      vertex 49.4937 10.1341 0
      vertex 48.9307 9.11397 2
      vertex 49.5969 10.0309 0
    endloop
  endfacet
  facet normal 0.617036 0.617037 0.488398
    outer loop
      vertex 48.9307 9.11397 2
      vertex 49.4937 10.1341 0
      vertex 48.4145 9.63018 2
    endloop
  endfacet
  facet normal -0.617036 -0.617036 0.488398
    outer loop
      vertex 51.2231 12.2691 0
      vertex 52.446 12.6293 2
      vertex 51.8893 13.186 2
    endloop
  endfacet
  facet normal -0.617036 -0.617037 0.488397
    outer loop
      vertex 52.446 12.6293 2
      vertex 51.2231 12.2691 0
      vertex 51.5291 11.9631 0
    endloop
  endfacet
  facet normal -0.396161 -0.777512 0.488397
    outer loop
      vertex 51.093 12.3354 0
      vertex 51.1877 13.5435 2
      vertex 50.8375 12.4656 0
    endloop
  endfacet
  facet normal -0.396144 -0.777518 0.488401
    outer loop
      vertex 51.1877 13.5435 2
      vertex 51.093 12.3354 0
      vertex 51.2388 13.5175 2
    endloop
  endfacet
  facet normal 0.396162 -0.777511 0.488398
    outer loop
      vertex 49.5969 12.2691 0
      vertex 49.5812 13.5175 2
      vertex 48.9307 13.186 2
    endloop
  endfacet
  facet normal 0.39616 -0.777512 0.488398
    outer loop
      vertex 49.5812 13.5175 2
      vertex 49.5969 12.2691 0
      vertex 49.727 12.3354 0
    endloop
  endfacet
  facet normal -0.777512 -0.396161 0.488397
    outer loop
      vertex 51.5291 11.9631 0
      vertex 52.7775 11.9788 2
      vertex 52.446 12.6293 2
    endloop
  endfacet
  facet normal -0.777513 -0.396158 0.488398
    outer loop
      vertex 52.7775 11.9788 2
      vertex 51.5291 11.9631 0
      vertex 51.5954 11.833 0
    endloop
  endfacet
  facet normal -0.777499 -0.396192 0.488392
    outer loop
      vertex 51.5954 11.833 0
      vertex 52.8035 11.9277 2
      vertex 52.7775 11.9788 2
    endloop
  endfacet
  facet normal -0.777511 -0.396162 0.488398
    outer loop
      vertex 52.8035 11.9277 2
      vertex 51.5954 11.833 0
      vertex 51.7256 11.5775 0
    endloop
  endfacet
  facet normal 0.396168 -0.777508 0.488397
    outer loop
      vertex 49.727 12.3354 0
      vertex 49.6323 13.5435 2
      vertex 49.5812 13.5175 2
    endloop
  endfacet
  facet normal 0.396166 -0.777509 0.488397
    outer loop
      vertex 49.6323 13.5435 2
      vertex 49.727 12.3354 0
      vertex 49.9825 12.4656 0
    endloop
  endfacet
  facet normal 0.136504 -0.861879 0.488397
    outer loop
      vertex 49.9825 12.4656 0
      vertex 49.689 13.5525 2
      vertex 49.6323 13.5435 2
    endloop
  endfacet
  facet normal 0.136509 -0.861878 0.488397
    outer loop
      vertex 49.689 13.5525 2
      vertex 49.9825 12.4656 0
      vertex 50.2658 12.5105 0
    endloop
  endfacet
  facet normal -0.777513 0.396155 0.4884
    outer loop
      vertex 64.0391 16.5369 0
      vertex 65.2875 16.5212 2
      vertex 64.1054 16.667 0
    endloop
  endfacet
  facet normal -0.77751 0.396165 0.488397
    outer loop
      vertex 65.2875 16.5212 2
      vertex 64.0391 16.5369 0
      vertex 64.956 15.8707 2
    endloop
  endfacet
  facet normal -0.861881 -0.136475 0.488402
    outer loop
      vertex 65.4367 17.35 2
      vertex 64.2805 17.4942 0
      vertex 64.3033 17.35 0
    endloop
  endfacet
  facet normal -0.861878 -0.136511 0.488397
    outer loop
      vertex 64.2805 17.4942 0
      vertex 65.4367 17.35 2
      vertex 65.3225 18.071 2
    endloop
  endfacet
  facet normal -0.86188 -0.136494 0.488397
    outer loop
      vertex 64.2356 17.7775 0
      vertex 65.3225 18.071 2
      vertex 65.3135 18.1277 2
    endloop
  endfacet
  facet normal -0.861876 -0.136518 0.488398
    outer loop
      vertex 65.3225 18.071 2
      vertex 64.2356 17.7775 0
      vertex 64.2805 17.4942 0
    endloop
  endfacet
  facet normal -0.861876 0.136519 0.488398
    outer loop
      vertex 64.2356 16.9225 0
      vertex 65.3225 16.629 2
      vertex 64.2805 17.2058 0
    endloop
  endfacet
  facet normal -0.861879 0.136499 0.488397
    outer loop
      vertex 65.3225 16.629 2
      vertex 64.2356 16.9225 0
      vertex 65.3135 16.5723 2
    endloop
  endfacet
  facet normal 0.861878 0.136508 0.488398
    outer loop
      vertex 60.5175 16.629 2
      vertex 61.6044 16.9225 0
      vertex 61.5595 17.2058 0
    endloop
  endfacet
  facet normal 0.861869 0.136555 0.4884
    outer loop
      vertex 61.6044 16.9225 0
      vertex 60.5175 16.629 2
      vertex 60.5265 16.5723 2
    endloop
  endfacet
  facet normal 0.396163 -0.777511 0.488397
    outer loop
      vertex 62.3624 18.5993 0
      vertex 62.1423 19.7435 2
      vertex 61.4918 19.4121 2
    endloop
  endfacet
  facet normal 0.396165 -0.77751 0.488397
    outer loop
      vertex 62.1423 19.7435 2
      vertex 62.3624 18.5993 0
      vertex 62.4925 18.6656 0
    endloop
  endfacet
  facet normal -0.136509 0.861878 0.488397
    outer loop
      vertex 62.92 15.9667 0
      vertex 62.9767 14.8423 2
      vertex 63.2033 16.0115 0
    endloop
  endfacet
  facet normal -0.136504 0.861878 0.488398
    outer loop
      vertex 62.9767 14.8423 2
      vertex 62.92 15.9667 0
      vertex 62.92 14.8333 2
    endloop
  endfacet
  facet normal -0.861881 0.136476 0.488401
    outer loop
      vertex 64.2805 17.2058 0
      vertex 65.4367 17.35 2
      vertex 64.3033 17.35 0
    endloop
  endfacet
  facet normal -0.861878 0.136512 0.488397
    outer loop
      vertex 65.4367 17.35 2
      vertex 64.2805 17.2058 0
      vertex 65.3225 16.629 2
    endloop
  endfacet
  facet normal 0.86187 -0.136551 0.4884
    outer loop
      vertex 60.5175 18.071 2
      vertex 61.6044 17.7775 0
      vertex 60.5265 18.1277 2
    endloop
  endfacet
  facet normal 0.861878 -0.136507 0.488398
    outer loop
      vertex 61.6044 17.7775 0
      vertex 60.5175 18.071 2
      vertex 61.5595 17.4942 0
    endloop
  endfacet
  facet normal -0.617039 0.617034 0.488397
    outer loop
      vertex 63.8363 16.3341 0
      vertex 64.956 15.8707 2
      vertex 64.0391 16.5369 0
    endloop
  endfacet
  facet normal -0.617043 0.617029 0.488399
    outer loop
      vertex 64.956 15.8707 2
      vertex 63.8363 16.3341 0
      vertex 64.9155 15.8302 2
    endloop
  endfacet
  facet normal 0.13651 0.861878 0.488397
    outer loop
      vertex 62.4925 16.0344 0
      vertex 62.8633 14.8423 2
      vertex 62.6367 16.0115 0
    endloop
  endfacet
  facet normal 0.136508 0.861878 0.488398
    outer loop
      vertex 62.8633 14.8423 2
      vertex 62.4925 16.0344 0
      vertex 62.1423 14.9565 2
    endloop
  endfacet
  facet normal 0.777514 0.396155 0.488399
    outer loop
      vertex 60.5525 16.5212 2
      vertex 61.8009 16.5369 0
      vertex 61.7346 16.667 0
    endloop
  endfacet
  facet normal 0.777512 0.396162 0.488397
    outer loop
      vertex 61.8009 16.5369 0
      vertex 60.5525 16.5212 2
      vertex 60.884 15.8707 2
    endloop
  endfacet
  facet normal 0.396165 0.77751 0.488397
    outer loop
      vertex 62.1069 16.2309 0
      vertex 62.0912 14.9825 2
      vertex 62.237 16.1646 0
    endloop
  endfacet
  facet normal 0.396162 0.777511 0.488398
    outer loop
      vertex 62.0912 14.9825 2
      vertex 62.1069 16.2309 0
      vertex 61.4407 15.314 2
    endloop
  endfacet
  facet normal 0.396156 0.777514 0.488398
    outer loop
      vertex 62.237 16.1646 0
      vertex 62.1423 14.9565 2
      vertex 62.4925 16.0344 0
    endloop
  endfacet
  facet normal 0.396144 0.777519 0.4884
    outer loop
      vertex 62.1423 14.9565 2
      vertex 62.237 16.1646 0
      vertex 62.0912 14.9825 2
    endloop
  endfacet
  facet normal -0.13651 -0.861878 0.488397
    outer loop
      vertex 63.3475 18.6656 0
      vertex 62.9767 19.8577 2
      vertex 63.2033 18.6885 0
    endloop
  endfacet
  facet normal -0.136507 -0.861878 0.488397
    outer loop
      vertex 62.9767 19.8577 2
      vertex 63.3475 18.6656 0
      vertex 63.6977 19.7435 2
    endloop
  endfacet
  facet normal 0.861878 -0.136507 0.488398
    outer loop
      vertex 60.4033 17.35 2
      vertex 61.5595 17.4942 0
      vertex 60.5175 18.071 2
    endloop
  endfacet
  facet normal 0.861879 -0.136497 0.488399
    outer loop
      vertex 61.5595 17.4942 0
      vertex 60.4033 17.35 2
      vertex 61.5367 17.35 0
    endloop
  endfacet
  facet normal 0.861879 0.136499 0.488399
    outer loop
      vertex 60.4033 17.35 2
      vertex 61.5595 17.2058 0
      vertex 61.5367 17.35 0
    endloop
  endfacet
  facet normal 0.861878 0.136507 0.488398
    outer loop
      vertex 61.5595 17.2058 0
      vertex 60.4033 17.35 2
      vertex 60.5175 16.629 2
    endloop
  endfacet
  facet normal -0.777511 0.396161 0.488398
    outer loop
      vertex 64.1054 16.667 0
      vertex 65.3135 16.5723 2
      vertex 64.2356 16.9225 0
    endloop
  endfacet
  facet normal -0.777523 0.396132 0.488404
    outer loop
      vertex 65.3135 16.5723 2
      vertex 64.1054 16.667 0
      vertex 65.2875 16.5212 2
    endloop
  endfacet
  facet normal -0.396169 0.777509 0.488396
    outer loop
      vertex 63.603 16.1646 0
      vertex 63.6977 14.9565 2
      vertex 63.7488 14.9825 2
    endloop
  endfacet
  facet normal -0.396156 0.777514 0.488398
    outer loop
      vertex 63.6977 14.9565 2
      vertex 63.603 16.1646 0
      vertex 63.3475 16.0344 0
    endloop
  endfacet
  facet normal -0.136508 0.861878 0.488398
    outer loop
      vertex 63.3475 16.0344 0
      vertex 62.9767 14.8423 2
      vertex 63.6977 14.9565 2
    endloop
  endfacet
  facet normal -0.13651 0.861878 0.488397
    outer loop
      vertex 62.9767 14.8423 2
      vertex 63.3475 16.0344 0
      vertex 63.2033 16.0115 0
    endloop
  endfacet
  facet normal -0.39616 0.777512 0.488398
    outer loop
      vertex 63.7331 16.2309 0
      vertex 63.7488 14.9825 2
      vertex 64.3993 15.314 2
    endloop
  endfacet
  facet normal -0.396174 0.777506 0.488395
    outer loop
      vertex 63.7488 14.9825 2
      vertex 63.7331 16.2309 0
      vertex 63.603 16.1646 0
    endloop
  endfacet
  facet normal -0.617026 0.617049 0.488394
    outer loop
      vertex 63.7331 16.2309 0
      vertex 64.9155 15.8302 2
      vertex 63.8363 16.3341 0
    endloop
  endfacet
  facet normal -0.617038 0.617034 0.488398
    outer loop
      vertex 64.9155 15.8302 2
      vertex 63.7331 16.2309 0
      vertex 64.3993 15.314 2
    endloop
  endfacet
  facet normal 0.777512 0.396161 0.488397
    outer loop
      vertex 60.5265 16.5723 2
      vertex 61.7346 16.667 0
      vertex 61.6044 16.9225 0
    endloop
  endfacet
  facet normal 0.777523 0.396132 0.488402
    outer loop
      vertex 61.7346 16.667 0
      vertex 60.5265 16.5723 2
      vertex 60.5525 16.5212 2
    endloop
  endfacet
  facet normal 0.617035 0.617039 0.488397
    outer loop
      vertex 60.884 15.8707 2
      vertex 62.1069 16.2309 0
      vertex 61.8009 16.5369 0
    endloop
  endfacet
  facet normal 0.617036 0.617036 0.488398
    outer loop
      vertex 62.1069 16.2309 0
      vertex 60.884 15.8707 2
      vertex 61.4407 15.314 2
    endloop
  endfacet
  facet normal 0.136508 -0.861878 0.488397
    outer loop
      vertex 62.92 18.7333 0
      vertex 62.8633 19.8577 2
      vertex 62.6367 18.6885 0
    endloop
  endfacet
  facet normal 0.136527 -0.861876 0.488396
    outer loop
      vertex 62.8633 19.8577 2
      vertex 62.92 18.7333 0
      vertex 62.92 19.8667 2
    endloop
  endfacet
  facet normal 0.136507 -0.861878 0.488397
    outer loop
      vertex 62.4925 18.6656 0
      vertex 62.8633 19.8577 2
      vertex 62.1423 19.7435 2
    endloop
  endfacet
  facet normal 0.13651 -0.861878 0.488397
    outer loop
      vertex 62.8633 19.8577 2
      vertex 62.4925 18.6656 0
      vertex 62.6367 18.6885 0
    endloop
  endfacet
  facet normal 0.777514 -0.396157 0.488397
    outer loop
      vertex 60.8579 18.7782 2
      vertex 61.8009 18.1631 0
      vertex 60.884 18.8293 2
    endloop
  endfacet
  facet normal 0.777514 -0.396157 0.488397
    outer loop
      vertex 61.8009 18.1631 0
      vertex 60.8579 18.7782 2
      vertex 61.6707 17.9076 0
    endloop
  endfacet
  facet normal 0.777512 -0.396161 0.488398
    outer loop
      vertex 60.5265 18.1277 2
      vertex 61.6707 17.9076 0
      vertex 60.8579 18.7782 2
    endloop
  endfacet
  facet normal 0.777506 -0.396174 0.488396
    outer loop
      vertex 61.6707 17.9076 0
      vertex 60.5265 18.1277 2
      vertex 61.6044 17.7775 0
    endloop
  endfacet
  facet normal 0.396156 -0.777514 0.488397
    outer loop
      vertex 62.1069 18.4691 0
      vertex 61.4918 19.4121 2
      vertex 61.4407 19.386 2
    endloop
  endfacet
  facet normal 0.396161 -0.777512 0.488397
    outer loop
      vertex 61.4918 19.4121 2
      vertex 62.1069 18.4691 0
      vertex 62.3624 18.5993 0
    endloop
  endfacet
  facet normal 0.136513 0.861877 0.488397
    outer loop
      vertex 62.92 15.9667 0
      vertex 62.8633 14.8423 2
      vertex 62.92 14.8333 2
    endloop
  endfacet
  facet normal 0.136511 0.861878 0.488397
    outer loop
      vertex 62.8633 14.8423 2
      vertex 62.92 15.9667 0
      vertex 62.6367 16.0115 0
    endloop
  endfacet
  facet normal -0.77751 -0.396165 0.488397
    outer loop
      vertex 64.1693 17.9076 0
      vertex 65.3135 18.1277 2
      vertex 64.9821 18.7782 2
    endloop
  endfacet
  facet normal -0.777514 -0.396155 0.488398
    outer loop
      vertex 65.3135 18.1277 2
      vertex 64.1693 17.9076 0
      vertex 64.2356 17.7775 0
    endloop
  endfacet
  facet normal -0.136518 -0.861877 0.488397
    outer loop
      vertex 62.92 18.7333 0
      vertex 62.9767 19.8577 2
      vertex 62.92 19.8667 2
    endloop
  endfacet
  facet normal -0.136506 -0.861878 0.488397
    outer loop
      vertex 62.9767 19.8577 2
      vertex 62.92 18.7333 0
      vertex 63.2033 18.6885 0
    endloop
  endfacet
  facet normal 0.617036 -0.617036 0.488397
    outer loop
      vertex 60.884 18.8293 2
      vertex 62.1069 18.4691 0
      vertex 61.4407 19.386 2
    endloop
  endfacet
  facet normal 0.617036 -0.617036 0.488397
    outer loop
      vertex 62.1069 18.4691 0
      vertex 60.884 18.8293 2
      vertex 61.8009 18.1631 0
    endloop
  endfacet
  facet normal -0.617037 -0.617035 0.488398
    outer loop
      vertex 63.7331 18.4691 0
      vertex 64.9155 18.8698 2
      vertex 64.3993 19.386 2
    endloop
  endfacet
  facet normal -0.617026 -0.617049 0.488394
    outer loop
      vertex 64.9155 18.8698 2
      vertex 63.7331 18.4691 0
      vertex 63.8363 18.3659 0
    endloop
  endfacet
  facet normal -0.396166 -0.777509 0.488398
    outer loop
      vertex 63.7331 18.4691 0
      vertex 64.3482 19.4121 2
      vertex 63.4776 18.5993 0
    endloop
  endfacet
  facet normal -0.396156 -0.777514 0.488397
    outer loop
      vertex 64.3482 19.4121 2
      vertex 63.7331 18.4691 0
      vertex 64.3993 19.386 2
    endloop
  endfacet
  facet normal -0.396165 -0.77751 0.488397
    outer loop
      vertex 63.4776 18.5993 0
      vertex 63.6977 19.7435 2
      vertex 63.3475 18.6656 0
    endloop
  endfacet
  facet normal -0.396163 -0.777511 0.488397
    outer loop
      vertex 63.6977 19.7435 2
      vertex 63.4776 18.5993 0
      vertex 64.3482 19.4121 2
    endloop
  endfacet
  facet normal -0.61705 -0.617021 0.4884
    outer loop
      vertex 63.8363 18.3659 0
      vertex 64.956 18.8293 2
      vertex 64.9155 18.8698 2
    endloop
  endfacet
  facet normal -0.617042 -0.61703 0.488398
    outer loop
      vertex 64.956 18.8293 2
      vertex 63.8363 18.3659 0
      vertex 64.0391 18.1631 0
    endloop
  endfacet
  facet normal -0.777514 -0.396157 0.488397
    outer loop
      vertex 64.0391 18.1631 0
      vertex 64.9821 18.7782 2
      vertex 64.956 18.8293 2
    endloop
  endfacet
  facet normal -0.777509 -0.396166 0.488397
    outer loop
      vertex 64.9821 18.7782 2
      vertex 64.0391 18.1631 0
      vertex 64.1693 17.9076 0
    endloop
  endfacet
  facet normal -0.86188 0.136496 0.488397
    outer loop
      vertex 67.3956 25.9425 0
      vertex 68.4825 25.649 2
      vertex 67.4405 26.2258 0
    endloop
  endfacet
  facet normal -0.86188 0.136494 0.488397
    outer loop
      vertex 68.4825 25.649 2
      vertex 67.3956 25.9425 0
      vertex 68.4735 25.5923 2
    endloop
  endfacet
  facet normal -0.861877 -0.13652 0.488396
    outer loop
      vertex 68.5967 26.37 2
      vertex 67.4405 26.5142 0
      vertex 67.4633 26.37 0
    endloop
  endfacet
  facet normal -0.861878 -0.136502 0.488398
    outer loop
      vertex 67.4405 26.5142 0
      vertex 68.5967 26.37 2
      vertex 68.4825 27.091 2
    endloop
  endfacet
  facet normal -0.861879 -0.136499 0.488397
    outer loop
      vertex 67.3956 26.7975 0
      vertex 68.4825 27.091 2
      vertex 68.4735 27.1477 2
    endloop
  endfacet
  facet normal -0.86188 -0.136497 0.488397
    outer loop
      vertex 68.4825 27.091 2
      vertex 67.3956 26.7975 0
      vertex 67.4405 26.5142 0
    endloop
  endfacet
  facet normal -0.136507 0.861878 0.488397
    outer loop
      vertex 66.5075 25.0544 0
      vertex 66.1367 23.8623 2
      vertex 66.8577 23.9765 2
    endloop
  endfacet
  facet normal -0.136514 0.861878 0.488396
    outer loop
      vertex 66.1367 23.8623 2
      vertex 66.5075 25.0544 0
      vertex 66.3633 25.0315 0
    endloop
  endfacet
  facet normal -0.396155 -0.777514 0.488399
    outer loop
      vertex 66.8931 27.4891 0
      vertex 66.9088 28.7375 2
      vertex 66.763 27.5554 0
    endloop
  endfacet
  facet normal -0.396163 -0.777511 0.488397
    outer loop
      vertex 66.9088 28.7375 2
      vertex 66.8931 27.4891 0
      vertex 67.5593 28.406 2
    endloop
  endfacet
  facet normal 0.13649 -0.861881 0.488397
    outer loop
      vertex 65.6525 27.6856 0
      vertex 65.359 28.7725 2
      vertex 65.3023 28.7635 2
    endloop
  endfacet
  facet normal 0.136508 -0.861878 0.488398
    outer loop
      vertex 65.359 28.7725 2
      vertex 65.6525 27.6856 0
      vertex 65.9358 27.7305 0
    endloop
  endfacet
  facet normal 0.136507 0.861878 0.488397
    outer loop
      vertex 65.6525 25.0544 0
      vertex 66.0233 23.8623 2
      vertex 65.7967 25.0315 0
    endloop
  endfacet
  facet normal 0.136507 0.861878 0.488397
    outer loop
      vertex 66.0233 23.8623 2
      vertex 65.6525 25.0544 0
      vertex 65.3023 23.9765 2
    endloop
  endfacet
  facet normal -0.617033 0.61704 0.488397
    outer loop
      vertex 67.1991 25.5569 0
      vertex 67.5998 24.3745 2
      vertex 68.116 24.8907 2
    endloop
  endfacet
  facet normal -0.617037 0.617037 0.488396
    outer loop
      vertex 67.5998 24.3745 2
      vertex 67.1991 25.5569 0
      vertex 67.0959 25.4537 0
    endloop
  endfacet
  facet normal -0.861877 0.136521 0.488396
    outer loop
      vertex 67.4405 26.2258 0
      vertex 68.5967 26.37 2
      vertex 67.4633 26.37 0
    endloop
  endfacet
  facet normal -0.861878 0.136503 0.488398
    outer loop
      vertex 68.5967 26.37 2
      vertex 67.4405 26.2258 0
      vertex 68.4825 25.649 2
    endloop
  endfacet
  facet normal -0.617037 -0.617037 0.488396
    outer loop
      vertex 67.1991 27.1831 0
      vertex 67.5593 28.406 2
      vertex 66.8931 27.4891 0
    endloop
  endfacet
  facet normal -0.617034 -0.617039 0.488397
    outer loop
      vertex 67.5593 28.406 2
      vertex 67.1991 27.1831 0
      vertex 68.116 27.8493 2
    endloop
  endfacet
  facet normal 0.617036 0.617036 0.488397
    outer loop
      vertex 64.044 24.8907 2
      vertex 65.2669 25.2509 0
      vertex 64.9609 25.5569 0
    endloop
  endfacet
  facet normal 0.617038 0.617034 0.488398
    outer loop
      vertex 65.2669 25.2509 0
      vertex 64.044 24.8907 2
      vertex 64.6007 24.334 2
    endloop
  endfacet
  facet normal 0.396165 0.77751 0.488397
    outer loop
      vertex 65.2669 25.2509 0
      vertex 65.2512 24.0025 2
      vertex 65.397 25.1846 0
    endloop
  endfacet
  facet normal 0.396161 0.777511 0.488398
    outer loop
      vertex 65.2512 24.0025 2
      vertex 65.2669 25.2509 0
      vertex 64.6007 24.334 2
    endloop
  endfacet
  facet normal 0.396161 0.777512 0.488397
    outer loop
      vertex 65.397 25.1846 0
      vertex 65.3023 23.9765 2
      vertex 65.6525 25.0544 0
    endloop
  endfacet
  facet normal 0.396156 0.777514 0.488398
    outer loop
      vertex 65.3023 23.9765 2
      vertex 65.397 25.1846 0
      vertex 65.2512 24.0025 2
    endloop
  endfacet
  facet normal 0.77751 0.396163 0.488398
    outer loop
      vertex 63.6865 25.5923 2
      vertex 64.8946 25.687 0
      vertex 64.7644 25.9425 0
    endloop
  endfacet
  facet normal 0.777518 0.396144 0.488402
    outer loop
      vertex 64.8946 25.687 0
      vertex 63.6865 25.5923 2
      vertex 63.7125 25.5412 2
    endloop
  endfacet
  facet normal 0.77751 -0.396165 0.488398
    outer loop
      vertex 63.7125 27.1988 2
      vertex 64.9609 27.1831 0
      vertex 64.044 27.8493 2
    endloop
  endfacet
  facet normal 0.777512 -0.39616 0.488399
    outer loop
      vertex 64.9609 27.1831 0
      vertex 63.7125 27.1988 2
      vertex 64.8946 27.053 0
    endloop
  endfacet
  facet normal -0.396156 0.777515 0.488396
    outer loop
      vertex 66.8931 25.2509 0
      vertex 67.5081 24.3079 2
      vertex 67.5593 24.334 2
    endloop
  endfacet
  facet normal -0.396157 0.777515 0.488396
    outer loop
      vertex 67.5081 24.3079 2
      vertex 66.8931 25.2509 0
      vertex 66.6376 25.1207 0
    endloop
  endfacet
  facet normal -0.396161 0.777512 0.488397
    outer loop
      vertex 66.6376 25.1207 0
      vertex 66.8577 23.9765 2
      vertex 67.5081 24.3079 2
    endloop
  endfacet
  facet normal -0.396155 0.777514 0.488398
    outer loop
      vertex 66.8577 23.9765 2
      vertex 66.6376 25.1207 0
      vertex 66.5075 25.0544 0
    endloop
  endfacet
  facet normal 0.136518 0.861877 0.488397
    outer loop
      vertex 66.08 24.9867 0
      vertex 66.0233 23.8623 2
      vertex 66.08 23.8533 2
    endloop
  endfacet
  facet normal 0.136508 0.861878 0.488397
    outer loop
      vertex 66.0233 23.8623 2
      vertex 66.08 24.9867 0
      vertex 65.7967 25.0315 0
    endloop
  endfacet
  facet normal 0.861875 0.136518 0.488399
    outer loop
      vertex 63.6775 25.649 2
      vertex 64.7644 25.9425 0
      vertex 64.7195 26.2258 0
    endloop
  endfacet
  facet normal 0.861869 0.13655 0.488401
    outer loop
      vertex 64.7644 25.9425 0
      vertex 63.6775 25.649 2
      vertex 63.6865 25.5923 2
    endloop
  endfacet
  facet normal 0.777513 0.396155 0.4884
    outer loop
      vertex 63.7125 25.5412 2
      vertex 64.9609 25.5569 0
      vertex 64.8946 25.687 0
    endloop
  endfacet
  facet normal 0.77751 0.396165 0.488398
    outer loop
      vertex 64.9609 25.5569 0
      vertex 63.7125 25.5412 2
      vertex 64.044 24.8907 2
    endloop
  endfacet
  facet normal 0.61705 -0.617021 0.488401
    outer loop
      vertex 64.044 27.8493 2
      vertex 65.1637 27.3859 0
      vertex 64.0845 27.8898 2
    endloop
  endfacet
  facet normal 0.617036 -0.617036 0.488397
    outer loop
      vertex 65.1637 27.3859 0
      vertex 64.044 27.8493 2
      vertex 64.9609 27.1831 0
    endloop
  endfacet
  facet normal 0.617037 -0.617035 0.488398
    outer loop
      vertex 64.0845 27.8898 2
      vertex 65.2669 27.4891 0
      vertex 64.6007 28.406 2
    endloop
  endfacet
  facet normal 0.617036 -0.617036 0.488398
    outer loop
      vertex 65.2669 27.4891 0
      vertex 64.0845 27.8898 2
      vertex 65.1637 27.3859 0
    endloop
  endfacet
  facet normal 0.396163 -0.77751 0.488398
    outer loop
      vertex 65.2669 27.4891 0
      vertex 65.2512 28.7375 2
      vertex 64.6007 28.406 2
    endloop
  endfacet
  facet normal 0.396174 -0.777506 0.488395
    outer loop
      vertex 65.2512 28.7375 2
      vertex 65.2669 27.4891 0
      vertex 65.397 27.5554 0
    endloop
  endfacet
  facet normal -0.136508 -0.861878 0.488398
    outer loop
      vertex 66.5075 27.6856 0
      vertex 66.801 28.7725 2
      vertex 66.2242 27.7305 0
    endloop
  endfacet
  facet normal -0.136507 -0.861878 0.488398
    outer loop
      vertex 66.801 28.7725 2
      vertex 66.5075 27.6856 0
      vertex 66.8577 28.7635 2
    endloop
  endfacet
  facet normal -0.77751 0.396163 0.488398
    outer loop
      vertex 67.2654 25.687 0
      vertex 68.4735 25.5923 2
      vertex 67.3956 25.9425 0
    endloop
  endfacet
  facet normal -0.77748 0.396241 0.488383
    outer loop
      vertex 68.4735 25.5923 2
      vertex 67.2654 25.687 0
      vertex 68.4474 25.5412 2
    endloop
  endfacet
  facet normal -0.777514 0.396156 0.488397
    outer loop
      vertex 67.1991 25.5569 0
      vertex 68.4474 25.5412 2
      vertex 67.2654 25.687 0
    endloop
  endfacet
  facet normal -0.777514 0.396157 0.488397
    outer loop
      vertex 68.4474 25.5412 2
      vertex 67.1991 25.5569 0
      vertex 68.116 24.8907 2
    endloop
  endfacet
  facet normal -0.617037 0.617037 0.488396
    outer loop
      vertex 66.8931 25.2509 0
      vertex 67.5998 24.3745 2
      vertex 67.0959 25.4537 0
    endloop
  endfacet
  facet normal -0.617052 0.617023 0.488395
    outer loop
      vertex 67.5998 24.3745 2
      vertex 66.8931 25.2509 0
      vertex 67.5593 24.334 2
    endloop
  endfacet
  facet normal -0.136508 0.861878 0.488397
    outer loop
      vertex 66.08 24.9867 0
      vertex 66.1367 23.8623 2
      vertex 66.3633 25.0315 0
    endloop
  endfacet
  facet normal -0.136536 0.861875 0.488396
    outer loop
      vertex 66.1367 23.8623 2
      vertex 66.08 24.9867 0
      vertex 66.08 23.8533 2
    endloop
  endfacet
  facet normal 0.396156 -0.777514 0.488398
    outer loop
      vertex 65.397 27.5554 0
      vertex 65.3023 28.7635 2
      vertex 65.2512 28.7375 2
    endloop
  endfacet
  facet normal 0.396156 -0.777514 0.488398
    outer loop
      vertex 65.3023 28.7635 2
      vertex 65.397 27.5554 0
      vertex 65.6525 27.6856 0
    endloop
  endfacet
  facet normal -0.136514 -0.861877 0.488397
    outer loop
      vertex 66.2242 27.7305 0
      vertex 66.08 28.8867 2
      vertex 66.08 27.7533 0
    endloop
  endfacet
  facet normal -0.136507 -0.861878 0.488398
    outer loop
      vertex 66.08 28.8867 2
      vertex 66.2242 27.7305 0
      vertex 66.801 28.7725 2
    endloop
  endfacet
  facet normal 0.136507 -0.861878 0.488397
    outer loop
      vertex 65.9358 27.7305 0
      vertex 66.08 28.8867 2
      vertex 65.359 28.7725 2
    endloop
  endfacet
  facet normal 0.136507 -0.861878 0.488398
    outer loop
      vertex 66.08 28.8867 2
      vertex 65.9358 27.7305 0
      vertex 66.08 27.7533 0
    endloop
  endfacet
  facet normal -0.396156 -0.777514 0.488398
    outer loop
      vertex 66.763 27.5554 0
      vertex 66.8577 28.7635 2
      vertex 66.5075 27.6856 0
    endloop
  endfacet
  facet normal -0.396156 -0.777514 0.488398
    outer loop
      vertex 66.8577 28.7635 2
      vertex 66.763 27.5554 0
      vertex 66.9088 28.7375 2
    endloop
  endfacet
  facet normal -0.777514 -0.396157 0.488397
    outer loop
      vertex 67.1991 27.1831 0
      vertex 68.4474 27.1988 2
      vertex 68.116 27.8493 2
    endloop
  endfacet
  facet normal -0.777513 -0.39616 0.488396
    outer loop
      vertex 68.4474 27.1988 2
      vertex 67.1991 27.1831 0
      vertex 67.2654 27.053 0
    endloop
  endfacet
  facet normal -0.77748 -0.396241 0.488383
    outer loop
      vertex 67.2654 27.053 0
      vertex 68.4735 27.1477 2
      vertex 68.4474 27.1988 2
    endloop
  endfacet
  facet normal -0.777511 -0.396161 0.488398
    outer loop
      vertex 68.4735 27.1477 2
      vertex 67.2654 27.053 0
      vertex 67.3956 26.7975 0
    endloop
  endfacet
  facet normal 0.861868 -0.136555 0.488401
    outer loop
      vertex 63.6775 27.091 2
      vertex 64.7644 26.7975 0
      vertex 63.6865 27.1477 2
    endloop
  endfacet
  facet normal 0.861875 -0.136519 0.4884
    outer loop
      vertex 64.7644 26.7975 0
      vertex 63.6775 27.091 2
      vertex 64.7195 26.5142 0
    endloop
  endfacet
  facet normal 0.777518 -0.396144 0.488401
    outer loop
      vertex 63.6865 27.1477 2
      vertex 64.8946 27.053 0
      vertex 63.7125 27.1988 2
    endloop
  endfacet
  facet normal 0.777511 -0.396161 0.488398
    outer loop
      vertex 64.8946 27.053 0
      vertex 63.6865 27.1477 2
      vertex 64.7644 26.7975 0
    endloop
  endfacet
  facet normal 0.861878 -0.136507 0.488398
    outer loop
      vertex 63.5633 26.37 2
      vertex 64.7195 26.5142 0
      vertex 63.6775 27.091 2
    endloop
  endfacet
  facet normal 0.861877 -0.13652 0.488396
    outer loop
      vertex 64.7195 26.5142 0
      vertex 63.5633 26.37 2
      vertex 64.6967 26.37 0
    endloop
  endfacet
  facet normal 0.861877 0.136521 0.488396
    outer loop
      vertex 63.5633 26.37 2
      vertex 64.7195 26.2258 0
      vertex 64.6967 26.37 0
    endloop
  endfacet
  facet normal 0.861878 0.136507 0.488398
    outer loop
      vertex 64.7195 26.2258 0
      vertex 63.5633 26.37 2
      vertex 63.6775 25.649 2
    endloop
  endfacet
  facet normal -0.861877 -0.13652 0.488395
    outer loop
      vertex 69.06 38.65 1.97059
      vertex 67.8985 38.9333 0
      vertex 67.9433 38.65 0
    endloop
  endfacet
  facet normal -0.861879 -0.136501 0.488398
    outer loop
      vertex 67.8985 38.9333 0
      vertex 69.06 38.65 1.97059
      vertex 69.0554 38.709 1.97889
    endloop
  endfacet
  facet normal 0.861877 0.136518 0.488396
    outer loop
      vertex 64.0433 38.65 2
      vertex 65.1995 38.5058 0
      vertex 65.1767 38.65 0
    endloop
  endfacet
  facet normal 0.861878 0.136502 0.488398
    outer loop
      vertex 65.1995 38.5058 0
      vertex 64.0433 38.65 2
      vertex 64.1575 37.929 2
    endloop
  endfacet
  facet normal 0.136512 -0.861877 0.488397
    outer loop
      vertex 66.4158 40.0105 0
      vertex 66.56 41.1667 2
      vertex 65.839 41.0525 2
    endloop
  endfacet
  facet normal 0.136502 -0.861878 0.488398
    outer loop
      vertex 66.56 41.1667 2
      vertex 66.4158 40.0105 0
      vertex 66.56 40.0333 0
    endloop
  endfacet
  facet normal -0.86188 0.136483 0.488401
    outer loop
      vertex 67.8985 38.3667 0
      vertex 69.0444 38.4512 1.99854
      vertex 69.0554 38.591 1.97889
    endloop
  endfacet
  facet normal -0.861876 0.136521 0.488397
    outer loop
      vertex 67.8756 38.2225 0
      vertex 69.0444 38.4512 1.99854
      vertex 67.8985 38.3667 0
    endloop
  endfacet
  facet normal -0.86185 0.136886 0.48834
    outer loop
      vertex 69.0444 38.4512 1.99854
      vertex 67.8756 38.2225 0
      vertex 69.0442 38.4449 2
    endloop
  endfacet
  facet normal -0.861877 0.136509 0.488398
    outer loop
      vertex 69.0442 38.4449 2
      vertex 67.8756 38.2225 0
      vertex 68.9535 37.8723 2
    endloop
  endfacet
  facet normal -0.77751 -0.396165 0.488397
    outer loop
      vertex 67.8093 39.2076 0
      vertex 68.9535 39.4277 2
      vertex 68.6221 40.0782 2
    endloop
  endfacet
  facet normal -0.777514 -0.396155 0.488398
    outer loop
      vertex 68.9535 39.4277 2
      vertex 67.8093 39.2076 0
      vertex 67.8756 39.0775 0
    endloop
  endfacet
  facet normal -0.136508 0.861878 0.488397
    outer loop
      vertex 66.56 37.2667 0
      vertex 66.6167 36.1423 2
      vertex 66.8433 37.3115 0
    endloop
  endfacet
  facet normal -0.136546 0.861873 0.488395
    outer loop
      vertex 66.6167 36.1423 2
      vertex 66.56 37.2667 0
      vertex 66.56 36.1333 2
    endloop
  endfacet
  facet normal 0.861879 -0.136499 0.488397
    outer loop
      vertex 64.1575 39.371 2
      vertex 65.2444 39.0775 0
      vertex 64.1665 39.4277 2
    endloop
  endfacet
  facet normal 0.86188 -0.136497 0.488397
    outer loop
      vertex 65.2444 39.0775 0
      vertex 64.1575 39.371 2
      vertex 65.1995 38.7942 0
    endloop
  endfacet
  facet normal -0.861876 -0.136521 0.488397
    outer loop
      vertex 69.0435 38.8592 2
      vertex 67.8756 39.0775 0
      vertex 67.8985 38.9333 0
    endloop
  endfacet
  facet normal -0.861877 -0.136513 0.488398
    outer loop
      vertex 67.8756 39.0775 0
      vertex 69.0435 38.8592 2
      vertex 68.9535 39.4277 2
    endloop
  endfacet
  facet normal -0.86188 -0.136487 0.4884
    outer loop
      vertex 69.0435 38.8592 2
      vertex 67.8985 38.9333 0
      vertex 69.0554 38.709 1.97889
    endloop
  endfacet
  facet normal -0.617036 0.617036 0.488398
    outer loop
      vertex 67.3731 37.5309 0
      vertex 68.596 37.1707 2
      vertex 67.6791 37.8369 0
    endloop
  endfacet
  facet normal -0.617036 0.617036 0.488398
    outer loop
      vertex 68.596 37.1707 2
      vertex 67.3731 37.5309 0
      vertex 68.0393 36.614 2
    endloop
  endfacet
  facet normal -0.396179 0.777502 0.488399
    outer loop
      vertex 67.3731 37.5309 0
      vertex 67.9882 36.5879 2
      vertex 68.0393 36.614 2
    endloop
  endfacet
  facet normal -0.39617 0.777506 0.488399
    outer loop
      vertex 67.9882 36.5879 2
      vertex 67.3731 37.5309 0
      vertex 67.1176 37.4007 0
    endloop
  endfacet
  facet normal 0.136495 0.861879 0.488399
    outer loop
      vertex 66.1325 37.3344 0
      vertex 66.5033 36.1423 2
      vertex 66.2767 37.3115 0
    endloop
  endfacet
  facet normal 0.136506 0.861879 0.488397
    outer loop
      vertex 66.5033 36.1423 2
      vertex 66.1325 37.3344 0
      vertex 65.7823 36.2565 2
    endloop
  endfacet
  facet normal 0.777509 0.396166 0.488397
    outer loop
      vertex 64.4979 37.2218 2
      vertex 65.4409 37.8369 0
      vertex 65.3107 38.0924 0
    endloop
  endfacet
  facet normal 0.777527 0.396134 0.488396
    outer loop
      vertex 65.4409 37.8369 0
      vertex 64.4979 37.2218 2
      vertex 64.524 37.1707 2
    endloop
  endfacet
  facet normal 0.617035 -0.617039 0.488396
    outer loop
      vertex 65.4409 39.4631 0
      vertex 65.0807 40.686 2
      vertex 64.524 40.1293 2
    endloop
  endfacet
  facet normal 0.617033 -0.617041 0.488397
    outer loop
      vertex 65.0807 40.686 2
      vertex 65.4409 39.4631 0
      vertex 65.7469 39.7691 0
    endloop
  endfacet
  facet normal 0.861878 -0.136503 0.488398
    outer loop
      vertex 64.0433 38.65 2
      vertex 65.1995 38.7942 0
      vertex 64.1575 39.371 2
    endloop
  endfacet
  facet normal 0.861877 -0.136521 0.488396
    outer loop
      vertex 65.1995 38.7942 0
      vertex 64.0433 38.65 2
      vertex 65.1767 38.65 0
    endloop
  endfacet
  facet normal 0.396165 -0.77751 0.488398
    outer loop
      vertex 66.0024 39.8993 0
      vertex 65.7823 41.0435 2
      vertex 65.1319 40.7121 2
    endloop
  endfacet
  facet normal 0.396165 -0.77751 0.488398
    outer loop
      vertex 65.7823 41.0435 2
      vertex 66.0024 39.8993 0
      vertex 66.1325 39.9656 0
    endloop
  endfacet
  facet normal 0.13649 -0.861881 0.488397
    outer loop
      vertex 66.1325 39.9656 0
      vertex 65.839 41.0525 2
      vertex 65.7823 41.0435 2
    endloop
  endfacet
  facet normal 0.136516 -0.861876 0.488398
    outer loop
      vertex 65.839 41.0525 2
      vertex 66.1325 39.9656 0
      vertex 66.4158 40.0105 0
    endloop
  endfacet
  facet normal -0.617038 -0.617034 0.488398
    outer loop
      vertex 67.3731 39.7691 0
      vertex 68.596 40.1293 2
      vertex 68.0393 40.686 2
    endloop
  endfacet
  facet normal -0.617033 -0.617041 0.488396
    outer loop
      vertex 68.596 40.1293 2
      vertex 67.3731 39.7691 0
      vertex 67.6791 39.4631 0
    endloop
  endfacet
  facet normal -0.136495 -0.861879 0.488399
    outer loop
      vertex 66.7042 40.0105 0
      vertex 66.56 41.1667 2
      vertex 66.56 40.0333 0
    endloop
  endfacet
  facet normal -0.136512 -0.861878 0.488397
    outer loop
      vertex 66.56 41.1667 2
      vertex 66.7042 40.0105 0
      vertex 67.281 41.0525 2
    endloop
  endfacet
  facet normal -0.777514 -0.396157 0.488396
    outer loop
      vertex 67.6791 39.4631 0
      vertex 68.6221 40.0782 2
      vertex 68.596 40.1293 2
    endloop
  endfacet
  facet normal -0.777512 -0.396161 0.488397
    outer loop
      vertex 68.6221 40.0782 2
      vertex 67.6791 39.4631 0
      vertex 67.8093 39.2076 0
    endloop
  endfacet
  facet normal -0.861878 0.136518 0.488395
    outer loop
      vertex 67.8985 38.3667 0
      vertex 69.06 38.65 1.97059
      vertex 67.9433 38.65 0
    endloop
  endfacet
  facet normal -0.861879 0.136493 0.488399
    outer loop
      vertex 69.06 38.65 1.97059
      vertex 67.8985 38.3667 0
      vertex 69.0554 38.591 1.97889
    endloop
  endfacet
  facet normal -0.396161 0.777512 0.488397
    outer loop
      vertex 67.1176 37.4007 0
      vertex 67.3377 36.2565 2
      vertex 67.9882 36.5879 2
    endloop
  endfacet
  facet normal -0.396165 0.77751 0.488397
    outer loop
      vertex 67.3377 36.2565 2
      vertex 67.1176 37.4007 0
      vertex 66.9875 37.3344 0
    endloop
  endfacet
  facet normal -0.136507 0.861878 0.488397
    outer loop
      vertex 66.9875 37.3344 0
      vertex 66.6167 36.1423 2
      vertex 67.3377 36.2565 2
    endloop
  endfacet
  facet normal -0.136495 0.861879 0.488399
    outer loop
      vertex 66.6167 36.1423 2
      vertex 66.9875 37.3344 0
      vertex 66.8433 37.3115 0
    endloop
  endfacet
  facet normal 0.777514 0.396155 0.488398
    outer loop
      vertex 64.1665 37.8723 2
      vertex 65.3107 38.0924 0
      vertex 65.2444 38.2225 0
    endloop
  endfacet
  facet normal 0.77751 0.396165 0.488397
    outer loop
      vertex 65.3107 38.0924 0
      vertex 64.1665 37.8723 2
      vertex 64.4979 37.2218 2
    endloop
  endfacet
  facet normal 0.86188 0.136497 0.488397
    outer loop
      vertex 64.1575 37.929 2
      vertex 65.2444 38.2225 0
      vertex 65.1995 38.5058 0
    endloop
  endfacet
  facet normal 0.861879 0.136499 0.488397
    outer loop
      vertex 65.2444 38.2225 0
      vertex 64.1575 37.929 2
      vertex 64.1665 37.8723 2
    endloop
  endfacet
  facet normal 0.617037 0.617037 0.488396
    outer loop
      vertex 65.4409 37.8369 0
      vertex 65.0807 36.614 2
      vertex 65.7469 37.5309 0
    endloop
  endfacet
  facet normal 0.617032 0.617041 0.488398
    outer loop
      vertex 65.0807 36.614 2
      vertex 65.4409 37.8369 0
      vertex 64.524 37.1707 2
    endloop
  endfacet
  facet normal 0.396183 0.777502 0.488395
    outer loop
      vertex 66.0024 37.4007 0
      vertex 65.7823 36.2565 2
      vertex 66.1325 37.3344 0
    endloop
  endfacet
  facet normal 0.396165 0.77751 0.488398
    outer loop
      vertex 65.7823 36.2565 2
      vertex 66.0024 37.4007 0
      vertex 65.1319 36.5879 2
    endloop
  endfacet
  facet normal 0.396179 -0.777502 0.488398
    outer loop
      vertex 65.7469 39.7691 0
      vertex 65.1319 40.7121 2
      vertex 65.0807 40.686 2
    endloop
  endfacet
  facet normal 0.396161 -0.777512 0.488397
    outer loop
      vertex 65.1319 40.7121 2
      vertex 65.7469 39.7691 0
      vertex 66.0024 39.8993 0
    endloop
  endfacet
  facet normal -0.136519 -0.861876 0.488398
    outer loop
      vertex 66.9875 39.9656 0
      vertex 67.281 41.0525 2
      vertex 66.7042 40.0105 0
    endloop
  endfacet
  facet normal -0.13649 -0.861881 0.488397
    outer loop
      vertex 67.281 41.0525 2
      vertex 66.9875 39.9656 0
      vertex 67.3377 41.0435 2
    endloop
  endfacet
  facet normal -0.777514 0.396155 0.488398
    outer loop
      vertex 67.8093 38.0924 0
      vertex 68.9535 37.8723 2
      vertex 67.8756 38.2225 0
    endloop
  endfacet
  facet normal -0.77751 0.396165 0.488397
    outer loop
      vertex 68.9535 37.8723 2
      vertex 67.8093 38.0924 0
      vertex 68.6221 37.2218 2
    endloop
  endfacet
  facet normal 0.136564 0.861871 0.488394
    outer loop
      vertex 66.56 37.2667 0
      vertex 66.5033 36.1423 2
      vertex 66.56 36.1333 2
    endloop
  endfacet
  facet normal 0.136508 0.861878 0.488397
    outer loop
      vertex 66.5033 36.1423 2
      vertex 66.56 37.2667 0
      vertex 66.2767 37.3115 0
    endloop
  endfacet
  facet normal 0.777485 -0.396228 0.488385
    outer loop
      vertex 64.1665 39.4277 2
      vertex 65.3746 39.333 0
      vertex 64.1926 39.4788 2
    endloop
  endfacet
  facet normal 0.777511 -0.396161 0.488398
    outer loop
      vertex 65.3746 39.333 0
      vertex 64.1665 39.4277 2
      vertex 65.2444 39.0775 0
    endloop
  endfacet
  facet normal 0.777513 -0.396159 0.488397
    outer loop
      vertex 64.1926 39.4788 2
      vertex 65.4409 39.4631 0
      vertex 64.524 40.1293 2
    endloop
  endfacet
  facet normal 0.777514 -0.396156 0.488397
    outer loop
      vertex 65.4409 39.4631 0
      vertex 64.1926 39.4788 2
      vertex 65.3746 39.333 0
    endloop
  endfacet
  facet normal -0.39617 -0.777506 0.488399
    outer loop
      vertex 67.3731 39.7691 0
      vertex 67.9882 40.7121 2
      vertex 67.1176 39.8993 0
    endloop
  endfacet
  facet normal -0.396179 -0.777502 0.488399
    outer loop
      vertex 67.9882 40.7121 2
      vertex 67.3731 39.7691 0
      vertex 68.0393 40.686 2
    endloop
  endfacet
  facet normal -0.396146 -0.777518 0.488399
    outer loop
      vertex 67.1176 39.8993 0
      vertex 67.3377 41.0435 2
      vertex 66.9875 39.9656 0
    endloop
  endfacet
  facet normal -0.396161 -0.777512 0.488397
    outer loop
      vertex 67.3377 41.0435 2
      vertex 67.1176 39.8993 0
      vertex 67.9882 40.7121 2
    endloop
  endfacet
  facet normal -0.777509 0.396166 0.488397
    outer loop
      vertex 67.6791 37.8369 0
      vertex 68.6221 37.2218 2
      vertex 67.8093 38.0924 0
    endloop
  endfacet
  facet normal -0.777527 0.396134 0.488396
    outer loop
      vertex 68.6221 37.2218 2
      vertex 67.6791 37.8369 0
      vertex 68.596 37.1707 2
    endloop
  endfacet
  facet normal 0.396161 0.777512 0.488397
    outer loop
      vertex 65.7469 37.5309 0
      vertex 65.1319 36.5879 2
      vertex 66.0024 37.4007 0
    endloop
  endfacet
  facet normal 0.396179 0.777502 0.488398
    outer loop
      vertex 65.1319 36.5879 2
      vertex 65.7469 37.5309 0
      vertex 65.0807 36.614 2
    endloop
  endfacet
  facet normal -0.86188 0.136497 0.488397
    outer loop
      vertex 66.5656 49.2225 0
      vertex 67.6525 48.929 2
      vertex 66.6105 49.5058 0
    endloop
  endfacet
  facet normal -0.861879 0.136499 0.488397
    outer loop
      vertex 67.6525 48.929 2
      vertex 66.5656 49.2225 0
      vertex 67.6435 48.8723 2
    endloop
  endfacet
  facet normal -0.861877 -0.136521 0.488396
    outer loop
      vertex 67.7667 49.65 2
      vertex 66.6105 49.7942 0
      vertex 66.6333 49.65 0
    endloop
  endfacet
  facet normal -0.861878 -0.136503 0.488398
    outer loop
      vertex 66.6105 49.7942 0
      vertex 67.7667 49.65 2
      vertex 67.6525 50.371 2
    endloop
  endfacet
  facet normal -0.861879 -0.136499 0.488397
    outer loop
      vertex 66.5656 50.0775 0
      vertex 67.6525 50.371 2
      vertex 67.6435 50.4277 2
    endloop
  endfacet
  facet normal -0.86188 -0.136497 0.488397
    outer loop
      vertex 67.6525 50.371 2
      vertex 66.5656 50.0775 0
      vertex 66.6105 49.7942 0
    endloop
  endfacet
  facet normal 0.13649 -0.861881 0.488397
    outer loop
      vertex 64.8225 50.9656 0
      vertex 64.529 52.0525 2
      vertex 64.4723 52.0435 2
    endloop
  endfacet
  facet normal 0.136519 -0.861876 0.488398
    outer loop
      vertex 64.529 52.0525 2
      vertex 64.8225 50.9656 0
      vertex 65.1058 51.0105 0
    endloop
  endfacet
  facet normal -0.136507 0.861878 0.488397
    outer loop
      vertex 65.6775 48.3344 0
      vertex 65.3067 47.1423 2
      vertex 66.0277 47.2565 2
    endloop
  endfacet
  facet normal -0.136495 0.861879 0.488399
    outer loop
      vertex 65.3067 47.1423 2
      vertex 65.6775 48.3344 0
      vertex 65.5333 48.3115 0
    endloop
  endfacet
  facet normal -0.136519 -0.861876 0.488398
    outer loop
      vertex 65.6775 50.9656 0
      vertex 65.971 52.0525 2
      vertex 65.3942 51.0105 0
    endloop
  endfacet
  facet normal -0.13649 -0.861881 0.488397
    outer loop
      vertex 65.971 52.0525 2
      vertex 65.6775 50.9656 0
      vertex 66.0277 52.0435 2
    endloop
  endfacet
  facet normal 0.396161 0.777511 0.488398
    outer loop
      vertex 64.4369 48.5309 0
      vertex 63.8218 47.5879 2
      vertex 64.6924 48.4007 0
    endloop
  endfacet
  facet normal 0.396202 0.777489 0.4884
    outer loop
      vertex 63.8218 47.5879 2
      vertex 64.4369 48.5309 0
      vertex 63.7707 47.614 2
    endloop
  endfacet
  facet normal -0.777514 0.396155 0.488398
    outer loop
      vertex 66.4993 49.0924 0
      vertex 67.6435 48.8723 2
      vertex 66.5656 49.2225 0
    endloop
  endfacet
  facet normal -0.77751 0.396165 0.488397
    outer loop
      vertex 67.6435 48.8723 2
      vertex 66.4993 49.0924 0
      vertex 67.3121 48.2218 2
    endloop
  endfacet
  facet normal -0.861877 0.136518 0.488396
    outer loop
      vertex 66.6105 49.5058 0
      vertex 67.7667 49.65 2
      vertex 66.6333 49.65 0
    endloop
  endfacet
  facet normal -0.861878 0.136502 0.488398
    outer loop
      vertex 67.7667 49.65 2
      vertex 66.6105 49.5058 0
      vertex 67.6525 48.929 2
    endloop
  endfacet
  facet normal -0.617038 -0.617034 0.488398
    outer loop
      vertex 66.0631 50.7691 0
      vertex 67.286 51.1293 2
      vertex 66.7293 51.686 2
    endloop
  endfacet
  facet normal -0.617033 -0.617041 0.488396
    outer loop
      vertex 67.286 51.1293 2
      vertex 66.0631 50.7691 0
      vertex 66.3691 50.4631 0
    endloop
  endfacet
  facet normal 0.136546 0.861873 0.488395
    outer loop
      vertex 65.25 48.2667 0
      vertex 65.1933 47.1423 2
      vertex 65.25 47.1333 2
    endloop
  endfacet
  facet normal 0.136508 0.861878 0.488397
    outer loop
      vertex 65.1933 47.1423 2
      vertex 65.25 48.2667 0
      vertex 64.9667 48.3115 0
    endloop
  endfacet
  facet normal 0.617036 0.617036 0.488397
    outer loop
      vertex 64.1309 48.8369 0
      vertex 63.7707 47.614 2
      vertex 64.4369 48.5309 0
    endloop
  endfacet
  facet normal 0.617034 0.617038 0.488398
    outer loop
      vertex 63.7707 47.614 2
      vertex 64.1309 48.8369 0
      vertex 63.214 48.1707 2
    endloop
  endfacet
  facet normal 0.777514 0.396155 0.488398
    outer loop
      vertex 62.8565 48.8723 2
      vertex 64.0007 49.0924 0
      vertex 63.9344 49.2225 0
    endloop
  endfacet
  facet normal 0.777512 0.396161 0.488398
    outer loop
      vertex 64.0007 49.0924 0
      vertex 62.8565 48.8723 2
      vertex 63.1879 48.2218 2
    endloop
  endfacet
  facet normal -0.777509 0.396166 0.488397
    outer loop
      vertex 66.3691 48.8369 0
      vertex 67.3121 48.2218 2
      vertex 66.4993 49.0924 0
    endloop
  endfacet
  facet normal -0.777527 0.396134 0.488396
    outer loop
      vertex 67.3121 48.2218 2
      vertex 66.3691 48.8369 0
      vertex 67.286 48.1707 2
    endloop
  endfacet
  facet normal -0.396161 0.777511 0.488398
    outer loop
      vertex 65.8076 48.4007 0
      vertex 66.0277 47.2565 2
      vertex 66.6782 47.5879 2
    endloop
  endfacet
  facet normal -0.396183 0.777502 0.488395
    outer loop
      vertex 66.0277 47.2565 2
      vertex 65.8076 48.4007 0
      vertex 65.6775 48.3344 0
    endloop
  endfacet
  facet normal -0.617036 0.617036 0.488398
    outer loop
      vertex 66.0631 48.5309 0
      vertex 67.286 48.1707 2
      vertex 66.3691 48.8369 0
    endloop
  endfacet
  facet normal -0.617036 0.617036 0.488398
    outer loop
      vertex 67.286 48.1707 2
      vertex 66.0631 48.5309 0
      vertex 66.7293 47.614 2
    endloop
  endfacet
  facet normal -0.396179 0.777502 0.488399
    outer loop
      vertex 66.0631 48.5309 0
      vertex 66.6782 47.5879 2
      vertex 66.7293 47.614 2
    endloop
  endfacet
  facet normal -0.396161 0.777511 0.488398
    outer loop
      vertex 66.6782 47.5879 2
      vertex 66.0631 48.5309 0
      vertex 65.8076 48.4007 0
    endloop
  endfacet
  facet normal 0.396183 0.777502 0.488395
    outer loop
      vertex 64.6924 48.4007 0
      vertex 64.4723 47.2565 2
      vertex 64.8225 48.3344 0
    endloop
  endfacet
  facet normal 0.396161 0.777511 0.488398
    outer loop
      vertex 64.4723 47.2565 2
      vertex 64.6924 48.4007 0
      vertex 63.8218 47.5879 2
    endloop
  endfacet
  facet normal 0.136495 0.861879 0.488399
    outer loop
      vertex 64.8225 48.3344 0
      vertex 65.1933 47.1423 2
      vertex 64.9667 48.3115 0
    endloop
  endfacet
  facet normal 0.136507 0.861878 0.488397
    outer loop
      vertex 65.1933 47.1423 2
      vertex 64.8225 48.3344 0
      vertex 64.4723 47.2565 2
    endloop
  endfacet
  facet normal -0.136508 0.861878 0.488397
    outer loop
      vertex 65.25 48.2667 0
      vertex 65.3067 47.1423 2
      vertex 65.5333 48.3115 0
    endloop
  endfacet
  facet normal -0.136546 0.861873 0.488395
    outer loop
      vertex 65.3067 47.1423 2
      vertex 65.25 48.2667 0
      vertex 65.25 47.1333 2
    endloop
  endfacet
  facet normal 0.777509 0.396165 0.488399
    outer loop
      vertex 63.1879 48.2218 2
      vertex 64.1309 48.8369 0
      vertex 64.0007 49.0924 0
    endloop
  endfacet
  facet normal 0.777502 0.396179 0.488399
    outer loop
      vertex 64.1309 48.8369 0
      vertex 63.1879 48.2218 2
      vertex 63.214 48.1707 2
    endloop
  endfacet
  facet normal 0.777511 -0.396163 0.488397
    outer loop
      vertex 62.8825 50.4788 2
      vertex 64.1309 50.4631 0
      vertex 63.214 51.1293 2
    endloop
  endfacet
  facet normal 0.777514 -0.396155 0.488399
    outer loop
      vertex 64.1309 50.4631 0
      vertex 62.8825 50.4788 2
      vertex 64.0646 50.333 0
    endloop
  endfacet
  facet normal 0.861878 0.136508 0.488398
    outer loop
      vertex 62.8475 48.929 2
      vertex 63.9344 49.2225 0
      vertex 63.8895 49.5058 0
    endloop
  endfacet
  facet normal 0.861879 0.136499 0.488397
    outer loop
      vertex 63.9344 49.2225 0
      vertex 62.8475 48.929 2
      vertex 62.8565 48.8723 2
    endloop
  endfacet
  facet normal -0.396184 -0.777503 0.488393
    outer loop
      vertex 66.0631 50.7691 0
      vertex 66.0788 52.0175 2
      vertex 65.933 50.8354 0
    endloop
  endfacet
  facet normal -0.396161 -0.777512 0.488398
    outer loop
      vertex 66.0788 52.0175 2
      vertex 66.0631 50.7691 0
      vertex 66.7293 51.686 2
    endloop
  endfacet
  facet normal 0.136512 -0.861878 0.488397
    outer loop
      vertex 65.1058 51.0105 0
      vertex 65.25 52.1667 2
      vertex 64.529 52.0525 2
    endloop
  endfacet
  facet normal 0.136495 -0.861879 0.488399
    outer loop
      vertex 65.25 52.1667 2
      vertex 65.1058 51.0105 0
      vertex 65.25 51.0333 0
    endloop
  endfacet
  facet normal 0.396166 -0.777509 0.488398
    outer loop
      vertex 64.4369 50.7691 0
      vertex 64.4212 52.0175 2
      vertex 63.7707 51.686 2
    endloop
  endfacet
  facet normal 0.396184 -0.777502 0.488394
    outer loop
      vertex 64.4212 52.0175 2
      vertex 64.4369 50.7691 0
      vertex 64.567 50.8354 0
    endloop
  endfacet
  facet normal 0.617036 -0.617036 0.488397
    outer loop
      vertex 63.214 51.1293 2
      vertex 64.4369 50.7691 0
      vertex 63.7707 51.686 2
    endloop
  endfacet
  facet normal 0.617033 -0.617041 0.488396
    outer loop
      vertex 64.4369 50.7691 0
      vertex 63.214 51.1293 2
      vertex 64.1309 50.4631 0
    endloop
  endfacet
  facet normal 0.861878 -0.136507 0.488398
    outer loop
      vertex 62.7333 49.65 2
      vertex 63.8895 49.7942 0
      vertex 62.8475 50.371 2
    endloop
  endfacet
  facet normal 0.861877 -0.136521 0.488396
    outer loop
      vertex 63.8895 49.7942 0
      vertex 62.7333 49.65 2
      vertex 63.8667 49.65 0
    endloop
  endfacet
  facet normal 0.861877 0.136518 0.488396
    outer loop
      vertex 62.7333 49.65 2
      vertex 63.8895 49.5058 0
      vertex 63.8667 49.65 0
    endloop
  endfacet
  facet normal 0.861878 0.136506 0.488398
    outer loop
      vertex 63.8895 49.5058 0
      vertex 62.7333 49.65 2
      vertex 62.8475 48.929 2
    endloop
  endfacet
  facet normal 0.861879 -0.136499 0.488397
    outer loop
      vertex 62.8475 50.371 2
      vertex 63.9344 50.0775 0
      vertex 62.8565 50.4277 2
    endloop
  endfacet
  facet normal 0.861878 -0.136508 0.488398
    outer loop
      vertex 63.9344 50.0775 0
      vertex 62.8475 50.371 2
      vertex 63.8895 49.7942 0
    endloop
  endfacet
  facet normal 0.777504 -0.39618 0.488394
    outer loop
      vertex 62.8565 50.4277 2
      vertex 64.0646 50.333 0
      vertex 62.8825 50.4788 2
    endloop
  endfacet
  facet normal 0.777511 -0.396161 0.488398
    outer loop
      vertex 64.0646 50.333 0
      vertex 62.8565 50.4277 2
      vertex 63.9344 50.0775 0
    endloop
  endfacet
  facet normal -0.136495 -0.861879 0.488399
    outer loop
      vertex 65.3942 51.0105 0
      vertex 65.25 52.1667 2
      vertex 65.25 51.0333 0
    endloop
  endfacet
  facet normal -0.136512 -0.861878 0.488397
    outer loop
      vertex 65.25 52.1667 2
      vertex 65.3942 51.0105 0
      vertex 65.971 52.0525 2
    endloop
  endfacet
  facet normal -0.777509 -0.396167 0.488397
    outer loop
      vertex 66.3691 50.4631 0
      vertex 67.6175 50.4788 2
      vertex 67.286 51.1293 2
    endloop
  endfacet
  facet normal -0.777513 -0.396155 0.4884
    outer loop
      vertex 67.6175 50.4788 2
      vertex 66.3691 50.4631 0
      vertex 66.4354 50.333 0
    endloop
  endfacet
  facet normal -0.777523 -0.396132 0.488404
    outer loop
      vertex 66.4354 50.333 0
      vertex 67.6435 50.4277 2
      vertex 67.6175 50.4788 2
    endloop
  endfacet
  facet normal -0.777511 -0.396161 0.488398
    outer loop
      vertex 67.6435 50.4277 2
      vertex 66.4354 50.333 0
      vertex 66.5656 50.0775 0
    endloop
  endfacet
  facet normal 0.396132 -0.777523 0.488402
    outer loop
      vertex 64.567 50.8354 0
      vertex 64.4723 52.0435 2
      vertex 64.4212 52.0175 2
    endloop
  endfacet
  facet normal 0.396151 -0.777516 0.488399
    outer loop
      vertex 64.4723 52.0435 2
      vertex 64.567 50.8354 0
      vertex 64.8225 50.9656 0
    endloop
  endfacet
  facet normal -0.396151 -0.777516 0.488399
    outer loop
      vertex 65.933 50.8354 0
      vertex 66.0277 52.0435 2
      vertex 65.6775 50.9656 0
    endloop
  endfacet
  facet normal -0.396181 -0.777504 0.488393
    outer loop
      vertex 66.0277 52.0435 2
      vertex 65.933 50.8354 0
      vertex 66.0788 52.0175 2
    endloop
  endfacet
  facet normal -0.861877 -0.13652 0.488396
    outer loop
      vertex 65.6833 60.65 0
      vertex 66.8077 60.7067 2
      vertex 65.6385 60.9333 0
    endloop
  endfacet
  facet normal -0.861879 -0.136499 0.488397
    outer loop
      vertex 66.8077 60.7067 2
      vertex 65.6833 60.65 0
      vertex 66.8167 60.65 2
    endloop
  endfacet
  facet normal -0.86188 0.136476 0.488403
    outer loop
      vertex 65.6156 60.2225 0
      vertex 66.8077 60.5933 2
      vertex 65.6385 60.3667 0
    endloop
  endfacet
  facet normal -0.861878 0.136512 0.488396
    outer loop
      vertex 66.8077 60.5933 2
      vertex 65.6156 60.2225 0
      vertex 66.6935 59.8723 2
    endloop
  endfacet
  facet normal 0.136546 0.861873 0.488395
    outer loop
      vertex 64.3 59.2667 0
      vertex 64.2433 58.1423 2
      vertex 64.3 58.1333 2
    endloop
  endfacet
  facet normal 0.136505 0.861878 0.488397
    outer loop
      vertex 64.2433 58.1423 2
      vertex 64.3 59.2667 0
      vertex 64.0167 59.3115 0
    endloop
  endfacet
  facet normal 0.777511 -0.396163 0.488397
    outer loop
      vertex 61.9325 61.4788 2
      vertex 63.1809 61.4631 0
      vertex 62.264 62.1293 2
    endloop
  endfacet
  facet normal 0.777514 -0.396155 0.488399
    outer loop
      vertex 63.1809 61.4631 0
      vertex 61.9325 61.4788 2
      vertex 63.1146 61.333 0
    endloop
  endfacet
  facet normal 0.136511 -0.861878 0.488397
    outer loop
      vertex 64.1558 62.0105 0
      vertex 64.3 63.1667 2
      vertex 63.579 63.0525 2
    endloop
  endfacet
  facet normal 0.136495 -0.861879 0.488399
    outer loop
      vertex 64.3 63.1667 2
      vertex 64.1558 62.0105 0
      vertex 64.3 62.0333 0
    endloop
  endfacet
  facet normal -0.86188 -0.136476 0.488403
    outer loop
      vertex 66.8077 60.7067 2
      vertex 65.6156 61.0775 0
      vertex 65.6385 60.9333 0
    endloop
  endfacet
  facet normal -0.861878 -0.136512 0.488396
    outer loop
      vertex 65.6156 61.0775 0
      vertex 66.8077 60.7067 2
      vertex 66.6935 61.4277 2
    endloop
  endfacet
  facet normal -0.777498 0.396193 0.488393
    outer loop
      vertex 65.5493 60.0924 0
      vertex 66.6935 59.8723 2
      vertex 65.6156 60.2225 0
    endloop
  endfacet
  facet normal -0.777513 0.396157 0.488398
    outer loop
      vertex 66.6935 59.8723 2
      vertex 65.5493 60.0924 0
      vertex 66.3621 59.2218 2
    endloop
  endfacet
  facet normal -0.617036 0.617036 0.488398
    outer loop
      vertex 65.2163 59.6341 0
      vertex 66.336 59.1707 2
      vertex 65.4191 59.8369 0
    endloop
  endfacet
  facet normal -0.616984 0.6171 0.488384
    outer loop
      vertex 66.336 59.1707 2
      vertex 65.2163 59.6341 0
      vertex 66.2955 59.1302 2
    endloop
  endfacet
  facet normal 0.777514 0.396155 0.488398
    outer loop
      vertex 61.9065 59.8723 2
      vertex 63.0507 60.0924 0
      vertex 62.9844 60.2225 0
    endloop
  endfacet
  facet normal 0.77751 0.396165 0.488397
    outer loop
      vertex 63.0507 60.0924 0
      vertex 61.9065 59.8723 2
      vertex 62.2379 59.2218 2
    endloop
  endfacet
  facet normal 0.617036 -0.617036 0.488397
    outer loop
      vertex 62.264 62.1293 2
      vertex 63.4869 61.7691 0
      vertex 62.8207 62.686 2
    endloop
  endfacet
  facet normal 0.617033 -0.617041 0.488396
    outer loop
      vertex 63.4869 61.7691 0
      vertex 62.264 62.1293 2
      vertex 63.1809 61.4631 0
    endloop
  endfacet
  facet normal -0.617032 -0.617043 0.488395
    outer loop
      vertex 65.4191 61.4631 0
      vertex 66.2955 62.1698 2
      vertex 65.2163 61.6659 0
    endloop
  endfacet
  facet normal -0.617009 -0.617067 0.488394
    outer loop
      vertex 66.2955 62.1698 2
      vertex 65.4191 61.4631 0
      vertex 66.336 62.1293 2
    endloop
  endfacet
  facet normal -0.136502 -0.861878 0.488398
    outer loop
      vertex 64.4442 62.0105 0
      vertex 64.3 63.1667 2
      vertex 64.3 62.0333 0
    endloop
  endfacet
  facet normal -0.136512 -0.861877 0.488397
    outer loop
      vertex 64.3 63.1667 2
      vertex 64.4442 62.0105 0
      vertex 65.021 63.0525 2
    endloop
  endfacet
  facet normal -0.777513 -0.396159 0.488397
    outer loop
      vertex 65.4191 61.4631 0
      vertex 66.6674 61.4788 2
      vertex 66.336 62.1293 2
    endloop
  endfacet
  facet normal -0.777514 -0.396156 0.488397
    outer loop
      vertex 66.6674 61.4788 2
      vertex 65.4191 61.4631 0
      vertex 65.4854 61.333 0
    endloop
  endfacet
  facet normal -0.777524 -0.396132 0.488401
    outer loop
      vertex 65.4854 61.333 0
      vertex 66.6935 61.4277 2
      vertex 66.6674 61.4788 2
    endloop
  endfacet
  facet normal -0.777513 -0.396161 0.488396
    outer loop
      vertex 66.6935 61.4277 2
      vertex 65.4854 61.333 0
      vertex 65.6156 61.0775 0
    endloop
  endfacet
  facet normal -0.86188 0.13649 0.488398
    outer loop
      vertex 65.6833 60.65 0
      vertex 66.8077 60.5933 2
      vertex 66.8167 60.65 2
    endloop
  endfacet
  facet normal -0.861877 0.136518 0.488397
    outer loop
      vertex 66.8077 60.5933 2
      vertex 65.6833 60.65 0
      vertex 65.6385 60.3667 0
    endloop
  endfacet
  facet normal 0.396174 0.777506 0.488396
    outer loop
      vertex 63.7424 59.4007 0
      vertex 63.5223 58.2565 2
      vertex 63.8725 59.3344 0
    endloop
  endfacet
  facet normal 0.396161 0.777512 0.488398
    outer loop
      vertex 63.5223 58.2565 2
      vertex 63.7424 59.4007 0
      vertex 62.8718 58.5879 2
    endloop
  endfacet
  facet normal 0.136502 0.861879 0.488398
    outer loop
      vertex 63.8725 59.3344 0
      vertex 64.2433 58.1423 2
      vertex 64.0167 59.3115 0
    endloop
  endfacet
  facet normal 0.136507 0.861878 0.488397
    outer loop
      vertex 64.2433 58.1423 2
      vertex 63.8725 59.3344 0
      vertex 63.5223 58.2565 2
    endloop
  endfacet
  facet normal 0.396161 0.777512 0.488398
    outer loop
      vertex 63.4869 59.5309 0
      vertex 62.8718 58.5879 2
      vertex 63.7424 59.4007 0
    endloop
  endfacet
  facet normal 0.396179 0.777502 0.488399
    outer loop
      vertex 62.8718 58.5879 2
      vertex 63.4869 59.5309 0
      vertex 62.8207 58.614 2
    endloop
  endfacet
  facet normal 0.777509 0.396166 0.488397
    outer loop
      vertex 62.2379 59.2218 2
      vertex 63.1809 59.8369 0
      vertex 63.0507 60.0924 0
    endloop
  endfacet
  facet normal 0.777527 0.396134 0.488396
    outer loop
      vertex 63.1809 59.8369 0
      vertex 62.2379 59.2218 2
      vertex 62.264 59.1707 2
    endloop
  endfacet
  facet normal 0.861878 0.136508 0.488398
    outer loop
      vertex 61.8975 59.929 2
      vertex 62.9844 60.2225 0
      vertex 62.9395 60.5058 0
    endloop
  endfacet
  facet normal 0.861879 0.136499 0.488397
    outer loop
      vertex 62.9844 60.2225 0
      vertex 61.8975 59.929 2
      vertex 61.9065 59.8723 2
    endloop
  endfacet
  facet normal 0.396165 -0.77751 0.488398
    outer loop
      vertex 63.4869 61.7691 0
      vertex 63.4712 63.0175 2
      vertex 62.8207 62.686 2
    endloop
  endfacet
  facet normal 0.396174 -0.777506 0.488395
    outer loop
      vertex 63.4712 63.0175 2
      vertex 63.4869 61.7691 0
      vertex 63.617 61.8354 0
    endloop
  endfacet
  facet normal -0.136519 -0.861875 0.488399
    outer loop
      vertex 64.7275 61.9656 0
      vertex 65.021 63.0525 2
      vertex 64.4442 62.0105 0
    endloop
  endfacet
  facet normal -0.136507 -0.861878 0.488398
    outer loop
      vertex 65.021 63.0525 2
      vertex 64.7275 61.9656 0
      vertex 65.0777 63.0435 2
    endloop
  endfacet
  facet normal -0.617037 -0.617037 0.488396
    outer loop
      vertex 65.1131 61.7691 0
      vertex 66.2955 62.1698 2
      vertex 65.7793 62.686 2
    endloop
  endfacet
  facet normal -0.617037 -0.617037 0.488396
    outer loop
      vertex 66.2955 62.1698 2
      vertex 65.1131 61.7691 0
      vertex 65.2163 61.6659 0
    endloop
  endfacet
  facet normal -0.777519 0.396147 0.488396
    outer loop
      vertex 65.4191 59.8369 0
      vertex 66.3621 59.2218 2
      vertex 65.5493 60.0924 0
    endloop
  endfacet
  facet normal -0.777527 0.396134 0.488396
    outer loop
      vertex 66.3621 59.2218 2
      vertex 65.4191 59.8369 0
      vertex 66.336 59.1707 2
    endloop
  endfacet
  facet normal -0.396161 0.777512 0.488397
    outer loop
      vertex 64.8576 59.4007 0
      vertex 65.0777 58.2565 2
      vertex 65.7281 58.5879 2
    endloop
  endfacet
  facet normal -0.396165 0.77751 0.488397
    outer loop
      vertex 65.0777 58.2565 2
      vertex 64.8576 59.4007 0
      vertex 64.7275 59.3344 0
    endloop
  endfacet
  facet normal -0.136507 0.861878 0.488397
    outer loop
      vertex 64.7275 59.3344 0
      vertex 64.3567 58.1423 2
      vertex 65.0777 58.2565 2
    endloop
  endfacet
  facet normal -0.136502 0.861879 0.488398
    outer loop
      vertex 64.3567 58.1423 2
      vertex 64.7275 59.3344 0
      vertex 64.5833 59.3115 0
    endloop
  endfacet
  facet normal -0.396179 0.777502 0.488398
    outer loop
      vertex 65.1131 59.5309 0
      vertex 65.7281 58.5879 2
      vertex 65.7793 58.614 2
    endloop
  endfacet
  facet normal -0.396161 0.777512 0.488397
    outer loop
      vertex 65.7281 58.5879 2
      vertex 65.1131 59.5309 0
      vertex 64.8576 59.4007 0
    endloop
  endfacet
  facet normal -0.617037 0.617037 0.488396
    outer loop
      vertex 65.1131 59.5309 0
      vertex 66.2955 59.1302 2
      vertex 65.2163 59.6341 0
    endloop
  endfacet
  facet normal -0.617037 0.617037 0.488396
    outer loop
      vertex 66.2955 59.1302 2
      vertex 65.1131 59.5309 0
      vertex 65.7793 58.614 2
    endloop
  endfacet
  facet normal 0.617036 0.617036 0.488397
    outer loop
      vertex 63.1809 59.8369 0
      vertex 62.8207 58.614 2
      vertex 63.4869 59.5309 0
    endloop
  endfacet
  facet normal 0.617034 0.617038 0.488398
    outer loop
      vertex 62.8207 58.614 2
      vertex 63.1809 59.8369 0
      vertex 62.264 59.1707 2
    endloop
  endfacet
  facet normal 0.861878 -0.136507 0.488398
    outer loop
      vertex 61.7833 60.65 2
      vertex 62.9395 60.7942 0
      vertex 61.8975 61.371 2
    endloop
  endfacet
  facet normal 0.861879 -0.136499 0.488399
    outer loop
      vertex 62.9395 60.7942 0
      vertex 61.7833 60.65 2
      vertex 62.9167 60.65 0
    endloop
  endfacet
  facet normal 0.861879 0.136495 0.488399
    outer loop
      vertex 61.7833 60.65 2
      vertex 62.9395 60.5058 0
      vertex 62.9167 60.65 0
    endloop
  endfacet
  facet normal 0.861878 0.136506 0.488398
    outer loop
      vertex 62.9395 60.5058 0
      vertex 61.7833 60.65 2
      vertex 61.8975 59.929 2
    endloop
  endfacet
  facet normal 0.861879 -0.136499 0.488397
    outer loop
      vertex 61.8975 61.371 2
      vertex 62.9844 61.0775 0
      vertex 61.9065 61.4277 2
    endloop
  endfacet
  facet normal 0.861878 -0.136508 0.488398
    outer loop
      vertex 62.9844 61.0775 0
      vertex 61.8975 61.371 2
      vertex 62.9395 60.7942 0
    endloop
  endfacet
  facet normal 0.777504 -0.39618 0.488394
    outer loop
      vertex 61.9065 61.4277 2
      vertex 63.1146 61.333 0
      vertex 61.9325 61.4788 2
    endloop
  endfacet
  facet normal 0.777511 -0.396161 0.488398
    outer loop
      vertex 63.1146 61.333 0
      vertex 61.9065 61.4277 2
      vertex 62.9844 61.0775 0
    endloop
  endfacet
  facet normal 0.396132 -0.777523 0.488402
    outer loop
      vertex 63.617 61.8354 0
      vertex 63.5223 63.0435 2
      vertex 63.4712 63.0175 2
    endloop
  endfacet
  facet normal 0.396151 -0.777516 0.488399
    outer loop
      vertex 63.5223 63.0435 2
      vertex 63.617 61.8354 0
      vertex 63.8725 61.9656 0
    endloop
  endfacet
  facet normal 0.136499 -0.861879 0.488397
    outer loop
      vertex 63.8725 61.9656 0
      vertex 63.579 63.0525 2
      vertex 63.5223 63.0435 2
    endloop
  endfacet
  facet normal 0.136519 -0.861876 0.488398
    outer loop
      vertex 63.579 63.0525 2
      vertex 63.8725 61.9656 0
      vertex 64.1558 62.0105 0
    endloop
  endfacet
  facet normal -0.396151 -0.777516 0.488399
    outer loop
      vertex 64.983 61.8354 0
      vertex 65.0777 63.0435 2
      vertex 64.7275 61.9656 0
    endloop
  endfacet
  facet normal -0.396132 -0.777523 0.488402
    outer loop
      vertex 65.0777 63.0435 2
      vertex 64.983 61.8354 0
      vertex 65.1288 63.0175 2
    endloop
  endfacet
  facet normal -0.396164 -0.77751 0.488397
    outer loop
      vertex 65.1131 61.7691 0
      vertex 65.1288 63.0175 2
      vertex 64.983 61.8354 0
    endloop
  endfacet
  facet normal -0.396165 -0.77751 0.488397
    outer loop
      vertex 65.1288 63.0175 2
      vertex 65.1131 61.7691 0
      vertex 65.7793 62.686 2
    endloop
  endfacet
  facet normal -0.136508 0.861878 0.488397
    outer loop
      vertex 64.3 59.2667 0
      vertex 64.3567 58.1423 2
      vertex 64.5833 59.3115 0
    endloop
  endfacet
  facet normal -0.136564 0.861871 0.488394
    outer loop
      vertex 64.3567 58.1423 2
      vertex 64.3 59.2667 0
      vertex 64.3 58.1333 2
    endloop
  endfacet
  facet normal 1 -0 0
    outer loop
      vertex 58.5 25 2
      vertex 58.5 30.5 0
      vertex 58.5 30.5 2
    endloop
  endfacet
  facet normal 1 0 0
    outer loop
      vertex 58.5 30.5 0
      vertex 58.5 25 2
      vertex 58.5 25 0
    endloop
  endfacet
  facet normal -1 0 0
    outer loop
      vertex 60 25 0
      vertex 60 30.5 2
      vertex 60 30.5 0
    endloop
  endfacet
  facet normal -1 -0 0
    outer loop
      vertex 60 30.5 2
      vertex 60 25 0
      vertex 60 25 2
    endloop
  endfacet
  facet normal 0 1 -0
    outer loop
      vertex 60 25 0
      vertex 58.5 25 2
      vertex 60 25 2
    endloop
  endfacet
  facet normal 0 1 0
    outer loop
      vertex 58.5 25 2
      vertex 60 25 0
      vertex 58.5 25 0
    endloop
  endfacet
  facet normal 0 -1 0
    outer loop
      vertex 58.5 30.5 0
      vertex 60 30.5 2
      vertex 58.5 30.5 2
    endloop
  endfacet
  facet normal 0 -1 -0
    outer loop
      vertex 60 30.5 2
      vertex 58.5 30.5 0
      vertex 60 30.5 0
    endloop
  endfacet
  facet normal 1 -0 0
    outer loop
      vertex 51.5 27 2
      vertex 51.5 28.5 0
      vertex 51.5 28.5 2
    endloop
  endfacet
  facet normal 1 0 0
    outer loop
      vertex 51.5 28.5 0
      vertex 51.5 27 2
      vertex 51.5 27 0
    endloop
  endfacet
  facet normal -1 0 0
    outer loop
      vertex 57 27 0
      vertex 57 28.5 2
      vertex 57 28.5 0
    endloop
  endfacet
  facet normal -1 -0 0
    outer loop
      vertex 57 28.5 2
      vertex 57 27 0
      vertex 57 27 2
    endloop
  endfacet
  facet normal 0 -1 0
    outer loop
      vertex 51.5 28.5 0
      vertex 57 28.5 2
      vertex 51.5 28.5 2
    endloop
  endfacet
  facet normal 0 -1 -0
    outer loop
      vertex 57 28.5 2
      vertex 51.5 28.5 0
      vertex 57 28.5 0
    endloop
  endfacet
  facet normal 0 1 -0
    outer loop
      vertex 57 27 0
      vertex 51.5 27 2
      vertex 57 27 2
    endloop
  endfacet
  facet normal 0 1 0
    outer loop
      vertex 51.5 27 2
      vertex 57 27 0
      vertex 51.5 27 0
    endloop
  endfacet
  facet normal 1 -0 0
    outer loop
      vertex 53.5 20 2
      vertex 53.5 25.5 0
      vertex 53.5 25.5 2
    endloop
  endfacet
  facet normal 1 0 0
    outer loop
      vertex 53.5 25.5 0
      vertex 53.5 20 2
      vertex 53.5 20 0
    endloop
  endfacet
  facet normal -1 0 0
    outer loop
      vertex 55 20 0
      vertex 55 25.5 2
      vertex 55 25.5 0
    endloop
  endfacet
  facet normal -1 -0 0
    outer loop
      vertex 55 25.5 2
      vertex 55 20 0
      vertex 55 20 2
    endloop
  endfacet
  facet normal 0 -1 0
    outer loop
      vertex 53.5 25.5 0
      vertex 55 25.5 2
      vertex 53.5 25.5 2
    endloop
  endfacet
  facet normal 0 -1 -0
    outer loop
      vertex 55 25.5 2
      vertex 53.5 25.5 0
      vertex 55 25.5 0
    endloop
  endfacet
  facet normal 0 1 -0
    outer loop
      vertex 55 20 0
      vertex 53.5 20 2
      vertex 55 20 2
    endloop
  endfacet
  facet normal 0 1 0
    outer loop
      vertex 53.5 20 2
      vertex 55 20 0
      vertex 53.5 20 0
    endloop
  endfacet
  facet normal 1 -0 0
    outer loop
      vertex 56.5 22 2
      vertex 56.5 23.5 0
      vertex 56.5 23.5 2
    endloop
  endfacet
  facet normal 1 0 0
    outer loop
      vertex 56.5 23.5 0
      vertex 56.5 22 2
      vertex 56.5 22 0
    endloop
  endfacet
  facet normal -1 0 0
    outer loop
      vertex 60.5 22 0
      vertex 60.5 23.5 2
      vertex 60.5 23.5 0
    endloop
  endfacet
  facet normal -1 -0 0
    outer loop
      vertex 60.5 23.5 2
      vertex 60.5 22 0
      vertex 60.5 22 2
    endloop
  endfacet
  facet normal 0 1 -0
    outer loop
      vertex 60.5 22 0
      vertex 56.5 22 2
      vertex 60.5 22 2
    endloop
  endfacet
  facet normal 0 1 0
    outer loop
      vertex 56.5 22 2
      vertex 60.5 22 0
      vertex 56.5 22 0
    endloop
  endfacet
  facet normal 0 -1 0
    outer loop
      vertex 56.5 23.5 0
      vertex 60.5 23.5 2
      vertex 56.5 23.5 2
    endloop
  endfacet
  facet normal 0 -1 -0
    outer loop
      vertex 60.5 23.5 2
      vertex 56.5 23.5 0
      vertex 60.5 23.5 0
    endloop
  endfacet
  facet normal 1 -0 0
    outer loop
      vertex 48.5 15 2
      vertex 48.5 20.5 0
      vertex 48.5 20.5 2
    endloop
  endfacet
  facet normal 1 0 0
    outer loop
      vertex 48.5 20.5 0
      vertex 48.5 15 2
      vertex 48.5 15 0
    endloop
  endfacet
  facet normal -1 0 0
    outer loop
      vertex 50 15 0
      vertex 50 20.5 2
      vertex 50 20.5 0
    endloop
  endfacet
  facet normal -1 -0 0
    outer loop
      vertex 50 20.5 2
      vertex 50 15 0
      vertex 50 15 2
    endloop
  endfacet
  facet normal 0 -1 0
    outer loop
      vertex 48.5 20.5 0
      vertex 50 20.5 2
      vertex 48.5 20.5 2
    endloop
  endfacet
  facet normal 0 -1 -0
    outer loop
      vertex 50 20.5 2
      vertex 48.5 20.5 0
      vertex 50 20.5 0
    endloop
  endfacet
  facet normal 0 1 -0
    outer loop
      vertex 50 15 0
      vertex 48.5 15 2
      vertex 50 15 2
    endloop
  endfacet
  facet normal 0 1 0
    outer loop
      vertex 48.5 15 2
      vertex 50 15 0
      vertex 48.5 15 0
    endloop
  endfacet
  facet normal 1 -0 0
    outer loop
      vertex 41.5 17 2
      vertex 41.5 18.5 0
      vertex 41.5 18.5 2
    endloop
  endfacet
  facet normal 1 0 0
    outer loop
      vertex 41.5 18.5 0
      vertex 41.5 17 2
      vertex 41.5 17 0
    endloop
  endfacet
  facet normal -1 0 0
    outer loop
      vertex 47 17 0
      vertex 47 18.5 2
      vertex 47 18.5 0
    endloop
  endfacet
  facet normal -1 -0 0
    outer loop
      vertex 47 18.5 2
      vertex 47 17 0
      vertex 47 17 2
    endloop
  endfacet
  facet normal 0 -1 0
    outer loop
      vertex 41.5 18.5 0
      vertex 47 18.5 2
      vertex 41.5 18.5 2
    endloop
  endfacet
  facet normal 0 -1 -0
    outer loop
      vertex 47 18.5 2
      vertex 41.5 18.5 0
      vertex 47 18.5 0
    endloop
  endfacet
  facet normal 0 1 -0
    outer loop
      vertex 47 17 0
      vertex 41.5 17 2
      vertex 47 17 2
    endloop
  endfacet
  facet normal 0 1 0
    outer loop
      vertex 41.5 17 2
      vertex 47 17 0
      vertex 41.5 17 0
    endloop
  endfacet
  facet normal 1 -0 0
    outer loop
      vertex 43.5 13 2
      vertex 43.5 15.5 0
      vertex 43.5 15.5 2
    endloop
  endfacet
  facet normal 1 0 0
    outer loop
      vertex 43.5 15.5 0
      vertex 43.5 13 2
      vertex 43.5 13 0
    endloop
  endfacet
  facet normal -1 0 0
    outer loop
      vertex 45 13 0
      vertex 45 15.5 2
      vertex 45 15.5 0
    endloop
  endfacet
  facet normal -1 -0 0
    outer loop
      vertex 45 15.5 2
      vertex 45 13 0
      vertex 45 13 2
    endloop
  endfacet
  facet normal 0 1 -0
    outer loop
      vertex 45 13 0
      vertex 43.5 13 2
      vertex 45 13 2
    endloop
  endfacet
  facet normal 0 1 0
    outer loop
      vertex 43.5 13 2
      vertex 45 13 0
      vertex 43.5 13 0
    endloop
  endfacet
  facet normal 0 -1 0
    outer loop
      vertex 43.5 15.5 0
      vertex 45 15.5 2
      vertex 43.5 15.5 2
    endloop
  endfacet
  facet normal 0 -1 -0
    outer loop
      vertex 45 15.5 2
      vertex 43.5 15.5 0
      vertex 45 15.5 0
    endloop
  endfacet
  facet normal 1 -0 0
    outer loop
      vertex 51.5 17 2
      vertex 51.5 18.5 0
      vertex 51.5 18.5 2
    endloop
  endfacet
  facet normal 1 0 0
    outer loop
      vertex 51.5 18.5 0
      vertex 51.5 17 2
      vertex 51.5 17 0
    endloop
  endfacet
  facet normal -1 0 0
    outer loop
      vertex 54.5 17 0
      vertex 54.5 18.5 2
      vertex 54.5 18.5 0
    endloop
  endfacet
  facet normal -1 -0 0
    outer loop
      vertex 54.5 18.5 2
      vertex 54.5 17 0
      vertex 54.5 17 2
    endloop
  endfacet
  facet normal 0 1 -0
    outer loop
      vertex 54.5 17 0
      vertex 51.5 17 2
      vertex 54.5 17 2
    endloop
  endfacet
  facet normal 0 1 0
    outer loop
      vertex 51.5 17 2
      vertex 54.5 17 0
      vertex 51.5 17 0
    endloop
  endfacet
  facet normal 0 -1 0
    outer loop
      vertex 51.5 18.5 0
      vertex 54.5 18.5 2
      vertex 51.5 18.5 2
    endloop
  endfacet
  facet normal 0 -1 -0
    outer loop
      vertex 54.5 18.5 2
      vertex 51.5 18.5 0
      vertex 54.5 18.5 0
    endloop
  endfacet
  facet normal 1 -0 0
    outer loop
      vertex 18.5 8 2
      vertex 18.5 10.5 0
      vertex 18.5 10.5 2
    endloop
  endfacet
  facet normal 1 0 0
    outer loop
      vertex 18.5 10.5 0
      vertex 18.5 8 2
      vertex 18.5 8 0
    endloop
  endfacet
  facet normal -1 0 0
    outer loop
      vertex 20 8 0
      vertex 20 10.5 2
      vertex 20 10.5 0
    endloop
  endfacet
  facet normal -1 -0 0
    outer loop
      vertex 20 10.5 2
      vertex 20 8 0
      vertex 20 8 2
    endloop
  endfacet
  facet normal 0 1 -0
    outer loop
      vertex 20 8 0
      vertex 18.5 8 2
      vertex 20 8 2
    endloop
  endfacet
  facet normal 0 1 0
    outer loop
      vertex 18.5 8 2
      vertex 20 8 0
      vertex 18.5 8 0
    endloop
  endfacet
  facet normal 0 -1 0
    outer loop
      vertex 18.5 10.5 0
      vertex 20 10.5 2
      vertex 18.5 10.5 2
    endloop
  endfacet
  facet normal 0 -1 -0
    outer loop
      vertex 20 10.5 2
      vertex 18.5 10.5 0
      vertex 20 10.5 0
    endloop
  endfacet
  facet normal 1 -0 0
    outer loop
      vertex 28.5 8 2
      vertex 28.5 10.5 0
      vertex 28.5 10.5 2
    endloop
  endfacet
  facet normal 1 0 0
    outer loop
      vertex 28.5 10.5 0
      vertex 28.5 8 2
      vertex 28.5 8 0
    endloop
  endfacet
  facet normal -1 0 0
    outer loop
      vertex 30 8 0
      vertex 30 10.5 2
      vertex 30 10.5 0
    endloop
  endfacet
  facet normal -1 -0 0
    outer loop
      vertex 30 10.5 2
      vertex 30 8 0
      vertex 30 8 2
    endloop
  endfacet
  facet normal 0 -1 0
    outer loop
      vertex 28.5 10.5 0
      vertex 30 10.5 2
      vertex 28.5 10.5 2
    endloop
  endfacet
  facet normal 0 -1 -0
    outer loop
      vertex 30 10.5 2
      vertex 28.5 10.5 0
      vertex 30 10.5 0
    endloop
  endfacet
  facet normal 0 1 -0
    outer loop
      vertex 30 8 0
      vertex 28.5 8 2
      vertex 30 8 2
    endloop
  endfacet
  facet normal 0 1 0
    outer loop
      vertex 28.5 8 2
      vertex 30 8 0
      vertex 28.5 8 0
    endloop
  endfacet
  facet normal 1 -0 0
    outer loop
      vertex 9.5 22 2
      vertex 9.5 23.5 0
      vertex 9.5 23.5 2
    endloop
  endfacet
  facet normal 1 0 0
    outer loop
      vertex 9.5 23.5 0
      vertex 9.5 22 2
      vertex 9.5 22 0
    endloop
  endfacet
  facet normal -1 0 0
    outer loop
      vertex 12 22 0
      vertex 12 23.5 2
      vertex 12 23.5 0
    endloop
  endfacet
  facet normal -1 -0 0
    outer loop
      vertex 12 23.5 2
      vertex 12 22 0
      vertex 12 22 2
    endloop
  endfacet
  facet normal 0 -1 0
    outer loop
      vertex 9.5 23.5 0
      vertex 12 23.5 2
      vertex 9.5 23.5 2
    endloop
  endfacet
  facet normal 0 -1 -0
    outer loop
      vertex 12 23.5 2
      vertex 9.5 23.5 0
      vertex 12 23.5 0
    endloop
  endfacet
  facet normal 0 1 -0
    outer loop
      vertex 12 22 0
      vertex 9.5 22 2
      vertex 12 22 2
    endloop
  endfacet
  facet normal 0 1 0
    outer loop
      vertex 9.5 22 2
      vertex 12 22 0
      vertex 9.5 22 0
    endloop
  endfacet
  facet normal 1 -0 0
    outer loop
      vertex 9 32 2
      vertex 9 33.5 0
      vertex 9 33.5 2
    endloop
  endfacet
  facet normal 1 0 0
    outer loop
      vertex 9 33.5 0
      vertex 9 32 2
      vertex 9 32 0
    endloop
  endfacet
  facet normal -1 0 0
    outer loop
      vertex 12 32 0
      vertex 12 33.5 2
      vertex 12 33.5 0
    endloop
  endfacet
  facet normal -1 -0 0
    outer loop
      vertex 12 33.5 2
      vertex 12 32 0
      vertex 12 32 2
    endloop
  endfacet
  facet normal 0 1 -0
    outer loop
      vertex 12 32 0
      vertex 9 32 2
      vertex 12 32 2
    endloop
  endfacet
  facet normal 0 1 0
    outer loop
      vertex 9 32 2
      vertex 12 32 0
      vertex 9 32 0
    endloop
  endfacet
  facet normal 0 -1 0
    outer loop
      vertex 9 33.5 0
      vertex 12 33.5 2
      vertex 9 33.5 2
    endloop
  endfacet
  facet normal 0 -1 -0
    outer loop
      vertex 12 33.5 2
      vertex 9 33.5 0
      vertex 12 33.5 0
    endloop
  endfacet
  facet normal 1 -0 0
    outer loop
      vertex 10 42 1.5
      vertex 10 43.5 0
      vertex 10 43.5 1.5
    endloop
  endfacet
  facet normal 1 0 0
    outer loop
      vertex 10 43.5 0
      vertex 10 42 1.5
      vertex 10 42 0
    endloop
  endfacet
  facet normal 0 0 -1
    outer loop
      vertex 10 42 1.5
      vertex 12 43.5 1.5
      vertex 12 42 1.5
    endloop
  endfacet
  facet normal -0 0 -1
    outer loop
      vertex 12 43.5 1.5
      vertex 10 42 1.5
      vertex 10 43.5 1.5
    endloop
  endfacet
  facet normal -1 0 0
    outer loop
      vertex 12 42 0
      vertex 12 43.5 1.5
      vertex 12 43.5 0
    endloop
  endfacet
  facet normal -1 -0 0
    outer loop
      vertex 12 43.5 1.5
      vertex 12 42 0
      vertex 12 42 1.5
    endloop
  endfacet
  facet normal 0 -1 0
    outer loop
      vertex 10 43.5 0
      vertex 12 43.5 1.5
      vertex 10 43.5 1.5
    endloop
  endfacet
  facet normal 0 -1 -0
    outer loop
      vertex 12 43.5 1.5
      vertex 10 43.5 0
      vertex 12 43.5 0
    endloop
  endfacet
  facet normal 0 1 -0
    outer loop
      vertex 12 42 0
      vertex 10 42 1.5
      vertex 12 42 1.5
    endloop
  endfacet
  facet normal 0 1 0
    outer loop
      vertex 10 42 1.5
      vertex 12 42 0
      vertex 10 42 0
    endloop
  endfacet
  facet normal 1 -0 0
    outer loop
      vertex 11 52 1.5
      vertex 11 53.5 0
      vertex 11 53.5 1.5
    endloop
  endfacet
  facet normal 1 0 0
    outer loop
      vertex 11 53.5 0
      vertex 11 52 1.5
      vertex 11 52 0
    endloop
  endfacet
  facet normal 0 0 -1
    outer loop
      vertex 11 52 1.5
      vertex 12 53.5 1.5
      vertex 12 52 1.5
    endloop
  endfacet
  facet normal -0 0 -1
    outer loop
      vertex 12 53.5 1.5
      vertex 11 52 1.5
      vertex 11 53.5 1.5
    endloop
  endfacet
  facet normal -1 0 0
    outer loop
      vertex 12 52 0
      vertex 12 53.5 1.5
      vertex 12 53.5 0
    endloop
  endfacet
  facet normal -1 -0 0
    outer loop
      vertex 12 53.5 1.5
      vertex 12 52 0
      vertex 12 52 1.5
    endloop
  endfacet
  facet normal 0 1 -0
    outer loop
      vertex 12 52 0
      vertex 11 52 1.5
      vertex 12 52 1.5
    endloop
  endfacet
  facet normal 0 1 0
    outer loop
      vertex 11 52 1.5
      vertex 12 52 0
      vertex 11 52 0
    endloop
  endfacet
  facet normal 0 -1 0
    outer loop
      vertex 11 53.5 0
      vertex 12 53.5 1.5
      vertex 11 53.5 1.5
    endloop
  endfacet
  facet normal 0 -1 -0
    outer loop
      vertex 12 53.5 1.5
      vertex 11 53.5 0
      vertex 12 53.5 0
    endloop
  endfacet
  facet normal 1 -0 0
    outer loop
      vertex 61.5 47 1.5
      vertex 61.5 48.5 0
      vertex 61.5 48.5 1.5
    endloop
  endfacet
  facet normal 1 0 0
    outer loop
      vertex 61.5 48.5 0
      vertex 61.5 47 1.5
      vertex 61.5 47 0
    endloop
  endfacet
  facet normal 0 0 -1
    outer loop
      vertex 61.5 47 1.5
      vertex 62.5 48.5 1.5
      vertex 62.5 47 1.5
    endloop
  endfacet
  facet normal -0 0 -1
    outer loop
      vertex 62.5 48.5 1.5
      vertex 61.5 47 1.5
      vertex 61.5 48.5 1.5
    endloop
  endfacet
  facet normal -1 0 0
    outer loop
      vertex 62.5 47 0
      vertex 62.5 48.5 1.5
      vertex 62.5 48.5 0
    endloop
  endfacet
  facet normal -1 -0 0
    outer loop
      vertex 62.5 48.5 1.5
      vertex 62.5 47 0
      vertex 62.5 47 1.5
    endloop
  endfacet
  facet normal 0 -1 0
    outer loop
      vertex 61.5 48.5 0
      vertex 62.5 48.5 1.5
      vertex 61.5 48.5 1.5
    endloop
  endfacet
  facet normal 0 -1 -0
    outer loop
      vertex 62.5 48.5 1.5
      vertex 61.5 48.5 0
      vertex 62.5 48.5 0
    endloop
  endfacet
  facet normal 0 1 -0
    outer loop
      vertex 62.5 47 0
      vertex 61.5 47 1.5
      vertex 62.5 47 1.5
    endloop
  endfacet
  facet normal 0 1 0
    outer loop
      vertex 61.5 47 1.5
      vertex 62.5 47 0
      vertex 61.5 47 0
    endloop
  endfacet
  facet normal 1 -0 0
    outer loop
      vertex 61.5 37 1.5
      vertex 61.5 38.5 0
      vertex 61.5 38.5 1.5
    endloop
  endfacet
  facet normal 1 0 0
    outer loop
      vertex 61.5 38.5 0
      vertex 61.5 37 1.5
      vertex 61.5 37 0
    endloop
  endfacet
  facet normal 0 0 -1
    outer loop
      vertex 61.5 37 1.5
      vertex 63.5 38.5 1.5
      vertex 63.5 37 1.5
    endloop
  endfacet
  facet normal -0 0 -1
    outer loop
      vertex 63.5 38.5 1.5
      vertex 61.5 37 1.5
      vertex 61.5 38.5 1.5
    endloop
  endfacet
  facet normal -1 0 0
    outer loop
      vertex 63.5 37 0
      vertex 63.5 38.5 1.5
      vertex 63.5 38.5 0
    endloop
  endfacet
  facet normal -1 -0 0
    outer loop
      vertex 63.5 38.5 1.5
      vertex 63.5 37 0
      vertex 63.5 37 1.5
    endloop
  endfacet
  facet normal 0 -1 0
    outer loop
      vertex 61.5 38.5 0
      vertex 63.5 38.5 1.5
      vertex 61.5 38.5 1.5
    endloop
  endfacet
  facet normal 0 -1 -0
    outer loop
      vertex 63.5 38.5 1.5
      vertex 61.5 38.5 0
      vertex 63.5 38.5 0
    endloop
  endfacet
  facet normal 0 1 -0
    outer loop
      vertex 63.5 37 0
      vertex 61.5 37 1.5
      vertex 63.5 37 1.5
    endloop
  endfacet
  facet normal 0 1 0
    outer loop
      vertex 61.5 37 1.5
      vertex 63.5 37 0
      vertex 61.5 37 0
    endloop
  endfacet
  facet normal 1 -0 0
    outer loop
      vertex 61.5 27 1.5
      vertex 61.5 28.5 0
      vertex 61.5 28.5 1.5
    endloop
  endfacet
  facet normal 1 0 0
    outer loop
      vertex 61.5 28.5 0
      vertex 61.5 27 1.5
      vertex 61.5 27 0
    endloop
  endfacet
  facet normal 0 0 -1
    outer loop
      vertex 61.5 27 1.5
      vertex 62.5 28.5 1.5
      vertex 62.5 27 1.5
    endloop
  endfacet
  facet normal -0 0 -1
    outer loop
      vertex 62.5 28.5 1.5
      vertex 61.5 27 1.5
      vertex 61.5 28.5 1.5
    endloop
  endfacet
  facet normal -1 0 0
    outer loop
      vertex 62.5 27 0
      vertex 62.5 28.5 1.5
      vertex 62.5 28.5 0
    endloop
  endfacet
  facet normal -1 -0 0
    outer loop
      vertex 62.5 28.5 1.5
      vertex 62.5 27 0
      vertex 62.5 27 1.5
    endloop
  endfacet
  facet normal 0 1 -0
    outer loop
      vertex 62.5 27 0
      vertex 61.5 27 1.5
      vertex 62.5 27 1.5
    endloop
  endfacet
  facet normal 0 1 0
    outer loop
      vertex 61.5 27 1.5
      vertex 62.5 27 0
      vertex 61.5 27 0
    endloop
  endfacet
  facet normal 0 -1 0
    outer loop
      vertex 61.5 28.5 0
      vertex 62.5 28.5 1.5
      vertex 61.5 28.5 1.5
    endloop
  endfacet
  facet normal 0 -1 -0
    outer loop
      vertex 62.5 28.5 1.5
      vertex 61.5 28.5 0
      vertex 62.5 28.5 0
    endloop
  endfacet
endsolid OpenSCAD_Model
