solid OpenSCAD_Model
  facet normal 1 -0 0
    outer loop
      vertex 13.5 30 1
      vertex 13.5 35.5 0
      vertex 13.5 35.5 1
    endloop
  endfacet
  facet normal 1 0 0
    outer loop
      vertex 13.5 35.5 0
      vertex 13.5 30 1
      vertex 13.5 30 0
    endloop
  endfacet
  facet normal -1 0 0
    outer loop
      vertex 15 30 0
      vertex 15 35.5 1
      vertex 15 35.5 0
    endloop
  endfacet
  facet normal -1 -0 0
    outer loop
      vertex 15 35.5 1
      vertex 15 30 0
      vertex 15 30 1
    endloop
  endfacet
  facet normal 0 -1 0
    outer loop
      vertex 13.5 35.5 0
      vertex 15 35.5 1
      vertex 13.5 35.5 1
    endloop
  endfacet
  facet normal 0 -1 -0
    outer loop
      vertex 15 35.5 1
      vertex 13.5 35.5 0
      vertex 15 35.5 0
    endloop
  endfacet
  facet normal 0 1 -0
    outer loop
      vertex 15 30 0
      vertex 13.5 30 1
      vertex 15 30 1
    endloop
  endfacet
  facet normal 0 1 0
    outer loop
      vertex 13.5 30 1
      vertex 15 30 0
      vertex 13.5 30 0
    endloop
  endfacet
  facet normal 1 -0 0
    outer loop
      vertex 16.5 32 1
      vertex 16.5 33.5 0
      vertex 16.5 33.5 1
    endloop
  endfacet
  facet normal 1 0 0
    outer loop
      vertex 16.5 33.5 0
      vertex 16.5 32 1
      vertex 16.5 32 0
    endloop
  endfacet
  facet normal -1 0 0
    outer loop
      vertex 22 32 0
      vertex 22 33.5 1
      vertex 22 33.5 0
    endloop
  endfacet
  facet normal -1 -0 0
    outer loop
      vertex 22 33.5 1
      vertex 22 32 0
      vertex 22 32 1
    endloop
  endfacet
  facet normal 0 -1 0
    outer loop
      vertex 16.5 33.5 0
      vertex 22 33.5 1
      vertex 16.5 33.5 1
    endloop
  endfacet
  facet normal 0 -1 -0
    outer loop
      vertex 22 33.5 1
      vertex 16.5 33.5 0
      vertex 22 33.5 0
    endloop
  endfacet
  facet normal 0 1 -0
    outer loop
      vertex 22 32 0
      vertex 16.5 32 1
      vertex 22 32 1
    endloop
  endfacet
  facet normal 0 1 0
    outer loop
      vertex 16.5 32 1
      vertex 22 32 0
      vertex 16.5 32 0
    endloop
  endfacet
  facet normal 1 -0 0
    outer loop
      vertex 18.5 35 1
      vertex 18.5 40.5 0
      vertex 18.5 40.5 1
    endloop
  endfacet
  facet normal 1 0 0
    outer loop
      vertex 18.5 40.5 0
      vertex 18.5 35 1
      vertex 18.5 35 0
    endloop
  endfacet
  facet normal -1 0 0
    outer loop
      vertex 20 35 0
      vertex 20 40.5 1
      vertex 20 40.5 0
    endloop
  endfacet
  facet normal -1 -0 0
    outer loop
      vertex 20 40.5 1
      vertex 20 35 0
      vertex 20 35 1
    endloop
  endfacet
  facet normal 0 1 -0
    outer loop
      vertex 20 35 0
      vertex 18.5 35 1
      vertex 20 35 1
    endloop
  endfacet
  facet normal 0 1 0
    outer loop
      vertex 18.5 35 1
      vertex 20 35 0
      vertex 18.5 35 0
    endloop
  endfacet
  facet normal 0 -1 0
    outer loop
      vertex 18.5 40.5 0
      vertex 20 40.5 1
      vertex 18.5 40.5 1
    endloop
  endfacet
  facet normal 0 -1 -0
    outer loop
      vertex 20 40.5 1
      vertex 18.5 40.5 0
      vertex 20 40.5 0
    endloop
  endfacet
  facet normal 1 -0 0
    outer loop
      vertex 11.5 37 1
      vertex 11.5 38.5 0
      vertex 11.5 38.5 1
    endloop
  endfacet
  facet normal 1 0 0
    outer loop
      vertex 11.5 38.5 0
      vertex 11.5 37 1
      vertex 11.5 37 0
    endloop
  endfacet
  facet normal -1 0 0
    outer loop
      vertex 17 37 0
      vertex 17 38.5 1
      vertex 17 38.5 0
    endloop
  endfacet
  facet normal -1 -0 0
    outer loop
      vertex 17 38.5 1
      vertex 17 37 0
      vertex 17 37 1
    endloop
  endfacet
  facet normal 0 -1 0
    outer loop
      vertex 11.5 38.5 0
      vertex 17 38.5 1
      vertex 11.5 38.5 1
    endloop
  endfacet
  facet normal 0 -1 -0
    outer loop
      vertex 17 38.5 1
      vertex 11.5 38.5 0
      vertex 17 38.5 0
    endloop
  endfacet
  facet normal 0 1 -0
    outer loop
      vertex 17 37 0
      vertex 11.5 37 1
      vertex 17 37 1
    endloop
  endfacet
  facet normal 0 1 0
    outer loop
      vertex 11.5 37 1
      vertex 17 37 0
      vertex 11.5 37 0
    endloop
  endfacet
  facet normal 1 -0 0
    outer loop
      vertex 23.5 30 1
      vertex 23.5 35.5 0
      vertex 23.5 35.5 1
    endloop
  endfacet
  facet normal 1 0 0
    outer loop
      vertex 23.5 35.5 0
      vertex 23.5 30 1
      vertex 23.5 30 0
    endloop
  endfacet
  facet normal -1 0 0
    outer loop
      vertex 25 30 0
      vertex 25 35.5 1
      vertex 25 35.5 0
    endloop
  endfacet
  facet normal -1 -0 0
    outer loop
      vertex 25 35.5 1
      vertex 25 30 0
      vertex 25 30 1
    endloop
  endfacet
  facet normal 0 1 -0
    outer loop
      vertex 25 30 0
      vertex 23.5 30 1
      vertex 25 30 1
    endloop
  endfacet
  facet normal 0 1 0
    outer loop
      vertex 23.5 30 1
      vertex 25 30 0
      vertex 23.5 30 0
    endloop
  endfacet
  facet normal 0 -1 0
    outer loop
      vertex 23.5 35.5 0
      vertex 25 35.5 1
      vertex 23.5 35.5 1
    endloop
  endfacet
  facet normal 0 -1 -0
    outer loop
      vertex 25 35.5 1
      vertex 23.5 35.5 0
      vertex 25 35.5 0
    endloop
  endfacet
  facet normal 1 -0 0
    outer loop
      vertex 26.5 32 1
      vertex 26.5 33.5 0
      vertex 26.5 33.5 1
    endloop
  endfacet
  facet normal 1 0 0
    outer loop
      vertex 26.5 33.5 0
      vertex 26.5 32 1
      vertex 26.5 32 0
    endloop
  endfacet
  facet normal -1 0 0
    outer loop
      vertex 32 32 0
      vertex 32 33.5 1
      vertex 32 33.5 0
    endloop
  endfacet
  facet normal -1 -0 0
    outer loop
      vertex 32 33.5 1
      vertex 32 32 0
      vertex 32 32 1
    endloop
  endfacet
  facet normal 0 -1 0
    outer loop
      vertex 26.5 33.5 0
      vertex 32 33.5 1
      vertex 26.5 33.5 1
    endloop
  endfacet
  facet normal 0 -1 -0
    outer loop
      vertex 32 33.5 1
      vertex 26.5 33.5 0
      vertex 32 33.5 0
    endloop
  endfacet
  facet normal 0 1 -0
    outer loop
      vertex 32 32 0
      vertex 26.5 32 1
      vertex 32 32 1
    endloop
  endfacet
  facet normal 0 1 0
    outer loop
      vertex 26.5 32 1
      vertex 32 32 0
      vertex 26.5 32 0
    endloop
  endfacet
  facet normal 1 -0 0
    outer loop
      vertex 28.5 35 1
      vertex 28.5 40.5 0
      vertex 28.5 40.5 1
    endloop
  endfacet
  facet normal 1 0 0
    outer loop
      vertex 28.5 40.5 0
      vertex 28.5 35 1
      vertex 28.5 35 0
    endloop
  endfacet
  facet normal -1 0 0
    outer loop
      vertex 30 35 0
      vertex 30 40.5 1
      vertex 30 40.5 0
    endloop
  endfacet
  facet normal -1 -0 0
    outer loop
      vertex 30 40.5 1
      vertex 30 35 0
      vertex 30 35 1
    endloop
  endfacet
  facet normal 0 -1 0
    outer loop
      vertex 28.5 40.5 0
      vertex 30 40.5 1
      vertex 28.5 40.5 1
    endloop
  endfacet
  facet normal 0 -1 -0
    outer loop
      vertex 30 40.5 1
      vertex 28.5 40.5 0
      vertex 30 40.5 0
    endloop
  endfacet
  facet normal 0 1 -0
    outer loop
      vertex 30 35 0
      vertex 28.5 35 1
      vertex 30 35 1
    endloop
  endfacet
  facet normal 0 1 0
    outer loop
      vertex 28.5 35 1
      vertex 30 35 0
      vertex 28.5 35 0
    endloop
  endfacet
  facet normal 1 -0 0
    outer loop
      vertex 21.5 37 1
      vertex 21.5 38.5 0
      vertex 21.5 38.5 1
    endloop
  endfacet
  facet normal 1 0 0
    outer loop
      vertex 21.5 38.5 0
      vertex 21.5 37 1
      vertex 21.5 37 0
    endloop
  endfacet
  facet normal -1 0 0
    outer loop
      vertex 27 37 0
      vertex 27 38.5 1
      vertex 27 38.5 0
    endloop
  endfacet
  facet normal -1 -0 0
    outer loop
      vertex 27 38.5 1
      vertex 27 37 0
      vertex 27 37 1
    endloop
  endfacet
  facet normal 0 -1 0
    outer loop
      vertex 21.5 38.5 0
      vertex 27 38.5 1
      vertex 21.5 38.5 1
    endloop
  endfacet
  facet normal 0 -1 -0
    outer loop
      vertex 27 38.5 1
      vertex 21.5 38.5 0
      vertex 27 38.5 0
    endloop
  endfacet
  facet normal 0 1 -0
    outer loop
      vertex 27 37 0
      vertex 21.5 37 1
      vertex 27 37 1
    endloop
  endfacet
  facet normal 0 1 0
    outer loop
      vertex 21.5 37 1
      vertex 27 37 0
      vertex 21.5 37 0
    endloop
  endfacet
  facet normal 1 -0 0
    outer loop
      vertex 33.5 30 1
      vertex 33.5 35.5 0
      vertex 33.5 35.5 1
    endloop
  endfacet
  facet normal 1 0 0
    outer loop
      vertex 33.5 35.5 0
      vertex 33.5 30 1
      vertex 33.5 30 0
    endloop
  endfacet
  facet normal -1 0 0
    outer loop
      vertex 35 30 0
      vertex 35 35.5 1
      vertex 35 35.5 0
    endloop
  endfacet
  facet normal -1 -0 0
    outer loop
      vertex 35 35.5 1
      vertex 35 30 0
      vertex 35 30 1
    endloop
  endfacet
  facet normal 0 1 -0
    outer loop
      vertex 35 30 0
      vertex 33.5 30 1
      vertex 35 30 1
    endloop
  endfacet
  facet normal 0 1 0
    outer loop
      vertex 33.5 30 1
      vertex 35 30 0
      vertex 33.5 30 0
    endloop
  endfacet
  facet normal 0 -1 0
    outer loop
      vertex 33.5 35.5 0
      vertex 35 35.5 1
      vertex 33.5 35.5 1
    endloop
  endfacet
  facet normal 0 -1 -0
    outer loop
      vertex 35 35.5 1
      vertex 33.5 35.5 0
      vertex 35 35.5 0
    endloop
  endfacet
  facet normal 1 -0 0
    outer loop
      vertex 36.5 32 1
      vertex 36.5 33.5 0
      vertex 36.5 33.5 1
    endloop
  endfacet
  facet normal 1 0 0
    outer loop
      vertex 36.5 33.5 0
      vertex 36.5 32 1
      vertex 36.5 32 0
    endloop
  endfacet
  facet normal -1 0 0
    outer loop
      vertex 42 32 0
      vertex 42 33.5 1
      vertex 42 33.5 0
    endloop
  endfacet
  facet normal -1 -0 0
    outer loop
      vertex 42 33.5 1
      vertex 42 32 0
      vertex 42 32 1
    endloop
  endfacet
  facet normal 0 -1 0
    outer loop
      vertex 36.5 33.5 0
      vertex 42 33.5 1
      vertex 36.5 33.5 1
    endloop
  endfacet
  facet normal 0 -1 -0
    outer loop
      vertex 42 33.5 1
      vertex 36.5 33.5 0
      vertex 42 33.5 0
    endloop
  endfacet
  facet normal 0 1 -0
    outer loop
      vertex 42 32 0
      vertex 36.5 32 1
      vertex 42 32 1
    endloop
  endfacet
  facet normal 0 1 0
    outer loop
      vertex 36.5 32 1
      vertex 42 32 0
      vertex 36.5 32 0
    endloop
  endfacet
  facet normal 1 -0 0
    outer loop
      vertex 38.5 35 1
      vertex 38.5 40.5 0
      vertex 38.5 40.5 1
    endloop
  endfacet
  facet normal 1 0 0
    outer loop
      vertex 38.5 40.5 0
      vertex 38.5 35 1
      vertex 38.5 35 0
    endloop
  endfacet
  facet normal -1 0 0
    outer loop
      vertex 40 35 0
      vertex 40 40.5 1
      vertex 40 40.5 0
    endloop
  endfacet
  facet normal -1 -0 0
    outer loop
      vertex 40 40.5 1
      vertex 40 35 0
      vertex 40 35 1
    endloop
  endfacet
  facet normal 0 -1 0
    outer loop
      vertex 38.5 40.5 0
      vertex 40 40.5 1
      vertex 38.5 40.5 1
    endloop
  endfacet
  facet normal 0 -1 -0
    outer loop
      vertex 40 40.5 1
      vertex 38.5 40.5 0
      vertex 40 40.5 0
    endloop
  endfacet
  facet normal 0 1 -0
    outer loop
      vertex 40 35 0
      vertex 38.5 35 1
      vertex 40 35 1
    endloop
  endfacet
  facet normal 0 1 0
    outer loop
      vertex 38.5 35 1
      vertex 40 35 0
      vertex 38.5 35 0
    endloop
  endfacet
  facet normal 1 -0 0
    outer loop
      vertex 31.5 37 1
      vertex 31.5 38.5 0
      vertex 31.5 38.5 1
    endloop
  endfacet
  facet normal 1 0 0
    outer loop
      vertex 31.5 38.5 0
      vertex 31.5 37 1
      vertex 31.5 37 0
    endloop
  endfacet
  facet normal -1 0 0
    outer loop
      vertex 37 37 0
      vertex 37 38.5 1
      vertex 37 38.5 0
    endloop
  endfacet
  facet normal -1 -0 0
    outer loop
      vertex 37 38.5 1
      vertex 37 37 0
      vertex 37 37 1
    endloop
  endfacet
  facet normal 0 -1 0
    outer loop
      vertex 31.5 38.5 0
      vertex 37 38.5 1
      vertex 31.5 38.5 1
    endloop
  endfacet
  facet normal 0 -1 -0
    outer loop
      vertex 37 38.5 1
      vertex 31.5 38.5 0
      vertex 37 38.5 0
    endloop
  endfacet
  facet normal 0 1 -0
    outer loop
      vertex 37 37 0
      vertex 31.5 37 1
      vertex 37 37 1
    endloop
  endfacet
  facet normal 0 1 0
    outer loop
      vertex 31.5 37 1
      vertex 37 37 0
      vertex 31.5 37 0
    endloop
  endfacet
  facet normal 1 -0 0
    outer loop
      vertex 43.5 30 1
      vertex 43.5 35.5 0
      vertex 43.5 35.5 1
    endloop
  endfacet
  facet normal 1 0 0
    outer loop
      vertex 43.5 35.5 0
      vertex 43.5 30 1
      vertex 43.5 30 0
    endloop
  endfacet
  facet normal -1 0 0
    outer loop
      vertex 45 30 0
      vertex 45 35.5 1
      vertex 45 35.5 0
    endloop
  endfacet
  facet normal -1 -0 0
    outer loop
      vertex 45 35.5 1
      vertex 45 30 0
      vertex 45 30 1
    endloop
  endfacet
  facet normal 0 1 -0
    outer loop
      vertex 45 30 0
      vertex 43.5 30 1
      vertex 45 30 1
    endloop
  endfacet
  facet normal 0 1 0
    outer loop
      vertex 43.5 30 1
      vertex 45 30 0
      vertex 43.5 30 0
    endloop
  endfacet
  facet normal 0 -1 0
    outer loop
      vertex 43.5 35.5 0
      vertex 45 35.5 1
      vertex 43.5 35.5 1
    endloop
  endfacet
  facet normal 0 -1 -0
    outer loop
      vertex 45 35.5 1
      vertex 43.5 35.5 0
      vertex 45 35.5 0
    endloop
  endfacet
  facet normal 1 -0 0
    outer loop
      vertex 46.5 32 1
      vertex 46.5 33.5 0
      vertex 46.5 33.5 1
    endloop
  endfacet
  facet normal 1 0 0
    outer loop
      vertex 46.5 33.5 0
      vertex 46.5 32 1
      vertex 46.5 32 0
    endloop
  endfacet
  facet normal -1 0 0
    outer loop
      vertex 52 32 0
      vertex 52 33.5 1
      vertex 52 33.5 0
    endloop
  endfacet
  facet normal -1 -0 0
    outer loop
      vertex 52 33.5 1
      vertex 52 32 0
      vertex 52 32 1
    endloop
  endfacet
  facet normal 0 -1 0
    outer loop
      vertex 46.5 33.5 0
      vertex 52 33.5 1
      vertex 46.5 33.5 1
    endloop
  endfacet
  facet normal 0 -1 -0
    outer loop
      vertex 52 33.5 1
      vertex 46.5 33.5 0
      vertex 52 33.5 0
    endloop
  endfacet
  facet normal 0 1 -0
    outer loop
      vertex 52 32 0
      vertex 46.5 32 1
      vertex 52 32 1
    endloop
  endfacet
  facet normal 0 1 0
    outer loop
      vertex 46.5 32 1
      vertex 52 32 0
      vertex 46.5 32 0
    endloop
  endfacet
  facet normal 1 -0 0
    outer loop
      vertex 48.5 35 1
      vertex 48.5 40.5 0
      vertex 48.5 40.5 1
    endloop
  endfacet
  facet normal 1 0 0
    outer loop
      vertex 48.5 40.5 0
      vertex 48.5 35 1
      vertex 48.5 35 0
    endloop
  endfacet
  facet normal -1 0 0
    outer loop
      vertex 50 35 0
      vertex 50 40.5 1
      vertex 50 40.5 0
    endloop
  endfacet
  facet normal -1 -0 0
    outer loop
      vertex 50 40.5 1
      vertex 50 35 0
      vertex 50 35 1
    endloop
  endfacet
  facet normal 0 1 -0
    outer loop
      vertex 50 35 0
      vertex 48.5 35 1
      vertex 50 35 1
    endloop
  endfacet
  facet normal 0 1 0
    outer loop
      vertex 48.5 35 1
      vertex 50 35 0
      vertex 48.5 35 0
    endloop
  endfacet
  facet normal 0 -1 0
    outer loop
      vertex 48.5 40.5 0
      vertex 50 40.5 1
      vertex 48.5 40.5 1
    endloop
  endfacet
  facet normal 0 -1 -0
    outer loop
      vertex 50 40.5 1
      vertex 48.5 40.5 0
      vertex 50 40.5 0
    endloop
  endfacet
  facet normal 1 -0 0
    outer loop
      vertex 41.5 37 1
      vertex 41.5 38.5 0
      vertex 41.5 38.5 1
    endloop
  endfacet
  facet normal 1 0 0
    outer loop
      vertex 41.5 38.5 0
      vertex 41.5 37 1
      vertex 41.5 37 0
    endloop
  endfacet
  facet normal -1 0 0
    outer loop
      vertex 47 37 0
      vertex 47 38.5 1
      vertex 47 38.5 0
    endloop
  endfacet
  facet normal -1 -0 0
    outer loop
      vertex 47 38.5 1
      vertex 47 37 0
      vertex 47 37 1
    endloop
  endfacet
  facet normal 0 1 -0
    outer loop
      vertex 47 37 0
      vertex 41.5 37 1
      vertex 47 37 1
    endloop
  endfacet
  facet normal 0 1 0
    outer loop
      vertex 41.5 37 1
      vertex 47 37 0
      vertex 41.5 37 0
    endloop
  endfacet
  facet normal 0 -1 0
    outer loop
      vertex 41.5 38.5 0
      vertex 47 38.5 1
      vertex 41.5 38.5 1
    endloop
  endfacet
  facet normal 0 -1 -0
    outer loop
      vertex 47 38.5 1
      vertex 41.5 38.5 0
      vertex 47 38.5 0
    endloop
  endfacet
  facet normal 1 -0 0
    outer loop
      vertex 53.5 30 1
      vertex 53.5 35.5 0
      vertex 53.5 35.5 1
    endloop
  endfacet
  facet normal 1 0 0
    outer loop
      vertex 53.5 35.5 0
      vertex 53.5 30 1
      vertex 53.5 30 0
    endloop
  endfacet
  facet normal -1 0 0
    outer loop
      vertex 55 30 0
      vertex 55 35.5 1
      vertex 55 35.5 0
    endloop
  endfacet
  facet normal -1 -0 0
    outer loop
      vertex 55 35.5 1
      vertex 55 30 0
      vertex 55 30 1
    endloop
  endfacet
  facet normal 0 -1 0
    outer loop
      vertex 53.5 35.5 0
      vertex 55 35.5 1
      vertex 53.5 35.5 1
    endloop
  endfacet
  facet normal 0 -1 -0
    outer loop
      vertex 55 35.5 1
      vertex 53.5 35.5 0
      vertex 55 35.5 0
    endloop
  endfacet
  facet normal 0 1 -0
    outer loop
      vertex 55 30 0
      vertex 53.5 30 1
      vertex 55 30 1
    endloop
  endfacet
  facet normal 0 1 0
    outer loop
      vertex 53.5 30 1
      vertex 55 30 0
      vertex 53.5 30 0
    endloop
  endfacet
  facet normal 1 -0 0
    outer loop
      vertex 56.5 32 1
      vertex 56.5 33.5 0
      vertex 56.5 33.5 1
    endloop
  endfacet
  facet normal 1 0 0
    outer loop
      vertex 56.5 33.5 0
      vertex 56.5 32 1
      vertex 56.5 32 0
    endloop
  endfacet
  facet normal -1 0 0
    outer loop
      vertex 62 32 0
      vertex 62 33.5 1
      vertex 62 33.5 0
    endloop
  endfacet
  facet normal -1 -0 0
    outer loop
      vertex 62 33.5 1
      vertex 62 32 0
      vertex 62 32 1
    endloop
  endfacet
  facet normal 0 -1 0
    outer loop
      vertex 56.5 33.5 0
      vertex 62 33.5 1
      vertex 56.5 33.5 1
    endloop
  endfacet
  facet normal 0 -1 -0
    outer loop
      vertex 62 33.5 1
      vertex 56.5 33.5 0
      vertex 62 33.5 0
    endloop
  endfacet
  facet normal 0 1 -0
    outer loop
      vertex 62 32 0
      vertex 56.5 32 1
      vertex 62 32 1
    endloop
  endfacet
  facet normal 0 1 0
    outer loop
      vertex 56.5 32 1
      vertex 62 32 0
      vertex 56.5 32 0
    endloop
  endfacet
  facet normal 1 -0 0
    outer loop
      vertex 58.5 35 1
      vertex 58.5 40.5 0
      vertex 58.5 40.5 1
    endloop
  endfacet
  facet normal 1 0 0
    outer loop
      vertex 58.5 40.5 0
      vertex 58.5 35 1
      vertex 58.5 35 0
    endloop
  endfacet
  facet normal -1 0 0
    outer loop
      vertex 60 35 0
      vertex 60 40.5 1
      vertex 60 40.5 0
    endloop
  endfacet
  facet normal -1 -0 0
    outer loop
      vertex 60 40.5 1
      vertex 60 35 0
      vertex 60 35 1
    endloop
  endfacet
  facet normal 0 -1 0
    outer loop
      vertex 58.5 40.5 0
      vertex 60 40.5 1
      vertex 58.5 40.5 1
    endloop
  endfacet
  facet normal 0 -1 -0
    outer loop
      vertex 60 40.5 1
      vertex 58.5 40.5 0
      vertex 60 40.5 0
    endloop
  endfacet
  facet normal 0 1 -0
    outer loop
      vertex 60 35 0
      vertex 58.5 35 1
      vertex 60 35 1
    endloop
  endfacet
  facet normal 0 1 0
    outer loop
      vertex 58.5 35 1
      vertex 60 35 0
      vertex 58.5 35 0
    endloop
  endfacet
  facet normal 1 -0 0
    outer loop
      vertex 51.5 37 1
      vertex 51.5 38.5 0
      vertex 51.5 38.5 1
    endloop
  endfacet
  facet normal 1 0 0
    outer loop
      vertex 51.5 38.5 0
      vertex 51.5 37 1
      vertex 51.5 37 0
    endloop
  endfacet
  facet normal -1 0 0
    outer loop
      vertex 57 37 0
      vertex 57 38.5 1
      vertex 57 38.5 0
    endloop
  endfacet
  facet normal -1 -0 0
    outer loop
      vertex 57 38.5 1
      vertex 57 37 0
      vertex 57 37 1
    endloop
  endfacet
  facet normal 0 1 -0
    outer loop
      vertex 57 37 0
      vertex 51.5 37 1
      vertex 57 37 1
    endloop
  endfacet
  facet normal 0 1 0
    outer loop
      vertex 51.5 37 1
      vertex 57 37 0
      vertex 51.5 37 0
    endloop
  endfacet
  facet normal 0 -1 0
    outer loop
      vertex 51.5 38.5 0
      vertex 57 38.5 1
      vertex 51.5 38.5 1
    endloop
  endfacet
  facet normal 0 -1 -0
    outer loop
      vertex 57 38.5 1
      vertex 51.5 38.5 0
      vertex 57 38.5 0
    endloop
  endfacet
  facet normal 1 -0 0
    outer loop
      vertex 13.5 40 1
      vertex 13.5 45.5 0
      vertex 13.5 45.5 1
    endloop
  endfacet
  facet normal 1 0 0
    outer loop
      vertex 13.5 45.5 0
      vertex 13.5 40 1
      vertex 13.5 40 0
    endloop
  endfacet
  facet normal -1 0 0
    outer loop
      vertex 15 40 0
      vertex 15 45.5 1
      vertex 15 45.5 0
    endloop
  endfacet
  facet normal -1 -0 0
    outer loop
      vertex 15 45.5 1
      vertex 15 40 0
      vertex 15 40 1
    endloop
  endfacet
  facet normal 0 1 -0
    outer loop
      vertex 15 40 0
      vertex 13.5 40 1
      vertex 15 40 1
    endloop
  endfacet
  facet normal 0 1 0
    outer loop
      vertex 13.5 40 1
      vertex 15 40 0
      vertex 13.5 40 0
    endloop
  endfacet
  facet normal 0 -1 0
    outer loop
      vertex 13.5 45.5 0
      vertex 15 45.5 1
      vertex 13.5 45.5 1
    endloop
  endfacet
  facet normal 0 -1 -0
    outer loop
      vertex 15 45.5 1
      vertex 13.5 45.5 0
      vertex 15 45.5 0
    endloop
  endfacet
  facet normal 1 -0 0
    outer loop
      vertex 16.5 42 1
      vertex 16.5 43.5 0
      vertex 16.5 43.5 1
    endloop
  endfacet
  facet normal 1 0 0
    outer loop
      vertex 16.5 43.5 0
      vertex 16.5 42 1
      vertex 16.5 42 0
    endloop
  endfacet
  facet normal -1 0 0
    outer loop
      vertex 22 42 0
      vertex 22 43.5 1
      vertex 22 43.5 0
    endloop
  endfacet
  facet normal -1 -0 0
    outer loop
      vertex 22 43.5 1
      vertex 22 42 0
      vertex 22 42 1
    endloop
  endfacet
  facet normal 0 1 -0
    outer loop
      vertex 22 42 0
      vertex 16.5 42 1
      vertex 22 42 1
    endloop
  endfacet
  facet normal 0 1 0
    outer loop
      vertex 16.5 42 1
      vertex 22 42 0
      vertex 16.5 42 0
    endloop
  endfacet
  facet normal 0 -1 0
    outer loop
      vertex 16.5 43.5 0
      vertex 22 43.5 1
      vertex 16.5 43.5 1
    endloop
  endfacet
  facet normal 0 -1 -0
    outer loop
      vertex 22 43.5 1
      vertex 16.5 43.5 0
      vertex 22 43.5 0
    endloop
  endfacet
  facet normal 1 -0 0
    outer loop
      vertex 18.5 45 1
      vertex 18.5 50.5 0
      vertex 18.5 50.5 1
    endloop
  endfacet
  facet normal 1 0 0
    outer loop
      vertex 18.5 50.5 0
      vertex 18.5 45 1
      vertex 18.5 45 0
    endloop
  endfacet
  facet normal -1 0 0
    outer loop
      vertex 20 45 0
      vertex 20 50.5 1
      vertex 20 50.5 0
    endloop
  endfacet
  facet normal -1 -0 0
    outer loop
      vertex 20 50.5 1
      vertex 20 45 0
      vertex 20 45 1
    endloop
  endfacet
  facet normal 0 -1 0
    outer loop
      vertex 18.5 50.5 0
      vertex 20 50.5 1
      vertex 18.5 50.5 1
    endloop
  endfacet
  facet normal 0 -1 -0
    outer loop
      vertex 20 50.5 1
      vertex 18.5 50.5 0
      vertex 20 50.5 0
    endloop
  endfacet
  facet normal 0 1 -0
    outer loop
      vertex 20 45 0
      vertex 18.5 45 1
      vertex 20 45 1
    endloop
  endfacet
  facet normal 0 1 0
    outer loop
      vertex 18.5 45 1
      vertex 20 45 0
      vertex 18.5 45 0
    endloop
  endfacet
  facet normal 1 -0 0
    outer loop
      vertex 11.5 47 1
      vertex 11.5 48.5 0
      vertex 11.5 48.5 1
    endloop
  endfacet
  facet normal 1 0 0
    outer loop
      vertex 11.5 48.5 0
      vertex 11.5 47 1
      vertex 11.5 47 0
    endloop
  endfacet
  facet normal -1 0 0
    outer loop
      vertex 17 47 0
      vertex 17 48.5 1
      vertex 17 48.5 0
    endloop
  endfacet
  facet normal -1 -0 0
    outer loop
      vertex 17 48.5 1
      vertex 17 47 0
      vertex 17 47 1
    endloop
  endfacet
  facet normal 0 -1 0
    outer loop
      vertex 11.5 48.5 0
      vertex 17 48.5 1
      vertex 11.5 48.5 1
    endloop
  endfacet
  facet normal 0 -1 -0
    outer loop
      vertex 17 48.5 1
      vertex 11.5 48.5 0
      vertex 17 48.5 0
    endloop
  endfacet
  facet normal 0 1 -0
    outer loop
      vertex 17 47 0
      vertex 11.5 47 1
      vertex 17 47 1
    endloop
  endfacet
  facet normal 0 1 0
    outer loop
      vertex 11.5 47 1
      vertex 17 47 0
      vertex 11.5 47 0
    endloop
  endfacet
  facet normal 1 -0 0
    outer loop
      vertex 23.5 40 1
      vertex 23.5 45.5 0
      vertex 23.5 45.5 1
    endloop
  endfacet
  facet normal 1 0 0
    outer loop
      vertex 23.5 45.5 0
      vertex 23.5 40 1
      vertex 23.5 40 0
    endloop
  endfacet
  facet normal -1 0 0
    outer loop
      vertex 25 40 0
      vertex 25 45.5 1
      vertex 25 45.5 0
    endloop
  endfacet
  facet normal -1 -0 0
    outer loop
      vertex 25 45.5 1
      vertex 25 40 0
      vertex 25 40 1
    endloop
  endfacet
  facet normal 0 1 -0
    outer loop
      vertex 25 40 0
      vertex 23.5 40 1
      vertex 25 40 1
    endloop
  endfacet
  facet normal 0 1 0
    outer loop
      vertex 23.5 40 1
      vertex 25 40 0
      vertex 23.5 40 0
    endloop
  endfacet
  facet normal 0 -1 0
    outer loop
      vertex 23.5 45.5 0
      vertex 25 45.5 1
      vertex 23.5 45.5 1
    endloop
  endfacet
  facet normal 0 -1 -0
    outer loop
      vertex 25 45.5 1
      vertex 23.5 45.5 0
      vertex 25 45.5 0
    endloop
  endfacet
  facet normal 1 -0 0
    outer loop
      vertex 26.5 42 1
      vertex 26.5 43.5 0
      vertex 26.5 43.5 1
    endloop
  endfacet
  facet normal 1 0 0
    outer loop
      vertex 26.5 43.5 0
      vertex 26.5 42 1
      vertex 26.5 42 0
    endloop
  endfacet
  facet normal -1 0 0
    outer loop
      vertex 32 42 0
      vertex 32 43.5 1
      vertex 32 43.5 0
    endloop
  endfacet
  facet normal -1 -0 0
    outer loop
      vertex 32 43.5 1
      vertex 32 42 0
      vertex 32 42 1
    endloop
  endfacet
  facet normal 0 -1 0
    outer loop
      vertex 26.5 43.5 0
      vertex 32 43.5 1
      vertex 26.5 43.5 1
    endloop
  endfacet
  facet normal 0 -1 -0
    outer loop
      vertex 32 43.5 1
      vertex 26.5 43.5 0
      vertex 32 43.5 0
    endloop
  endfacet
  facet normal 0 1 -0
    outer loop
      vertex 32 42 0
      vertex 26.5 42 1
      vertex 32 42 1
    endloop
  endfacet
  facet normal 0 1 0
    outer loop
      vertex 26.5 42 1
      vertex 32 42 0
      vertex 26.5 42 0
    endloop
  endfacet
  facet normal 1 -0 0
    outer loop
      vertex 28.5 45 1
      vertex 28.5 50.5 0
      vertex 28.5 50.5 1
    endloop
  endfacet
  facet normal 1 0 0
    outer loop
      vertex 28.5 50.5 0
      vertex 28.5 45 1
      vertex 28.5 45 0
    endloop
  endfacet
  facet normal -1 0 0
    outer loop
      vertex 30 45 0
      vertex 30 50.5 1
      vertex 30 50.5 0
    endloop
  endfacet
  facet normal -1 -0 0
    outer loop
      vertex 30 50.5 1
      vertex 30 45 0
      vertex 30 45 1
    endloop
  endfacet
  facet normal 0 1 -0
    outer loop
      vertex 30 45 0
      vertex 28.5 45 1
      vertex 30 45 1
    endloop
  endfacet
  facet normal 0 1 0
    outer loop
      vertex 28.5 45 1
      vertex 30 45 0
      vertex 28.5 45 0
    endloop
  endfacet
  facet normal 0 -1 0
    outer loop
      vertex 28.5 50.5 0
      vertex 30 50.5 1
      vertex 28.5 50.5 1
    endloop
  endfacet
  facet normal 0 -1 -0
    outer loop
      vertex 30 50.5 1
      vertex 28.5 50.5 0
      vertex 30 50.5 0
    endloop
  endfacet
  facet normal 1 -0 0
    outer loop
      vertex 21.5 47 1
      vertex 21.5 48.5 0
      vertex 21.5 48.5 1
    endloop
  endfacet
  facet normal 1 0 0
    outer loop
      vertex 21.5 48.5 0
      vertex 21.5 47 1
      vertex 21.5 47 0
    endloop
  endfacet
  facet normal -1 0 0
    outer loop
      vertex 27 47 0
      vertex 27 48.5 1
      vertex 27 48.5 0
    endloop
  endfacet
  facet normal -1 -0 0
    outer loop
      vertex 27 48.5 1
      vertex 27 47 0
      vertex 27 47 1
    endloop
  endfacet
  facet normal 0 -1 0
    outer loop
      vertex 21.5 48.5 0
      vertex 27 48.5 1
      vertex 21.5 48.5 1
    endloop
  endfacet
  facet normal 0 -1 -0
    outer loop
      vertex 27 48.5 1
      vertex 21.5 48.5 0
      vertex 27 48.5 0
    endloop
  endfacet
  facet normal 0 1 -0
    outer loop
      vertex 27 47 0
      vertex 21.5 47 1
      vertex 27 47 1
    endloop
  endfacet
  facet normal 0 1 0
    outer loop
      vertex 21.5 47 1
      vertex 27 47 0
      vertex 21.5 47 0
    endloop
  endfacet
  facet normal 1 -0 0
    outer loop
      vertex 33.5 40 1
      vertex 33.5 45.5 0
      vertex 33.5 45.5 1
    endloop
  endfacet
  facet normal 1 0 0
    outer loop
      vertex 33.5 45.5 0
      vertex 33.5 40 1
      vertex 33.5 40 0
    endloop
  endfacet
  facet normal -1 0 0
    outer loop
      vertex 35 40 0
      vertex 35 45.5 1
      vertex 35 45.5 0
    endloop
  endfacet
  facet normal -1 -0 0
    outer loop
      vertex 35 45.5 1
      vertex 35 40 0
      vertex 35 40 1
    endloop
  endfacet
  facet normal 0 1 -0
    outer loop
      vertex 35 40 0
      vertex 33.5 40 1
      vertex 35 40 1
    endloop
  endfacet
  facet normal 0 1 0
    outer loop
      vertex 33.5 40 1
      vertex 35 40 0
      vertex 33.5 40 0
    endloop
  endfacet
  facet normal 0 -1 0
    outer loop
      vertex 33.5 45.5 0
      vertex 35 45.5 1
      vertex 33.5 45.5 1
    endloop
  endfacet
  facet normal 0 -1 -0
    outer loop
      vertex 35 45.5 1
      vertex 33.5 45.5 0
      vertex 35 45.5 0
    endloop
  endfacet
  facet normal 1 -0 0
    outer loop
      vertex 36.5 42 1
      vertex 36.5 43.5 0
      vertex 36.5 43.5 1
    endloop
  endfacet
  facet normal 1 0 0
    outer loop
      vertex 36.5 43.5 0
      vertex 36.5 42 1
      vertex 36.5 42 0
    endloop
  endfacet
  facet normal -1 0 0
    outer loop
      vertex 42 42 0
      vertex 42 43.5 1
      vertex 42 43.5 0
    endloop
  endfacet
  facet normal -1 -0 0
    outer loop
      vertex 42 43.5 1
      vertex 42 42 0
      vertex 42 42 1
    endloop
  endfacet
  facet normal 0 1 -0
    outer loop
      vertex 42 42 0
      vertex 36.5 42 1
      vertex 42 42 1
    endloop
  endfacet
  facet normal 0 1 0
    outer loop
      vertex 36.5 42 1
      vertex 42 42 0
      vertex 36.5 42 0
    endloop
  endfacet
  facet normal 0 -1 0
    outer loop
      vertex 36.5 43.5 0
      vertex 42 43.5 1
      vertex 36.5 43.5 1
    endloop
  endfacet
  facet normal 0 -1 -0
    outer loop
      vertex 42 43.5 1
      vertex 36.5 43.5 0
      vertex 42 43.5 0
    endloop
  endfacet
  facet normal 1 -0 0
    outer loop
      vertex 38.5 45 1
      vertex 38.5 50.5 0
      vertex 38.5 50.5 1
    endloop
  endfacet
  facet normal 1 0 0
    outer loop
      vertex 38.5 50.5 0
      vertex 38.5 45 1
      vertex 38.5 45 0
    endloop
  endfacet
  facet normal -1 0 0
    outer loop
      vertex 40 45 0
      vertex 40 50.5 1
      vertex 40 50.5 0
    endloop
  endfacet
  facet normal -1 -0 0
    outer loop
      vertex 40 50.5 1
      vertex 40 45 0
      vertex 40 45 1
    endloop
  endfacet
  facet normal 0 -1 0
    outer loop
      vertex 38.5 50.5 0
      vertex 40 50.5 1
      vertex 38.5 50.5 1
    endloop
  endfacet
  facet normal 0 -1 -0
    outer loop
      vertex 40 50.5 1
      vertex 38.5 50.5 0
      vertex 40 50.5 0
    endloop
  endfacet
  facet normal 0 1 -0
    outer loop
      vertex 40 45 0
      vertex 38.5 45 1
      vertex 40 45 1
    endloop
  endfacet
  facet normal 0 1 0
    outer loop
      vertex 38.5 45 1
      vertex 40 45 0
      vertex 38.5 45 0
    endloop
  endfacet
  facet normal 1 -0 0
    outer loop
      vertex 31.5 47 1
      vertex 31.5 48.5 0
      vertex 31.5 48.5 1
    endloop
  endfacet
  facet normal 1 0 0
    outer loop
      vertex 31.5 48.5 0
      vertex 31.5 47 1
      vertex 31.5 47 0
    endloop
  endfacet
  facet normal -1 0 0
    outer loop
      vertex 37 47 0
      vertex 37 48.5 1
      vertex 37 48.5 0
    endloop
  endfacet
  facet normal -1 -0 0
    outer loop
      vertex 37 48.5 1
      vertex 37 47 0
      vertex 37 47 1
    endloop
  endfacet
  facet normal 0 -1 0
    outer loop
      vertex 31.5 48.5 0
      vertex 37 48.5 1
      vertex 31.5 48.5 1
    endloop
  endfacet
  facet normal 0 -1 -0
    outer loop
      vertex 37 48.5 1
      vertex 31.5 48.5 0
      vertex 37 48.5 0
    endloop
  endfacet
  facet normal 0 1 -0
    outer loop
      vertex 37 47 0
      vertex 31.5 47 1
      vertex 37 47 1
    endloop
  endfacet
  facet normal 0 1 0
    outer loop
      vertex 31.5 47 1
      vertex 37 47 0
      vertex 31.5 47 0
    endloop
  endfacet
  facet normal 1 -0 0
    outer loop
      vertex 43.5 40 1
      vertex 43.5 45.5 0
      vertex 43.5 45.5 1
    endloop
  endfacet
  facet normal 1 0 0
    outer loop
      vertex 43.5 45.5 0
      vertex 43.5 40 1
      vertex 43.5 40 0
    endloop
  endfacet
  facet normal -1 0 0
    outer loop
      vertex 45 40 0
      vertex 45 45.5 1
      vertex 45 45.5 0
    endloop
  endfacet
  facet normal -1 -0 0
    outer loop
      vertex 45 45.5 1
      vertex 45 40 0
      vertex 45 40 1
    endloop
  endfacet
  facet normal 0 -1 0
    outer loop
      vertex 43.5 45.5 0
      vertex 45 45.5 1
      vertex 43.5 45.5 1
    endloop
  endfacet
  facet normal 0 -1 -0
    outer loop
      vertex 45 45.5 1
      vertex 43.5 45.5 0
      vertex 45 45.5 0
    endloop
  endfacet
  facet normal 0 1 -0
    outer loop
      vertex 45 40 0
      vertex 43.5 40 1
      vertex 45 40 1
    endloop
  endfacet
  facet normal 0 1 0
    outer loop
      vertex 43.5 40 1
      vertex 45 40 0
      vertex 43.5 40 0
    endloop
  endfacet
  facet normal 1 -0 0
    outer loop
      vertex 46.5 42 1
      vertex 46.5 43.5 0
      vertex 46.5 43.5 1
    endloop
  endfacet
  facet normal 1 0 0
    outer loop
      vertex 46.5 43.5 0
      vertex 46.5 42 1
      vertex 46.5 42 0
    endloop
  endfacet
  facet normal -1 0 0
    outer loop
      vertex 52 42 0
      vertex 52 43.5 1
      vertex 52 43.5 0
    endloop
  endfacet
  facet normal -1 -0 0
    outer loop
      vertex 52 43.5 1
      vertex 52 42 0
      vertex 52 42 1
    endloop
  endfacet
  facet normal 0 1 -0
    outer loop
      vertex 52 42 0
      vertex 46.5 42 1
      vertex 52 42 1
    endloop
  endfacet
  facet normal 0 1 0
    outer loop
      vertex 46.5 42 1
      vertex 52 42 0
      vertex 46.5 42 0
    endloop
  endfacet
  facet normal 0 -1 0
    outer loop
      vertex 46.5 43.5 0
      vertex 52 43.5 1
      vertex 46.5 43.5 1
    endloop
  endfacet
  facet normal 0 -1 -0
    outer loop
      vertex 52 43.5 1
      vertex 46.5 43.5 0
      vertex 52 43.5 0
    endloop
  endfacet
  facet normal 1 -0 0
    outer loop
      vertex 48.5 45 1
      vertex 48.5 50.5 0
      vertex 48.5 50.5 1
    endloop
  endfacet
  facet normal 1 0 0
    outer loop
      vertex 48.5 50.5 0
      vertex 48.5 45 1
      vertex 48.5 45 0
    endloop
  endfacet
  facet normal -1 0 0
    outer loop
      vertex 50 45 0
      vertex 50 50.5 1
      vertex 50 50.5 0
    endloop
  endfacet
  facet normal -1 -0 0
    outer loop
      vertex 50 50.5 1
      vertex 50 45 0
      vertex 50 45 1
    endloop
  endfacet
  facet normal 0 -1 0
    outer loop
      vertex 48.5 50.5 0
      vertex 50 50.5 1
      vertex 48.5 50.5 1
    endloop
  endfacet
  facet normal 0 -1 -0
    outer loop
      vertex 50 50.5 1
      vertex 48.5 50.5 0
      vertex 50 50.5 0
    endloop
  endfacet
  facet normal 0 1 -0
    outer loop
      vertex 50 45 0
      vertex 48.5 45 1
      vertex 50 45 1
    endloop
  endfacet
  facet normal 0 1 0
    outer loop
      vertex 48.5 45 1
      vertex 50 45 0
      vertex 48.5 45 0
    endloop
  endfacet
  facet normal 1 -0 0
    outer loop
      vertex 41.5 47 1
      vertex 41.5 48.5 0
      vertex 41.5 48.5 1
    endloop
  endfacet
  facet normal 1 0 0
    outer loop
      vertex 41.5 48.5 0
      vertex 41.5 47 1
      vertex 41.5 47 0
    endloop
  endfacet
  facet normal -1 0 0
    outer loop
      vertex 47 47 0
      vertex 47 48.5 1
      vertex 47 48.5 0
    endloop
  endfacet
  facet normal -1 -0 0
    outer loop
      vertex 47 48.5 1
      vertex 47 47 0
      vertex 47 47 1
    endloop
  endfacet
  facet normal 0 -1 0
    outer loop
      vertex 41.5 48.5 0
      vertex 47 48.5 1
      vertex 41.5 48.5 1
    endloop
  endfacet
  facet normal 0 -1 -0
    outer loop
      vertex 47 48.5 1
      vertex 41.5 48.5 0
      vertex 47 48.5 0
    endloop
  endfacet
  facet normal 0 1 -0
    outer loop
      vertex 47 47 0
      vertex 41.5 47 1
      vertex 47 47 1
    endloop
  endfacet
  facet normal 0 1 0
    outer loop
      vertex 41.5 47 1
      vertex 47 47 0
      vertex 41.5 47 0
    endloop
  endfacet
  facet normal 1 -0 0
    outer loop
      vertex 53.5 40 1
      vertex 53.5 45.5 0
      vertex 53.5 45.5 1
    endloop
  endfacet
  facet normal 1 0 0
    outer loop
      vertex 53.5 45.5 0
      vertex 53.5 40 1
      vertex 53.5 40 0
    endloop
  endfacet
  facet normal -1 0 0
    outer loop
      vertex 55 40 0
      vertex 55 45.5 1
      vertex 55 45.5 0
    endloop
  endfacet
  facet normal -1 -0 0
    outer loop
      vertex 55 45.5 1
      vertex 55 40 0
      vertex 55 40 1
    endloop
  endfacet
  facet normal 0 1 -0
    outer loop
      vertex 55 40 0
      vertex 53.5 40 1
      vertex 55 40 1
    endloop
  endfacet
  facet normal 0 1 0
    outer loop
      vertex 53.5 40 1
      vertex 55 40 0
      vertex 53.5 40 0
    endloop
  endfacet
  facet normal 0 -1 0
    outer loop
      vertex 53.5 45.5 0
      vertex 55 45.5 1
      vertex 53.5 45.5 1
    endloop
  endfacet
  facet normal 0 -1 -0
    outer loop
      vertex 55 45.5 1
      vertex 53.5 45.5 0
      vertex 55 45.5 0
    endloop
  endfacet
  facet normal 1 -0 0
    outer loop
      vertex 56.5 42 1
      vertex 56.5 43.5 0
      vertex 56.5 43.5 1
    endloop
  endfacet
  facet normal 1 0 0
    outer loop
      vertex 56.5 43.5 0
      vertex 56.5 42 1
      vertex 56.5 42 0
    endloop
  endfacet
  facet normal -1 0 0
    outer loop
      vertex 62 42 0
      vertex 62 43.5 1
      vertex 62 43.5 0
    endloop
  endfacet
  facet normal -1 -0 0
    outer loop
      vertex 62 43.5 1
      vertex 62 42 0
      vertex 62 42 1
    endloop
  endfacet
  facet normal 0 1 -0
    outer loop
      vertex 62 42 0
      vertex 56.5 42 1
      vertex 62 42 1
    endloop
  endfacet
  facet normal 0 1 0
    outer loop
      vertex 56.5 42 1
      vertex 62 42 0
      vertex 56.5 42 0
    endloop
  endfacet
  facet normal 0 -1 0
    outer loop
      vertex 56.5 43.5 0
      vertex 62 43.5 1
      vertex 56.5 43.5 1
    endloop
  endfacet
  facet normal 0 -1 -0
    outer loop
      vertex 62 43.5 1
      vertex 56.5 43.5 0
      vertex 62 43.5 0
    endloop
  endfacet
  facet normal 1 -0 0
    outer loop
      vertex 58.5 45 1
      vertex 58.5 50.5 0
      vertex 58.5 50.5 1
    endloop
  endfacet
  facet normal 1 0 0
    outer loop
      vertex 58.5 50.5 0
      vertex 58.5 45 1
      vertex 58.5 45 0
    endloop
  endfacet
  facet normal -1 0 0
    outer loop
      vertex 60 45 0
      vertex 60 50.5 1
      vertex 60 50.5 0
    endloop
  endfacet
  facet normal -1 -0 0
    outer loop
      vertex 60 50.5 1
      vertex 60 45 0
      vertex 60 45 1
    endloop
  endfacet
  facet normal 0 -1 0
    outer loop
      vertex 58.5 50.5 0
      vertex 60 50.5 1
      vertex 58.5 50.5 1
    endloop
  endfacet
  facet normal 0 -1 -0
    outer loop
      vertex 60 50.5 1
      vertex 58.5 50.5 0
      vertex 60 50.5 0
    endloop
  endfacet
  facet normal 0 1 -0
    outer loop
      vertex 60 45 0
      vertex 58.5 45 1
      vertex 60 45 1
    endloop
  endfacet
  facet normal 0 1 0
    outer loop
      vertex 58.5 45 1
      vertex 60 45 0
      vertex 58.5 45 0
    endloop
  endfacet
  facet normal 1 -0 0
    outer loop
      vertex 51.5 47 1
      vertex 51.5 48.5 0
      vertex 51.5 48.5 1
    endloop
  endfacet
  facet normal 1 0 0
    outer loop
      vertex 51.5 48.5 0
      vertex 51.5 47 1
      vertex 51.5 47 0
    endloop
  endfacet
  facet normal -1 0 0
    outer loop
      vertex 57 47 0
      vertex 57 48.5 1
      vertex 57 48.5 0
    endloop
  endfacet
  facet normal -1 -0 0
    outer loop
      vertex 57 48.5 1
      vertex 57 47 0
      vertex 57 47 1
    endloop
  endfacet
  facet normal 0 -1 0
    outer loop
      vertex 51.5 48.5 0
      vertex 57 48.5 1
      vertex 51.5 48.5 1
    endloop
  endfacet
  facet normal 0 -1 -0
    outer loop
      vertex 57 48.5 1
      vertex 51.5 48.5 0
      vertex 57 48.5 0
    endloop
  endfacet
  facet normal 0 1 -0
    outer loop
      vertex 57 47 0
      vertex 51.5 47 1
      vertex 57 47 1
    endloop
  endfacet
  facet normal 0 1 0
    outer loop
      vertex 51.5 47 1
      vertex 57 47 0
      vertex 51.5 47 0
    endloop
  endfacet
  facet normal 1 -0 0
    outer loop
      vertex 13.5 50 1
      vertex 13.5 55.5 0
      vertex 13.5 55.5 1
    endloop
  endfacet
  facet normal 1 0 0
    outer loop
      vertex 13.5 55.5 0
      vertex 13.5 50 1
      vertex 13.5 50 0
    endloop
  endfacet
  facet normal -1 0 0
    outer loop
      vertex 15 50 0
      vertex 15 55.5 1
      vertex 15 55.5 0
    endloop
  endfacet
  facet normal -1 -0 0
    outer loop
      vertex 15 55.5 1
      vertex 15 50 0
      vertex 15 50 1
    endloop
  endfacet
  facet normal 0 1 -0
    outer loop
      vertex 15 50 0
      vertex 13.5 50 1
      vertex 15 50 1
    endloop
  endfacet
  facet normal 0 1 0
    outer loop
      vertex 13.5 50 1
      vertex 15 50 0
      vertex 13.5 50 0
    endloop
  endfacet
  facet normal 0 -1 0
    outer loop
      vertex 13.5 55.5 0
      vertex 15 55.5 1
      vertex 13.5 55.5 1
    endloop
  endfacet
  facet normal 0 -1 -0
    outer loop
      vertex 15 55.5 1
      vertex 13.5 55.5 0
      vertex 15 55.5 0
    endloop
  endfacet
  facet normal 1 -0 0
    outer loop
      vertex 16.5 52 1
      vertex 16.5 53.5 0
      vertex 16.5 53.5 1
    endloop
  endfacet
  facet normal 1 0 0
    outer loop
      vertex 16.5 53.5 0
      vertex 16.5 52 1
      vertex 16.5 52 0
    endloop
  endfacet
  facet normal -1 0 0
    outer loop
      vertex 22 52 0
      vertex 22 53.5 1
      vertex 22 53.5 0
    endloop
  endfacet
  facet normal -1 -0 0
    outer loop
      vertex 22 53.5 1
      vertex 22 52 0
      vertex 22 52 1
    endloop
  endfacet
  facet normal 0 1 -0
    outer loop
      vertex 22 52 0
      vertex 16.5 52 1
      vertex 22 52 1
    endloop
  endfacet
  facet normal 0 1 0
    outer loop
      vertex 16.5 52 1
      vertex 22 52 0
      vertex 16.5 52 0
    endloop
  endfacet
  facet normal 0 -1 0
    outer loop
      vertex 16.5 53.5 0
      vertex 22 53.5 1
      vertex 16.5 53.5 1
    endloop
  endfacet
  facet normal 0 -1 -0
    outer loop
      vertex 22 53.5 1
      vertex 16.5 53.5 0
      vertex 22 53.5 0
    endloop
  endfacet
  facet normal 1 -0 0
    outer loop
      vertex 18.5 55 1
      vertex 18.5 60.5 0
      vertex 18.5 60.5 1
    endloop
  endfacet
  facet normal 1 0 0
    outer loop
      vertex 18.5 60.5 0
      vertex 18.5 55 1
      vertex 18.5 55 0
    endloop
  endfacet
  facet normal -1 0 0
    outer loop
      vertex 20 55 0
      vertex 20 60.5 1
      vertex 20 60.5 0
    endloop
  endfacet
  facet normal -1 -0 0
    outer loop
      vertex 20 60.5 1
      vertex 20 55 0
      vertex 20 55 1
    endloop
  endfacet
  facet normal 0 -1 0
    outer loop
      vertex 18.5 60.5 0
      vertex 20 60.5 1
      vertex 18.5 60.5 1
    endloop
  endfacet
  facet normal 0 -1 -0
    outer loop
      vertex 20 60.5 1
      vertex 18.5 60.5 0
      vertex 20 60.5 0
    endloop
  endfacet
  facet normal 0 1 -0
    outer loop
      vertex 20 55 0
      vertex 18.5 55 1
      vertex 20 55 1
    endloop
  endfacet
  facet normal 0 1 0
    outer loop
      vertex 18.5 55 1
      vertex 20 55 0
      vertex 18.5 55 0
    endloop
  endfacet
  facet normal 1 -0 0
    outer loop
      vertex 11.5 57 1
      vertex 11.5 58.5 0
      vertex 11.5 58.5 1
    endloop
  endfacet
  facet normal 1 0 0
    outer loop
      vertex 11.5 58.5 0
      vertex 11.5 57 1
      vertex 11.5 57 0
    endloop
  endfacet
  facet normal -1 0 0
    outer loop
      vertex 17 57 0
      vertex 17 58.5 1
      vertex 17 58.5 0
    endloop
  endfacet
  facet normal -1 -0 0
    outer loop
      vertex 17 58.5 1
      vertex 17 57 0
      vertex 17 57 1
    endloop
  endfacet
  facet normal 0 -1 0
    outer loop
      vertex 11.5 58.5 0
      vertex 17 58.5 1
      vertex 11.5 58.5 1
    endloop
  endfacet
  facet normal 0 -1 -0
    outer loop
      vertex 17 58.5 1
      vertex 11.5 58.5 0
      vertex 17 58.5 0
    endloop
  endfacet
  facet normal 0 1 -0
    outer loop
      vertex 17 57 0
      vertex 11.5 57 1
      vertex 17 57 1
    endloop
  endfacet
  facet normal 0 1 0
    outer loop
      vertex 11.5 57 1
      vertex 17 57 0
      vertex 11.5 57 0
    endloop
  endfacet
  facet normal 1 -0 0
    outer loop
      vertex 23.5 50 1
      vertex 23.5 55.5 0
      vertex 23.5 55.5 1
    endloop
  endfacet
  facet normal 1 0 0
    outer loop
      vertex 23.5 55.5 0
      vertex 23.5 50 1
      vertex 23.5 50 0
    endloop
  endfacet
  facet normal -1 0 0
    outer loop
      vertex 25 50 0
      vertex 25 55.5 1
      vertex 25 55.5 0
    endloop
  endfacet
  facet normal -1 -0 0
    outer loop
      vertex 25 55.5 1
      vertex 25 50 0
      vertex 25 50 1
    endloop
  endfacet
  facet normal 0 1 -0
    outer loop
      vertex 25 50 0
      vertex 23.5 50 1
      vertex 25 50 1
    endloop
  endfacet
  facet normal 0 1 0
    outer loop
      vertex 23.5 50 1
      vertex 25 50 0
      vertex 23.5 50 0
    endloop
  endfacet
  facet normal 0 -1 0
    outer loop
      vertex 23.5 55.5 0
      vertex 25 55.5 1
      vertex 23.5 55.5 1
    endloop
  endfacet
  facet normal 0 -1 -0
    outer loop
      vertex 25 55.5 1
      vertex 23.5 55.5 0
      vertex 25 55.5 0
    endloop
  endfacet
  facet normal 1 -0 0
    outer loop
      vertex 26.5 52 1
      vertex 26.5 53.5 0
      vertex 26.5 53.5 1
    endloop
  endfacet
  facet normal 1 0 0
    outer loop
      vertex 26.5 53.5 0
      vertex 26.5 52 1
      vertex 26.5 52 0
    endloop
  endfacet
  facet normal -1 0 0
    outer loop
      vertex 32 52 0
      vertex 32 53.5 1
      vertex 32 53.5 0
    endloop
  endfacet
  facet normal -1 -0 0
    outer loop
      vertex 32 53.5 1
      vertex 32 52 0
      vertex 32 52 1
    endloop
  endfacet
  facet normal 0 1 -0
    outer loop
      vertex 32 52 0
      vertex 26.5 52 1
      vertex 32 52 1
    endloop
  endfacet
  facet normal 0 1 0
    outer loop
      vertex 26.5 52 1
      vertex 32 52 0
      vertex 26.5 52 0
    endloop
  endfacet
  facet normal 0 -1 0
    outer loop
      vertex 26.5 53.5 0
      vertex 32 53.5 1
      vertex 26.5 53.5 1
    endloop
  endfacet
  facet normal 0 -1 -0
    outer loop
      vertex 32 53.5 1
      vertex 26.5 53.5 0
      vertex 32 53.5 0
    endloop
  endfacet
  facet normal 1 -0 0
    outer loop
      vertex 28.5 55 1
      vertex 28.5 60.5 0
      vertex 28.5 60.5 1
    endloop
  endfacet
  facet normal 1 0 0
    outer loop
      vertex 28.5 60.5 0
      vertex 28.5 55 1
      vertex 28.5 55 0
    endloop
  endfacet
  facet normal -1 0 0
    outer loop
      vertex 30 55 0
      vertex 30 60.5 1
      vertex 30 60.5 0
    endloop
  endfacet
  facet normal -1 -0 0
    outer loop
      vertex 30 60.5 1
      vertex 30 55 0
      vertex 30 55 1
    endloop
  endfacet
  facet normal 0 -1 0
    outer loop
      vertex 28.5 60.5 0
      vertex 30 60.5 1
      vertex 28.5 60.5 1
    endloop
  endfacet
  facet normal 0 -1 -0
    outer loop
      vertex 30 60.5 1
      vertex 28.5 60.5 0
      vertex 30 60.5 0
    endloop
  endfacet
  facet normal 0 1 -0
    outer loop
      vertex 30 55 0
      vertex 28.5 55 1
      vertex 30 55 1
    endloop
  endfacet
  facet normal 0 1 0
    outer loop
      vertex 28.5 55 1
      vertex 30 55 0
      vertex 28.5 55 0
    endloop
  endfacet
  facet normal 1 -0 0
    outer loop
      vertex 21.5 57 1
      vertex 21.5 58.5 0
      vertex 21.5 58.5 1
    endloop
  endfacet
  facet normal 1 0 0
    outer loop
      vertex 21.5 58.5 0
      vertex 21.5 57 1
      vertex 21.5 57 0
    endloop
  endfacet
  facet normal -1 0 0
    outer loop
      vertex 27 57 0
      vertex 27 58.5 1
      vertex 27 58.5 0
    endloop
  endfacet
  facet normal -1 -0 0
    outer loop
      vertex 27 58.5 1
      vertex 27 57 0
      vertex 27 57 1
    endloop
  endfacet
  facet normal 0 -1 0
    outer loop
      vertex 21.5 58.5 0
      vertex 27 58.5 1
      vertex 21.5 58.5 1
    endloop
  endfacet
  facet normal 0 -1 -0
    outer loop
      vertex 27 58.5 1
      vertex 21.5 58.5 0
      vertex 27 58.5 0
    endloop
  endfacet
  facet normal 0 1 -0
    outer loop
      vertex 27 57 0
      vertex 21.5 57 1
      vertex 27 57 1
    endloop
  endfacet
  facet normal 0 1 0
    outer loop
      vertex 21.5 57 1
      vertex 27 57 0
      vertex 21.5 57 0
    endloop
  endfacet
  facet normal 1 -0 0
    outer loop
      vertex 33.5 50 1
      vertex 33.5 55.5 0
      vertex 33.5 55.5 1
    endloop
  endfacet
  facet normal 1 0 0
    outer loop
      vertex 33.5 55.5 0
      vertex 33.5 50 1
      vertex 33.5 50 0
    endloop
  endfacet
  facet normal -1 0 0
    outer loop
      vertex 35 50 0
      vertex 35 55.5 1
      vertex 35 55.5 0
    endloop
  endfacet
  facet normal -1 -0 0
    outer loop
      vertex 35 55.5 1
      vertex 35 50 0
      vertex 35 50 1
    endloop
  endfacet
  facet normal 0 1 -0
    outer loop
      vertex 35 50 0
      vertex 33.5 50 1
      vertex 35 50 1
    endloop
  endfacet
  facet normal 0 1 0
    outer loop
      vertex 33.5 50 1
      vertex 35 50 0
      vertex 33.5 50 0
    endloop
  endfacet
  facet normal 0 -1 0
    outer loop
      vertex 33.5 55.5 0
      vertex 35 55.5 1
      vertex 33.5 55.5 1
    endloop
  endfacet
  facet normal 0 -1 -0
    outer loop
      vertex 35 55.5 1
      vertex 33.5 55.5 0
      vertex 35 55.5 0
    endloop
  endfacet
  facet normal 1 -0 0
    outer loop
      vertex 36.5 52 1
      vertex 36.5 53.5 0
      vertex 36.5 53.5 1
    endloop
  endfacet
  facet normal 1 0 0
    outer loop
      vertex 36.5 53.5 0
      vertex 36.5 52 1
      vertex 36.5 52 0
    endloop
  endfacet
  facet normal -1 0 0
    outer loop
      vertex 42 52 0
      vertex 42 53.5 1
      vertex 42 53.5 0
    endloop
  endfacet
  facet normal -1 -0 0
    outer loop
      vertex 42 53.5 1
      vertex 42 52 0
      vertex 42 52 1
    endloop
  endfacet
  facet normal 0 1 -0
    outer loop
      vertex 42 52 0
      vertex 36.5 52 1
      vertex 42 52 1
    endloop
  endfacet
  facet normal 0 1 0
    outer loop
      vertex 36.5 52 1
      vertex 42 52 0
      vertex 36.5 52 0
    endloop
  endfacet
  facet normal 0 -1 0
    outer loop
      vertex 36.5 53.5 0
      vertex 42 53.5 1
      vertex 36.5 53.5 1
    endloop
  endfacet
  facet normal 0 -1 -0
    outer loop
      vertex 42 53.5 1
      vertex 36.5 53.5 0
      vertex 42 53.5 0
    endloop
  endfacet
  facet normal 1 -0 0
    outer loop
      vertex 38.5 55 1
      vertex 38.5 60.5 0
      vertex 38.5 60.5 1
    endloop
  endfacet
  facet normal 1 0 0
    outer loop
      vertex 38.5 60.5 0
      vertex 38.5 55 1
      vertex 38.5 55 0
    endloop
  endfacet
  facet normal -1 0 0
    outer loop
      vertex 40 55 0
      vertex 40 60.5 1
      vertex 40 60.5 0
    endloop
  endfacet
  facet normal -1 -0 0
    outer loop
      vertex 40 60.5 1
      vertex 40 55 0
      vertex 40 55 1
    endloop
  endfacet
  facet normal 0 1 -0
    outer loop
      vertex 40 55 0
      vertex 38.5 55 1
      vertex 40 55 1
    endloop
  endfacet
  facet normal 0 1 0
    outer loop
      vertex 38.5 55 1
      vertex 40 55 0
      vertex 38.5 55 0
    endloop
  endfacet
  facet normal 0 -1 0
    outer loop
      vertex 38.5 60.5 0
      vertex 40 60.5 1
      vertex 38.5 60.5 1
    endloop
  endfacet
  facet normal 0 -1 -0
    outer loop
      vertex 40 60.5 1
      vertex 38.5 60.5 0
      vertex 40 60.5 0
    endloop
  endfacet
  facet normal 1 -0 0
    outer loop
      vertex 31.5 57 1
      vertex 31.5 58.5 0
      vertex 31.5 58.5 1
    endloop
  endfacet
  facet normal 1 0 0
    outer loop
      vertex 31.5 58.5 0
      vertex 31.5 57 1
      vertex 31.5 57 0
    endloop
  endfacet
  facet normal -1 0 0
    outer loop
      vertex 37 57 0
      vertex 37 58.5 1
      vertex 37 58.5 0
    endloop
  endfacet
  facet normal -1 -0 0
    outer loop
      vertex 37 58.5 1
      vertex 37 57 0
      vertex 37 57 1
    endloop
  endfacet
  facet normal 0 -1 0
    outer loop
      vertex 31.5 58.5 0
      vertex 37 58.5 1
      vertex 31.5 58.5 1
    endloop
  endfacet
  facet normal 0 -1 -0
    outer loop
      vertex 37 58.5 1
      vertex 31.5 58.5 0
      vertex 37 58.5 0
    endloop
  endfacet
  facet normal 0 1 -0
    outer loop
      vertex 37 57 0
      vertex 31.5 57 1
      vertex 37 57 1
    endloop
  endfacet
  facet normal 0 1 0
    outer loop
      vertex 31.5 57 1
      vertex 37 57 0
      vertex 31.5 57 0
    endloop
  endfacet
  facet normal 1 -0 0
    outer loop
      vertex 43.5 50 1
      vertex 43.5 55.5 0
      vertex 43.5 55.5 1
    endloop
  endfacet
  facet normal 1 0 0
    outer loop
      vertex 43.5 55.5 0
      vertex 43.5 50 1
      vertex 43.5 50 0
    endloop
  endfacet
  facet normal -1 0 0
    outer loop
      vertex 45 50 0
      vertex 45 55.5 1
      vertex 45 55.5 0
    endloop
  endfacet
  facet normal -1 -0 0
    outer loop
      vertex 45 55.5 1
      vertex 45 50 0
      vertex 45 50 1
    endloop
  endfacet
  facet normal 0 -1 0
    outer loop
      vertex 43.5 55.5 0
      vertex 45 55.5 1
      vertex 43.5 55.5 1
    endloop
  endfacet
  facet normal 0 -1 -0
    outer loop
      vertex 45 55.5 1
      vertex 43.5 55.5 0
      vertex 45 55.5 0
    endloop
  endfacet
  facet normal 0 1 -0
    outer loop
      vertex 45 50 0
      vertex 43.5 50 1
      vertex 45 50 1
    endloop
  endfacet
  facet normal 0 1 0
    outer loop
      vertex 43.5 50 1
      vertex 45 50 0
      vertex 43.5 50 0
    endloop
  endfacet
  facet normal 1 -0 0
    outer loop
      vertex 46.5 52 1
      vertex 46.5 53.5 0
      vertex 46.5 53.5 1
    endloop
  endfacet
  facet normal 1 0 0
    outer loop
      vertex 46.5 53.5 0
      vertex 46.5 52 1
      vertex 46.5 52 0
    endloop
  endfacet
  facet normal -1 0 0
    outer loop
      vertex 52 52 0
      vertex 52 53.5 1
      vertex 52 53.5 0
    endloop
  endfacet
  facet normal -1 -0 0
    outer loop
      vertex 52 53.5 1
      vertex 52 52 0
      vertex 52 52 1
    endloop
  endfacet
  facet normal 0 1 -0
    outer loop
      vertex 52 52 0
      vertex 46.5 52 1
      vertex 52 52 1
    endloop
  endfacet
  facet normal 0 1 0
    outer loop
      vertex 46.5 52 1
      vertex 52 52 0
      vertex 46.5 52 0
    endloop
  endfacet
  facet normal 0 -1 0
    outer loop
      vertex 46.5 53.5 0
      vertex 52 53.5 1
      vertex 46.5 53.5 1
    endloop
  endfacet
  facet normal 0 -1 -0
    outer loop
      vertex 52 53.5 1
      vertex 46.5 53.5 0
      vertex 52 53.5 0
    endloop
  endfacet
  facet normal 1 -0 0
    outer loop
      vertex 48.5 55 1
      vertex 48.5 60.5 0
      vertex 48.5 60.5 1
    endloop
  endfacet
  facet normal 1 0 0
    outer loop
      vertex 48.5 60.5 0
      vertex 48.5 55 1
      vertex 48.5 55 0
    endloop
  endfacet
  facet normal -1 0 0
    outer loop
      vertex 50 55 0
      vertex 50 60.5 1
      vertex 50 60.5 0
    endloop
  endfacet
  facet normal -1 -0 0
    outer loop
      vertex 50 60.5 1
      vertex 50 55 0
      vertex 50 55 1
    endloop
  endfacet
  facet normal 0 1 -0
    outer loop
      vertex 50 55 0
      vertex 48.5 55 1
      vertex 50 55 1
    endloop
  endfacet
  facet normal 0 1 0
    outer loop
      vertex 48.5 55 1
      vertex 50 55 0
      vertex 48.5 55 0
    endloop
  endfacet
  facet normal 0 -1 0
    outer loop
      vertex 48.5 60.5 0
      vertex 50 60.5 1
      vertex 48.5 60.5 1
    endloop
  endfacet
  facet normal 0 -1 -0
    outer loop
      vertex 50 60.5 1
      vertex 48.5 60.5 0
      vertex 50 60.5 0
    endloop
  endfacet
  facet normal 1 -0 0
    outer loop
      vertex 41.5 57 1
      vertex 41.5 58.5 0
      vertex 41.5 58.5 1
    endloop
  endfacet
  facet normal 1 0 0
    outer loop
      vertex 41.5 58.5 0
      vertex 41.5 57 1
      vertex 41.5 57 0
    endloop
  endfacet
  facet normal -1 0 0
    outer loop
      vertex 47 57 0
      vertex 47 58.5 1
      vertex 47 58.5 0
    endloop
  endfacet
  facet normal -1 -0 0
    outer loop
      vertex 47 58.5 1
      vertex 47 57 0
      vertex 47 57 1
    endloop
  endfacet
  facet normal 0 -1 0
    outer loop
      vertex 41.5 58.5 0
      vertex 47 58.5 1
      vertex 41.5 58.5 1
    endloop
  endfacet
  facet normal 0 -1 -0
    outer loop
      vertex 47 58.5 1
      vertex 41.5 58.5 0
      vertex 47 58.5 0
    endloop
  endfacet
  facet normal 0 1 -0
    outer loop
      vertex 47 57 0
      vertex 41.5 57 1
      vertex 47 57 1
    endloop
  endfacet
  facet normal 0 1 0
    outer loop
      vertex 41.5 57 1
      vertex 47 57 0
      vertex 41.5 57 0
    endloop
  endfacet
  facet normal 1 -0 0
    outer loop
      vertex 53.5 50 1
      vertex 53.5 55.5 0
      vertex 53.5 55.5 1
    endloop
  endfacet
  facet normal 1 0 0
    outer loop
      vertex 53.5 55.5 0
      vertex 53.5 50 1
      vertex 53.5 50 0
    endloop
  endfacet
  facet normal -1 0 0
    outer loop
      vertex 55 50 0
      vertex 55 55.5 1
      vertex 55 55.5 0
    endloop
  endfacet
  facet normal -1 -0 0
    outer loop
      vertex 55 55.5 1
      vertex 55 50 0
      vertex 55 50 1
    endloop
  endfacet
  facet normal 0 -1 0
    outer loop
      vertex 53.5 55.5 0
      vertex 55 55.5 1
      vertex 53.5 55.5 1
    endloop
  endfacet
  facet normal 0 -1 -0
    outer loop
      vertex 55 55.5 1
      vertex 53.5 55.5 0
      vertex 55 55.5 0
    endloop
  endfacet
  facet normal 0 1 -0
    outer loop
      vertex 55 50 0
      vertex 53.5 50 1
      vertex 55 50 1
    endloop
  endfacet
  facet normal 0 1 0
    outer loop
      vertex 53.5 50 1
      vertex 55 50 0
      vertex 53.5 50 0
    endloop
  endfacet
  facet normal 1 -0 0
    outer loop
      vertex 56.5 52 1
      vertex 56.5 53.5 0
      vertex 56.5 53.5 1
    endloop
  endfacet
  facet normal 1 0 0
    outer loop
      vertex 56.5 53.5 0
      vertex 56.5 52 1
      vertex 56.5 52 0
    endloop
  endfacet
  facet normal -1 0 0
    outer loop
      vertex 62 52 0
      vertex 62 53.5 1
      vertex 62 53.5 0
    endloop
  endfacet
  facet normal -1 -0 0
    outer loop
      vertex 62 53.5 1
      vertex 62 52 0
      vertex 62 52 1
    endloop
  endfacet
  facet normal 0 1 -0
    outer loop
      vertex 62 52 0
      vertex 56.5 52 1
      vertex 62 52 1
    endloop
  endfacet
  facet normal 0 1 0
    outer loop
      vertex 56.5 52 1
      vertex 62 52 0
      vertex 56.5 52 0
    endloop
  endfacet
  facet normal 0 -1 0
    outer loop
      vertex 56.5 53.5 0
      vertex 62 53.5 1
      vertex 56.5 53.5 1
    endloop
  endfacet
  facet normal 0 -1 -0
    outer loop
      vertex 62 53.5 1
      vertex 56.5 53.5 0
      vertex 62 53.5 0
    endloop
  endfacet
  facet normal 1 -0 0
    outer loop
      vertex 58.5 55 1
      vertex 58.5 60.5 0
      vertex 58.5 60.5 1
    endloop
  endfacet
  facet normal 1 0 0
    outer loop
      vertex 58.5 60.5 0
      vertex 58.5 55 1
      vertex 58.5 55 0
    endloop
  endfacet
  facet normal -1 0 0
    outer loop
      vertex 60 55 0
      vertex 60 60.5 1
      vertex 60 60.5 0
    endloop
  endfacet
  facet normal -1 -0 0
    outer loop
      vertex 60 60.5 1
      vertex 60 55 0
      vertex 60 55 1
    endloop
  endfacet
  facet normal 0 1 -0
    outer loop
      vertex 60 55 0
      vertex 58.5 55 1
      vertex 60 55 1
    endloop
  endfacet
  facet normal 0 1 0
    outer loop
      vertex 58.5 55 1
      vertex 60 55 0
      vertex 58.5 55 0
    endloop
  endfacet
  facet normal 0 -1 0
    outer loop
      vertex 58.5 60.5 0
      vertex 60 60.5 1
      vertex 58.5 60.5 1
    endloop
  endfacet
  facet normal 0 -1 -0
    outer loop
      vertex 60 60.5 1
      vertex 58.5 60.5 0
      vertex 60 60.5 0
    endloop
  endfacet
  facet normal 1 -0 0
    outer loop
      vertex 51.5 57 1
      vertex 51.5 58.5 0
      vertex 51.5 58.5 1
    endloop
  endfacet
  facet normal 1 0 0
    outer loop
      vertex 51.5 58.5 0
      vertex 51.5 57 1
      vertex 51.5 57 0
    endloop
  endfacet
  facet normal -1 0 0
    outer loop
      vertex 57 57 0
      vertex 57 58.5 1
      vertex 57 58.5 0
    endloop
  endfacet
  facet normal -1 -0 0
    outer loop
      vertex 57 58.5 1
      vertex 57 57 0
      vertex 57 57 1
    endloop
  endfacet
  facet normal 0 -1 0
    outer loop
      vertex 51.5 58.5 0
      vertex 57 58.5 1
      vertex 51.5 58.5 1
    endloop
  endfacet
  facet normal 0 -1 -0
    outer loop
      vertex 57 58.5 1
      vertex 51.5 58.5 0
      vertex 57 58.5 0
    endloop
  endfacet
  facet normal 0 1 -0
    outer loop
      vertex 57 57 0
      vertex 51.5 57 1
      vertex 57 57 1
    endloop
  endfacet
  facet normal 0 1 0
    outer loop
      vertex 51.5 57 1
      vertex 57 57 0
      vertex 51.5 57 0
    endloop
  endfacet
  facet normal 1 -0 0
    outer loop
      vertex 13.5 20 1
      vertex 13.5 25.5 0
      vertex 13.5 25.5 1
    endloop
  endfacet
  facet normal 1 0 0
    outer loop
      vertex 13.5 25.5 0
      vertex 13.5 20 1
      vertex 13.5 20 0
    endloop
  endfacet
  facet normal -1 0 0
    outer loop
      vertex 15 20 0
      vertex 15 25.5 1
      vertex 15 25.5 0
    endloop
  endfacet
  facet normal -1 -0 0
    outer loop
      vertex 15 25.5 1
      vertex 15 20 0
      vertex 15 20 1
    endloop
  endfacet
  facet normal 0 1 -0
    outer loop
      vertex 15 20 0
      vertex 13.5 20 1
      vertex 15 20 1
    endloop
  endfacet
  facet normal 0 1 0
    outer loop
      vertex 13.5 20 1
      vertex 15 20 0
      vertex 13.5 20 0
    endloop
  endfacet
  facet normal 0 -1 0
    outer loop
      vertex 13.5 25.5 0
      vertex 15 25.5 1
      vertex 13.5 25.5 1
    endloop
  endfacet
  facet normal 0 -1 -0
    outer loop
      vertex 15 25.5 1
      vertex 13.5 25.5 0
      vertex 15 25.5 0
    endloop
  endfacet
  facet normal 1 -0 0
    outer loop
      vertex 16.5 22 1
      vertex 16.5 23.5 0
      vertex 16.5 23.5 1
    endloop
  endfacet
  facet normal 1 0 0
    outer loop
      vertex 16.5 23.5 0
      vertex 16.5 22 1
      vertex 16.5 22 0
    endloop
  endfacet
  facet normal -1 0 0
    outer loop
      vertex 22 22 0
      vertex 22 23.5 1
      vertex 22 23.5 0
    endloop
  endfacet
  facet normal -1 -0 0
    outer loop
      vertex 22 23.5 1
      vertex 22 22 0
      vertex 22 22 1
    endloop
  endfacet
  facet normal 0 1 -0
    outer loop
      vertex 22 22 0
      vertex 16.5 22 1
      vertex 22 22 1
    endloop
  endfacet
  facet normal 0 1 0
    outer loop
      vertex 16.5 22 1
      vertex 22 22 0
      vertex 16.5 22 0
    endloop
  endfacet
  facet normal 0 -1 0
    outer loop
      vertex 16.5 23.5 0
      vertex 22 23.5 1
      vertex 16.5 23.5 1
    endloop
  endfacet
  facet normal 0 -1 -0
    outer loop
      vertex 22 23.5 1
      vertex 16.5 23.5 0
      vertex 22 23.5 0
    endloop
  endfacet
  facet normal 1 -0 0
    outer loop
      vertex 18.5 25 1
      vertex 18.5 30.5 0
      vertex 18.5 30.5 1
    endloop
  endfacet
  facet normal 1 0 0
    outer loop
      vertex 18.5 30.5 0
      vertex 18.5 25 1
      vertex 18.5 25 0
    endloop
  endfacet
  facet normal -1 0 0
    outer loop
      vertex 20 25 0
      vertex 20 30.5 1
      vertex 20 30.5 0
    endloop
  endfacet
  facet normal -1 -0 0
    outer loop
      vertex 20 30.5 1
      vertex 20 25 0
      vertex 20 25 1
    endloop
  endfacet
  facet normal 0 -1 0
    outer loop
      vertex 18.5 30.5 0
      vertex 20 30.5 1
      vertex 18.5 30.5 1
    endloop
  endfacet
  facet normal 0 -1 -0
    outer loop
      vertex 20 30.5 1
      vertex 18.5 30.5 0
      vertex 20 30.5 0
    endloop
  endfacet
  facet normal 0 1 -0
    outer loop
      vertex 20 25 0
      vertex 18.5 25 1
      vertex 20 25 1
    endloop
  endfacet
  facet normal 0 1 0
    outer loop
      vertex 18.5 25 1
      vertex 20 25 0
      vertex 18.5 25 0
    endloop
  endfacet
  facet normal 1 -0 0
    outer loop
      vertex 11.5 27 1
      vertex 11.5 28.5 0
      vertex 11.5 28.5 1
    endloop
  endfacet
  facet normal 1 0 0
    outer loop
      vertex 11.5 28.5 0
      vertex 11.5 27 1
      vertex 11.5 27 0
    endloop
  endfacet
  facet normal -1 0 0
    outer loop
      vertex 17 27 0
      vertex 17 28.5 1
      vertex 17 28.5 0
    endloop
  endfacet
  facet normal -1 -0 0
    outer loop
      vertex 17 28.5 1
      vertex 17 27 0
      vertex 17 27 1
    endloop
  endfacet
  facet normal 0 -1 0
    outer loop
      vertex 11.5 28.5 0
      vertex 17 28.5 1
      vertex 11.5 28.5 1
    endloop
  endfacet
  facet normal 0 -1 -0
    outer loop
      vertex 17 28.5 1
      vertex 11.5 28.5 0
      vertex 17 28.5 0
    endloop
  endfacet
  facet normal 0 1 -0
    outer loop
      vertex 17 27 0
      vertex 11.5 27 1
      vertex 17 27 1
    endloop
  endfacet
  facet normal 0 1 0
    outer loop
      vertex 11.5 27 1
      vertex 17 27 0
      vertex 11.5 27 0
    endloop
  endfacet
  facet normal 1 -0 0
    outer loop
      vertex 23.5 20 1
      vertex 23.5 25.5 0
      vertex 23.5 25.5 1
    endloop
  endfacet
  facet normal 1 0 0
    outer loop
      vertex 23.5 25.5 0
      vertex 23.5 20 1
      vertex 23.5 20 0
    endloop
  endfacet
  facet normal -1 0 0
    outer loop
      vertex 25 20 0
      vertex 25 25.5 1
      vertex 25 25.5 0
    endloop
  endfacet
  facet normal -1 -0 0
    outer loop
      vertex 25 25.5 1
      vertex 25 20 0
      vertex 25 20 1
    endloop
  endfacet
  facet normal 0 1 -0
    outer loop
      vertex 25 20 0
      vertex 23.5 20 1
      vertex 25 20 1
    endloop
  endfacet
  facet normal 0 1 0
    outer loop
      vertex 23.5 20 1
      vertex 25 20 0
      vertex 23.5 20 0
    endloop
  endfacet
  facet normal 0 -1 0
    outer loop
      vertex 23.5 25.5 0
      vertex 25 25.5 1
      vertex 23.5 25.5 1
    endloop
  endfacet
  facet normal 0 -1 -0
    outer loop
      vertex 25 25.5 1
      vertex 23.5 25.5 0
      vertex 25 25.5 0
    endloop
  endfacet
  facet normal 1 -0 0
    outer loop
      vertex 26.5 22 1
      vertex 26.5 23.5 0
      vertex 26.5 23.5 1
    endloop
  endfacet
  facet normal 1 0 0
    outer loop
      vertex 26.5 23.5 0
      vertex 26.5 22 1
      vertex 26.5 22 0
    endloop
  endfacet
  facet normal -1 0 0
    outer loop
      vertex 32 22 0
      vertex 32 23.5 1
      vertex 32 23.5 0
    endloop
  endfacet
  facet normal -1 -0 0
    outer loop
      vertex 32 23.5 1
      vertex 32 22 0
      vertex 32 22 1
    endloop
  endfacet
  facet normal 0 -1 0
    outer loop
      vertex 26.5 23.5 0
      vertex 32 23.5 1
      vertex 26.5 23.5 1
    endloop
  endfacet
  facet normal 0 -1 -0
    outer loop
      vertex 32 23.5 1
      vertex 26.5 23.5 0
      vertex 32 23.5 0
    endloop
  endfacet
  facet normal 0 1 -0
    outer loop
      vertex 32 22 0
      vertex 26.5 22 1
      vertex 32 22 1
    endloop
  endfacet
  facet normal 0 1 0
    outer loop
      vertex 26.5 22 1
      vertex 32 22 0
      vertex 26.5 22 0
    endloop
  endfacet
  facet normal 1 -0 0
    outer loop
      vertex 28.5 25 1
      vertex 28.5 30.5 0
      vertex 28.5 30.5 1
    endloop
  endfacet
  facet normal 1 0 0
    outer loop
      vertex 28.5 30.5 0
      vertex 28.5 25 1
      vertex 28.5 25 0
    endloop
  endfacet
  facet normal -1 0 0
    outer loop
      vertex 30 25 0
      vertex 30 30.5 1
      vertex 30 30.5 0
    endloop
  endfacet
  facet normal -1 -0 0
    outer loop
      vertex 30 30.5 1
      vertex 30 25 0
      vertex 30 25 1
    endloop
  endfacet
  facet normal 0 -1 0
    outer loop
      vertex 28.5 30.5 0
      vertex 30 30.5 1
      vertex 28.5 30.5 1
    endloop
  endfacet
  facet normal 0 -1 -0
    outer loop
      vertex 30 30.5 1
      vertex 28.5 30.5 0
      vertex 30 30.5 0
    endloop
  endfacet
  facet normal 0 1 -0
    outer loop
      vertex 30 25 0
      vertex 28.5 25 1
      vertex 30 25 1
    endloop
  endfacet
  facet normal 0 1 0
    outer loop
      vertex 28.5 25 1
      vertex 30 25 0
      vertex 28.5 25 0
    endloop
  endfacet
  facet normal 1 -0 0
    outer loop
      vertex 21.5 27 1
      vertex 21.5 28.5 0
      vertex 21.5 28.5 1
    endloop
  endfacet
  facet normal 1 0 0
    outer loop
      vertex 21.5 28.5 0
      vertex 21.5 27 1
      vertex 21.5 27 0
    endloop
  endfacet
  facet normal -1 0 0
    outer loop
      vertex 27 27 0
      vertex 27 28.5 1
      vertex 27 28.5 0
    endloop
  endfacet
  facet normal -1 -0 0
    outer loop
      vertex 27 28.5 1
      vertex 27 27 0
      vertex 27 27 1
    endloop
  endfacet
  facet normal 0 1 -0
    outer loop
      vertex 27 27 0
      vertex 21.5 27 1
      vertex 27 27 1
    endloop
  endfacet
  facet normal 0 1 0
    outer loop
      vertex 21.5 27 1
      vertex 27 27 0
      vertex 21.5 27 0
    endloop
  endfacet
  facet normal 0 -1 0
    outer loop
      vertex 21.5 28.5 0
      vertex 27 28.5 1
      vertex 21.5 28.5 1
    endloop
  endfacet
  facet normal 0 -1 -0
    outer loop
      vertex 27 28.5 1
      vertex 21.5 28.5 0
      vertex 27 28.5 0
    endloop
  endfacet
  facet normal 1 -0 0
    outer loop
      vertex 33.5 20 1
      vertex 33.5 25.5 0
      vertex 33.5 25.5 1
    endloop
  endfacet
  facet normal 1 0 0
    outer loop
      vertex 33.5 25.5 0
      vertex 33.5 20 1
      vertex 33.5 20 0
    endloop
  endfacet
  facet normal -1 0 0
    outer loop
      vertex 35 20 0
      vertex 35 25.5 1
      vertex 35 25.5 0
    endloop
  endfacet
  facet normal -1 -0 0
    outer loop
      vertex 35 25.5 1
      vertex 35 20 0
      vertex 35 20 1
    endloop
  endfacet
  facet normal 0 -1 0
    outer loop
      vertex 33.5 25.5 0
      vertex 35 25.5 1
      vertex 33.5 25.5 1
    endloop
  endfacet
  facet normal 0 -1 -0
    outer loop
      vertex 35 25.5 1
      vertex 33.5 25.5 0
      vertex 35 25.5 0
    endloop
  endfacet
  facet normal 0 1 -0
    outer loop
      vertex 35 20 0
      vertex 33.5 20 1
      vertex 35 20 1
    endloop
  endfacet
  facet normal 0 1 0
    outer loop
      vertex 33.5 20 1
      vertex 35 20 0
      vertex 33.5 20 0
    endloop
  endfacet
  facet normal 1 -0 0
    outer loop
      vertex 36.5 22 1
      vertex 36.5 23.5 0
      vertex 36.5 23.5 1
    endloop
  endfacet
  facet normal 1 0 0
    outer loop
      vertex 36.5 23.5 0
      vertex 36.5 22 1
      vertex 36.5 22 0
    endloop
  endfacet
  facet normal -1 0 0
    outer loop
      vertex 42 22 0
      vertex 42 23.5 1
      vertex 42 23.5 0
    endloop
  endfacet
  facet normal -1 -0 0
    outer loop
      vertex 42 23.5 1
      vertex 42 22 0
      vertex 42 22 1
    endloop
  endfacet
  facet normal 0 -1 0
    outer loop
      vertex 36.5 23.5 0
      vertex 42 23.5 1
      vertex 36.5 23.5 1
    endloop
  endfacet
  facet normal 0 -1 -0
    outer loop
      vertex 42 23.5 1
      vertex 36.5 23.5 0
      vertex 42 23.5 0
    endloop
  endfacet
  facet normal 0 1 -0
    outer loop
      vertex 42 22 0
      vertex 36.5 22 1
      vertex 42 22 1
    endloop
  endfacet
  facet normal 0 1 0
    outer loop
      vertex 36.5 22 1
      vertex 42 22 0
      vertex 36.5 22 0
    endloop
  endfacet
  facet normal 1 -0 0
    outer loop
      vertex 38.5 25 1
      vertex 38.5 30.5 0
      vertex 38.5 30.5 1
    endloop
  endfacet
  facet normal 1 0 0
    outer loop
      vertex 38.5 30.5 0
      vertex 38.5 25 1
      vertex 38.5 25 0
    endloop
  endfacet
  facet normal -1 0 0
    outer loop
      vertex 40 25 0
      vertex 40 30.5 1
      vertex 40 30.5 0
    endloop
  endfacet
  facet normal -1 -0 0
    outer loop
      vertex 40 30.5 1
      vertex 40 25 0
      vertex 40 25 1
    endloop
  endfacet
  facet normal 0 -1 0
    outer loop
      vertex 38.5 30.5 0
      vertex 40 30.5 1
      vertex 38.5 30.5 1
    endloop
  endfacet
  facet normal 0 -1 -0
    outer loop
      vertex 40 30.5 1
      vertex 38.5 30.5 0
      vertex 40 30.5 0
    endloop
  endfacet
  facet normal 0 1 -0
    outer loop
      vertex 40 25 0
      vertex 38.5 25 1
      vertex 40 25 1
    endloop
  endfacet
  facet normal 0 1 0
    outer loop
      vertex 38.5 25 1
      vertex 40 25 0
      vertex 38.5 25 0
    endloop
  endfacet
  facet normal 1 -0 0
    outer loop
      vertex 31.5 27 1
      vertex 31.5 28.5 0
      vertex 31.5 28.5 1
    endloop
  endfacet
  facet normal 1 0 0
    outer loop
      vertex 31.5 28.5 0
      vertex 31.5 27 1
      vertex 31.5 27 0
    endloop
  endfacet
  facet normal -1 0 0
    outer loop
      vertex 37 27 0
      vertex 37 28.5 1
      vertex 37 28.5 0
    endloop
  endfacet
  facet normal -1 -0 0
    outer loop
      vertex 37 28.5 1
      vertex 37 27 0
      vertex 37 27 1
    endloop
  endfacet
  facet normal 0 -1 0
    outer loop
      vertex 31.5 28.5 0
      vertex 37 28.5 1
      vertex 31.5 28.5 1
    endloop
  endfacet
  facet normal 0 -1 -0
    outer loop
      vertex 37 28.5 1
      vertex 31.5 28.5 0
      vertex 37 28.5 0
    endloop
  endfacet
  facet normal 0 1 -0
    outer loop
      vertex 37 27 0
      vertex 31.5 27 1
      vertex 37 27 1
    endloop
  endfacet
  facet normal 0 1 0
    outer loop
      vertex 31.5 27 1
      vertex 37 27 0
      vertex 31.5 27 0
    endloop
  endfacet
  facet normal 1 -0 0
    outer loop
      vertex 43.5 20 1
      vertex 43.5 25.5 0
      vertex 43.5 25.5 1
    endloop
  endfacet
  facet normal 1 0 0
    outer loop
      vertex 43.5 25.5 0
      vertex 43.5 20 1
      vertex 43.5 20 0
    endloop
  endfacet
  facet normal -1 0 0
    outer loop
      vertex 45 20 0
      vertex 45 25.5 1
      vertex 45 25.5 0
    endloop
  endfacet
  facet normal -1 -0 0
    outer loop
      vertex 45 25.5 1
      vertex 45 20 0
      vertex 45 20 1
    endloop
  endfacet
  facet normal 0 1 -0
    outer loop
      vertex 45 20 0
      vertex 43.5 20 1
      vertex 45 20 1
    endloop
  endfacet
  facet normal 0 1 0
    outer loop
      vertex 43.5 20 1
      vertex 45 20 0
      vertex 43.5 20 0
    endloop
  endfacet
  facet normal 0 -1 0
    outer loop
      vertex 43.5 25.5 0
      vertex 45 25.5 1
      vertex 43.5 25.5 1
    endloop
  endfacet
  facet normal 0 -1 -0
    outer loop
      vertex 45 25.5 1
      vertex 43.5 25.5 0
      vertex 45 25.5 0
    endloop
  endfacet
  facet normal 1 -0 0
    outer loop
      vertex 46.5 22 1
      vertex 46.5 23.5 0
      vertex 46.5 23.5 1
    endloop
  endfacet
  facet normal 1 0 0
    outer loop
      vertex 46.5 23.5 0
      vertex 46.5 22 1
      vertex 46.5 22 0
    endloop
  endfacet
  facet normal -1 0 0
    outer loop
      vertex 52 22 0
      vertex 52 23.5 1
      vertex 52 23.5 0
    endloop
  endfacet
  facet normal -1 -0 0
    outer loop
      vertex 52 23.5 1
      vertex 52 22 0
      vertex 52 22 1
    endloop
  endfacet
  facet normal 0 -1 0
    outer loop
      vertex 46.5 23.5 0
      vertex 52 23.5 1
      vertex 46.5 23.5 1
    endloop
  endfacet
  facet normal 0 -1 -0
    outer loop
      vertex 52 23.5 1
      vertex 46.5 23.5 0
      vertex 52 23.5 0
    endloop
  endfacet
  facet normal 0 1 -0
    outer loop
      vertex 52 22 0
      vertex 46.5 22 1
      vertex 52 22 1
    endloop
  endfacet
  facet normal 0 1 0
    outer loop
      vertex 46.5 22 1
      vertex 52 22 0
      vertex 46.5 22 0
    endloop
  endfacet
  facet normal 1 -0 0
    outer loop
      vertex 48.5 25 1
      vertex 48.5 30.5 0
      vertex 48.5 30.5 1
    endloop
  endfacet
  facet normal 1 0 0
    outer loop
      vertex 48.5 30.5 0
      vertex 48.5 25 1
      vertex 48.5 25 0
    endloop
  endfacet
  facet normal -1 0 0
    outer loop
      vertex 50 25 0
      vertex 50 30.5 1
      vertex 50 30.5 0
    endloop
  endfacet
  facet normal -1 -0 0
    outer loop
      vertex 50 30.5 1
      vertex 50 25 0
      vertex 50 25 1
    endloop
  endfacet
  facet normal 0 1 -0
    outer loop
      vertex 50 25 0
      vertex 48.5 25 1
      vertex 50 25 1
    endloop
  endfacet
  facet normal 0 1 0
    outer loop
      vertex 48.5 25 1
      vertex 50 25 0
      vertex 48.5 25 0
    endloop
  endfacet
  facet normal 0 -1 0
    outer loop
      vertex 48.5 30.5 0
      vertex 50 30.5 1
      vertex 48.5 30.5 1
    endloop
  endfacet
  facet normal 0 -1 -0
    outer loop
      vertex 50 30.5 1
      vertex 48.5 30.5 0
      vertex 50 30.5 0
    endloop
  endfacet
  facet normal 1 -0 0
    outer loop
      vertex 41.5 27 1
      vertex 41.5 28.5 0
      vertex 41.5 28.5 1
    endloop
  endfacet
  facet normal 1 0 0
    outer loop
      vertex 41.5 28.5 0
      vertex 41.5 27 1
      vertex 41.5 27 0
    endloop
  endfacet
  facet normal -1 0 0
    outer loop
      vertex 47 27 0
      vertex 47 28.5 1
      vertex 47 28.5 0
    endloop
  endfacet
  facet normal -1 -0 0
    outer loop
      vertex 47 28.5 1
      vertex 47 27 0
      vertex 47 27 1
    endloop
  endfacet
  facet normal 0 -1 0
    outer loop
      vertex 41.5 28.5 0
      vertex 47 28.5 1
      vertex 41.5 28.5 1
    endloop
  endfacet
  facet normal 0 -1 -0
    outer loop
      vertex 47 28.5 1
      vertex 41.5 28.5 0
      vertex 47 28.5 0
    endloop
  endfacet
  facet normal 0 1 -0
    outer loop
      vertex 47 27 0
      vertex 41.5 27 1
      vertex 47 27 1
    endloop
  endfacet
  facet normal 0 1 0
    outer loop
      vertex 41.5 27 1
      vertex 47 27 0
      vertex 41.5 27 0
    endloop
  endfacet
  facet normal 1 -0 0
    outer loop
      vertex 13.5 10 1
      vertex 13.5 15.5 0
      vertex 13.5 15.5 1
    endloop
  endfacet
  facet normal 1 0 0
    outer loop
      vertex 13.5 15.5 0
      vertex 13.5 10 1
      vertex 13.5 10 0
    endloop
  endfacet
  facet normal -1 0 0
    outer loop
      vertex 15 10 0
      vertex 15 15.5 1
      vertex 15 15.5 0
    endloop
  endfacet
  facet normal -1 -0 0
    outer loop
      vertex 15 15.5 1
      vertex 15 10 0
      vertex 15 10 1
    endloop
  endfacet
  facet normal 0 -1 0
    outer loop
      vertex 13.5 15.5 0
      vertex 15 15.5 1
      vertex 13.5 15.5 1
    endloop
  endfacet
  facet normal 0 -1 -0
    outer loop
      vertex 15 15.5 1
      vertex 13.5 15.5 0
      vertex 15 15.5 0
    endloop
  endfacet
  facet normal 0 1 -0
    outer loop
      vertex 15 10 0
      vertex 13.5 10 1
      vertex 15 10 1
    endloop
  endfacet
  facet normal 0 1 0
    outer loop
      vertex 13.5 10 1
      vertex 15 10 0
      vertex 13.5 10 0
    endloop
  endfacet
  facet normal 1 -0 0
    outer loop
      vertex 16.5 12 1
      vertex 16.5 13.5 0
      vertex 16.5 13.5 1
    endloop
  endfacet
  facet normal 1 0 0
    outer loop
      vertex 16.5 13.5 0
      vertex 16.5 12 1
      vertex 16.5 12 0
    endloop
  endfacet
  facet normal -1 0 0
    outer loop
      vertex 22 12 0
      vertex 22 13.5 1
      vertex 22 13.5 0
    endloop
  endfacet
  facet normal -1 -0 0
    outer loop
      vertex 22 13.5 1
      vertex 22 12 0
      vertex 22 12 1
    endloop
  endfacet
  facet normal 0 -1 0
    outer loop
      vertex 16.5 13.5 0
      vertex 22 13.5 1
      vertex 16.5 13.5 1
    endloop
  endfacet
  facet normal 0 -1 -0
    outer loop
      vertex 22 13.5 1
      vertex 16.5 13.5 0
      vertex 22 13.5 0
    endloop
  endfacet
  facet normal 0 1 -0
    outer loop
      vertex 22 12 0
      vertex 16.5 12 1
      vertex 22 12 1
    endloop
  endfacet
  facet normal 0 1 0
    outer loop
      vertex 16.5 12 1
      vertex 22 12 0
      vertex 16.5 12 0
    endloop
  endfacet
  facet normal 1 -0 0
    outer loop
      vertex 18.5 15 1
      vertex 18.5 20.5 0
      vertex 18.5 20.5 1
    endloop
  endfacet
  facet normal 1 0 0
    outer loop
      vertex 18.5 20.5 0
      vertex 18.5 15 1
      vertex 18.5 15 0
    endloop
  endfacet
  facet normal -1 0 0
    outer loop
      vertex 20 15 0
      vertex 20 20.5 1
      vertex 20 20.5 0
    endloop
  endfacet
  facet normal -1 -0 0
    outer loop
      vertex 20 20.5 1
      vertex 20 15 0
      vertex 20 15 1
    endloop
  endfacet
  facet normal 0 1 -0
    outer loop
      vertex 20 15 0
      vertex 18.5 15 1
      vertex 20 15 1
    endloop
  endfacet
  facet normal 0 1 0
    outer loop
      vertex 18.5 15 1
      vertex 20 15 0
      vertex 18.5 15 0
    endloop
  endfacet
  facet normal 0 -1 0
    outer loop
      vertex 18.5 20.5 0
      vertex 20 20.5 1
      vertex 18.5 20.5 1
    endloop
  endfacet
  facet normal 0 -1 -0
    outer loop
      vertex 20 20.5 1
      vertex 18.5 20.5 0
      vertex 20 20.5 0
    endloop
  endfacet
  facet normal 1 -0 0
    outer loop
      vertex 11.5 17 1
      vertex 11.5 18.5 0
      vertex 11.5 18.5 1
    endloop
  endfacet
  facet normal 1 0 0
    outer loop
      vertex 11.5 18.5 0
      vertex 11.5 17 1
      vertex 11.5 17 0
    endloop
  endfacet
  facet normal -1 0 0
    outer loop
      vertex 17 17 0
      vertex 17 18.5 1
      vertex 17 18.5 0
    endloop
  endfacet
  facet normal -1 -0 0
    outer loop
      vertex 17 18.5 1
      vertex 17 17 0
      vertex 17 17 1
    endloop
  endfacet
  facet normal 0 1 -0
    outer loop
      vertex 17 17 0
      vertex 11.5 17 1
      vertex 17 17 1
    endloop
  endfacet
  facet normal 0 1 0
    outer loop
      vertex 11.5 17 1
      vertex 17 17 0
      vertex 11.5 17 0
    endloop
  endfacet
  facet normal 0 -1 0
    outer loop
      vertex 11.5 18.5 0
      vertex 17 18.5 1
      vertex 11.5 18.5 1
    endloop
  endfacet
  facet normal 0 -1 -0
    outer loop
      vertex 17 18.5 1
      vertex 11.5 18.5 0
      vertex 17 18.5 0
    endloop
  endfacet
  facet normal 1 -0 0
    outer loop
      vertex 23.5 10 1
      vertex 23.5 15.5 0
      vertex 23.5 15.5 1
    endloop
  endfacet
  facet normal 1 0 0
    outer loop
      vertex 23.5 15.5 0
      vertex 23.5 10 1
      vertex 23.5 10 0
    endloop
  endfacet
  facet normal -1 0 0
    outer loop
      vertex 25 10 0
      vertex 25 15.5 1
      vertex 25 15.5 0
    endloop
  endfacet
  facet normal -1 -0 0
    outer loop
      vertex 25 15.5 1
      vertex 25 10 0
      vertex 25 10 1
    endloop
  endfacet
  facet normal 0 -1 0
    outer loop
      vertex 23.5 15.5 0
      vertex 25 15.5 1
      vertex 23.5 15.5 1
    endloop
  endfacet
  facet normal 0 -1 -0
    outer loop
      vertex 25 15.5 1
      vertex 23.5 15.5 0
      vertex 25 15.5 0
    endloop
  endfacet
  facet normal 0 1 -0
    outer loop
      vertex 25 10 0
      vertex 23.5 10 1
      vertex 25 10 1
    endloop
  endfacet
  facet normal 0 1 0
    outer loop
      vertex 23.5 10 1
      vertex 25 10 0
      vertex 23.5 10 0
    endloop
  endfacet
  facet normal 1 -0 0
    outer loop
      vertex 26.5 12 1
      vertex 26.5 13.5 0
      vertex 26.5 13.5 1
    endloop
  endfacet
  facet normal 1 0 0
    outer loop
      vertex 26.5 13.5 0
      vertex 26.5 12 1
      vertex 26.5 12 0
    endloop
  endfacet
  facet normal -1 0 0
    outer loop
      vertex 32 12 0
      vertex 32 13.5 1
      vertex 32 13.5 0
    endloop
  endfacet
  facet normal -1 -0 0
    outer loop
      vertex 32 13.5 1
      vertex 32 12 0
      vertex 32 12 1
    endloop
  endfacet
  facet normal 0 -1 0
    outer loop
      vertex 26.5 13.5 0
      vertex 32 13.5 1
      vertex 26.5 13.5 1
    endloop
  endfacet
  facet normal 0 -1 -0
    outer loop
      vertex 32 13.5 1
      vertex 26.5 13.5 0
      vertex 32 13.5 0
    endloop
  endfacet
  facet normal 0 1 -0
    outer loop
      vertex 32 12 0
      vertex 26.5 12 1
      vertex 32 12 1
    endloop
  endfacet
  facet normal 0 1 0
    outer loop
      vertex 26.5 12 1
      vertex 32 12 0
      vertex 26.5 12 0
    endloop
  endfacet
  facet normal 1 -0 0
    outer loop
      vertex 28.5 15 1
      vertex 28.5 20.5 0
      vertex 28.5 20.5 1
    endloop
  endfacet
  facet normal 1 0 0
    outer loop
      vertex 28.5 20.5 0
      vertex 28.5 15 1
      vertex 28.5 15 0
    endloop
  endfacet
  facet normal -1 0 0
    outer loop
      vertex 30 15 0
      vertex 30 20.5 1
      vertex 30 20.5 0
    endloop
  endfacet
  facet normal -1 -0 0
    outer loop
      vertex 30 20.5 1
      vertex 30 15 0
      vertex 30 15 1
    endloop
  endfacet
  facet normal 0 -1 0
    outer loop
      vertex 28.5 20.5 0
      vertex 30 20.5 1
      vertex 28.5 20.5 1
    endloop
  endfacet
  facet normal 0 -1 -0
    outer loop
      vertex 30 20.5 1
      vertex 28.5 20.5 0
      vertex 30 20.5 0
    endloop
  endfacet
  facet normal 0 1 -0
    outer loop
      vertex 30 15 0
      vertex 28.5 15 1
      vertex 30 15 1
    endloop
  endfacet
  facet normal 0 1 0
    outer loop
      vertex 28.5 15 1
      vertex 30 15 0
      vertex 28.5 15 0
    endloop
  endfacet
  facet normal 1 -0 0
    outer loop
      vertex 21.5 17 1
      vertex 21.5 18.5 0
      vertex 21.5 18.5 1
    endloop
  endfacet
  facet normal 1 0 0
    outer loop
      vertex 21.5 18.5 0
      vertex 21.5 17 1
      vertex 21.5 17 0
    endloop
  endfacet
  facet normal -1 0 0
    outer loop
      vertex 27 17 0
      vertex 27 18.5 1
      vertex 27 18.5 0
    endloop
  endfacet
  facet normal -1 -0 0
    outer loop
      vertex 27 18.5 1
      vertex 27 17 0
      vertex 27 17 1
    endloop
  endfacet
  facet normal 0 1 -0
    outer loop
      vertex 27 17 0
      vertex 21.5 17 1
      vertex 27 17 1
    endloop
  endfacet
  facet normal 0 1 0
    outer loop
      vertex 21.5 17 1
      vertex 27 17 0
      vertex 21.5 17 0
    endloop
  endfacet
  facet normal 0 -1 0
    outer loop
      vertex 21.5 18.5 0
      vertex 27 18.5 1
      vertex 21.5 18.5 1
    endloop
  endfacet
  facet normal 0 -1 -0
    outer loop
      vertex 27 18.5 1
      vertex 21.5 18.5 0
      vertex 27 18.5 0
    endloop
  endfacet
  facet normal 1 -0 0
    outer loop
      vertex 33.5 10 1
      vertex 33.5 15.5 0
      vertex 33.5 15.5 1
    endloop
  endfacet
  facet normal 1 0 0
    outer loop
      vertex 33.5 15.5 0
      vertex 33.5 10 1
      vertex 33.5 10 0
    endloop
  endfacet
  facet normal -1 0 0
    outer loop
      vertex 35 10 0
      vertex 35 15.5 1
      vertex 35 15.5 0
    endloop
  endfacet
  facet normal -1 -0 0
    outer loop
      vertex 35 15.5 1
      vertex 35 10 0
      vertex 35 10 1
    endloop
  endfacet
  facet normal 0 1 -0
    outer loop
      vertex 35 10 0
      vertex 33.5 10 1
      vertex 35 10 1
    endloop
  endfacet
  facet normal 0 1 0
    outer loop
      vertex 33.5 10 1
      vertex 35 10 0
      vertex 33.5 10 0
    endloop
  endfacet
  facet normal 0 -1 0
    outer loop
      vertex 33.5 15.5 0
      vertex 35 15.5 1
      vertex 33.5 15.5 1
    endloop
  endfacet
  facet normal 0 -1 -0
    outer loop
      vertex 35 15.5 1
      vertex 33.5 15.5 0
      vertex 35 15.5 0
    endloop
  endfacet
  facet normal 1 -0 0
    outer loop
      vertex 36.5 12 1
      vertex 36.5 13.5 0
      vertex 36.5 13.5 1
    endloop
  endfacet
  facet normal 1 0 0
    outer loop
      vertex 36.5 13.5 0
      vertex 36.5 12 1
      vertex 36.5 12 0
    endloop
  endfacet
  facet normal -1 0 0
    outer loop
      vertex 42 12 0
      vertex 42 13.5 1
      vertex 42 13.5 0
    endloop
  endfacet
  facet normal -1 -0 0
    outer loop
      vertex 42 13.5 1
      vertex 42 12 0
      vertex 42 12 1
    endloop
  endfacet
  facet normal 0 -1 0
    outer loop
      vertex 36.5 13.5 0
      vertex 42 13.5 1
      vertex 36.5 13.5 1
    endloop
  endfacet
  facet normal 0 -1 -0
    outer loop
      vertex 42 13.5 1
      vertex 36.5 13.5 0
      vertex 42 13.5 0
    endloop
  endfacet
  facet normal 0 1 -0
    outer loop
      vertex 42 12 0
      vertex 36.5 12 1
      vertex 42 12 1
    endloop
  endfacet
  facet normal 0 1 0
    outer loop
      vertex 36.5 12 1
      vertex 42 12 0
      vertex 36.5 12 0
    endloop
  endfacet
  facet normal 1 -0 0
    outer loop
      vertex 38.5 15 1
      vertex 38.5 20.5 0
      vertex 38.5 20.5 1
    endloop
  endfacet
  facet normal 1 0 0
    outer loop
      vertex 38.5 20.5 0
      vertex 38.5 15 1
      vertex 38.5 15 0
    endloop
  endfacet
  facet normal -1 0 0
    outer loop
      vertex 40 15 0
      vertex 40 20.5 1
      vertex 40 20.5 0
    endloop
  endfacet
  facet normal -1 -0 0
    outer loop
      vertex 40 20.5 1
      vertex 40 15 0
      vertex 40 15 1
    endloop
  endfacet
  facet normal 0 -1 0
    outer loop
      vertex 38.5 20.5 0
      vertex 40 20.5 1
      vertex 38.5 20.5 1
    endloop
  endfacet
  facet normal 0 -1 -0
    outer loop
      vertex 40 20.5 1
      vertex 38.5 20.5 0
      vertex 40 20.5 0
    endloop
  endfacet
  facet normal 0 1 -0
    outer loop
      vertex 40 15 0
      vertex 38.5 15 1
      vertex 40 15 1
    endloop
  endfacet
  facet normal 0 1 0
    outer loop
      vertex 38.5 15 1
      vertex 40 15 0
      vertex 38.5 15 0
    endloop
  endfacet
  facet normal 1 -0 0
    outer loop
      vertex 31.5 17 1
      vertex 31.5 18.5 0
      vertex 31.5 18.5 1
    endloop
  endfacet
  facet normal 1 0 0
    outer loop
      vertex 31.5 18.5 0
      vertex 31.5 17 1
      vertex 31.5 17 0
    endloop
  endfacet
  facet normal -1 0 0
    outer loop
      vertex 37 17 0
      vertex 37 18.5 1
      vertex 37 18.5 0
    endloop
  endfacet
  facet normal -1 -0 0
    outer loop
      vertex 37 18.5 1
      vertex 37 17 0
      vertex 37 17 1
    endloop
  endfacet
  facet normal 0 1 -0
    outer loop
      vertex 37 17 0
      vertex 31.5 17 1
      vertex 37 17 1
    endloop
  endfacet
  facet normal 0 1 0
    outer loop
      vertex 31.5 17 1
      vertex 37 17 0
      vertex 31.5 17 0
    endloop
  endfacet
  facet normal 0 -1 0
    outer loop
      vertex 31.5 18.5 0
      vertex 37 18.5 1
      vertex 31.5 18.5 1
    endloop
  endfacet
  facet normal 0 -1 -0
    outer loop
      vertex 37 18.5 1
      vertex 31.5 18.5 0
      vertex 37 18.5 0
    endloop
  endfacet
  facet normal -0.996917 0.0784598 0
    outer loop
      vertex 5.8 58.2 0
      vertex 5.86402 59.0135 1
      vertex 5.86402 59.0135 0
    endloop
  endfacet
  facet normal -0.996917 0.0784598 0
    outer loop
      vertex 5.86402 59.0135 1
      vertex 5.8 58.2 0
      vertex 5.8 58.2 1
    endloop
  endfacet
  facet normal 0.104685 0.994505 -0
    outer loop
      vertex 11.0001 63.4 0
      vertex 11 63.4 1
      vertex 11.0001 63.4 1
    endloop
  endfacet
  facet normal 0.104685 0.994505 0
    outer loop
      vertex 11 63.4 1
      vertex 11.0001 63.4 0
      vertex 11 63.4 0
    endloop
  endfacet
  facet normal -0.649449 0.760405 0
    outer loop
      vertex 7.94352 62.4069 0
      vertex 7.32304 61.877 1
      vertex 7.94352 62.4069 1
    endloop
  endfacet
  facet normal -0.649449 0.760405 0
    outer loop
      vertex 7.32304 61.877 1
      vertex 7.94352 62.4069 0
      vertex 7.32304 61.877 0
    endloop
  endfacet
  facet normal -0.382683 0.92388 0
    outer loop
      vertex 9.39311 63.1455 0
      vertex 8.63925 62.8332 1
      vertex 9.39311 63.1455 1
    endloop
  endfacet
  facet normal -0.382683 0.92388 0
    outer loop
      vertex 8.63925 62.8332 1
      vertex 9.39311 63.1455 0
      vertex 8.63925 62.8332 0
    endloop
  endfacet
  facet normal -0.923879 0.382685 0
    outer loop
      vertex 6.05451 59.8069 0
      vertex 6.36677 60.5607 1
      vertex 6.36677 60.5607 0
    endloop
  endfacet
  facet normal -0.923879 0.382685 0
    outer loop
      vertex 6.36677 60.5607 1
      vertex 6.05451 59.8069 0
      vertex 6.05451 59.8069 1
    endloop
  endfacet
  facet normal -0.760404 0.64945 0
    outer loop
      vertex 6.79311 61.2565 0
      vertex 7.32304 61.877 1
      vertex 7.32304 61.877 0
    endloop
  endfacet
  facet normal -0.760404 0.64945 0
    outer loop
      vertex 7.32304 61.877 1
      vertex 6.79311 61.2565 0
      vertex 6.79311 61.2565 1
    endloop
  endfacet
  facet normal -0.97237 0.233444 0
    outer loop
      vertex 5.86402 59.0135 0
      vertex 6.05451 59.8069 1
      vertex 6.05451 59.8069 0
    endloop
  endfacet
  facet normal -0.97237 0.233444 0
    outer loop
      vertex 6.05451 59.8069 1
      vertex 5.86402 59.0135 0
      vertex 5.86402 59.0135 1
    endloop
  endfacet
  facet normal -0 0 1
    outer loop
      vertex 66.6615 60.735 1
      vertex 67 60.65 1
      vertex 66.9668 61.0724 1
    endloop
  endfacet
  facet normal 0 0 1
    outer loop
      vertex 67.85 50 1
      vertex 67.5222 50.2989 1
      vertex 67.625 49.65 1
    endloop
  endfacet
  facet normal 0 0 1
    outer loop
      vertex 67.85 50 1
      vertex 67.5088 50.3839 1
      vertex 67.5222 50.2989 1
    endloop
  endfacet
  facet normal 0 0 1
    outer loop
      vertex 67.85 50 1
      vertex 67.4697 50.4606 1
      vertex 67.5088 50.3839 1
    endloop
  endfacet
  facet normal 0 0 1
    outer loop
      vertex 67.85 50 1
      vertex 67.1714 51.046 1
      vertex 67.4697 50.4606 1
    endloop
  endfacet
  facet normal 0 0 1
    outer loop
      vertex 67 60.5 1
      vertex 67.1714 51.046 1
      vertex 67.85 50 1
    endloop
  endfacet
  facet normal 0 0 1
    outer loop
      vertex 66.6615 60.565 1
      vertex 67 60.5 1
      vertex 66.989 60.5106 1
    endloop
  endfacet
  facet normal 0 -0 1
    outer loop
      vertex 66.675 60.65 1
      vertex 67 60.65 1
      vertex 66.6615 60.735 1
    endloop
  endfacet
  facet normal -0 0 1
    outer loop
      vertex 66.5588 61.3839 1
      vertex 66.9668 61.0724 1
      vertex 66.8679 61.4843 1
    endloop
  endfacet
  facet normal 0 0 1
    outer loop
      vertex 66.5197 61.4606 1
      vertex 66.8679 61.4843 1
      vertex 66.7057 61.8758 1
    endloop
  endfacet
  facet normal 0 0 1
    outer loop
      vertex 66.989 60.5106 1
      vertex 66.675 60.65 1
      vertex 66.6615 60.565 1
    endloop
  endfacet
  facet normal 0 0 1
    outer loop
      vertex 67 60.5 1
      vertex 66.6615 60.565 1
      vertex 66.5588 59.9161 1
    endloop
  endfacet
  facet normal 0 0 1
    outer loop
      vertex 67 60.5 1
      vertex 66.5588 59.9161 1
      vertex 66.2605 59.3307 1
    endloop
  endfacet
  facet normal 0 0 1
    outer loop
      vertex 67 60.5 1
      vertex 66.2605 59.3307 1
      vertex 67.1714 51.046 1
    endloop
  endfacet
  facet normal -0 0 1
    outer loop
      vertex 66.2214 59.254 1
      vertex 67.1714 51.046 1
      vertex 66.2605 59.3307 1
    endloop
  endfacet
  facet normal 0 0 1
    outer loop
      vertex 67.1714 51.046 1
      vertex 66.2214 59.254 1
      vertex 66.646 51.5714 1
    endloop
  endfacet
  facet normal -0 0 1
    outer loop
      vertex 66.1606 59.1932 1
      vertex 66.646 51.5714 1
      vertex 66.2214 59.254 1
    endloop
  endfacet
  facet normal -0 0 1
    outer loop
      vertex 65.696 58.7286 1
      vertex 66.646 51.5714 1
      vertex 66.1606 59.1932 1
    endloop
  endfacet
  facet normal 0 0 1
    outer loop
      vertex 66.646 51.5714 1
      vertex 65.696 58.7286 1
      vertex 66.0606 51.8697 1
    endloop
  endfacet
  facet normal 0 0 1
    outer loop
      vertex 66.0606 51.8697 1
      vertex 65.696 58.7286 1
      vertex 65.9839 51.9088 1
    endloop
  endfacet
  facet normal -0 0 1
    outer loop
      vertex 65.6193 58.6895 1
      vertex 65.9839 51.9088 1
      vertex 65.696 58.7286 1
    endloop
  endfacet
  facet normal -0 0 1
    outer loop
      vertex 65.0339 58.3912 1
      vertex 65.9839 51.9088 1
      vertex 65.6193 58.6895 1
    endloop
  endfacet
  facet normal 0 0 1
    outer loop
      vertex 65.9839 51.9088 1
      vertex 65.0339 58.3912 1
      vertex 65.8989 51.9222 1
    endloop
  endfacet
  facet normal 0 0 1
    outer loop
      vertex 65.8989 51.9222 1
      vertex 65.0339 58.3912 1
      vertex 65.25 52.025 1
    endloop
  endfacet
  facet normal -0 0 1
    outer loop
      vertex 64.385 58.2885 1
      vertex 65.25 52.025 1
      vertex 65.0339 58.3912 1
    endloop
  endfacet
  facet normal -0 0 1
    outer loop
      vertex 64.3 58.275 1
      vertex 65.25 52.025 1
      vertex 64.385 58.2885 1
    endloop
  endfacet
  facet normal -0 0 1
    outer loop
      vertex 62 53.5 1
      vertex 65.25 52.025 1
      vertex 64.3 58.275 1
    endloop
  endfacet
  facet normal 0 0 1
    outer loop
      vertex 65.25 52.025 1
      vertex 62 53.5 1
      vertex 64.6011 51.9222 1
    endloop
  endfacet
  facet normal 0 0 1
    outer loop
      vertex 64.6011 51.9222 1
      vertex 62 53.5 1
      vertex 64.5161 51.9088 1
    endloop
  endfacet
  facet normal 0 0 1
    outer loop
      vertex 62 53.5 1
      vertex 64.3 58.275 1
      vertex 64.215 58.2885 1
    endloop
  endfacet
  facet normal 0 0 1
    outer loop
      vertex 64.5161 51.9088 1
      vertex 62 53.5 1
      vertex 64.4394 51.8697 1
    endloop
  endfacet
  facet normal 0 0 1
    outer loop
      vertex 62 53.5 1
      vertex 64.215 58.2885 1
      vertex 63.5661 58.3912 1
    endloop
  endfacet
  facet normal 0 0 1
    outer loop
      vertex 64.4394 51.8697 1
      vertex 62 53.5 1
      vertex 63.854 51.5714 1
    endloop
  endfacet
  facet normal -0 0 1
    outer loop
      vertex 62 52 1
      vertex 63.854 51.5714 1
      vertex 62 53.5 1
    endloop
  endfacet
  facet normal 0 0 1
    outer loop
      vertex 63.854 51.5714 1
      vertex 62 52 1
      vertex 63.3286 51.046 1
    endloop
  endfacet
  facet normal 0 0 1
    outer loop
      vertex 60 55 1
      vertex 63.5661 58.3912 1
      vertex 62.9807 58.6895 1
    endloop
  endfacet
  facet normal 0 0 1
    outer loop
      vertex 63.3286 51.046 1
      vertex 62 52 1
      vertex 63.0303 50.4606 1
    endloop
  endfacet
  facet normal 0 0 1
    outer loop
      vertex 60 55 1
      vertex 62.9807 58.6895 1
      vertex 62.904 58.7286 1
    endloop
  endfacet
  facet normal 0 0 1
    outer loop
      vertex 63.0303 50.4606 1
      vertex 62 52 1
      vertex 62.9912 50.3839 1
    endloop
  endfacet
  facet normal 0 0 1
    outer loop
      vertex 62.9912 50.3839 1
      vertex 62 52 1
      vertex 62.9778 50.2989 1
    endloop
  endfacet
  facet normal 0 0 1
    outer loop
      vertex 60 55 1
      vertex 62.904 58.7286 1
      vertex 62.3786 59.254 1
    endloop
  endfacet
  facet normal 0 0 1
    outer loop
      vertex 60 60.5 1
      vertex 62.3786 59.254 1
      vertex 62.3395 59.3307 1
    endloop
  endfacet
  facet normal 0 0 1
    outer loop
      vertex 60 60.5 1
      vertex 62.3395 59.3307 1
      vertex 62.0412 59.9161 1
    endloop
  endfacet
  facet normal 0 0 1
    outer loop
      vertex 60 60.5 1
      vertex 62.0412 59.9161 1
      vertex 62.0278 60.0011 1
    endloop
  endfacet
  facet normal -0 0 1
    outer loop
      vertex 60 50.5 1
      vertex 62.9778 50.2989 1
      vertex 62 52 1
    endloop
  endfacet
  facet normal 0 0 1
    outer loop
      vertex 62.9778 50.2989 1
      vertex 60 50.5 1
      vertex 62.875 49.65 1
    endloop
  endfacet
  facet normal 0 0 1
    outer loop
      vertex 62.875 49.65 1
      vertex 61.5 48.5 1
      vertex 62.5 48.5 1
    endloop
  endfacet
  facet normal 0 0 1
    outer loop
      vertex 61.5 48.5 1
      vertex 60 50.5 1
      vertex 61.5 47 1
    endloop
  endfacet
  facet normal 0 0 1
    outer loop
      vertex 62.875 49.65 1
      vertex 60 50.5 1
      vertex 61.5 48.5 1
    endloop
  endfacet
  facet normal 0 0 1
    outer loop
      vertex 62 52 1
      vertex 58.5 50.5 1
      vertex 60 50.5 1
    endloop
  endfacet
  facet normal 0 0 1
    outer loop
      vertex 58.5 50.5 1
      vertex 57 48.5 1
      vertex 58.5 45 1
    endloop
  endfacet
  facet normal -0 0 1
    outer loop
      vertex 56.5 52 1
      vertex 58.5 50.5 1
      vertex 62 52 1
    endloop
  endfacet
  facet normal 0 0 1
    outer loop
      vertex 56.5 52 1
      vertex 57 48.5 1
      vertex 58.5 50.5 1
    endloop
  endfacet
  facet normal 0 0 1
    outer loop
      vertex 55 50 1
      vertex 56.5 52 1
      vertex 55 55.5 1
    endloop
  endfacet
  facet normal 0 0 1
    outer loop
      vertex 56.5 52 1
      vertex 55 50 1
      vertex 57 48.5 1
    endloop
  endfacet
  facet normal -0 0 1
    outer loop
      vertex 53.5 50 1
      vertex 57 48.5 1
      vertex 55 50 1
    endloop
  endfacet
  facet normal -0 0 1
    outer loop
      vertex 52 52 1
      vertex 53.5 50 1
      vertex 52 53.5 1
    endloop
  endfacet
  facet normal 0 0 1
    outer loop
      vertex 53.5 50 1
      vertex 51.5 48.5 1
      vertex 57 48.5 1
    endloop
  endfacet
  facet normal 0 0 1
    outer loop
      vertex 52 52 1
      vertex 51.5 48.5 1
      vertex 53.5 50 1
    endloop
  endfacet
  facet normal 0 0 1
    outer loop
      vertex 51.5 48.5 1
      vertex 50 50.5 1
      vertex 51.5 47 1
    endloop
  endfacet
  facet normal 0 0 1
    outer loop
      vertex 52 52 1
      vertex 50 50.5 1
      vertex 51.5 48.5 1
    endloop
  endfacet
  facet normal 0 0 1
    outer loop
      vertex 52 52 1
      vertex 48.5 50.5 1
      vertex 50 50.5 1
    endloop
  endfacet
  facet normal 0 0 1
    outer loop
      vertex 48.5 50.5 1
      vertex 47 48.5 1
      vertex 48.5 45 1
    endloop
  endfacet
  facet normal -0 0 1
    outer loop
      vertex 46.5 52 1
      vertex 48.5 50.5 1
      vertex 52 52 1
    endloop
  endfacet
  facet normal 0 0 1
    outer loop
      vertex 46.5 52 1
      vertex 47 48.5 1
      vertex 48.5 50.5 1
    endloop
  endfacet
  facet normal 0 0 1
    outer loop
      vertex 45 50 1
      vertex 46.5 52 1
      vertex 45 55.5 1
    endloop
  endfacet
  facet normal 0 0 1
    outer loop
      vertex 46.5 52 1
      vertex 45 50 1
      vertex 47 48.5 1
    endloop
  endfacet
  facet normal -0 0 1
    outer loop
      vertex 43.5 50 1
      vertex 47 48.5 1
      vertex 45 50 1
    endloop
  endfacet
  facet normal -0 0 1
    outer loop
      vertex 42 52 1
      vertex 43.5 50 1
      vertex 42 53.5 1
    endloop
  endfacet
  facet normal 0 0 1
    outer loop
      vertex 43.5 50 1
      vertex 41.5 48.5 1
      vertex 47 48.5 1
    endloop
  endfacet
  facet normal 0 0 1
    outer loop
      vertex 42 52 1
      vertex 41.5 48.5 1
      vertex 43.5 50 1
    endloop
  endfacet
  facet normal 0 0 1
    outer loop
      vertex 41.5 48.5 1
      vertex 40 50.5 1
      vertex 41.5 47 1
    endloop
  endfacet
  facet normal 0 0 1
    outer loop
      vertex 42 52 1
      vertex 40 50.5 1
      vertex 41.5 48.5 1
    endloop
  endfacet
  facet normal 0 0 1
    outer loop
      vertex 42 52 1
      vertex 38.5 50.5 1
      vertex 40 50.5 1
    endloop
  endfacet
  facet normal 0 0 1
    outer loop
      vertex 38.5 50.5 1
      vertex 37 48.5 1
      vertex 38.5 45 1
    endloop
  endfacet
  facet normal -0 0 1
    outer loop
      vertex 36.5 52 1
      vertex 38.5 50.5 1
      vertex 42 52 1
    endloop
  endfacet
  facet normal 0 0 1
    outer loop
      vertex 36.5 52 1
      vertex 37 48.5 1
      vertex 38.5 50.5 1
    endloop
  endfacet
  facet normal 0 0 1
    outer loop
      vertex 35 50 1
      vertex 36.5 52 1
      vertex 35 55.5 1
    endloop
  endfacet
  facet normal 0 0 1
    outer loop
      vertex 36.5 52 1
      vertex 35 50 1
      vertex 37 48.5 1
    endloop
  endfacet
  facet normal -0 0 1
    outer loop
      vertex 33.5 50 1
      vertex 37 48.5 1
      vertex 35 50 1
    endloop
  endfacet
  facet normal -0 0 1
    outer loop
      vertex 32 52 1
      vertex 33.5 50 1
      vertex 32 53.5 1
    endloop
  endfacet
  facet normal 0 0 1
    outer loop
      vertex 33.5 50 1
      vertex 31.5 48.5 1
      vertex 37 48.5 1
    endloop
  endfacet
  facet normal 0 0 1
    outer loop
      vertex 32 52 1
      vertex 31.5 48.5 1
      vertex 33.5 50 1
    endloop
  endfacet
  facet normal 0 0 1
    outer loop
      vertex 31.5 48.5 1
      vertex 30 50.5 1
      vertex 31.5 47 1
    endloop
  endfacet
  facet normal 0 0 1
    outer loop
      vertex 32 52 1
      vertex 30 50.5 1
      vertex 31.5 48.5 1
    endloop
  endfacet
  facet normal 0 0 1
    outer loop
      vertex 32 52 1
      vertex 28.5 50.5 1
      vertex 30 50.5 1
    endloop
  endfacet
  facet normal 0 0 1
    outer loop
      vertex 28.5 50.5 1
      vertex 27 48.5 1
      vertex 28.5 45 1
    endloop
  endfacet
  facet normal -0 0 1
    outer loop
      vertex 26.5 52 1
      vertex 28.5 50.5 1
      vertex 32 52 1
    endloop
  endfacet
  facet normal 0 0 1
    outer loop
      vertex 26.5 52 1
      vertex 27 48.5 1
      vertex 28.5 50.5 1
    endloop
  endfacet
  facet normal 0 0 1
    outer loop
      vertex 25 50 1
      vertex 26.5 52 1
      vertex 25 55.5 1
    endloop
  endfacet
  facet normal 0 0 1
    outer loop
      vertex 26.5 52 1
      vertex 25 50 1
      vertex 27 48.5 1
    endloop
  endfacet
  facet normal -0 0 1
    outer loop
      vertex 23.5 50 1
      vertex 27 48.5 1
      vertex 25 50 1
    endloop
  endfacet
  facet normal -0 0 1
    outer loop
      vertex 22 52 1
      vertex 23.5 50 1
      vertex 22 53.5 1
    endloop
  endfacet
  facet normal 0 0 1
    outer loop
      vertex 23.5 50 1
      vertex 21.5 48.5 1
      vertex 27 48.5 1
    endloop
  endfacet
  facet normal 0 0 1
    outer loop
      vertex 22 52 1
      vertex 21.5 48.5 1
      vertex 23.5 50 1
    endloop
  endfacet
  facet normal 0 0 1
    outer loop
      vertex 21.5 48.5 1
      vertex 20 50.5 1
      vertex 21.5 47 1
    endloop
  endfacet
  facet normal 0 0 1
    outer loop
      vertex 22 52 1
      vertex 20 50.5 1
      vertex 21.5 48.5 1
    endloop
  endfacet
  facet normal 0 0 1
    outer loop
      vertex 22 52 1
      vertex 18.5 50.5 1
      vertex 20 50.5 1
    endloop
  endfacet
  facet normal 0 0 1
    outer loop
      vertex 18.5 50.5 1
      vertex 17 48.5 1
      vertex 18.5 45 1
    endloop
  endfacet
  facet normal -0 0 1
    outer loop
      vertex 16.5 52 1
      vertex 18.5 50.5 1
      vertex 22 52 1
    endloop
  endfacet
  facet normal 0 0 1
    outer loop
      vertex 16.5 52 1
      vertex 17 48.5 1
      vertex 18.5 50.5 1
    endloop
  endfacet
  facet normal 0 0 1
    outer loop
      vertex 15 50 1
      vertex 16.5 52 1
      vertex 15 55.5 1
    endloop
  endfacet
  facet normal 0 0 1
    outer loop
      vertex 16.5 52 1
      vertex 15 50 1
      vertex 17 48.5 1
    endloop
  endfacet
  facet normal -0 0 1
    outer loop
      vertex 13.5 50 1
      vertex 17 48.5 1
      vertex 15 50 1
    endloop
  endfacet
  facet normal -0 0 1
    outer loop
      vertex 12 52 1
      vertex 13.5 50 1
      vertex 12 53.5 1
    endloop
  endfacet
  facet normal 0 0 1
    outer loop
      vertex 13.5 50 1
      vertex 11.5 48.5 1
      vertex 17 48.5 1
    endloop
  endfacet
  facet normal 0 0 1
    outer loop
      vertex 12 52 1
      vertex 11.5 48.5 1
      vertex 13.5 50 1
    endloop
  endfacet
  facet normal 0 0 1
    outer loop
      vertex 7.83391 47.6588 1
      vertex 11.5 48.5 1
      vertex 11 52 1
    endloop
  endfacet
  facet normal -0 0 1
    outer loop
      vertex 11 52 1
      vertex 11.5 48.5 1
      vertex 12 52 1
    endloop
  endfacet
  facet normal 0 0 1
    outer loop
      vertex 68.7 26.3 1
      vertex 68.3522 27.0189 1
      vertex 68.455 26.37 1
    endloop
  endfacet
  facet normal 0 0 1
    outer loop
      vertex 68.5205 37.3307 1
      vertex 68.3388 27.1039 1
      vertex 68.3522 27.0189 1
    endloop
  endfacet
  facet normal 0 0 1
    outer loop
      vertex 68.4814 37.254 1
      vertex 68.2997 27.1806 1
      vertex 68.3388 27.1039 1
    endloop
  endfacet
  facet normal 0 0 1
    outer loop
      vertex 68.4814 37.254 1
      vertex 68.0014 27.766 1
      vertex 68.2997 27.1806 1
    endloop
  endfacet
  facet normal -0 0 1
    outer loop
      vertex 67.956 36.7286 1
      vertex 68.0014 27.766 1
      vertex 68.4814 37.254 1
    endloop
  endfacet
  facet normal 0 0 1
    outer loop
      vertex 67.476 28.2914 1
      vertex 67.956 36.7286 1
      vertex 67.8793 36.6895 1
    endloop
  endfacet
  facet normal 0 0 1
    outer loop
      vertex 67.956 36.7286 1
      vertex 67.476 28.2914 1
      vertex 68.0014 27.766 1
    endloop
  endfacet
  facet normal -0 0 1
    outer loop
      vertex 67.2939 36.3912 1
      vertex 67.476 28.2914 1
      vertex 67.8793 36.6895 1
    endloop
  endfacet
  facet normal 0 0 1
    outer loop
      vertex 67.2939 36.3912 1
      vertex 66.8906 28.5897 1
      vertex 67.476 28.2914 1
    endloop
  endfacet
  facet normal 0 0 1
    outer loop
      vertex 67.2939 36.3912 1
      vertex 66.8139 28.6288 1
      vertex 66.8906 28.5897 1
    endloop
  endfacet
  facet normal -0 0 1
    outer loop
      vertex 66.645 36.2885 1
      vertex 66.8139 28.6288 1
      vertex 67.2939 36.3912 1
    endloop
  endfacet
  facet normal 0 0 1
    outer loop
      vertex 66.8139 28.6288 1
      vertex 66.645 36.2885 1
      vertex 66.7289 28.6422 1
    endloop
  endfacet
  facet normal -0 0 1
    outer loop
      vertex 66.56 36.275 1
      vertex 66.7289 28.6422 1
      vertex 66.645 36.2885 1
    endloop
  endfacet
  facet normal 0 0 1
    outer loop
      vertex 66.08 28.745 1
      vertex 66.56 36.275 1
      vertex 66.475 36.2885 1
    endloop
  endfacet
  facet normal 0 0 1
    outer loop
      vertex 66.56 36.275 1
      vertex 66.08 28.745 1
      vertex 66.7289 28.6422 1
    endloop
  endfacet
  facet normal 0 0 1
    outer loop
      vertex 62 32 1
      vertex 66.475 36.2885 1
      vertex 65.8261 36.3912 1
    endloop
  endfacet
  facet normal 0 0 1
    outer loop
      vertex 66.475 36.2885 1
      vertex 62 32 1
      vertex 66.08 28.745 1
    endloop
  endfacet
  facet normal 0 0 1
    outer loop
      vertex 66.08 28.745 1
      vertex 62 32 1
      vertex 65.4311 28.6422 1
    endloop
  endfacet
  facet normal 0 0 1
    outer loop
      vertex 65.4311 28.6422 1
      vertex 62 32 1
      vertex 65.3461 28.6288 1
    endloop
  endfacet
  facet normal 0 0 1
    outer loop
      vertex 62 33.5 1
      vertex 65.8261 36.3912 1
      vertex 65.2407 36.6895 1
    endloop
  endfacet
  facet normal 0 0 1
    outer loop
      vertex 62 33.5 1
      vertex 65.2407 36.6895 1
      vertex 65.164 36.7286 1
    endloop
  endfacet
  facet normal 0 0 1
    outer loop
      vertex 65.3461 28.6288 1
      vertex 62 32 1
      vertex 65.2694 28.5897 1
    endloop
  endfacet
  facet normal -0 0 1
    outer loop
      vertex 63.5 37 1
      vertex 65.164 36.7286 1
      vertex 64.6386 37.254 1
    endloop
  endfacet
  facet normal 0 0 1
    outer loop
      vertex 63.5 37 1
      vertex 64.6386 37.254 1
      vertex 64.5995 37.3307 1
    endloop
  endfacet
  facet normal 0 0 1
    outer loop
      vertex 63.5 37 1
      vertex 64.5995 37.3307 1
      vertex 64.3012 37.9161 1
    endloop
  endfacet
  facet normal 0 0 1
    outer loop
      vertex 63.5 38.5 1
      vertex 64.3012 37.9161 1
      vertex 64.2878 38.0011 1
    endloop
  endfacet
  facet normal 0 0 1
    outer loop
      vertex 65.164 36.7286 1
      vertex 63.5 37 1
      vertex 62 33.5 1
    endloop
  endfacet
  facet normal -0 0 1
    outer loop
      vertex 63.5 38.5 1
      vertex 64.2878 38.0011 1
      vertex 64.185 38.65 1
    endloop
  endfacet
  facet normal 0 0 1
    outer loop
      vertex 65.8261 36.3912 1
      vertex 62 33.5 1
      vertex 62 32 1
    endloop
  endfacet
  facet normal 0 0 1
    outer loop
      vertex 69.06 38.65 1
      vertex 68.9215 38.735 1
      vertex 68.935 38.65 1
    endloop
  endfacet
  facet normal 0 0 1
    outer loop
      vertex 69.0292 39.0411 1
      vertex 68.8188 39.3839 1
      vertex 68.9215 38.735 1
    endloop
  endfacet
  facet normal 0 0 1
    outer loop
      vertex 68.9924 39.1943 1
      vertex 68.5205 39.9693 1
      vertex 68.8188 39.3839 1
    endloop
  endfacet
  facet normal 0 0 1
    outer loop
      vertex 68.9924 39.1943 1
      vertex 68.4814 40.046 1
      vertex 68.5205 39.9693 1
    endloop
  endfacet
  facet normal -0 0 1
    outer loop
      vertex 67.5088 48.9161 1
      vertex 68.9924 39.1943 1
      vertex 67.85 50 1
    endloop
  endfacet
  facet normal 0 0 1
    outer loop
      vertex 68.9924 39.1943 1
      vertex 67.5088 48.9161 1
      vertex 68.4814 40.046 1
    endloop
  endfacet
  facet normal -0 0 1
    outer loop
      vertex 67.2105 48.3307 1
      vertex 68.4814 40.046 1
      vertex 67.5088 48.9161 1
    endloop
  endfacet
  facet normal 0 0 1
    outer loop
      vertex 67.5222 49.0011 1
      vertex 67.85 50 1
      vertex 67.625 49.65 1
    endloop
  endfacet
  facet normal 0 0 1
    outer loop
      vertex 67.5088 48.9161 1
      vertex 67.85 50 1
      vertex 67.5222 49.0011 1
    endloop
  endfacet
  facet normal -0 0 1
    outer loop
      vertex 67.1714 48.254 1
      vertex 68.4814 40.046 1
      vertex 67.2105 48.3307 1
    endloop
  endfacet
  facet normal 0 0 1
    outer loop
      vertex 68.4814 40.046 1
      vertex 67.1714 48.254 1
      vertex 67.956 40.5714 1
    endloop
  endfacet
  facet normal -0 0 1
    outer loop
      vertex 66.646 47.7286 1
      vertex 67.956 40.5714 1
      vertex 67.1714 48.254 1
    endloop
  endfacet
  facet normal 0 0 1
    outer loop
      vertex 67.956 40.5714 1
      vertex 66.646 47.7286 1
      vertex 67.8793 40.6105 1
    endloop
  endfacet
  facet normal 0 0 1
    outer loop
      vertex 67.8793 40.6105 1
      vertex 66.646 47.7286 1
      vertex 67.2939 40.9088 1
    endloop
  endfacet
  facet normal -0 0 1
    outer loop
      vertex 66.5693 47.6895 1
      vertex 67.2939 40.9088 1
      vertex 66.646 47.7286 1
    endloop
  endfacet
  facet normal -0 0 1
    outer loop
      vertex 65.9839 47.3912 1
      vertex 67.2939 40.9088 1
      vertex 66.5693 47.6895 1
    endloop
  endfacet
  facet normal 0 0 1
    outer loop
      vertex 67.2939 40.9088 1
      vertex 65.9839 47.3912 1
      vertex 67.2089 40.9222 1
    endloop
  endfacet
  facet normal 0 0 1
    outer loop
      vertex 67.2089 40.9222 1
      vertex 65.9839 47.3912 1
      vertex 66.56 41.025 1
    endloop
  endfacet
  facet normal -0 0 1
    outer loop
      vertex 65.335 47.2885 1
      vertex 66.56 41.025 1
      vertex 65.9839 47.3912 1
    endloop
  endfacet
  facet normal -0 0 1
    outer loop
      vertex 65.25 47.275 1
      vertex 66.56 41.025 1
      vertex 65.335 47.2885 1
    endloop
  endfacet
  facet normal 0 0 1
    outer loop
      vertex 66.56 41.025 1
      vertex 65.25 47.275 1
      vertex 65.9111 40.9222 1
    endloop
  endfacet
  facet normal 0 0 1
    outer loop
      vertex 65.9111 40.9222 1
      vertex 65.25 47.275 1
      vertex 65.8261 40.9088 1
    endloop
  endfacet
  facet normal -0 0 1
    outer loop
      vertex 62 43.5 1
      vertex 65.8261 40.9088 1
      vertex 65.25 47.275 1
    endloop
  endfacet
  facet normal 0 0 1
    outer loop
      vertex 62 43.5 1
      vertex 65.25 47.275 1
      vertex 65.165 47.2885 1
    endloop
  endfacet
  facet normal 0 0 1
    outer loop
      vertex 65.8261 40.9088 1
      vertex 62 43.5 1
      vertex 65.2407 40.6105 1
    endloop
  endfacet
  facet normal -0 0 1
    outer loop
      vertex 62 42 1
      vertex 65.2407 40.6105 1
      vertex 62 43.5 1
    endloop
  endfacet
  facet normal 0 0 1
    outer loop
      vertex 62 43.5 1
      vertex 65.165 47.2885 1
      vertex 64.5161 47.3912 1
    endloop
  endfacet
  facet normal 0 0 1
    outer loop
      vertex 65.2407 40.6105 1
      vertex 62 42 1
      vertex 65.164 40.5714 1
    endloop
  endfacet
  facet normal 0 0 1
    outer loop
      vertex 65.164 40.5714 1
      vertex 62 42 1
      vertex 64.6386 40.046 1
    endloop
  endfacet
  facet normal 0 0 1
    outer loop
      vertex 64.6386 40.046 1
      vertex 62 42 1
      vertex 64.3403 39.4606 1
    endloop
  endfacet
  facet normal 0 0 1
    outer loop
      vertex 64.3403 39.4606 1
      vertex 62 42 1
      vertex 64.3012 39.3839 1
    endloop
  endfacet
  facet normal 0 0 1
    outer loop
      vertex 62.5 47 1
      vertex 64.5161 47.3912 1
      vertex 63.9307 47.6895 1
    endloop
  endfacet
  facet normal 0 -0 1
    outer loop
      vertex 63.5 38.5 1
      vertex 64.3012 39.3839 1
      vertex 62 42 1
    endloop
  endfacet
  facet normal 0 0 1
    outer loop
      vertex 64.3012 37.9161 1
      vertex 63.5 38.5 1
      vertex 63.5 37 1
    endloop
  endfacet
  facet normal 0 0 1
    outer loop
      vertex 62.5 47 1
      vertex 63.9307 47.6895 1
      vertex 63.854 47.7286 1
    endloop
  endfacet
  facet normal 0 0 1
    outer loop
      vertex 64.684 28.2914 1
      vertex 62.5 28.5 1
      vertex 64.2194 27.8268 1
    endloop
  endfacet
  facet normal 0 0 1
    outer loop
      vertex 64.2194 27.8268 1
      vertex 62.5 28.5 1
      vertex 64.1586 27.766 1
    endloop
  endfacet
  facet normal 0 0 1
    outer loop
      vertex 64.1586 27.766 1
      vertex 62.5 28.5 1
      vertex 63.8603 27.1806 1
    endloop
  endfacet
  facet normal 0 0 1
    outer loop
      vertex 62.5 27 1
      vertex 63.8603 27.1806 1
      vertex 62.5 28.5 1
    endloop
  endfacet
  facet normal -0 -0 1
    outer loop
      vertex 62.5 28.5 1
      vertex 64.684 28.2914 1
      vertex 62 32 1
    endloop
  endfacet
  facet normal 0 0 1
    outer loop
      vertex 62.5 47 1
      vertex 63.854 47.7286 1
      vertex 63.3286 48.254 1
    endloop
  endfacet
  facet normal 0 0 1
    outer loop
      vertex 62.5 48.5 1
      vertex 63.3286 48.254 1
      vertex 63.2895 48.3307 1
    endloop
  endfacet
  facet normal -0 0 1
    outer loop
      vertex 62.5 48.5 1
      vertex 63.2895 48.3307 1
      vertex 62.9912 48.9161 1
    endloop
  endfacet
  facet normal 0 0 1
    outer loop
      vertex 62.5 48.5 1
      vertex 62.9912 48.9161 1
      vertex 62.9778 49.0011 1
    endloop
  endfacet
  facet normal 0 0 1
    outer loop
      vertex 62.5 48.5 1
      vertex 62.9778 49.0011 1
      vertex 62.875 49.65 1
    endloop
  endfacet
  facet normal 0 0 1
    outer loop
      vertex 63.3286 48.254 1
      vertex 62.5 48.5 1
      vertex 62.5 47 1
    endloop
  endfacet
  facet normal 0 0 1
    outer loop
      vertex 64.5161 47.3912 1
      vertex 62.5 47 1
      vertex 62 43.5 1
    endloop
  endfacet
  facet normal 0 0 1
    outer loop
      vertex 64.3012 39.3839 1
      vertex 63.5 38.5 1
      vertex 64.2878 39.2989 1
    endloop
  endfacet
  facet normal 0 0 1
    outer loop
      vertex 64.2878 39.2989 1
      vertex 63.5 38.5 1
      vertex 64.185 38.65 1
    endloop
  endfacet
  facet normal 0 0 1
    outer loop
      vertex 62 42 1
      vertex 61.5 38.5 1
      vertex 63.5 38.5 1
    endloop
  endfacet
  facet normal 0 0 1
    outer loop
      vertex 61.5 38.5 1
      vertex 60 40.5 1
      vertex 61.5 37 1
    endloop
  endfacet
  facet normal 0 0 1
    outer loop
      vertex 62 42 1
      vertex 60 40.5 1
      vertex 61.5 38.5 1
    endloop
  endfacet
  facet normal 0 0 1
    outer loop
      vertex 62 42 1
      vertex 58.5 40.5 1
      vertex 60 40.5 1
    endloop
  endfacet
  facet normal 0 0 1
    outer loop
      vertex 58.5 40.5 1
      vertex 57 38.5 1
      vertex 58.5 35 1
    endloop
  endfacet
  facet normal -0 0 1
    outer loop
      vertex 56.5 42 1
      vertex 58.5 40.5 1
      vertex 62 42 1
    endloop
  endfacet
  facet normal 0 0 1
    outer loop
      vertex 56.5 42 1
      vertex 57 38.5 1
      vertex 58.5 40.5 1
    endloop
  endfacet
  facet normal 0 0 1
    outer loop
      vertex 55 40 1
      vertex 56.5 42 1
      vertex 55 45.5 1
    endloop
  endfacet
  facet normal 0 0 1
    outer loop
      vertex 56.5 42 1
      vertex 55 40 1
      vertex 57 38.5 1
    endloop
  endfacet
  facet normal -0 0 1
    outer loop
      vertex 53.5 40 1
      vertex 57 38.5 1
      vertex 55 40 1
    endloop
  endfacet
  facet normal -0 0 1
    outer loop
      vertex 52 42 1
      vertex 53.5 40 1
      vertex 52 43.5 1
    endloop
  endfacet
  facet normal 0 0 1
    outer loop
      vertex 53.5 40 1
      vertex 51.5 38.5 1
      vertex 57 38.5 1
    endloop
  endfacet
  facet normal 0 0 1
    outer loop
      vertex 52 42 1
      vertex 51.5 38.5 1
      vertex 53.5 40 1
    endloop
  endfacet
  facet normal 0 0 1
    outer loop
      vertex 51.5 38.5 1
      vertex 50 40.5 1
      vertex 51.5 37 1
    endloop
  endfacet
  facet normal 0 0 1
    outer loop
      vertex 52 42 1
      vertex 50 40.5 1
      vertex 51.5 38.5 1
    endloop
  endfacet
  facet normal 0 0 1
    outer loop
      vertex 52 42 1
      vertex 48.5 40.5 1
      vertex 50 40.5 1
    endloop
  endfacet
  facet normal 0 0 1
    outer loop
      vertex 48.5 40.5 1
      vertex 47 38.5 1
      vertex 48.5 35 1
    endloop
  endfacet
  facet normal -0 0 1
    outer loop
      vertex 46.5 42 1
      vertex 48.5 40.5 1
      vertex 52 42 1
    endloop
  endfacet
  facet normal 0 0 1
    outer loop
      vertex 46.5 42 1
      vertex 47 38.5 1
      vertex 48.5 40.5 1
    endloop
  endfacet
  facet normal 0 0 1
    outer loop
      vertex 45 40 1
      vertex 46.5 42 1
      vertex 45 45.5 1
    endloop
  endfacet
  facet normal 0 0 1
    outer loop
      vertex 46.5 42 1
      vertex 45 40 1
      vertex 47 38.5 1
    endloop
  endfacet
  facet normal -0 0 1
    outer loop
      vertex 43.5 40 1
      vertex 47 38.5 1
      vertex 45 40 1
    endloop
  endfacet
  facet normal -0 0 1
    outer loop
      vertex 42 42 1
      vertex 43.5 40 1
      vertex 42 43.5 1
    endloop
  endfacet
  facet normal 0 0 1
    outer loop
      vertex 43.5 40 1
      vertex 41.5 38.5 1
      vertex 47 38.5 1
    endloop
  endfacet
  facet normal 0 0 1
    outer loop
      vertex 42 42 1
      vertex 41.5 38.5 1
      vertex 43.5 40 1
    endloop
  endfacet
  facet normal 0 0 1
    outer loop
      vertex 41.5 38.5 1
      vertex 40 40.5 1
      vertex 41.5 37 1
    endloop
  endfacet
  facet normal 0 0 1
    outer loop
      vertex 42 42 1
      vertex 40 40.5 1
      vertex 41.5 38.5 1
    endloop
  endfacet
  facet normal 0 0 1
    outer loop
      vertex 42 42 1
      vertex 38.5 40.5 1
      vertex 40 40.5 1
    endloop
  endfacet
  facet normal 0 0 1
    outer loop
      vertex 38.5 40.5 1
      vertex 37 38.5 1
      vertex 38.5 35 1
    endloop
  endfacet
  facet normal -0 0 1
    outer loop
      vertex 36.5 42 1
      vertex 38.5 40.5 1
      vertex 42 42 1
    endloop
  endfacet
  facet normal 0 0 1
    outer loop
      vertex 36.5 42 1
      vertex 37 38.5 1
      vertex 38.5 40.5 1
    endloop
  endfacet
  facet normal 0 0 1
    outer loop
      vertex 35 40 1
      vertex 36.5 42 1
      vertex 35 45.5 1
    endloop
  endfacet
  facet normal 0 0 1
    outer loop
      vertex 36.5 42 1
      vertex 35 40 1
      vertex 37 38.5 1
    endloop
  endfacet
  facet normal -0 0 1
    outer loop
      vertex 33.5 40 1
      vertex 37 38.5 1
      vertex 35 40 1
    endloop
  endfacet
  facet normal -0 0 1
    outer loop
      vertex 32 42 1
      vertex 33.5 40 1
      vertex 32 43.5 1
    endloop
  endfacet
  facet normal 0 0 1
    outer loop
      vertex 33.5 40 1
      vertex 31.5 38.5 1
      vertex 37 38.5 1
    endloop
  endfacet
  facet normal 0 0 1
    outer loop
      vertex 32 42 1
      vertex 31.5 38.5 1
      vertex 33.5 40 1
    endloop
  endfacet
  facet normal 0 0 1
    outer loop
      vertex 31.5 38.5 1
      vertex 30 40.5 1
      vertex 31.5 37 1
    endloop
  endfacet
  facet normal 0 0 1
    outer loop
      vertex 32 42 1
      vertex 30 40.5 1
      vertex 31.5 38.5 1
    endloop
  endfacet
  facet normal 0 0 1
    outer loop
      vertex 32 42 1
      vertex 28.5 40.5 1
      vertex 30 40.5 1
    endloop
  endfacet
  facet normal 0 0 1
    outer loop
      vertex 28.5 40.5 1
      vertex 27 38.5 1
      vertex 28.5 35 1
    endloop
  endfacet
  facet normal -0 0 1
    outer loop
      vertex 26.5 42 1
      vertex 28.5 40.5 1
      vertex 32 42 1
    endloop
  endfacet
  facet normal 0 0 1
    outer loop
      vertex 26.5 42 1
      vertex 27 38.5 1
      vertex 28.5 40.5 1
    endloop
  endfacet
  facet normal 0 0 1
    outer loop
      vertex 25 40 1
      vertex 26.5 42 1
      vertex 25 45.5 1
    endloop
  endfacet
  facet normal 0 0 1
    outer loop
      vertex 26.5 42 1
      vertex 25 40 1
      vertex 27 38.5 1
    endloop
  endfacet
  facet normal -0 0 1
    outer loop
      vertex 23.5 40 1
      vertex 27 38.5 1
      vertex 25 40 1
    endloop
  endfacet
  facet normal -0 0 1
    outer loop
      vertex 22 42 1
      vertex 23.5 40 1
      vertex 22 43.5 1
    endloop
  endfacet
  facet normal 0 0 1
    outer loop
      vertex 23.5 40 1
      vertex 21.5 38.5 1
      vertex 27 38.5 1
    endloop
  endfacet
  facet normal 0 0 1
    outer loop
      vertex 22 42 1
      vertex 21.5 38.5 1
      vertex 23.5 40 1
    endloop
  endfacet
  facet normal 0 0 1
    outer loop
      vertex 21.5 38.5 1
      vertex 20 40.5 1
      vertex 21.5 37 1
    endloop
  endfacet
  facet normal 0 0 1
    outer loop
      vertex 22 42 1
      vertex 20 40.5 1
      vertex 21.5 38.5 1
    endloop
  endfacet
  facet normal 0 0 1
    outer loop
      vertex 22 42 1
      vertex 18.5 40.5 1
      vertex 20 40.5 1
    endloop
  endfacet
  facet normal 0 0 1
    outer loop
      vertex 18.5 40.5 1
      vertex 17 38.5 1
      vertex 18.5 35 1
    endloop
  endfacet
  facet normal -0 0 1
    outer loop
      vertex 16.5 42 1
      vertex 18.5 40.5 1
      vertex 22 42 1
    endloop
  endfacet
  facet normal 0 0 1
    outer loop
      vertex 16.5 42 1
      vertex 17 38.5 1
      vertex 18.5 40.5 1
    endloop
  endfacet
  facet normal 0 0 1
    outer loop
      vertex 15 40 1
      vertex 16.5 42 1
      vertex 15 45.5 1
    endloop
  endfacet
  facet normal 0 0 1
    outer loop
      vertex 16.5 42 1
      vertex 15 40 1
      vertex 17 38.5 1
    endloop
  endfacet
  facet normal -0 0 1
    outer loop
      vertex 13.5 40 1
      vertex 17 38.5 1
      vertex 15 40 1
    endloop
  endfacet
  facet normal -0 0 1
    outer loop
      vertex 12 42 1
      vertex 13.5 40 1
      vertex 12 43.5 1
    endloop
  endfacet
  facet normal 0 0 1
    outer loop
      vertex 13.5 40 1
      vertex 11.5 38.5 1
      vertex 17 38.5 1
    endloop
  endfacet
  facet normal 0 0 1
    outer loop
      vertex 12 42 1
      vertex 11.5 38.5 1
      vertex 13.5 40 1
    endloop
  endfacet
  facet normal -0 0 1
    outer loop
      vertex 6.19221 39.4109 1
      vertex 11.5 38.5 1
      vertex 10 42 1
    endloop
  endfacet
  facet normal -0 0 1
    outer loop
      vertex 10 42 1
      vertex 11.5 38.5 1
      vertex 12 42 1
    endloop
  endfacet
  facet normal -0 0 1
    outer loop
      vertex 68.9215 38.735 1
      vertex 69.06 38.65 1
      vertex 69.0292 39.0411 1
    endloop
  endfacet
  facet normal 0 0 1
    outer loop
      vertex 68.8188 39.3839 1
      vertex 69.0292 39.0411 1
      vertex 68.9924 39.1943 1
    endloop
  endfacet
  facet normal 0 0 1
    outer loop
      vertex 68.9215 38.565 1
      vertex 69.06 38.65 1
      vertex 68.935 38.65 1
    endloop
  endfacet
  facet normal 0 0 1
    outer loop
      vertex 69.06 38.65 1
      vertex 68.9215 38.565 1
      vertex 69.0444 38.4512 1
    endloop
  endfacet
  facet normal 0 0 1
    outer loop
      vertex 68.8188 37.9161 1
      vertex 69.0444 38.4512 1
      vertex 68.9215 38.565 1
    endloop
  endfacet
  facet normal -0 0 1
    outer loop
      vertex 68.8188 37.9161 1
      vertex 68.7 26.3 1
      vertex 69.0444 38.4512 1
    endloop
  endfacet
  facet normal -0 0 1
    outer loop
      vertex 68.5205 37.3307 1
      vertex 68.7 26.3 1
      vertex 68.8188 37.9161 1
    endloop
  endfacet
  facet normal 0 0 1
    outer loop
      vertex 68.3388 27.1039 1
      vertex 68.5205 37.3307 1
      vertex 68.4814 37.254 1
    endloop
  endfacet
  facet normal 0 0 1
    outer loop
      vertex 68.3522 25.7211 1
      vertex 68.6579 26.0897 1
      vertex 68.455 26.37 1
    endloop
  endfacet
  facet normal 0 0 1
    outer loop
      vertex 68.5205 37.3307 1
      vertex 68.3522 27.0189 1
      vertex 68.7 26.3 1
    endloop
  endfacet
  facet normal 0 0 1
    outer loop
      vertex 68.7 26.3 1
      vertex 68.455 26.37 1
      vertex 68.6579 26.0897 1
    endloop
  endfacet
  facet normal 0 0 1
    outer loop
      vertex 68.6579 26.0897 1
      vertex 68.3522 25.7211 1
      vertex 68.648 25.9633 1
    endloop
  endfacet
  facet normal 0 0 1
    outer loop
      vertex 68.648 25.9633 1
      vertex 68.3522 25.7211 1
      vertex 68.5527 25.5666 1
    endloop
  endfacet
  facet normal -0 0 1
    outer loop
      vertex 68.3388 25.6361 1
      vertex 68.5527 25.5666 1
      vertex 68.3522 25.7211 1
    endloop
  endfacet
  facet normal 0 0 1
    outer loop
      vertex 68.2997 25.5594 1
      vertex 68.5527 25.5666 1
      vertex 68.3388 25.6361 1
    endloop
  endfacet
  facet normal 0 0 1
    outer loop
      vertex 68.5527 25.5666 1
      vertex 68.2997 25.5594 1
      vertex 68.3966 25.1896 1
    endloop
  endfacet
  facet normal 0 0 1
    outer loop
      vertex 68.3966 25.1896 1
      vertex 68.2997 25.5594 1
      vertex 68.3864 25.1729 1
    endloop
  endfacet
  facet normal 0 0 1
    outer loop
      vertex 68.0014 24.974 1
      vertex 68.3864 25.1729 1
      vertex 68.2997 25.5594 1
    endloop
  endfacet
  facet normal 0 0 1
    outer loop
      vertex 67.5368 24.5094 1
      vertex 68.3864 25.1729 1
      vertex 68.0014 24.974 1
    endloop
  endfacet
  facet normal 0 0 1
    outer loop
      vertex 67.476 24.4486 1
      vertex 68.3864 25.1729 1
      vertex 67.5368 24.5094 1
    endloop
  endfacet
  facet normal 0 0 1
    outer loop
      vertex 64.316 19.2714 1
      vertex 66.165 24.0085 1
      vertex 66.08 23.995 1
    endloop
  endfacet
  facet normal -0 0 1
    outer loop
      vertex 67.476 24.4486 1
      vertex 65.5 16.7 1
      vertex 68.3864 25.1729 1
    endloop
  endfacet
  facet normal 0 0 1
    outer loop
      vertex 65.1788 18.0839 1
      vertex 67.476 24.4486 1
      vertex 67.3993 24.4095 1
    endloop
  endfacet
  facet normal 0 0 1
    outer loop
      vertex 65.1788 18.0839 1
      vertex 67.3993 24.4095 1
      vertex 66.8139 24.1112 1
    endloop
  endfacet
  facet normal -0 0 1
    outer loop
      vertex 66.165 24.0085 1
      vertex 64.7806 18.8068 1
      vertex 66.8139 24.1112 1
    endloop
  endfacet
  facet normal 0 0 1
    outer loop
      vertex 64.316 19.2714 1
      vertex 66.08 23.995 1
      vertex 65.995 24.0085 1
    endloop
  endfacet
  facet normal 0 0 1
    outer loop
      vertex 67.476 24.4486 1
      vertex 65.1922 17.9989 1
      vertex 65.5 16.7 1
    endloop
  endfacet
  facet normal 0 0 1
    outer loop
      vertex 65.5 16.7 1
      vertex 65.295 17.35 1
      vertex 65.4312 16.7069 1
    endloop
  endfacet
  facet normal 0 0 1
    outer loop
      vertex 64.2393 19.3105 1
      vertex 65.995 24.0085 1
      vertex 65.3461 24.1112 1
    endloop
  endfacet
  facet normal 0 0 1
    outer loop
      vertex 65.1922 16.7011 1
      vertex 65.4312 16.7069 1
      vertex 65.295 17.35 1
    endloop
  endfacet
  facet normal 0 0 1
    outer loop
      vertex 65.4312 16.7069 1
      vertex 65.1922 16.7011 1
      vertex 65.3927 16.5466 1
    endloop
  endfacet
  facet normal -0 0 1
    outer loop
      vertex 65.1788 16.6161 1
      vertex 65.3927 16.5466 1
      vertex 65.1922 16.7011 1
    endloop
  endfacet
  facet normal 0 0 1
    outer loop
      vertex 65.1397 16.5394 1
      vertex 65.3927 16.5466 1
      vertex 65.1788 16.6161 1
    endloop
  endfacet
  facet normal 0 0 1
    outer loop
      vertex 65.3927 16.5466 1
      vertex 65.1397 16.5394 1
      vertex 65.2366 16.1696 1
    endloop
  endfacet
  facet normal 0 0 1
    outer loop
      vertex 64.8414 15.954 1
      vertex 65.2366 16.1696 1
      vertex 65.1397 16.5394 1
    endloop
  endfacet
  facet normal 0 0 1
    outer loop
      vertex 65.2366 16.1696 1
      vertex 64.8414 15.954 1
      vertex 65.0234 15.8218 1
    endloop
  endfacet
  facet normal -0 0 1
    outer loop
      vertex 64.7806 15.8932 1
      vertex 65.0234 15.8218 1
      vertex 64.8414 15.954 1
    endloop
  endfacet
  facet normal 0 0 1
    outer loop
      vertex 64.7806 15.8932 1
      vertex 64.7585 15.5115 1
      vertex 65.0234 15.8218 1
    endloop
  endfacet
  facet normal 0 0 1
    outer loop
      vertex 64.316 15.4286 1
      vertex 64.7585 15.5115 1
      vertex 64.7806 15.8932 1
    endloop
  endfacet
  facet normal 0 0 1
    outer loop
      vertex 64.7585 15.5115 1
      vertex 64.316 15.4286 1
      vertex 64.4482 15.2466 1
    endloop
  endfacet
  facet normal 0 0 1
    outer loop
      vertex 64.316 15.4286 1
      vertex 64.1004 15.0334 1
      vertex 64.4482 15.2466 1
    endloop
  endfacet
  facet normal -0 0 1
    outer loop
      vertex 63.7306 15.1303 1
      vertex 64.1004 15.0334 1
      vertex 64.316 15.4286 1
    endloop
  endfacet
  facet normal 0 0 1
    outer loop
      vertex 63.7306 15.1303 1
      vertex 63.7234 14.8773 1
      vertex 64.1004 15.0334 1
    endloop
  endfacet
  facet normal -0 0 1
    outer loop
      vertex 63.6539 15.0912 1
      vertex 63.7234 14.8773 1
      vertex 63.7306 15.1303 1
    endloop
  endfacet
  facet normal 0 0 1
    outer loop
      vertex 63.6539 15.0912 1
      vertex 63.3267 14.782 1
      vertex 63.7234 14.8773 1
    endloop
  endfacet
  facet normal -0 0 1
    outer loop
      vertex 63.005 14.9885 1
      vertex 63.3267 14.782 1
      vertex 63.6539 15.0912 1
    endloop
  endfacet
  facet normal 0 0 1
    outer loop
      vertex 62.92 14.75 1
      vertex 63.005 14.9885 1
      vertex 62.92 14.975 1
    endloop
  endfacet
  facet normal 0 0 1
    outer loop
      vertex 63.005 14.9885 1
      vertex 62.92 14.75 1
      vertex 63.3267 14.782 1
    endloop
  endfacet
  facet normal 0 0 1
    outer loop
      vertex 62.835 14.9885 1
      vertex 62.92 14.75 1
      vertex 62.92 14.975 1
    endloop
  endfacet
  facet normal 0 0 1
    outer loop
      vertex 62.835 14.9885 1
      vertex 62.5133 14.782 1
      vertex 62.92 14.75 1
    endloop
  endfacet
  facet normal 0 0 1
    outer loop
      vertex 62.1861 15.0912 1
      vertex 62.5133 14.782 1
      vertex 62.835 14.9885 1
    endloop
  endfacet
  facet normal 0 0 1
    outer loop
      vertex 62.1861 15.0912 1
      vertex 62.1166 14.8773 1
      vertex 62.5133 14.782 1
    endloop
  endfacet
  facet normal 0 0 1
    outer loop
      vertex 62.1094 15.1303 1
      vertex 62.1166 14.8773 1
      vertex 62.1861 15.0912 1
    endloop
  endfacet
  facet normal 0 0 1
    outer loop
      vertex 62.1094 15.1303 1
      vertex 61.7396 15.0334 1
      vertex 62.1166 14.8773 1
    endloop
  endfacet
  facet normal 0 0 1
    outer loop
      vertex 61.524 15.4286 1
      vertex 61.7396 15.0334 1
      vertex 62.1094 15.1303 1
    endloop
  endfacet
  facet normal 0 0 1
    outer loop
      vertex 61.524 15.4286 1
      vertex 61.3918 15.2466 1
      vertex 61.7396 15.0334 1
    endloop
  endfacet
  facet normal 0 0 1
    outer loop
      vertex 61.524 15.4286 1
      vertex 61.3837 15.2534 1
      vertex 61.3918 15.2466 1
    endloop
  endfacet
  facet normal 0 0 1
    outer loop
      vertex 61.524 15.4286 1
      vertex 61.3674 15.2453 1
      vertex 61.3837 15.2534 1
    endloop
  endfacet
  facet normal -0 0 1
    outer loop
      vertex 60.8515 15.5614 1
      vertex 61.524 15.4286 1
      vertex 60.9986 15.954 1
    endloop
  endfacet
  facet normal 0 0 1
    outer loop
      vertex 61.524 15.4286 1
      vertex 60.8515 15.5614 1
      vertex 61.3674 15.2453 1
    endloop
  endfacet
  facet normal 0 0 1
    outer loop
      vertex 60.0687 15.8857 1
      vertex 60.9986 15.954 1
      vertex 60.7003 16.5394 1
    endloop
  endfacet
  facet normal 0 0 1
    outer loop
      vertex 60.0687 15.8857 1
      vertex 60.7003 16.5394 1
      vertex 60.6612 16.6161 1
    endloop
  endfacet
  facet normal 0 0 1
    outer loop
      vertex 59.2447 16.0835 1
      vertex 60.6478 16.7011 1
      vertex 60.545 17.35 1
    endloop
  endfacet
  facet normal -0 0 1
    outer loop
      vertex 55 20 1
      vertex 60.6612 18.0839 1
      vertex 56.5 22 1
    endloop
  endfacet
  facet normal 0 0 1
    outer loop
      vertex 60.9986 15.954 1
      vertex 60.0687 15.8857 1
      vertex 60.8515 15.5614 1
    endloop
  endfacet
  facet normal 0 -0 1
    outer loop
      vertex 60.0687 15.8857 1
      vertex 60.6478 16.7011 1
      vertex 59.2447 16.0835 1
    endloop
  endfacet
  facet normal 0 -0 1
    outer loop
      vertex 58.4 16.15 1
      vertex 60.6612 18.0839 1
      vertex 55 20 1
    endloop
  endfacet
  facet normal 0 0 1
    outer loop
      vertex 60.6478 16.7011 1
      vertex 60.0687 15.8857 1
      vertex 60.6612 16.6161 1
    endloop
  endfacet
  facet normal 0 0 1
    outer loop
      vertex 60.545 17.35 1
      vertex 58.4 16.15 1
      vertex 59.2447 16.0835 1
    endloop
  endfacet
  facet normal 0 0 1
    outer loop
      vertex 60.6478 17.9989 1
      vertex 58.4 16.15 1
      vertex 60.545 17.35 1
    endloop
  endfacet
  facet normal 0 0 1
    outer loop
      vertex 60.6612 18.0839 1
      vertex 58.4 16.15 1
      vertex 60.6478 17.9989 1
    endloop
  endfacet
  facet normal 0 0 1
    outer loop
      vertex 58.4 16.15 1
      vertex 55 20 1
      vertex 57.5553 16.0835 1
    endloop
  endfacet
  facet normal -0 0 1
    outer loop
      vertex 54.5 18.5 1
      vertex 57.5553 16.0835 1
      vertex 55 20 1
    endloop
  endfacet
  facet normal 0 0 1
    outer loop
      vertex 4.175 24.55 1
      vertex 4.05 24.55 1
      vertex 4.08078 24.1589 1
    endloop
  endfacet
  facet normal 0 0 1
    outer loop
      vertex 5.8 58.1 1
      vertex 5.925 58.1 1
      vertex 5.80393 58.15 1
    endloop
  endfacet
  facet normal 0 0 1
    outer loop
      vertex 6.02778 58.7489 1
      vertex 5.8 58.2 1
      vertex 5.80393 58.15 1
    endloop
  endfacet
  facet normal 0 0 1
    outer loop
      vertex 5.925 58.1 1
      vertex 5.8 58.1 1
      vertex 5.80722 58.0083 1
    endloop
  endfacet
  facet normal 0 0 1
    outer loop
      vertex 9 32 1
      vertex 6.46502 26.9115 1
      vertex 6.55 26.925 1
    endloop
  endfacet
  facet normal 0 0 1
    outer loop
      vertex 9 32 1
      vertex 6.19221 31.5891 1
      vertex 6.46502 26.9115 1
    endloop
  endfacet
  facet normal -0 0 1
    outer loop
      vertex 5.27641 27.7746 1
      vertex 6.46502 26.9115 1
      vertex 6.19221 31.5891 1
    endloop
  endfacet
  facet normal 0 0 1
    outer loop
      vertex 6.46502 26.9115 1
      vertex 5.27641 27.7746 1
      vertex 5.81608 26.8088 1
    endloop
  endfacet
  facet normal 0 0 1
    outer loop
      vertex 5.81608 26.8088 1
      vertex 5.27641 27.7746 1
      vertex 5.73942 26.7697 1
    endloop
  endfacet
  facet normal 0 0 1
    outer loop
      vertex 5.27641 27.7746 1
      vertex 5.15401 26.4714 1
      vertex 5.73942 26.7697 1
    endloop
  endfacet
  facet normal 0 0 1
    outer loop
      vertex 5.27641 27.7746 1
      vertex 5.09317 26.4106 1
      vertex 5.15401 26.4714 1
    endloop
  endfacet
  facet normal 0 0 1
    outer loop
      vertex 5.27641 27.7746 1
      vertex 4.62858 25.946 1
      vertex 5.09317 26.4106 1
    endloop
  endfacet
  facet normal 0 0 1
    outer loop
      vertex 5.27641 27.7746 1
      vertex 4.3303 25.3606 1
      vertex 4.62858 25.946 1
    endloop
  endfacet
  facet normal 0 0 1
    outer loop
      vertex 5.27641 27.7746 1
      vertex 4.29124 25.2839 1
      vertex 4.3303 25.3606 1
    endloop
  endfacet
  facet normal 0 0 1
    outer loop
      vertex 4.27778 23.9011 1
      vertex 4.08078 24.1589 1
      vertex 4.13104 23.9496 1
    endloop
  endfacet
  facet normal -0 0 1
    outer loop
      vertex 4.06854 24.7856 1
      vertex 4.175 24.55 1
      vertex 4.27778 25.1989 1
    endloop
  endfacet
  facet normal 0 0 1
    outer loop
      vertex 4.06393 24.8474 1
      vertex 4.27778 25.1989 1
      vertex 4.29124 25.2839 1
    endloop
  endfacet
  facet normal 0 0 1
    outer loop
      vertex 4.05 24.55 1
      vertex 4.175 24.55 1
      vertex 4.06854 24.7856 1
    endloop
  endfacet
  facet normal 0 0 1
    outer loop
      vertex 4.06393 24.8474 1
      vertex 4.29124 25.2839 1
      vertex 5.27641 27.7746 1
    endloop
  endfacet
  facet normal 0 0 1
    outer loop
      vertex 4.27778 25.1989 1
      vertex 4.06393 24.8474 1
      vertex 4.06854 24.7856 1
    endloop
  endfacet
  facet normal 0 0 1
    outer loop
      vertex 11.5 47 1
      vertex 9.46154 45.485 1
      vertex 9.475 45.4 1
    endloop
  endfacet
  facet normal 0 0 1
    outer loop
      vertex 11.5 48.5 1
      vertex 9.35876 46.1339 1
      vertex 9.46154 45.485 1
    endloop
  endfacet
  facet normal -0 0 1
    outer loop
      vertex 8.38498 55.7385 1
      vertex 11 53.5 1
      vertex 9.03391 55.8412 1
    endloop
  endfacet
  facet normal 0 0 1
    outer loop
      vertex 11.5 48.5 1
      vertex 9.06048 46.7193 1
      vertex 9.35876 46.1339 1
    endloop
  endfacet
  facet normal -0 0 1
    outer loop
      vertex 8.3 55.725 1
      vertex 11 53.5 1
      vertex 8.38498 55.7385 1
    endloop
  endfacet
  facet normal 0 0 1
    outer loop
      vertex 11.5 48.5 1
      vertex 9.02141 46.796 1
      vertex 9.06048 46.7193 1
    endloop
  endfacet
  facet normal 0 0 1
    outer loop
      vertex 11.5 48.5 1
      vertex 8.49599 47.3214 1
      vertex 9.02141 46.796 1
    endloop
  endfacet
  facet normal 0 0 1
    outer loop
      vertex 11.5 48.5 1
      vertex 8.41933 47.3605 1
      vertex 8.49599 47.3214 1
    endloop
  endfacet
  facet normal 0 0 1
    outer loop
      vertex 11 53.5 1
      vertex 8.3 55.725 1
      vertex 11 52 1
    endloop
  endfacet
  facet normal 0 0 1
    outer loop
      vertex 8.21502 55.7385 1
      vertex 11 52 1
      vertex 8.3 55.725 1
    endloop
  endfacet
  facet normal 0 0 1
    outer loop
      vertex 7.56608 55.8412 1
      vertex 11 52 1
      vertex 8.21502 55.7385 1
    endloop
  endfacet
  facet normal 0 0 1
    outer loop
      vertex 11.5 48.5 1
      vertex 7.83391 47.6588 1
      vertex 8.41933 47.3605 1
    endloop
  endfacet
  facet normal 0 0 1
    outer loop
      vertex 11 52 1
      vertex 7.74894 47.6722 1
      vertex 7.83391 47.6588 1
    endloop
  endfacet
  facet normal 0 0 1
    outer loop
      vertex 11 52 1
      vertex 7.56608 55.8412 1
      vertex 7.1 47.775 1
    endloop
  endfacet
  facet normal 0 0 1
    outer loop
      vertex 6.36608 47.6588 1
      vertex 7.56608 55.8412 1
      vertex 7.48942 55.8803 1
    endloop
  endfacet
  facet normal 0 0 1
    outer loop
      vertex 11 52 1
      vertex 7.1 47.775 1
      vertex 7.74894 47.6722 1
    endloop
  endfacet
  facet normal 0 0 1
    outer loop
      vertex 6.36608 47.6588 1
      vertex 7.48942 55.8803 1
      vertex 6.90401 56.1786 1
    endloop
  endfacet
  facet normal 0 0 1
    outer loop
      vertex 7.56608 55.8412 1
      vertex 6.45106 47.6722 1
      vertex 7.1 47.775 1
    endloop
  endfacet
  facet normal 0 0 1
    outer loop
      vertex 5.70401 47.3214 1
      vertex 6.90401 56.1786 1
      vertex 6.37858 56.704 1
    endloop
  endfacet
  facet normal 0 0 1
    outer loop
      vertex 7.56608 55.8412 1
      vertex 6.36608 47.6588 1
      vertex 6.45106 47.6722 1
    endloop
  endfacet
  facet normal 0 0 1
    outer loop
      vertex 6.90401 56.1786 1
      vertex 6.28942 47.6197 1
      vertex 6.36608 47.6588 1
    endloop
  endfacet
  facet normal 0 0 1
    outer loop
      vertex 5.17858 46.796 1
      vertex 6.37858 56.704 1
      vertex 6.0803 57.2894 1
    endloop
  endfacet
  facet normal 0 0 1
    outer loop
      vertex 4.5 46 1
      vertex 6.0803 57.2894 1
      vertex 6.04124 57.3661 1
    endloop
  endfacet
  facet normal 0 0 1
    outer loop
      vertex 5.79999 58 1
      vertex 6.04124 57.3661 1
      vertex 6.02778 57.4511 1
    endloop
  endfacet
  facet normal -0 0 1
    outer loop
      vertex 5.80722 58.0083 1
      vertex 6.02778 57.4511 1
      vertex 5.925 58.1 1
    endloop
  endfacet
  facet normal -0 0 1
    outer loop
      vertex 5.80393 58.15 1
      vertex 5.925 58.1 1
      vertex 6.02778 58.7489 1
    endloop
  endfacet
  facet normal 0 0 1
    outer loop
      vertex 6.02778 57.4511 1
      vertex 5.80722 58.0083 1
      vertex 5.79999 58 1
    endloop
  endfacet
  facet normal 0 0 1
    outer loop
      vertex 6.04124 57.3661 1
      vertex 5.79999 58 1
      vertex 4.5 46 1
    endloop
  endfacet
  facet normal 0 0 1
    outer loop
      vertex 6.90401 56.1786 1
      vertex 5.70401 47.3214 1
      vertex 6.28942 47.6197 1
    endloop
  endfacet
  facet normal 0 0 1
    outer loop
      vertex 6.37858 56.704 1
      vertex 5.17858 46.796 1
      vertex 5.70401 47.3214 1
    endloop
  endfacet
  facet normal 0 0 1
    outer loop
      vertex 6.0803 57.2894 1
      vertex 4.5 46 1
      vertex 5.17858 46.796 1
    endloop
  endfacet
  facet normal 0 0 1
    outer loop
      vertex 5.17858 46.796 1
      vertex 4.5 46 1
      vertex 4.8803 46.2106 1
    endloop
  endfacet
  facet normal 0 0 1
    outer loop
      vertex 4.8803 46.2106 1
      vertex 4.5 46 1
      vertex 4.84124 46.1339 1
    endloop
  endfacet
  facet normal 0 0 1
    outer loop
      vertex 4.84124 46.1339 1
      vertex 4.5 46 1
      vertex 4.73846 45.485 1
    endloop
  endfacet
  facet normal 0 0 1
    outer loop
      vertex 4.48213 45.143 1
      vertex 4.73846 45.485 1
      vertex 4.5 46 1
    endloop
  endfacet
  facet normal -0 0 1
    outer loop
      vertex 9.32141 13.904 1
      vertex 11.1839 10.1588 1
      vertex 9.6197 14.4894 1
    endloop
  endfacet
  facet normal 0 0 1
    outer loop
      vertex 11.1839 10.1588 1
      vertex 9.32141 13.904 1
      vertex 11.0989 10.1722 1
    endloop
  endfacet
  facet normal 0 0 1
    outer loop
      vertex 11.0989 10.1722 1
      vertex 9.32141 13.904 1
      vertex 10.45 10.275 1
    endloop
  endfacet
  facet normal -0 0 1
    outer loop
      vertex 8.79599 13.3786 1
      vertex 10.45 10.275 1
      vertex 9.32141 13.904 1
    endloop
  endfacet
  facet normal 0 0 1
    outer loop
      vertex 10.45 10.275 1
      vertex 8.79599 13.3786 1
      vertex 9.80106 10.1722 1
    endloop
  endfacet
  facet normal 0 0 1
    outer loop
      vertex 9.80106 10.1722 1
      vertex 8.79599 13.3786 1
      vertex 9.71608 10.1588 1
    endloop
  endfacet
  facet normal -0 0 1
    outer loop
      vertex 8.21058 13.0803 1
      vertex 9.71608 10.1588 1
      vertex 8.79599 13.3786 1
    endloop
  endfacet
  facet normal 0 0 1
    outer loop
      vertex 9.71608 10.1588 1
      vertex 8.21058 13.0803 1
      vertex 9.63942 10.1197 1
    endloop
  endfacet
  facet normal -0 0 1
    outer loop
      vertex 8.13391 13.0412 1
      vertex 9.63942 10.1197 1
      vertex 8.21058 13.0803 1
    endloop
  endfacet
  facet normal 0 0 1
    outer loop
      vertex 9.63942 10.1197 1
      vertex 8.13391 13.0412 1
      vertex 9.05401 9.82141 1
    endloop
  endfacet
  facet normal -0 0 1
    outer loop
      vertex 8.04893 13.0278 1
      vertex 9.05401 9.82141 1
      vertex 8.13391 13.0412 1
    endloop
  endfacet
  facet normal -0 0 1
    outer loop
      vertex 7.4 12.925 1
      vertex 9.05401 9.82141 1
      vertex 8.04893 13.0278 1
    endloop
  endfacet
  facet normal 0 0 1
    outer loop
      vertex 9.05401 9.82141 1
      vertex 7.4 12.925 1
      vertex 8.58942 9.35683 1
    endloop
  endfacet
  facet normal 0 0 1
    outer loop
      vertex 8.58942 9.35683 1
      vertex 7.4 12.925 1
      vertex 8.52858 9.29599 1
    endloop
  endfacet
  facet normal 0 0 1
    outer loop
      vertex 6.75106 13.0278 1
      vertex 8.52858 9.29599 1
      vertex 7.4 12.925 1
    endloop
  endfacet
  facet normal 0 0 1
    outer loop
      vertex 6.66608 13.0412 1
      vertex 8.52858 9.29599 1
      vertex 6.75106 13.0278 1
    endloop
  endfacet
  facet normal 0 0 1
    outer loop
      vertex 8.52858 9.29599 1
      vertex 6.66608 13.0412 1
      vertex 8.2303 8.71058 1
    endloop
  endfacet
  facet normal 0 0 1
    outer loop
      vertex 11.5 58.5 1
      vertex 10.6615 58.185 1
      vertex 10.675 58.1 1
    endloop
  endfacet
  facet normal 0 0 1
    outer loop
      vertex 11.5 58.5 1
      vertex 10.5588 58.8339 1
      vertex 10.6615 58.185 1
    endloop
  endfacet
  facet normal 0 0 1
    outer loop
      vertex 10.4632 63.3578 1
      vertex 10.9999 63.4 1
      vertex 10.5 63.4 1
    endloop
  endfacet
  facet normal 0 0 1
    outer loop
      vertex 9.69599 60.0214 1
      vertex 10.9999 63.4 1
      vertex 10.4632 63.3578 1
    endloop
  endfacet
  facet normal 0 0 1
    outer loop
      vertex 11.5 58.5 1
      vertex 10.2605 59.4193 1
      vertex 10.5588 58.8339 1
    endloop
  endfacet
  facet normal 0 0 1
    outer loop
      vertex 11.5 58.5 1
      vertex 10.2214 59.496 1
      vertex 10.2605 59.4193 1
    endloop
  endfacet
  facet normal 0 0 1
    outer loop
      vertex 9.69599 60.0214 1
      vertex 10.4632 63.3578 1
      vertex 10.1865 63.336 1
    endloop
  endfacet
  facet normal 0 0 1
    outer loop
      vertex 10.9999 63.4 1
      vertex 10.1606 59.5568 1
      vertex 10.2214 59.496 1
    endloop
  endfacet
  facet normal 0 0 1
    outer loop
      vertex 10.9999 63.4 1
      vertex 9.69599 60.0214 1
      vertex 10.1606 59.5568 1
    endloop
  endfacet
  facet normal 0 0 1
    outer loop
      vertex 10.1865 63.336 1
      vertex 9.61933 60.0605 1
      vertex 9.69599 60.0214 1
    endloop
  endfacet
  facet normal -0 0 1
    outer loop
      vertex 9.39311 63.1455 1
      vertex 9.61933 60.0605 1
      vertex 10.1865 63.336 1
    endloop
  endfacet
  facet normal 0 0 1
    outer loop
      vertex 9.39311 63.1455 1
      vertex 9.03391 60.3588 1
      vertex 9.61933 60.0605 1
    endloop
  endfacet
  facet normal -0 0 1
    outer loop
      vertex 8.63925 62.8332 1
      vertex 9.03391 60.3588 1
      vertex 9.39311 63.1455 1
    endloop
  endfacet
  facet normal -0 0 1
    outer loop
      vertex 7.94352 62.4069 1
      vertex 9.03391 60.3588 1
      vertex 8.63925 62.8332 1
    endloop
  endfacet
  facet normal 0 0 1
    outer loop
      vertex 9.03391 60.3588 1
      vertex 7.94352 62.4069 1
      vertex 8.38498 60.4615 1
    endloop
  endfacet
  facet normal 0 0 1
    outer loop
      vertex 8.38498 60.4615 1
      vertex 7.94352 62.4069 1
      vertex 8.3 60.475 1
    endloop
  endfacet
  facet normal -0 0 1
    outer loop
      vertex 7.32304 61.877 1
      vertex 8.3 60.475 1
      vertex 7.94352 62.4069 1
    endloop
  endfacet
  facet normal 0 0 1
    outer loop
      vertex 8.3 60.475 1
      vertex 7.32304 61.877 1
      vertex 8.21502 60.4615 1
    endloop
  endfacet
  facet normal 0 0 1
    outer loop
      vertex 8.21502 60.4615 1
      vertex 7.32304 61.877 1
      vertex 7.56608 60.3588 1
    endloop
  endfacet
  facet normal -0 0 1
    outer loop
      vertex 6.79311 61.2565 1
      vertex 7.56608 60.3588 1
      vertex 7.32304 61.877 1
    endloop
  endfacet
  facet normal 0 0 1
    outer loop
      vertex 7.56608 60.3588 1
      vertex 6.79311 61.2565 1
      vertex 6.98067 60.0605 1
    endloop
  endfacet
  facet normal -0 0 1
    outer loop
      vertex 6.36677 60.5607 1
      vertex 6.98067 60.0605 1
      vertex 6.79311 61.2565 1
    endloop
  endfacet
  facet normal 0 0 1
    outer loop
      vertex 6.98067 60.0605 1
      vertex 6.36677 60.5607 1
      vertex 6.90401 60.0214 1
    endloop
  endfacet
  facet normal 0 0 1
    outer loop
      vertex 6.05451 59.8069 1
      vertex 6.90401 60.0214 1
      vertex 6.36677 60.5607 1
    endloop
  endfacet
  facet normal 0 0 1
    outer loop
      vertex 6.90401 60.0214 1
      vertex 6.05451 59.8069 1
      vertex 6.37858 59.496 1
    endloop
  endfacet
  facet normal 0 0 1
    outer loop
      vertex 6.37858 59.496 1
      vertex 6.05451 59.8069 1
      vertex 6.33952 59.4193 1
    endloop
  endfacet
  facet normal 0 0 1
    outer loop
      vertex 5.86402 59.0135 1
      vertex 6.33952 59.4193 1
      vertex 6.05451 59.8069 1
    endloop
  endfacet
  facet normal 0 0 1
    outer loop
      vertex 6.33952 59.4193 1
      vertex 5.86402 59.0135 1
      vertex 6.04124 58.8339 1
    endloop
  endfacet
  facet normal 0 0 1
    outer loop
      vertex 6.04124 58.8339 1
      vertex 5.86402 59.0135 1
      vertex 6.02778 58.7489 1
    endloop
  endfacet
  facet normal 0 0 1
    outer loop
      vertex 5.8 58.2 1
      vertex 6.02778 58.7489 1
      vertex 5.86402 59.0135 1
    endloop
  endfacet
  facet normal 0 0 1
    outer loop
      vertex 25.7781 4.27193 1
      vertex 24.7915 4.18498 1
      vertex 24.805 4.1 1
    endloop
  endfacet
  facet normal 0 0 1
    outer loop
      vertex 26.4821 4.8732 1
      vertex 24.6888 4.83391 1
      vertex 24.7915 4.18498 1
    endloop
  endfacet
  facet normal 0 0 1
    outer loop
      vertex 26.4821 4.8732 1
      vertex 24.3905 5.41933 1
      vertex 24.6888 4.83391 1
    endloop
  endfacet
  facet normal 0 0 1
    outer loop
      vertex 26.4821 4.8732 1
      vertex 24.3514 5.49599 1
      vertex 24.3905 5.41933 1
    endloop
  endfacet
  facet normal 0 0 1
    outer loop
      vertex 25 10 1
      vertex 23.8868 5.96058 1
      vertex 24.3514 5.49599 1
    endloop
  endfacet
  facet normal 0 0 1
    outer loop
      vertex 25 10 1
      vertex 23.826 6.02141 1
      vertex 23.8868 5.96058 1
    endloop
  endfacet
  facet normal 0 0 1
    outer loop
      vertex 25 10 1
      vertex 23.7493 6.06048 1
      vertex 23.826 6.02141 1
    endloop
  endfacet
  facet normal 0 0 1
    outer loop
      vertex 23.1639 6.35876 1
      vertex 25 10 1
      vertex 23.5 10 1
    endloop
  endfacet
  facet normal 0 0 1
    outer loop
      vertex 25 10 1
      vertex 23.1639 6.35876 1
      vertex 23.7493 6.06048 1
    endloop
  endfacet
  facet normal -0 0 1
    outer loop
      vertex 30 10.5 1
      vertex 33.5 10 1
      vertex 32 12 1
    endloop
  endfacet
  facet normal 0 0 1
    outer loop
      vertex 33.5 10 1
      vertex 31.7732 5.71123 1
      vertex 32.6285 5.35694 1
    endloop
  endfacet
  facet normal 0 0 1
    outer loop
      vertex 33.5 10 1
      vertex 30 8 1
      vertex 31.7732 5.71123 1
    endloop
  endfacet
  facet normal 0 0 1
    outer loop
      vertex 33.5 10 1
      vertex 30 10.5 1
      vertex 30 8 1
    endloop
  endfacet
  facet normal 0 0 1
    outer loop
      vertex 32 12 1
      vertex 28.5 10.5 1
      vertex 30 10.5 1
    endloop
  endfacet
  facet normal -0 0 1
    outer loop
      vertex 25 10 1
      vertex 28.5 8 1
      vertex 28.5 10.5 1
    endloop
  endfacet
  facet normal 0 -0 1
    outer loop
      vertex 27.2715 5.35694 1
      vertex 28.5 8 1
      vertex 25 10 1
    endloop
  endfacet
  facet normal -0 0 1
    outer loop
      vertex 26.5 12 1
      vertex 28.5 10.5 1
      vertex 32 12 1
    endloop
  endfacet
  facet normal 0 0 1
    outer loop
      vertex 25 10 1
      vertex 28.5 10.5 1
      vertex 26.5 12 1
    endloop
  endfacet
  facet normal 0 0 1
    outer loop
      vertex 28.5 8 1
      vertex 27.2715 5.35694 1
      vertex 28.1268 5.71123 1
    endloop
  endfacet
  facet normal 0 0 1
    outer loop
      vertex 31.7732 5.71123 1
      vertex 30 8 1
      vertex 30.873 5.92736 1
    endloop
  endfacet
  facet normal 0 0 1
    outer loop
      vertex 30 8 1
      vertex 29.95 6 1
      vertex 30.873 5.92736 1
    endloop
  endfacet
  facet normal 0 0 1
    outer loop
      vertex 30 8 1
      vertex 29.027 5.92736 1
      vertex 29.95 6 1
    endloop
  endfacet
  facet normal -0 0 1
    outer loop
      vertex 28.5 8 1
      vertex 29.027 5.92736 1
      vertex 30 8 1
    endloop
  endfacet
  facet normal 0 0 1
    outer loop
      vertex 29.027 5.92736 1
      vertex 28.5 8 1
      vertex 28.1268 5.71123 1
    endloop
  endfacet
  facet normal 0 0 1
    outer loop
      vertex 24.7915 4.18498 1
      vertex 25.7781 4.27193 1
      vertex 26.4821 4.8732 1
    endloop
  endfacet
  facet normal 0 0 1
    outer loop
      vertex 25.7781 4.27193 1
      vertex 24.805 4.1 1
      vertex 25.1768 3.56793 1
    endloop
  endfacet
  facet normal -0 0 1
    outer loop
      vertex 24.7915 4.01502 1
      vertex 25.1768 3.56793 1
      vertex 24.805 4.1 1
    endloop
  endfacet
  facet normal 0 0 1
    outer loop
      vertex 24.6888 3.36608 1
      vertex 25.1768 3.56793 1
      vertex 24.7915 4.01502 1
    endloop
  endfacet
  facet normal 0 0 1
    outer loop
      vertex 24.6497 3.28942 1
      vertex 25.1768 3.56793 1
      vertex 24.6888 3.36608 1
    endloop
  endfacet
  facet normal 0 0 1
    outer loop
      vertex 25.1768 3.56793 1
      vertex 24.6497 3.28942 1
      vertex 24.6931 2.77854 1
    endloop
  endfacet
  facet normal 0 0 1
    outer loop
      vertex 24.6406 2.7467 1
      vertex 24.6931 2.77854 1
      vertex 24.6497 3.28942 1
    endloop
  endfacet
  facet normal 0 0 1
    outer loop
      vertex 24.6931 2.77854 1
      vertex 24.6406 2.7467 1
      vertex 24.6814 2.75034 1
    endloop
  endfacet
  facet normal 0 0 1
    outer loop
      vertex 24.3514 2.70401 1
      vertex 24.6406 2.7467 1
      vertex 24.6497 3.28942 1
    endloop
  endfacet
  facet normal 0 0 1
    outer loop
      vertex 24.6406 2.7467 1
      vertex 24.3514 2.70401 1
      vertex 24.5334 2.57176 1
    endloop
  endfacet
  facet normal 0 0 1
    outer loop
      vertex 24.3514 2.70401 1
      vertex 24.2685 2.26152 1
      vertex 24.5334 2.57176 1
    endloop
  endfacet
  facet normal 0 0 1
    outer loop
      vertex 23.8868 2.23942 1
      vertex 24.2685 2.26152 1
      vertex 24.3514 2.70401 1
    endloop
  endfacet
  facet normal 0 0 1
    outer loop
      vertex 24.2685 2.26152 1
      vertex 23.8868 2.23942 1
      vertex 23.9582 1.99656 1
    endloop
  endfacet
  facet normal -0 0 1
    outer loop
      vertex 23.826 2.17858 1
      vertex 23.9582 1.99656 1
      vertex 23.8868 2.23942 1
    endloop
  endfacet
  facet normal -0 0 1
    outer loop
      vertex 23.7493 2.13952 1
      vertex 23.9582 1.99656 1
      vertex 23.826 2.17858 1
    endloop
  endfacet
  facet normal 0 0 1
    outer loop
      vertex 23.7493 2.13952 1
      vertex 23.6104 1.78338 1
      vertex 23.9582 1.99656 1
    endloop
  endfacet
  facet normal -0 0 1
    outer loop
      vertex 23.1639 1.84124 1
      vertex 23.6104 1.78338 1
      vertex 23.7493 2.13952 1
    endloop
  endfacet
  facet normal 0 0 1
    outer loop
      vertex 23.6104 1.78338 1
      vertex 23.1639 1.84124 1
      vertex 23.2334 1.62725 1
    endloop
  endfacet
  facet normal -0 0 1
    outer loop
      vertex 23.0789 1.82778 1
      vertex 23.2334 1.62725 1
      vertex 23.1639 1.84124 1
    endloop
  endfacet
  facet normal 0 0 1
    outer loop
      vertex 23.0789 1.82778 1
      vertex 22.8367 1.53201 1
      vertex 23.2334 1.62725 1
    endloop
  endfacet
  facet normal -0 0 1
    outer loop
      vertex 22.43 1.725 1
      vertex 22.8367 1.53201 1
      vertex 23.0789 1.82778 1
    endloop
  endfacet
  facet normal 0 0 1
    outer loop
      vertex 22.43 1.725 1
      vertex 22.43 1.5 1
      vertex 22.8367 1.53201 1
    endloop
  endfacet
  facet normal 0 0 1
    outer loop
      vertex 22.43 1.725 1
      vertex 22.0233 1.53201 1
      vertex 22.43 1.5 1
    endloop
  endfacet
  facet normal 0 0 1
    outer loop
      vertex 21.7811 1.82778 1
      vertex 22.0233 1.53201 1
      vertex 22.43 1.725 1
    endloop
  endfacet
  facet normal 0 0 1
    outer loop
      vertex 21.6266 1.62725 1
      vertex 21.7811 1.82778 1
      vertex 21.6961 1.84124 1
    endloop
  endfacet
  facet normal 0 0 1
    outer loop
      vertex 21.7811 1.82778 1
      vertex 21.6266 1.62725 1
      vertex 22.0233 1.53201 1
    endloop
  endfacet
  facet normal 0 0 1
    outer loop
      vertex 21.6194 1.8803 1
      vertex 21.6266 1.62725 1
      vertex 21.6961 1.84124 1
    endloop
  endfacet
  facet normal 0 0 1
    outer loop
      vertex 21.6194 1.8803 1
      vertex 21.2496 1.78338 1
      vertex 21.6266 1.62725 1
    endloop
  endfacet
  facet normal 0 0 1
    outer loop
      vertex 21.034 2.17858 1
      vertex 21.2496 1.78338 1
      vertex 21.6194 1.8803 1
    endloop
  endfacet
  facet normal 0 0 1
    outer loop
      vertex 21.034 2.17858 1
      vertex 20.9018 1.99656 1
      vertex 21.2496 1.78338 1
    endloop
  endfacet
  facet normal 0 0 1
    outer loop
      vertex 21.034 2.17858 1
      vertex 20.5915 2.26152 1
      vertex 20.9018 1.99656 1
    endloop
  endfacet
  facet normal 0 0 1
    outer loop
      vertex 20.5086 2.70401 1
      vertex 20.5915 2.26152 1
      vertex 21.034 2.17858 1
    endloop
  endfacet
  facet normal 0 0 1
    outer loop
      vertex 20.5086 2.70401 1
      vertex 20.3266 2.57176 1
      vertex 20.5915 2.26152 1
    endloop
  endfacet
  facet normal -0 0 1
    outer loop
      vertex 20.1134 2.91962 1
      vertex 20.5086 2.70401 1
      vertex 20.2103 3.28942 1
    endloop
  endfacet
  facet normal 0 0 1
    outer loop
      vertex 19.8631 3.2145 1
      vertex 20.2103 3.28942 1
      vertex 20.1712 3.36608 1
    endloop
  endfacet
  facet normal 0 0 1
    outer loop
      vertex 20.5086 2.70401 1
      vertex 20.1134 2.91962 1
      vertex 20.3266 2.57176 1
    endloop
  endfacet
  facet normal 0 0 1
    outer loop
      vertex 20.2103 3.28942 1
      vertex 20.1089 2.93041 1
      vertex 20.1134 2.91962 1
    endloop
  endfacet
  facet normal 0 0 1
    outer loop
      vertex 19.8631 3.2145 1
      vertex 20.1712 3.36608 1
      vertex 20.0685 4.01502 1
    endloop
  endfacet
  facet normal -0 0 1
    outer loop
      vertex 19.1497 4.04975 1
      vertex 20.0685 4.01502 1
      vertex 20.055 4.1 1
    endloop
  endfacet
  facet normal 0 0 1
    outer loop
      vertex 20.2103 3.28942 1
      vertex 19.8631 3.2145 1
      vertex 20.0318 2.93922 1
    endloop
  endfacet
  facet normal -0 0 1
    outer loop
      vertex 20 10.5 1
      vertex 23.5 10 1
      vertex 22 12 1
    endloop
  endfacet
  facet normal 0 0 1
    outer loop
      vertex 23.5 10 1
      vertex 20 8 1
      vertex 22.345 6.46154 1
    endloop
  endfacet
  facet normal 0 0 1
    outer loop
      vertex 22.345 6.46154 1
      vertex 20 8 1
      vertex 21.6961 6.35876 1
    endloop
  endfacet
  facet normal 0 0 1
    outer loop
      vertex 21.6961 6.35876 1
      vertex 20 8 1
      vertex 21.1107 6.06048 1
    endloop
  endfacet
  facet normal 0 0 1
    outer loop
      vertex 21.1107 6.06048 1
      vertex 20 8 1
      vertex 21.034 6.02141 1
    endloop
  endfacet
  facet normal 0 0 1
    outer loop
      vertex 21.034 6.02141 1
      vertex 20 8 1
      vertex 20.5086 5.49599 1
    endloop
  endfacet
  facet normal -0 0 1
    outer loop
      vertex 18.5 8 1
      vertex 20.5086 5.49599 1
      vertex 20 8 1
    endloop
  endfacet
  facet normal 0 -0 1
    outer loop
      vertex 19.1497 4.04975 1
      vertex 20.1712 4.83391 1
      vertex 18.3145 4.76312 1
    endloop
  endfacet
  facet normal 0 0 1
    outer loop
      vertex 20.4695 5.41933 1
      vertex 18.3145 4.76312 1
      vertex 20.1712 4.83391 1
    endloop
  endfacet
  facet normal 0 0 1
    outer loop
      vertex 18.3145 4.76312 1
      vertex 20.5086 5.49599 1
      vertex 18.5 8 1
    endloop
  endfacet
  facet normal 0 0 1
    outer loop
      vertex 23.5 10 1
      vertex 20 10.5 1
      vertex 20 8 1
    endloop
  endfacet
  facet normal 0 0 1
    outer loop
      vertex 22 12 1
      vertex 18.5 10.5 1
      vertex 20 10.5 1
    endloop
  endfacet
  facet normal -0 0 1
    outer loop
      vertex 15 10 1
      vertex 18.5 8 1
      vertex 18.5 10.5 1
    endloop
  endfacet
  facet normal 0 0 1
    outer loop
      vertex 18.5 8 1
      vertex 17.3779 5.33704 1
      vertex 18.3145 4.76312 1
    endloop
  endfacet
  facet normal -0 0 1
    outer loop
      vertex 16.5 12 1
      vertex 18.5 10.5 1
      vertex 22 12 1
    endloop
  endfacet
  facet normal 0 0 1
    outer loop
      vertex 15 10 1
      vertex 18.5 10.5 1
      vertex 16.5 12 1
    endloop
  endfacet
  facet normal 0 -0 1
    outer loop
      vertex 15.295 6.01382 1
      vertex 18.5 8 1
      vertex 15 10 1
    endloop
  endfacet
  facet normal 0 0 1
    outer loop
      vertex 20.1712 4.83391 1
      vertex 19.1497 4.04975 1
      vertex 20.0685 4.18498 1
    endloop
  endfacet
  facet normal 0 0 1
    outer loop
      vertex 20.2103 3.28942 1
      vertex 20.0318 2.93922 1
      vertex 20.1089 2.93041 1
    endloop
  endfacet
  facet normal 0 0 1
    outer loop
      vertex 20.0685 4.01502 1
      vertex 19.1497 4.04975 1
      vertex 19.8631 3.2145 1
    endloop
  endfacet
  facet normal 0 0 1
    outer loop
      vertex 20.5086 5.49599 1
      vertex 18.3145 4.76312 1
      vertex 20.4695 5.41933 1
    endloop
  endfacet
  facet normal 0 0 1
    outer loop
      vertex 20.0685 4.18498 1
      vertex 19.1497 4.04975 1
      vertex 20.055 4.1 1
    endloop
  endfacet
  facet normal 0 0 1
    outer loop
      vertex 18.5 8 1
      vertex 15.295 6.01382 1
      vertex 16.3631 5.75739 1
    endloop
  endfacet
  facet normal 0 0 1
    outer loop
      vertex 15 10 1
      vertex 14.2 6.1 1
      vertex 15.295 6.01382 1
    endloop
  endfacet
  facet normal 0 0 1
    outer loop
      vertex 12.7088 8.63391 1
      vertex 15 10 1
      vertex 13.5 10 1
    endloop
  endfacet
  facet normal 0 0 1
    outer loop
      vertex 15 10 1
      vertex 12.825 7.9 1
      vertex 14.2 6.1 1
    endloop
  endfacet
  facet normal -0 0 1
    outer loop
      vertex 12.7088 7.16608 1
      vertex 14.2 6.1 1
      vertex 12.8115 7.81502 1
    endloop
  endfacet
  facet normal 0 0 1
    outer loop
      vertex 14.2 6.1 1
      vertex 12.7088 7.16608 1
      vertex 13.105 6.01382 1
    endloop
  endfacet
  facet normal -0 0 1
    outer loop
      vertex 12.4105 6.58067 1
      vertex 13.105 6.01382 1
      vertex 12.7088 7.16608 1
    endloop
  endfacet
  facet normal -0 0 1
    outer loop
      vertex 12.3714 6.50401 1
      vertex 13.105 6.01382 1
      vertex 12.4105 6.58067 1
    endloop
  endfacet
  facet normal 0 0 1
    outer loop
      vertex 12.3714 6.50401 1
      vertex 12.0369 5.75739 1
      vertex 13.105 6.01382 1
    endloop
  endfacet
  facet normal -0 0 1
    outer loop
      vertex 11.846 5.97858 1
      vertex 12.0369 5.75739 1
      vertex 12.3714 6.50401 1
    endloop
  endfacet
  facet normal -0 0 1
    outer loop
      vertex 11.7693 5.93952 1
      vertex 12.0369 5.75739 1
      vertex 11.846 5.97858 1
    endloop
  endfacet
  facet normal 0 0 1
    outer loop
      vertex 12.0369 5.75739 1
      vertex 11.7693 5.93952 1
      vertex 11.7902 5.65521 1
    endloop
  endfacet
  facet normal 0 0 1
    outer loop
      vertex 11.7693 5.93952 1
      vertex 11.7604 5.66305 1
      vertex 11.7902 5.65521 1
    endloop
  endfacet
  facet normal 0 0 1
    outer loop
      vertex 11.7693 5.93952 1
      vertex 11.6587 5.60076 1
      vertex 11.7604 5.66305 1
    endloop
  endfacet
  facet normal -0 0 1
    outer loop
      vertex 11.1839 5.64124 1
      vertex 11.6587 5.60076 1
      vertex 11.7693 5.93952 1
    endloop
  endfacet
  facet normal 0 0 1
    outer loop
      vertex 11.6587 5.60076 1
      vertex 11.1839 5.64124 1
      vertex 11.2211 5.41949 1
    endloop
  endfacet
  facet normal 0 0 1
    outer loop
      vertex 11.1839 5.64124 1
      vertex 10.8567 5.33201 1
      vertex 11.2211 5.41949 1
    endloop
  endfacet
  facet normal -0 0 1
    outer loop
      vertex 10.535 5.53846 1
      vertex 10.8567 5.33201 1
      vertex 11.1839 5.64124 1
    endloop
  endfacet
  facet normal 0 0 1
    outer loop
      vertex 10.45 5.3 1
      vertex 10.535 5.53846 1
      vertex 10.45 5.525 1
    endloop
  endfacet
  facet normal 0 0 1
    outer loop
      vertex 10.535 5.53846 1
      vertex 10.45 5.3 1
      vertex 10.8567 5.33201 1
    endloop
  endfacet
  facet normal 0 0 1
    outer loop
      vertex 10.365 5.53846 1
      vertex 10.45 5.3 1
      vertex 10.45 5.525 1
    endloop
  endfacet
  facet normal 0 0 1
    outer loop
      vertex 10.365 5.53846 1
      vertex 10.0433 5.33201 1
      vertex 10.45 5.3 1
    endloop
  endfacet
  facet normal 0 0 1
    outer loop
      vertex 9.71608 5.64124 1
      vertex 10.0433 5.33201 1
      vertex 10.365 5.53846 1
    endloop
  endfacet
  facet normal 0 0 1
    outer loop
      vertex 9.71608 5.64124 1
      vertex 9.64655 5.42725 1
      vertex 10.0433 5.33201 1
    endloop
  endfacet
  facet normal 0 0 1
    outer loop
      vertex 9.71608 5.64124 1
      vertex 9.26962 5.58338 1
      vertex 9.64655 5.42725 1
    endloop
  endfacet
  facet normal 0 0 1
    outer loop
      vertex 9.13067 5.93952 1
      vertex 9.26962 5.58338 1
      vertex 9.71608 5.64124 1
    endloop
  endfacet
  facet normal 0 0 1
    outer loop
      vertex 8.92176 5.79656 1
      vertex 9.13067 5.93952 1
      vertex 9.05401 5.97858 1
    endloop
  endfacet
  facet normal 0 0 1
    outer loop
      vertex 9.13067 5.93952 1
      vertex 8.92176 5.79656 1
      vertex 9.26962 5.58338 1
    endloop
  endfacet
  facet normal 0 0 1
    outer loop
      vertex 9.05401 5.97858 1
      vertex 8.61152 6.06152 1
      vertex 8.92176 5.79656 1
    endloop
  endfacet
  facet normal 0 0 1
    outer loop
      vertex 8.58942 6.44317 1
      vertex 8.61152 6.06152 1
      vertex 9.05401 5.97858 1
    endloop
  endfacet
  facet normal 0 0 1
    outer loop
      vertex 8.34656 6.37176 1
      vertex 8.58942 6.44317 1
      vertex 8.52858 6.50401 1
    endloop
  endfacet
  facet normal 0 0 1
    outer loop
      vertex 8.34656 6.37176 1
      vertex 8.52858 6.50401 1
      vertex 8.48952 6.58067 1
    endloop
  endfacet
  facet normal 0 0 1
    outer loop
      vertex 8.58942 6.44317 1
      vertex 8.34656 6.37176 1
      vertex 8.61152 6.06152 1
    endloop
  endfacet
  facet normal 0 0 1
    outer loop
      vertex 8.48952 6.58067 1
      vertex 8.20798 6.59789 1
      vertex 8.34656 6.37176 1
    endloop
  endfacet
  facet normal 0 0 1
    outer loop
      vertex 8.1869 6.63228 1
      vertex 8.20798 6.59789 1
      vertex 8.48952 6.58067 1
    endloop
  endfacet
  facet normal -0 0 1
    outer loop
      vertex 8.13338 6.71962 1
      vertex 8.48952 6.58067 1
      vertex 8.19124 7.16608 1
    endloop
  endfacet
  facet normal 0 0 1
    outer loop
      vertex 8.20798 6.59789 1
      vertex 8.1869 6.63228 1
      vertex 8.2 6.59999 1
    endloop
  endfacet
  facet normal 0 0 1
    outer loop
      vertex 8.48952 6.58067 1
      vertex 8.13338 6.71962 1
      vertex 8.1869 6.63228 1
    endloop
  endfacet
  facet normal -0 0 1
    outer loop
      vertex 7.94613 7.2262 1
      vertex 8.19124 7.16608 1
      vertex 8.08846 7.81502 1
    endloop
  endfacet
  facet normal 0 0 1
    outer loop
      vertex 7.94613 7.2262 1
      vertex 8.08846 7.81502 1
      vertex 8.075 7.9 1
    endloop
  endfacet
  facet normal 0 0 1
    outer loop
      vertex 8.19124 7.16608 1
      vertex 7.97725 7.09656 1
      vertex 8.13338 6.71962 1
    endloop
  endfacet
  facet normal 0 0 1
    outer loop
      vertex 8.2303 8.71058 1
      vertex 6.66608 13.0412 1
      vertex 8.19124 8.63391 1
    endloop
  endfacet
  facet normal 0 0 1
    outer loop
      vertex 8.19124 7.16608 1
      vertex 7.94613 7.2262 1
      vertex 7.97725 7.09656 1
    endloop
  endfacet
  facet normal 0 0 1
    outer loop
      vertex 6.08067 13.3395 1
      vertex 8.19124 8.63391 1
      vertex 6.66608 13.0412 1
    endloop
  endfacet
  facet normal 0 0 1
    outer loop
      vertex 6.00401 13.3786 1
      vertex 8.19124 8.63391 1
      vertex 6.08067 13.3395 1
    endloop
  endfacet
  facet normal 0 0 1
    outer loop
      vertex 5.28465 13.7912 1
      vertex 8.19124 8.63391 1
      vertex 6.00401 13.3786 1
    endloop
  endfacet
  facet normal 0 0 1
    outer loop
      vertex 8.19124 8.63391 1
      vertex 5.28465 13.7912 1
      vertex 8.08846 7.98498 1
    endloop
  endfacet
  facet normal 0 0 1
    outer loop
      vertex 8.08846 7.98498 1
      vertex 5.28465 13.7912 1
      vertex 8.075 7.9 1
    endloop
  endfacet
  facet normal -0 0 1
    outer loop
      vertex 5.28465 13.7912 1
      vertex 6.00401 13.3786 1
      vertex 5.47858 13.904 1
    endloop
  endfacet
  facet normal 0 0 1
    outer loop
      vertex 5.28465 13.7912 1
      vertex 5.47858 13.904 1
      vertex 5.43952 13.9807 1
    endloop
  endfacet
  facet normal 0 0 1
    outer loop
      vertex 8.075 7.9 1
      vertex 5.28465 13.7912 1
      vertex 7.94613 7.2262 1
    endloop
  endfacet
  facet normal -0 0 1
    outer loop
      vertex 5.08338 14.1196 1
      vertex 5.43952 13.9807 1
      vertex 5.14124 14.5661 1
    endloop
  endfacet
  facet normal 0 0 1
    outer loop
      vertex 5.43952 13.9807 1
      vertex 5.08338 14.1196 1
      vertex 5.28465 13.7912 1
    endloop
  endfacet
  facet normal -0 0 1
    outer loop
      vertex 4.83201 14.8933 1
      vertex 5.14124 14.5661 1
      vertex 5.03846 15.215 1
    endloop
  endfacet
  facet normal 0 0 1
    outer loop
      vertex 4.79999 15 1
      vertex 5.03846 15.215 1
      vertex 5.025 15.3 1
    endloop
  endfacet
  facet normal 0 0 1
    outer loop
      vertex 5.14124 14.5661 1
      vertex 4.92725 14.4966 1
      vertex 5.08338 14.1196 1
    endloop
  endfacet
  facet normal -0 0 1
    outer loop
      vertex 61.5 47 1
      vertex 62 43.5 1
      vertex 62.5 47 1
    endloop
  endfacet
  facet normal 0 0 1
    outer loop
      vertex 60 45 1
      vertex 61.5 47 1
      vertex 60 50.5 1
    endloop
  endfacet
  facet normal 0 0 1
    outer loop
      vertex 61.5 47 1
      vertex 60 45 1
      vertex 62 43.5 1
    endloop
  endfacet
  facet normal -0 0 1
    outer loop
      vertex 58.5 45 1
      vertex 62 43.5 1
      vertex 60 45 1
    endloop
  endfacet
  facet normal -0 0 1
    outer loop
      vertex 57 47 1
      vertex 58.5 45 1
      vertex 57 48.5 1
    endloop
  endfacet
  facet normal 0 0 1
    outer loop
      vertex 58.5 45 1
      vertex 56.5 43.5 1
      vertex 62 43.5 1
    endloop
  endfacet
  facet normal 0 0 1
    outer loop
      vertex 57 47 1
      vertex 56.5 43.5 1
      vertex 58.5 45 1
    endloop
  endfacet
  facet normal 0 0 1
    outer loop
      vertex 56.5 43.5 1
      vertex 55 45.5 1
      vertex 56.5 42 1
    endloop
  endfacet
  facet normal 0 0 1
    outer loop
      vertex 57 47 1
      vertex 55 45.5 1
      vertex 56.5 43.5 1
    endloop
  endfacet
  facet normal 0 0 1
    outer loop
      vertex 57 47 1
      vertex 53.5 45.5 1
      vertex 55 45.5 1
    endloop
  endfacet
  facet normal 0 0 1
    outer loop
      vertex 53.5 45.5 1
      vertex 52 43.5 1
      vertex 53.5 40 1
    endloop
  endfacet
  facet normal -0 0 1
    outer loop
      vertex 51.5 47 1
      vertex 53.5 45.5 1
      vertex 57 47 1
    endloop
  endfacet
  facet normal 0 0 1
    outer loop
      vertex 51.5 47 1
      vertex 52 43.5 1
      vertex 53.5 45.5 1
    endloop
  endfacet
  facet normal 0 0 1
    outer loop
      vertex 50 45 1
      vertex 51.5 47 1
      vertex 50 50.5 1
    endloop
  endfacet
  facet normal 0 0 1
    outer loop
      vertex 51.5 47 1
      vertex 50 45 1
      vertex 52 43.5 1
    endloop
  endfacet
  facet normal -0 0 1
    outer loop
      vertex 48.5 45 1
      vertex 52 43.5 1
      vertex 50 45 1
    endloop
  endfacet
  facet normal -0 0 1
    outer loop
      vertex 47 47 1
      vertex 48.5 45 1
      vertex 47 48.5 1
    endloop
  endfacet
  facet normal 0 0 1
    outer loop
      vertex 48.5 45 1
      vertex 46.5 43.5 1
      vertex 52 43.5 1
    endloop
  endfacet
  facet normal 0 0 1
    outer loop
      vertex 47 47 1
      vertex 46.5 43.5 1
      vertex 48.5 45 1
    endloop
  endfacet
  facet normal 0 0 1
    outer loop
      vertex 46.5 43.5 1
      vertex 45 45.5 1
      vertex 46.5 42 1
    endloop
  endfacet
  facet normal 0 0 1
    outer loop
      vertex 47 47 1
      vertex 45 45.5 1
      vertex 46.5 43.5 1
    endloop
  endfacet
  facet normal 0 0 1
    outer loop
      vertex 47 47 1
      vertex 43.5 45.5 1
      vertex 45 45.5 1
    endloop
  endfacet
  facet normal 0 0 1
    outer loop
      vertex 43.5 45.5 1
      vertex 42 43.5 1
      vertex 43.5 40 1
    endloop
  endfacet
  facet normal -0 0 1
    outer loop
      vertex 41.5 47 1
      vertex 43.5 45.5 1
      vertex 47 47 1
    endloop
  endfacet
  facet normal 0 0 1
    outer loop
      vertex 41.5 47 1
      vertex 42 43.5 1
      vertex 43.5 45.5 1
    endloop
  endfacet
  facet normal 0 0 1
    outer loop
      vertex 40 45 1
      vertex 41.5 47 1
      vertex 40 50.5 1
    endloop
  endfacet
  facet normal 0 0 1
    outer loop
      vertex 41.5 47 1
      vertex 40 45 1
      vertex 42 43.5 1
    endloop
  endfacet
  facet normal -0 0 1
    outer loop
      vertex 38.5 45 1
      vertex 42 43.5 1
      vertex 40 45 1
    endloop
  endfacet
  facet normal -0 0 1
    outer loop
      vertex 37 47 1
      vertex 38.5 45 1
      vertex 37 48.5 1
    endloop
  endfacet
  facet normal 0 0 1
    outer loop
      vertex 38.5 45 1
      vertex 36.5 43.5 1
      vertex 42 43.5 1
    endloop
  endfacet
  facet normal 0 0 1
    outer loop
      vertex 37 47 1
      vertex 36.5 43.5 1
      vertex 38.5 45 1
    endloop
  endfacet
  facet normal 0 0 1
    outer loop
      vertex 36.5 43.5 1
      vertex 35 45.5 1
      vertex 36.5 42 1
    endloop
  endfacet
  facet normal 0 0 1
    outer loop
      vertex 37 47 1
      vertex 35 45.5 1
      vertex 36.5 43.5 1
    endloop
  endfacet
  facet normal 0 0 1
    outer loop
      vertex 37 47 1
      vertex 33.5 45.5 1
      vertex 35 45.5 1
    endloop
  endfacet
  facet normal 0 0 1
    outer loop
      vertex 33.5 45.5 1
      vertex 32 43.5 1
      vertex 33.5 40 1
    endloop
  endfacet
  facet normal -0 0 1
    outer loop
      vertex 31.5 47 1
      vertex 33.5 45.5 1
      vertex 37 47 1
    endloop
  endfacet
  facet normal 0 0 1
    outer loop
      vertex 31.5 47 1
      vertex 32 43.5 1
      vertex 33.5 45.5 1
    endloop
  endfacet
  facet normal 0 0 1
    outer loop
      vertex 30 45 1
      vertex 31.5 47 1
      vertex 30 50.5 1
    endloop
  endfacet
  facet normal 0 0 1
    outer loop
      vertex 31.5 47 1
      vertex 30 45 1
      vertex 32 43.5 1
    endloop
  endfacet
  facet normal -0 0 1
    outer loop
      vertex 28.5 45 1
      vertex 32 43.5 1
      vertex 30 45 1
    endloop
  endfacet
  facet normal -0 0 1
    outer loop
      vertex 27 47 1
      vertex 28.5 45 1
      vertex 27 48.5 1
    endloop
  endfacet
  facet normal 0 0 1
    outer loop
      vertex 28.5 45 1
      vertex 26.5 43.5 1
      vertex 32 43.5 1
    endloop
  endfacet
  facet normal 0 0 1
    outer loop
      vertex 27 47 1
      vertex 26.5 43.5 1
      vertex 28.5 45 1
    endloop
  endfacet
  facet normal 0 0 1
    outer loop
      vertex 26.5 43.5 1
      vertex 25 45.5 1
      vertex 26.5 42 1
    endloop
  endfacet
  facet normal 0 0 1
    outer loop
      vertex 27 47 1
      vertex 25 45.5 1
      vertex 26.5 43.5 1
    endloop
  endfacet
  facet normal 0 0 1
    outer loop
      vertex 27 47 1
      vertex 23.5 45.5 1
      vertex 25 45.5 1
    endloop
  endfacet
  facet normal 0 0 1
    outer loop
      vertex 23.5 45.5 1
      vertex 22 43.5 1
      vertex 23.5 40 1
    endloop
  endfacet
  facet normal -0 0 1
    outer loop
      vertex 21.5 47 1
      vertex 23.5 45.5 1
      vertex 27 47 1
    endloop
  endfacet
  facet normal 0 0 1
    outer loop
      vertex 21.5 47 1
      vertex 22 43.5 1
      vertex 23.5 45.5 1
    endloop
  endfacet
  facet normal 0 0 1
    outer loop
      vertex 20 45 1
      vertex 21.5 47 1
      vertex 20 50.5 1
    endloop
  endfacet
  facet normal 0 0 1
    outer loop
      vertex 21.5 47 1
      vertex 20 45 1
      vertex 22 43.5 1
    endloop
  endfacet
  facet normal -0 0 1
    outer loop
      vertex 18.5 45 1
      vertex 22 43.5 1
      vertex 20 45 1
    endloop
  endfacet
  facet normal -0 0 1
    outer loop
      vertex 17 47 1
      vertex 18.5 45 1
      vertex 17 48.5 1
    endloop
  endfacet
  facet normal 0 0 1
    outer loop
      vertex 18.5 45 1
      vertex 16.5 43.5 1
      vertex 22 43.5 1
    endloop
  endfacet
  facet normal 0 0 1
    outer loop
      vertex 17 47 1
      vertex 16.5 43.5 1
      vertex 18.5 45 1
    endloop
  endfacet
  facet normal 0 0 1
    outer loop
      vertex 16.5 43.5 1
      vertex 15 45.5 1
      vertex 16.5 42 1
    endloop
  endfacet
  facet normal 0 0 1
    outer loop
      vertex 17 47 1
      vertex 15 45.5 1
      vertex 16.5 43.5 1
    endloop
  endfacet
  facet normal 0 0 1
    outer loop
      vertex 17 47 1
      vertex 13.5 45.5 1
      vertex 15 45.5 1
    endloop
  endfacet
  facet normal 0 0 1
    outer loop
      vertex 13.5 45.5 1
      vertex 12 43.5 1
      vertex 13.5 40 1
    endloop
  endfacet
  facet normal -0 0 1
    outer loop
      vertex 11.5 47 1
      vertex 13.5 45.5 1
      vertex 17 47 1
    endloop
  endfacet
  facet normal 0 0 1
    outer loop
      vertex 11.5 47 1
      vertex 12 43.5 1
      vertex 13.5 45.5 1
    endloop
  endfacet
  facet normal -0 0 1
    outer loop
      vertex 10.5588 57.3661 1
      vertex 11.5 57 1
      vertex 10.6615 58.015 1
    endloop
  endfacet
  facet normal -0 0 1
    outer loop
      vertex 10.5197 57.2894 1
      vertex 11.5 57 1
      vertex 10.5588 57.3661 1
    endloop
  endfacet
  facet normal 0 0 1
    outer loop
      vertex 10.2214 56.704 1
      vertex 11.5 57 1
      vertex 10.5197 57.2894 1
    endloop
  endfacet
  facet normal 0 0 1
    outer loop
      vertex 10.1606 56.6432 1
      vertex 11.5 57 1
      vertex 10.2214 56.704 1
    endloop
  endfacet
  facet normal 0 0 1
    outer loop
      vertex 11.5 57 1
      vertex 10.1606 56.6432 1
      vertex 11 53.5 1
    endloop
  endfacet
  facet normal -0 0 1
    outer loop
      vertex 9.69599 56.1786 1
      vertex 11 53.5 1
      vertex 10.1606 56.6432 1
    endloop
  endfacet
  facet normal -0 0 1
    outer loop
      vertex 9.11058 55.8803 1
      vertex 11 53.5 1
      vertex 9.69599 56.1786 1
    endloop
  endfacet
  facet normal -0 0 1
    outer loop
      vertex 9.475 45.4 1
      vertex 12 43.5 1
      vertex 11.5 47 1
    endloop
  endfacet
  facet normal -0 0 1
    outer loop
      vertex 9.03391 55.8412 1
      vertex 11 53.5 1
      vertex 9.11058 55.8803 1
    endloop
  endfacet
  facet normal 0 0 1
    outer loop
      vertex 12 43.5 1
      vertex 9.475 45.4 1
      vertex 9.46154 45.315 1
    endloop
  endfacet
  facet normal 0 0 1
    outer loop
      vertex 11.5 48.5 1
      vertex 9.46154 45.485 1
      vertex 11.5 47 1
    endloop
  endfacet
  facet normal -0 0 1
    outer loop
      vertex 60 60.5 1
      vertex 62.0278 60.0011 1
      vertex 61.925 60.65 1
    endloop
  endfacet
  facet normal 0 0 1
    outer loop
      vertex 62.3786 59.254 1
      vertex 60 60.5 1
      vertex 60 55 1
    endloop
  endfacet
  facet normal 0 0 1
    outer loop
      vertex 63.5661 58.3912 1
      vertex 60 55 1
      vertex 62 53.5 1
    endloop
  endfacet
  facet normal -0 0 1
    outer loop
      vertex 58.5 55 1
      vertex 62 53.5 1
      vertex 60 55 1
    endloop
  endfacet
  facet normal -0 0 1
    outer loop
      vertex 57 57 1
      vertex 58.5 55 1
      vertex 57 58.5 1
    endloop
  endfacet
  facet normal 0 0 1
    outer loop
      vertex 58.5 55 1
      vertex 56.5 53.5 1
      vertex 62 53.5 1
    endloop
  endfacet
  facet normal 0 0 1
    outer loop
      vertex 57 57 1
      vertex 56.5 53.5 1
      vertex 58.5 55 1
    endloop
  endfacet
  facet normal 0 0 1
    outer loop
      vertex 56.5 53.5 1
      vertex 55 55.5 1
      vertex 56.5 52 1
    endloop
  endfacet
  facet normal 0 0 1
    outer loop
      vertex 57 57 1
      vertex 55 55.5 1
      vertex 56.5 53.5 1
    endloop
  endfacet
  facet normal 0 0 1
    outer loop
      vertex 57 57 1
      vertex 53.5 55.5 1
      vertex 55 55.5 1
    endloop
  endfacet
  facet normal 0 0 1
    outer loop
      vertex 53.5 55.5 1
      vertex 52 53.5 1
      vertex 53.5 50 1
    endloop
  endfacet
  facet normal -0 0 1
    outer loop
      vertex 51.5 57 1
      vertex 53.5 55.5 1
      vertex 57 57 1
    endloop
  endfacet
  facet normal 0 0 1
    outer loop
      vertex 51.5 57 1
      vertex 52 53.5 1
      vertex 53.5 55.5 1
    endloop
  endfacet
  facet normal 0 0 1
    outer loop
      vertex 50 55 1
      vertex 51.5 57 1
      vertex 50 60.5 1
    endloop
  endfacet
  facet normal 0 0 1
    outer loop
      vertex 51.5 57 1
      vertex 50 55 1
      vertex 52 53.5 1
    endloop
  endfacet
  facet normal -0 0 1
    outer loop
      vertex 48.5 55 1
      vertex 52 53.5 1
      vertex 50 55 1
    endloop
  endfacet
  facet normal -0 0 1
    outer loop
      vertex 47 57 1
      vertex 48.5 55 1
      vertex 47 58.5 1
    endloop
  endfacet
  facet normal 0 0 1
    outer loop
      vertex 48.5 55 1
      vertex 46.5 53.5 1
      vertex 52 53.5 1
    endloop
  endfacet
  facet normal 0 0 1
    outer loop
      vertex 47 57 1
      vertex 46.5 53.5 1
      vertex 48.5 55 1
    endloop
  endfacet
  facet normal 0 0 1
    outer loop
      vertex 46.5 53.5 1
      vertex 45 55.5 1
      vertex 46.5 52 1
    endloop
  endfacet
  facet normal 0 0 1
    outer loop
      vertex 47 57 1
      vertex 45 55.5 1
      vertex 46.5 53.5 1
    endloop
  endfacet
  facet normal 0 0 1
    outer loop
      vertex 47 57 1
      vertex 43.5 55.5 1
      vertex 45 55.5 1
    endloop
  endfacet
  facet normal 0 0 1
    outer loop
      vertex 43.5 55.5 1
      vertex 42 53.5 1
      vertex 43.5 50 1
    endloop
  endfacet
  facet normal -0 0 1
    outer loop
      vertex 41.5 57 1
      vertex 43.5 55.5 1
      vertex 47 57 1
    endloop
  endfacet
  facet normal 0 0 1
    outer loop
      vertex 41.5 57 1
      vertex 42 53.5 1
      vertex 43.5 55.5 1
    endloop
  endfacet
  facet normal 0 0 1
    outer loop
      vertex 40 55 1
      vertex 41.5 57 1
      vertex 40 60.5 1
    endloop
  endfacet
  facet normal 0 0 1
    outer loop
      vertex 41.5 57 1
      vertex 40 55 1
      vertex 42 53.5 1
    endloop
  endfacet
  facet normal -0 0 1
    outer loop
      vertex 38.5 55 1
      vertex 42 53.5 1
      vertex 40 55 1
    endloop
  endfacet
  facet normal -0 0 1
    outer loop
      vertex 37 57 1
      vertex 38.5 55 1
      vertex 37 58.5 1
    endloop
  endfacet
  facet normal 0 0 1
    outer loop
      vertex 38.5 55 1
      vertex 36.5 53.5 1
      vertex 42 53.5 1
    endloop
  endfacet
  facet normal 0 0 1
    outer loop
      vertex 37 57 1
      vertex 36.5 53.5 1
      vertex 38.5 55 1
    endloop
  endfacet
  facet normal 0 0 1
    outer loop
      vertex 36.5 53.5 1
      vertex 35 55.5 1
      vertex 36.5 52 1
    endloop
  endfacet
  facet normal 0 0 1
    outer loop
      vertex 37 57 1
      vertex 35 55.5 1
      vertex 36.5 53.5 1
    endloop
  endfacet
  facet normal 0 0 1
    outer loop
      vertex 37 57 1
      vertex 33.5 55.5 1
      vertex 35 55.5 1
    endloop
  endfacet
  facet normal 0 0 1
    outer loop
      vertex 33.5 55.5 1
      vertex 32 53.5 1
      vertex 33.5 50 1
    endloop
  endfacet
  facet normal -0 0 1
    outer loop
      vertex 31.5 57 1
      vertex 33.5 55.5 1
      vertex 37 57 1
    endloop
  endfacet
  facet normal 0 0 1
    outer loop
      vertex 31.5 57 1
      vertex 32 53.5 1
      vertex 33.5 55.5 1
    endloop
  endfacet
  facet normal 0 0 1
    outer loop
      vertex 30 55 1
      vertex 31.5 57 1
      vertex 30 60.5 1
    endloop
  endfacet
  facet normal 0 0 1
    outer loop
      vertex 31.5 57 1
      vertex 30 55 1
      vertex 32 53.5 1
    endloop
  endfacet
  facet normal -0 0 1
    outer loop
      vertex 28.5 55 1
      vertex 32 53.5 1
      vertex 30 55 1
    endloop
  endfacet
  facet normal -0 0 1
    outer loop
      vertex 27 57 1
      vertex 28.5 55 1
      vertex 27 58.5 1
    endloop
  endfacet
  facet normal 0 0 1
    outer loop
      vertex 28.5 55 1
      vertex 26.5 53.5 1
      vertex 32 53.5 1
    endloop
  endfacet
  facet normal 0 0 1
    outer loop
      vertex 27 57 1
      vertex 26.5 53.5 1
      vertex 28.5 55 1
    endloop
  endfacet
  facet normal 0 0 1
    outer loop
      vertex 26.5 53.5 1
      vertex 25 55.5 1
      vertex 26.5 52 1
    endloop
  endfacet
  facet normal 0 0 1
    outer loop
      vertex 27 57 1
      vertex 25 55.5 1
      vertex 26.5 53.5 1
    endloop
  endfacet
  facet normal 0 0 1
    outer loop
      vertex 27 57 1
      vertex 23.5 55.5 1
      vertex 25 55.5 1
    endloop
  endfacet
  facet normal 0 0 1
    outer loop
      vertex 23.5 55.5 1
      vertex 22 53.5 1
      vertex 23.5 50 1
    endloop
  endfacet
  facet normal -0 0 1
    outer loop
      vertex 21.5 57 1
      vertex 23.5 55.5 1
      vertex 27 57 1
    endloop
  endfacet
  facet normal 0 0 1
    outer loop
      vertex 21.5 57 1
      vertex 22 53.5 1
      vertex 23.5 55.5 1
    endloop
  endfacet
  facet normal 0 0 1
    outer loop
      vertex 20 55 1
      vertex 21.5 57 1
      vertex 20 60.5 1
    endloop
  endfacet
  facet normal 0 0 1
    outer loop
      vertex 21.5 57 1
      vertex 20 55 1
      vertex 22 53.5 1
    endloop
  endfacet
  facet normal -0 0 1
    outer loop
      vertex 18.5 55 1
      vertex 22 53.5 1
      vertex 20 55 1
    endloop
  endfacet
  facet normal -0 0 1
    outer loop
      vertex 17 57 1
      vertex 18.5 55 1
      vertex 17 58.5 1
    endloop
  endfacet
  facet normal 0 0 1
    outer loop
      vertex 18.5 55 1
      vertex 16.5 53.5 1
      vertex 22 53.5 1
    endloop
  endfacet
  facet normal 0 0 1
    outer loop
      vertex 17 57 1
      vertex 16.5 53.5 1
      vertex 18.5 55 1
    endloop
  endfacet
  facet normal 0 0 1
    outer loop
      vertex 16.5 53.5 1
      vertex 15 55.5 1
      vertex 16.5 52 1
    endloop
  endfacet
  facet normal 0 0 1
    outer loop
      vertex 17 57 1
      vertex 15 55.5 1
      vertex 16.5 53.5 1
    endloop
  endfacet
  facet normal 0 0 1
    outer loop
      vertex 17 57 1
      vertex 13.5 55.5 1
      vertex 15 55.5 1
    endloop
  endfacet
  facet normal 0 0 1
    outer loop
      vertex 13.5 55.5 1
      vertex 12 53.5 1
      vertex 13.5 50 1
    endloop
  endfacet
  facet normal -0 0 1
    outer loop
      vertex 11.5 57 1
      vertex 13.5 55.5 1
      vertex 17 57 1
    endloop
  endfacet
  facet normal 0 0 1
    outer loop
      vertex 11.5 57 1
      vertex 12 53.5 1
      vertex 13.5 55.5 1
    endloop
  endfacet
  facet normal 0 0 1
    outer loop
      vertex 10.2214 59.496 1
      vertex 11.0001 63.4 1
      vertex 10.9999 63.4 1
    endloop
  endfacet
  facet normal 0 0 1
    outer loop
      vertex 11.5 57 1
      vertex 11 53.5 1
      vertex 12 53.5 1
    endloop
  endfacet
  facet normal 0 0 1
    outer loop
      vertex 11.0001 63.4 1
      vertex 10.2214 59.496 1
      vertex 11.5 58.5 1
    endloop
  endfacet
  facet normal 0 0 1
    outer loop
      vertex 10.6615 58.015 1
      vertex 11.5 58.5 1
      vertex 10.675 58.1 1
    endloop
  endfacet
  facet normal 0 0 1
    outer loop
      vertex 11.5 58.5 1
      vertex 10.6615 58.015 1
      vertex 11.5 57 1
    endloop
  endfacet
  facet normal 0 0 1
    outer loop
      vertex 63.6539 19.6088 1
      vertex 65.3461 24.1112 1
      vertex 65.2694 24.1503 1
    endloop
  endfacet
  facet normal 0 0 1
    outer loop
      vertex 65.5 16.7 1
      vertex 65.1922 17.9989 1
      vertex 65.295 17.35 1
    endloop
  endfacet
  facet normal 0 0 1
    outer loop
      vertex 67.476 24.4486 1
      vertex 65.1788 18.0839 1
      vertex 65.1922 17.9989 1
    endloop
  endfacet
  facet normal 0 0 1
    outer loop
      vertex 66.8139 24.1112 1
      vertex 64.8805 18.6693 1
      vertex 65.1788 18.0839 1
    endloop
  endfacet
  facet normal 0 0 1
    outer loop
      vertex 66.8139 24.1112 1
      vertex 64.8414 18.746 1
      vertex 64.8805 18.6693 1
    endloop
  endfacet
  facet normal 0 0 1
    outer loop
      vertex 66.8139 24.1112 1
      vertex 64.7806 18.8068 1
      vertex 64.8414 18.746 1
    endloop
  endfacet
  facet normal 0 0 1
    outer loop
      vertex 63.6539 19.6088 1
      vertex 65.2694 24.1503 1
      vertex 64.684 24.4486 1
    endloop
  endfacet
  facet normal 0 0 1
    outer loop
      vertex 66.165 24.0085 1
      vertex 64.316 19.2714 1
      vertex 64.7806 18.8068 1
    endloop
  endfacet
  facet normal 0 0 1
    outer loop
      vertex 65.995 24.0085 1
      vertex 64.2393 19.3105 1
      vertex 64.316 19.2714 1
    endloop
  endfacet
  facet normal 0 0 1
    outer loop
      vertex 63.6539 19.6088 1
      vertex 64.684 24.4486 1
      vertex 64.1586 24.974 1
    endloop
  endfacet
  facet normal 0 0 1
    outer loop
      vertex 63.6539 19.6088 1
      vertex 64.1586 24.974 1
      vertex 63.8603 25.5594 1
    endloop
  endfacet
  facet normal 0 0 1
    outer loop
      vertex 63.6539 19.6088 1
      vertex 63.8603 25.5594 1
      vertex 63.8212 25.6361 1
    endloop
  endfacet
  facet normal 0 0 1
    outer loop
      vertex 63.6539 19.6088 1
      vertex 63.8212 25.6361 1
      vertex 63.8078 25.7211 1
    endloop
  endfacet
  facet normal 0 0 1
    outer loop
      vertex 63.6539 19.6088 1
      vertex 63.8078 25.7211 1
      vertex 63.705 26.37 1
    endloop
  endfacet
  facet normal 0 0 1
    outer loop
      vertex 65.3461 24.1112 1
      vertex 63.6539 19.6088 1
      vertex 64.2393 19.3105 1
    endloop
  endfacet
  facet normal 0 0 1
    outer loop
      vertex 67 60.65 1
      vertex 66.675 60.65 1
      vertex 66.989 60.5106 1
    endloop
  endfacet
  facet normal 0 0 1
    outer loop
      vertex 66.9668 61.0724 1
      vertex 66.5588 61.3839 1
      vertex 66.6615 60.735 1
    endloop
  endfacet
  facet normal 0 0 1
    outer loop
      vertex 66.8679 61.4843 1
      vertex 66.5197 61.4606 1
      vertex 66.5588 61.3839 1
    endloop
  endfacet
  facet normal -0 0 1
    outer loop
      vertex 66.2214 62.046 1
      vertex 66.7057 61.8758 1
      vertex 66.4843 62.237 1
    endloop
  endfacet
  facet normal 0 0 1
    outer loop
      vertex 66.7057 61.8758 1
      vertex 66.2214 62.046 1
      vertex 66.5197 61.4606 1
    endloop
  endfacet
  facet normal 0 0 1
    outer loop
      vertex 66.1606 62.1068 1
      vertex 66.4843 62.237 1
      vertex 66.2092 62.5592 1
    endloop
  endfacet
  facet normal 0 0 1
    outer loop
      vertex 66.4843 62.237 1
      vertex 66.1606 62.1068 1
      vertex 66.2214 62.046 1
    endloop
  endfacet
  facet normal -0 0 1
    outer loop
      vertex 65.696 62.5714 1
      vertex 66.2092 62.5592 1
      vertex 65.887 62.8343 1
    endloop
  endfacet
  facet normal 0 0 1
    outer loop
      vertex 66.2092 62.5592 1
      vertex 65.696 62.5714 1
      vertex 66.1606 62.1068 1
    endloop
  endfacet
  facet normal 0 0 1
    outer loop
      vertex 65.5258 63.0557 1
      vertex 65.696 62.5714 1
      vertex 65.887 62.8343 1
    endloop
  endfacet
  facet normal 0 0 1
    outer loop
      vertex 65.1106 62.8697 1
      vertex 65.5258 63.0557 1
      vertex 65.1343 63.2179 1
    endloop
  endfacet
  facet normal 0 0 1
    outer loop
      vertex 65.5258 63.0557 1
      vertex 65.1106 62.8697 1
      vertex 65.696 62.5714 1
    endloop
  endfacet
  facet normal 0 0 1
    outer loop
      vertex 65.1343 63.2179 1
      vertex 65.0339 62.9088 1
      vertex 65.1106 62.8697 1
    endloop
  endfacet
  facet normal 0 0 1
    outer loop
      vertex 65.1343 63.2179 1
      vertex 64.9489 62.9222 1
      vertex 65.0339 62.9088 1
    endloop
  endfacet
  facet normal 0 0 1
    outer loop
      vertex 64.7224 63.3168 1
      vertex 64.9489 62.9222 1
      vertex 65.1343 63.2179 1
    endloop
  endfacet
  facet normal 0 0 1
    outer loop
      vertex 64.3 63.025 1
      vertex 64.7224 63.3168 1
      vertex 64.3 63.35 1
    endloop
  endfacet
  facet normal 0 0 1
    outer loop
      vertex 64.7224 63.3168 1
      vertex 64.3 63.025 1
      vertex 64.9489 62.9222 1
    endloop
  endfacet
  facet normal -0 0 1
    outer loop
      vertex 64.0704 63.3319 1
      vertex 64.3 63.025 1
      vertex 64.3 63.35 1
    endloop
  endfacet
  facet normal 0 0 1
    outer loop
      vertex 63.6511 62.9222 1
      vertex 64.0704 63.3319 1
      vertex 64 63.4 1
    endloop
  endfacet
  facet normal 0 0 1
    outer loop
      vertex 64.0704 63.3319 1
      vertex 63.6511 62.9222 1
      vertex 64.3 63.025 1
    endloop
  endfacet
  facet normal 0 0 1
    outer loop
      vertex 64 63.4 1
      vertex 63.5661 62.9088 1
      vertex 63.6511 62.9222 1
    endloop
  endfacet
  facet normal 0 0 1
    outer loop
      vertex 64 63.4 1
      vertex 63.4894 62.8697 1
      vertex 63.5661 62.9088 1
    endloop
  endfacet
  facet normal 0 0 1
    outer loop
      vertex 64 63.4 1
      vertex 62.904 62.5714 1
      vertex 63.4894 62.8697 1
    endloop
  endfacet
  facet normal 0 0 1
    outer loop
      vertex 60 60.5 1
      vertex 62.0278 61.2989 1
      vertex 62.0412 61.3839 1
    endloop
  endfacet
  facet normal 0 0 1
    outer loop
      vertex 62.0278 61.2989 1
      vertex 60 60.5 1
      vertex 61.925 60.65 1
    endloop
  endfacet
  facet normal 0 0 1
    outer loop
      vertex 62.0803 61.4606 1
      vertex 60 60.5 1
      vertex 62.0412 61.3839 1
    endloop
  endfacet
  facet normal 0 0 1
    outer loop
      vertex 62.3786 62.046 1
      vertex 60 60.5 1
      vertex 62.0803 61.4606 1
    endloop
  endfacet
  facet normal 0 0 1
    outer loop
      vertex 58.5 60.5 1
      vertex 62.3786 62.046 1
      vertex 62.904 62.5714 1
    endloop
  endfacet
  facet normal 0 0 1
    outer loop
      vertex 58.5 60.5 1
      vertex 62.904 62.5714 1
      vertex 64 63.4 1
    endloop
  endfacet
  facet normal 0 0 1
    outer loop
      vertex 62.3786 62.046 1
      vertex 58.5 60.5 1
      vertex 60 60.5 1
    endloop
  endfacet
  facet normal 0 0 1
    outer loop
      vertex 58.5 60.5 1
      vertex 57 58.5 1
      vertex 58.5 55 1
    endloop
  endfacet
  facet normal 0 0 1
    outer loop
      vertex 58.5 60.5 1
      vertex 51.5 58.5 1
      vertex 57 58.5 1
    endloop
  endfacet
  facet normal 0 0 1
    outer loop
      vertex 50 60.5 1
      vertex 58.5 60.5 1
      vertex 64 63.4 1
    endloop
  endfacet
  facet normal 0 0 1
    outer loop
      vertex 51.5 58.5 1
      vertex 50 60.5 1
      vertex 51.5 57 1
    endloop
  endfacet
  facet normal 0 0 1
    outer loop
      vertex 58.5 60.5 1
      vertex 50 60.5 1
      vertex 51.5 58.5 1
    endloop
  endfacet
  facet normal 0 0 1
    outer loop
      vertex 64 63.4 1
      vertex 48.5 60.5 1
      vertex 50 60.5 1
    endloop
  endfacet
  facet normal 0 0 1
    outer loop
      vertex 48.5 60.5 1
      vertex 47 58.5 1
      vertex 48.5 55 1
    endloop
  endfacet
  facet normal 0 0 1
    outer loop
      vertex 48.5 60.5 1
      vertex 41.5 58.5 1
      vertex 47 58.5 1
    endloop
  endfacet
  facet normal 0 0 1
    outer loop
      vertex 41.5 58.5 1
      vertex 40 60.5 1
      vertex 41.5 57 1
    endloop
  endfacet
  facet normal 0 0 1
    outer loop
      vertex 48.5 60.5 1
      vertex 40 60.5 1
      vertex 41.5 58.5 1
    endloop
  endfacet
  facet normal 0 0 1
    outer loop
      vertex 64 63.4 1
      vertex 40 60.5 1
      vertex 48.5 60.5 1
    endloop
  endfacet
  facet normal 0 0 1
    outer loop
      vertex 64 63.4 1
      vertex 38.5 60.5 1
      vertex 40 60.5 1
    endloop
  endfacet
  facet normal 0 0 1
    outer loop
      vertex 38.5 60.5 1
      vertex 37 58.5 1
      vertex 38.5 55 1
    endloop
  endfacet
  facet normal 0 0 1
    outer loop
      vertex 38.5 60.5 1
      vertex 31.5 58.5 1
      vertex 37 58.5 1
    endloop
  endfacet
  facet normal 0 0 1
    outer loop
      vertex 31.5 58.5 1
      vertex 30 60.5 1
      vertex 31.5 57 1
    endloop
  endfacet
  facet normal 0 0 1
    outer loop
      vertex 38.5 60.5 1
      vertex 30 60.5 1
      vertex 31.5 58.5 1
    endloop
  endfacet
  facet normal -0 0 1
    outer loop
      vertex 11.0001 63.4 1
      vertex 38.5 60.5 1
      vertex 64 63.4 1
    endloop
  endfacet
  facet normal 0 0 1
    outer loop
      vertex 38.5 60.5 1
      vertex 11.0001 63.4 1
      vertex 30 60.5 1
    endloop
  endfacet
  facet normal 0 0 1
    outer loop
      vertex 28.5 60.5 1
      vertex 27 58.5 1
      vertex 28.5 55 1
    endloop
  endfacet
  facet normal 0 0 1
    outer loop
      vertex 28.5 60.5 1
      vertex 21.5 58.5 1
      vertex 27 58.5 1
    endloop
  endfacet
  facet normal 0 0 1
    outer loop
      vertex 21.5 58.5 1
      vertex 20 60.5 1
      vertex 21.5 57 1
    endloop
  endfacet
  facet normal 0 0 1
    outer loop
      vertex 28.5 60.5 1
      vertex 20 60.5 1
      vertex 21.5 58.5 1
    endloop
  endfacet
  facet normal 0 0 1
    outer loop
      vertex 30 60.5 1
      vertex 11.0001 63.4 1
      vertex 28.5 60.5 1
    endloop
  endfacet
  facet normal 0 0 1
    outer loop
      vertex 28.5 60.5 1
      vertex 11.0001 63.4 1
      vertex 20 60.5 1
    endloop
  endfacet
  facet normal 0 0 1
    outer loop
      vertex 18.5 60.5 1
      vertex 17 58.5 1
      vertex 18.5 55 1
    endloop
  endfacet
  facet normal 0 0 1
    outer loop
      vertex 11.0001 63.4 1
      vertex 17 58.5 1
      vertex 18.5 60.5 1
    endloop
  endfacet
  facet normal 0 0 1
    outer loop
      vertex 10.9999 63.4 1
      vertex 11.0001 63.4 1
      vertex 11 63.4 1
    endloop
  endfacet
  facet normal 0 0 1
    outer loop
      vertex 17 58.5 1
      vertex 11.0001 63.4 1
      vertex 11.5 58.5 1
    endloop
  endfacet
  facet normal 0 0 1
    outer loop
      vertex 20 60.5 1
      vertex 11.0001 63.4 1
      vertex 18.5 60.5 1
    endloop
  endfacet
  facet normal 0 0 1
    outer loop
      vertex 63.8603 27.1806 1
      vertex 62.5 27 1
      vertex 63.8212 27.1039 1
    endloop
  endfacet
  facet normal 0 0 1
    outer loop
      vertex 63.8078 27.0189 1
      vertex 62.5 27 1
      vertex 63.705 26.37 1
    endloop
  endfacet
  facet normal 0 0 1
    outer loop
      vertex 63.705 26.37 1
      vertex 60.5 23.5 1
      vertex 63.6539 19.6088 1
    endloop
  endfacet
  facet normal 0 0 1
    outer loop
      vertex 63.6539 19.6088 1
      vertex 60.5 23.5 1
      vertex 63.005 19.7115 1
    endloop
  endfacet
  facet normal 0 0 1
    outer loop
      vertex 60.5 23.5 1
      vertex 63.705 26.37 1
      vertex 62.5 27 1
    endloop
  endfacet
  facet normal 0 0 1
    outer loop
      vertex 65.2694 28.5897 1
      vertex 62 32 1
      vertex 64.684 28.2914 1
    endloop
  endfacet
  facet normal -0 0 1
    outer loop
      vertex 61.5 37 1
      vertex 62 33.5 1
      vertex 63.5 37 1
    endloop
  endfacet
  facet normal 0 0 1
    outer loop
      vertex 60 35 1
      vertex 61.5 37 1
      vertex 60 40.5 1
    endloop
  endfacet
  facet normal 0 0 1
    outer loop
      vertex 61.5 37 1
      vertex 60 35 1
      vertex 62 33.5 1
    endloop
  endfacet
  facet normal -0 0 1
    outer loop
      vertex 58.5 35 1
      vertex 62 33.5 1
      vertex 60 35 1
    endloop
  endfacet
  facet normal -0 0 1
    outer loop
      vertex 57 37 1
      vertex 58.5 35 1
      vertex 57 38.5 1
    endloop
  endfacet
  facet normal 0 0 1
    outer loop
      vertex 58.5 35 1
      vertex 56.5 33.5 1
      vertex 62 33.5 1
    endloop
  endfacet
  facet normal 0 0 1
    outer loop
      vertex 57 37 1
      vertex 56.5 33.5 1
      vertex 58.5 35 1
    endloop
  endfacet
  facet normal 0 0 1
    outer loop
      vertex 56.5 33.5 1
      vertex 55 35.5 1
      vertex 56.5 32 1
    endloop
  endfacet
  facet normal 0 0 1
    outer loop
      vertex 57 37 1
      vertex 55 35.5 1
      vertex 56.5 33.5 1
    endloop
  endfacet
  facet normal 0 0 1
    outer loop
      vertex 57 37 1
      vertex 53.5 35.5 1
      vertex 55 35.5 1
    endloop
  endfacet
  facet normal 0 0 1
    outer loop
      vertex 53.5 35.5 1
      vertex 52 33.5 1
      vertex 53.5 30 1
    endloop
  endfacet
  facet normal -0 0 1
    outer loop
      vertex 51.5 37 1
      vertex 53.5 35.5 1
      vertex 57 37 1
    endloop
  endfacet
  facet normal 0 0 1
    outer loop
      vertex 51.5 37 1
      vertex 52 33.5 1
      vertex 53.5 35.5 1
    endloop
  endfacet
  facet normal 0 0 1
    outer loop
      vertex 50 35 1
      vertex 51.5 37 1
      vertex 50 40.5 1
    endloop
  endfacet
  facet normal 0 0 1
    outer loop
      vertex 51.5 37 1
      vertex 50 35 1
      vertex 52 33.5 1
    endloop
  endfacet
  facet normal -0 0 1
    outer loop
      vertex 48.5 35 1
      vertex 52 33.5 1
      vertex 50 35 1
    endloop
  endfacet
  facet normal -0 0 1
    outer loop
      vertex 47 37 1
      vertex 48.5 35 1
      vertex 47 38.5 1
    endloop
  endfacet
  facet normal 0 0 1
    outer loop
      vertex 48.5 35 1
      vertex 46.5 33.5 1
      vertex 52 33.5 1
    endloop
  endfacet
  facet normal 0 0 1
    outer loop
      vertex 47 37 1
      vertex 46.5 33.5 1
      vertex 48.5 35 1
    endloop
  endfacet
  facet normal 0 0 1
    outer loop
      vertex 46.5 33.5 1
      vertex 45 35.5 1
      vertex 46.5 32 1
    endloop
  endfacet
  facet normal 0 0 1
    outer loop
      vertex 47 37 1
      vertex 45 35.5 1
      vertex 46.5 33.5 1
    endloop
  endfacet
  facet normal 0 0 1
    outer loop
      vertex 47 37 1
      vertex 43.5 35.5 1
      vertex 45 35.5 1
    endloop
  endfacet
  facet normal 0 0 1
    outer loop
      vertex 43.5 35.5 1
      vertex 42 33.5 1
      vertex 43.5 30 1
    endloop
  endfacet
  facet normal -0 0 1
    outer loop
      vertex 41.5 37 1
      vertex 43.5 35.5 1
      vertex 47 37 1
    endloop
  endfacet
  facet normal 0 0 1
    outer loop
      vertex 41.5 37 1
      vertex 42 33.5 1
      vertex 43.5 35.5 1
    endloop
  endfacet
  facet normal 0 0 1
    outer loop
      vertex 40 35 1
      vertex 41.5 37 1
      vertex 40 40.5 1
    endloop
  endfacet
  facet normal 0 0 1
    outer loop
      vertex 41.5 37 1
      vertex 40 35 1
      vertex 42 33.5 1
    endloop
  endfacet
  facet normal -0 0 1
    outer loop
      vertex 38.5 35 1
      vertex 42 33.5 1
      vertex 40 35 1
    endloop
  endfacet
  facet normal -0 0 1
    outer loop
      vertex 37 37 1
      vertex 38.5 35 1
      vertex 37 38.5 1
    endloop
  endfacet
  facet normal 0 0 1
    outer loop
      vertex 38.5 35 1
      vertex 36.5 33.5 1
      vertex 42 33.5 1
    endloop
  endfacet
  facet normal 0 0 1
    outer loop
      vertex 37 37 1
      vertex 36.5 33.5 1
      vertex 38.5 35 1
    endloop
  endfacet
  facet normal 0 0 1
    outer loop
      vertex 36.5 33.5 1
      vertex 35 35.5 1
      vertex 36.5 32 1
    endloop
  endfacet
  facet normal 0 0 1
    outer loop
      vertex 37 37 1
      vertex 35 35.5 1
      vertex 36.5 33.5 1
    endloop
  endfacet
  facet normal 0 0 1
    outer loop
      vertex 37 37 1
      vertex 33.5 35.5 1
      vertex 35 35.5 1
    endloop
  endfacet
  facet normal 0 0 1
    outer loop
      vertex 33.5 35.5 1
      vertex 32 33.5 1
      vertex 33.5 30 1
    endloop
  endfacet
  facet normal -0 0 1
    outer loop
      vertex 31.5 37 1
      vertex 33.5 35.5 1
      vertex 37 37 1
    endloop
  endfacet
  facet normal 0 0 1
    outer loop
      vertex 31.5 37 1
      vertex 32 33.5 1
      vertex 33.5 35.5 1
    endloop
  endfacet
  facet normal 0 0 1
    outer loop
      vertex 30 35 1
      vertex 31.5 37 1
      vertex 30 40.5 1
    endloop
  endfacet
  facet normal 0 0 1
    outer loop
      vertex 31.5 37 1
      vertex 30 35 1
      vertex 32 33.5 1
    endloop
  endfacet
  facet normal -0 0 1
    outer loop
      vertex 28.5 35 1
      vertex 32 33.5 1
      vertex 30 35 1
    endloop
  endfacet
  facet normal -0 0 1
    outer loop
      vertex 27 37 1
      vertex 28.5 35 1
      vertex 27 38.5 1
    endloop
  endfacet
  facet normal 0 0 1
    outer loop
      vertex 28.5 35 1
      vertex 26.5 33.5 1
      vertex 32 33.5 1
    endloop
  endfacet
  facet normal 0 0 1
    outer loop
      vertex 27 37 1
      vertex 26.5 33.5 1
      vertex 28.5 35 1
    endloop
  endfacet
  facet normal 0 0 1
    outer loop
      vertex 26.5 33.5 1
      vertex 25 35.5 1
      vertex 26.5 32 1
    endloop
  endfacet
  facet normal 0 0 1
    outer loop
      vertex 27 37 1
      vertex 25 35.5 1
      vertex 26.5 33.5 1
    endloop
  endfacet
  facet normal 0 0 1
    outer loop
      vertex 27 37 1
      vertex 23.5 35.5 1
      vertex 25 35.5 1
    endloop
  endfacet
  facet normal 0 0 1
    outer loop
      vertex 23.5 35.5 1
      vertex 22 33.5 1
      vertex 23.5 30 1
    endloop
  endfacet
  facet normal -0 0 1
    outer loop
      vertex 21.5 37 1
      vertex 23.5 35.5 1
      vertex 27 37 1
    endloop
  endfacet
  facet normal 0 0 1
    outer loop
      vertex 21.5 37 1
      vertex 22 33.5 1
      vertex 23.5 35.5 1
    endloop
  endfacet
  facet normal 0 0 1
    outer loop
      vertex 20 35 1
      vertex 21.5 37 1
      vertex 20 40.5 1
    endloop
  endfacet
  facet normal 0 0 1
    outer loop
      vertex 21.5 37 1
      vertex 20 35 1
      vertex 22 33.5 1
    endloop
  endfacet
  facet normal -0 0 1
    outer loop
      vertex 18.5 35 1
      vertex 22 33.5 1
      vertex 20 35 1
    endloop
  endfacet
  facet normal -0 0 1
    outer loop
      vertex 17 37 1
      vertex 18.5 35 1
      vertex 17 38.5 1
    endloop
  endfacet
  facet normal 0 0 1
    outer loop
      vertex 18.5 35 1
      vertex 16.5 33.5 1
      vertex 22 33.5 1
    endloop
  endfacet
  facet normal 0 0 1
    outer loop
      vertex 17 37 1
      vertex 16.5 33.5 1
      vertex 18.5 35 1
    endloop
  endfacet
  facet normal 0 0 1
    outer loop
      vertex 16.5 33.5 1
      vertex 15 35.5 1
      vertex 16.5 32 1
    endloop
  endfacet
  facet normal 0 0 1
    outer loop
      vertex 17 37 1
      vertex 15 35.5 1
      vertex 16.5 33.5 1
    endloop
  endfacet
  facet normal 0 0 1
    outer loop
      vertex 17 37 1
      vertex 13.5 35.5 1
      vertex 15 35.5 1
    endloop
  endfacet
  facet normal 0 0 1
    outer loop
      vertex 13.5 35.5 1
      vertex 12 33.5 1
      vertex 13.5 30 1
    endloop
  endfacet
  facet normal -0 0 1
    outer loop
      vertex 11.5 37 1
      vertex 13.5 35.5 1
      vertex 17 37 1
    endloop
  endfacet
  facet normal 0 0 1
    outer loop
      vertex 11.5 37 1
      vertex 12 33.5 1
      vertex 13.5 35.5 1
    endloop
  endfacet
  facet normal 0 0 1
    outer loop
      vertex 11.5 38.5 1
      vertex 6.19221 39.4109 1
      vertex 11.5 37 1
    endloop
  endfacet
  facet normal 0 0 1
    outer loop
      vertex 12 43.5 1
      vertex 9.46154 45.315 1
      vertex 10 43.5 1
    endloop
  endfacet
  facet normal -0 0 1
    outer loop
      vertex 9.35876 44.6661 1
      vertex 10 43.5 1
      vertex 9.46154 45.315 1
    endloop
  endfacet
  facet normal -0 0 1
    outer loop
      vertex 9.06048 44.0807 1
      vertex 10 43.5 1
      vertex 9.35876 44.6661 1
    endloop
  endfacet
  facet normal -0 0 1
    outer loop
      vertex 9.02141 44.004 1
      vertex 10 43.5 1
      vertex 9.06048 44.0807 1
    endloop
  endfacet
  facet normal 0 0 1
    outer loop
      vertex 8.49599 43.4786 1
      vertex 10 43.5 1
      vertex 9.02141 44.004 1
    endloop
  endfacet
  facet normal 0 0 1
    outer loop
      vertex 10 43.5 1
      vertex 8.49599 43.4786 1
      vertex 10 42 1
    endloop
  endfacet
  facet normal -0 0 1
    outer loop
      vertex 8.41933 43.4395 1
      vertex 10 42 1
      vertex 8.49599 43.4786 1
    endloop
  endfacet
  facet normal 0 0 1
    outer loop
      vertex 6.19221 31.5891 1
      vertex 9 33.5 1
      vertex 6.5 35.5 1
    endloop
  endfacet
  facet normal 0 0 1
    outer loop
      vertex 11.5 37 1
      vertex 6.19221 39.4109 1
      vertex 6.5 35.5 1
    endloop
  endfacet
  facet normal 0 0 1
    outer loop
      vertex 9 32 1
      vertex 8.91154 24.635 1
      vertex 8.925 24.55 1
    endloop
  endfacet
  facet normal 0 0 1
    outer loop
      vertex 9 32 1
      vertex 8.80876 25.2839 1
      vertex 8.91154 24.635 1
    endloop
  endfacet
  facet normal 0 0 1
    outer loop
      vertex 9 32 1
      vertex 8.7697 25.3606 1
      vertex 8.80876 25.2839 1
    endloop
  endfacet
  facet normal 0 0 1
    outer loop
      vertex 11.5 37 1
      vertex 9 33.5 1
      vertex 12 33.5 1
    endloop
  endfacet
  facet normal 0 0 1
    outer loop
      vertex 9 32 1
      vertex 8.47142 25.946 1
      vertex 8.7697 25.3606 1
    endloop
  endfacet
  facet normal -0 0 1
    outer loop
      vertex 7.83391 43.1412 1
      vertex 10 42 1
      vertex 8.41933 43.4395 1
    endloop
  endfacet
  facet normal 0 0 1
    outer loop
      vertex 9 33.5 1
      vertex 6.19221 31.5891 1
      vertex 9 32 1
    endloop
  endfacet
  facet normal 0 0 1
    outer loop
      vertex 10 42 1
      vertex 7.83391 43.1412 1
      vertex 6.19221 39.4109 1
    endloop
  endfacet
  facet normal 0 0 1
    outer loop
      vertex 9 32 1
      vertex 7.94599 26.4714 1
      vertex 8.47142 25.946 1
    endloop
  endfacet
  facet normal 0 0 1
    outer loop
      vertex 9 32 1
      vertex 7.36058 26.7697 1
      vertex 7.94599 26.4714 1
    endloop
  endfacet
  facet normal 0 0 1
    outer loop
      vertex 6.19221 39.4109 1
      vertex 7.83391 43.1412 1
      vertex 7.18498 43.0385 1
    endloop
  endfacet
  facet normal 0 0 1
    outer loop
      vertex 6.19221 39.4109 1
      vertex 7.18498 43.0385 1
      vertex 7.1 43.025 1
    endloop
  endfacet
  facet normal 0 0 1
    outer loop
      vertex 6.19221 39.4109 1
      vertex 7.1 43.025 1
      vertex 7.01502 43.0385 1
    endloop
  endfacet
  facet normal 0 0 1
    outer loop
      vertex 9 32 1
      vertex 7.28391 26.8088 1
      vertex 7.36058 26.7697 1
    endloop
  endfacet
  facet normal 0 0 1
    outer loop
      vertex 9 32 1
      vertex 6.63498 26.9115 1
      vertex 7.28391 26.8088 1
    endloop
  endfacet
  facet normal 0 0 1
    outer loop
      vertex 9 32 1
      vertex 6.55 26.925 1
      vertex 6.63498 26.9115 1
    endloop
  endfacet
  facet normal 0 0 1
    outer loop
      vertex 6.19221 39.4109 1
      vertex 7.01502 43.0385 1
      vertex 6.36608 43.1412 1
    endloop
  endfacet
  facet normal 0 0 1
    outer loop
      vertex 11.5 37 1
      vertex 6.5 35.5 1
      vertex 9 33.5 1
    endloop
  endfacet
  facet normal -0 0 1
    outer loop
      vertex 5.27641 43.2254 1
      vertex 6.36608 43.1412 1
      vertex 5.78067 43.4395 1
    endloop
  endfacet
  facet normal 0 0 1
    outer loop
      vertex 5.27641 43.2254 1
      vertex 5.78067 43.4395 1
      vertex 5.70401 43.4786 1
    endloop
  endfacet
  facet normal 0 0 1
    outer loop
      vertex 6.36608 43.1412 1
      vertex 5.27641 43.2254 1
      vertex 6.19221 39.4109 1
    endloop
  endfacet
  facet normal 0 0 1
    outer loop
      vertex 5.17858 44.004 1
      vertex 5.27641 43.2254 1
      vertex 5.70401 43.4786 1
    endloop
  endfacet
  facet normal 0 0 1
    outer loop
      vertex 5.13952 44.0807 1
      vertex 5.27641 43.2254 1
      vertex 5.17858 44.004 1
    endloop
  endfacet
  facet normal 0 0 1
    outer loop
      vertex 4.84124 44.6661 1
      vertex 5.27641 43.2254 1
      vertex 5.13952 44.0807 1
    endloop
  endfacet
  facet normal 0 0 1
    outer loop
      vertex 4.73846 45.485 1
      vertex 4.48213 45.143 1
      vertex 4.725 45.4 1
    endloop
  endfacet
  facet normal 0 0 1
    outer loop
      vertex 4.725 45.4 1
      vertex 4.48213 45.143 1
      vertex 4.73846 45.315 1
    endloop
  endfacet
  facet normal 0 0 1
    outer loop
      vertex 4.84124 44.6661 1
      vertex 4.48213 45.143 1
      vertex 5.27641 43.2254 1
    endloop
  endfacet
  facet normal 0 0 1
    outer loop
      vertex 4.73846 45.315 1
      vertex 4.48213 45.143 1
      vertex 4.84124 44.6661 1
    endloop
  endfacet
  facet normal -0 0 1
    outer loop
      vertex 60.5 22 1
      vertex 63.005 19.7115 1
      vertex 60.5 23.5 1
    endloop
  endfacet
  facet normal 0 0 1
    outer loop
      vertex 63.005 19.7115 1
      vertex 60.5 22 1
      vertex 62.92 19.725 1
    endloop
  endfacet
  facet normal 0 0 1
    outer loop
      vertex 62.92 19.725 1
      vertex 60.5 22 1
      vertex 62.835 19.7115 1
    endloop
  endfacet
  facet normal 0 0 1
    outer loop
      vertex 62.835 19.7115 1
      vertex 60.5 22 1
      vertex 62.1861 19.6088 1
    endloop
  endfacet
  facet normal 0 0 1
    outer loop
      vertex 60 25 1
      vertex 62.5 27 1
      vertex 61.5 27 1
    endloop
  endfacet
  facet normal 0 0 1
    outer loop
      vertex 62.1861 19.6088 1
      vertex 60.5 22 1
      vertex 61.6007 19.3105 1
    endloop
  endfacet
  facet normal 0 0 1
    outer loop
      vertex 63.8212 27.1039 1
      vertex 62.5 27 1
      vertex 63.8078 27.0189 1
    endloop
  endfacet
  facet normal 0 0 1
    outer loop
      vertex 62 32 1
      vertex 61.5 28.5 1
      vertex 62.5 28.5 1
    endloop
  endfacet
  facet normal 0 0 1
    outer loop
      vertex 60 25 1
      vertex 61.5 27 1
      vertex 61.5 28.5 1
    endloop
  endfacet
  facet normal 0 0 1
    outer loop
      vertex 61.6007 19.3105 1
      vertex 60.5 22 1
      vertex 61.524 19.2714 1
    endloop
  endfacet
  facet normal 0 0 1
    outer loop
      vertex 61.524 19.2714 1
      vertex 60.5 22 1
      vertex 60.9986 18.746 1
    endloop
  endfacet
  facet normal -0 0 1
    outer loop
      vertex 56.5 22 1
      vertex 60.9986 18.746 1
      vertex 60.5 22 1
    endloop
  endfacet
  facet normal 0 0 1
    outer loop
      vertex 60.9986 18.746 1
      vertex 56.5 22 1
      vertex 60.9595 18.6693 1
    endloop
  endfacet
  facet normal 0 0 1
    outer loop
      vertex 60.9595 18.6693 1
      vertex 56.5 22 1
      vertex 60.6612 18.0839 1
    endloop
  endfacet
  facet normal -0 0 1
    outer loop
      vertex 60 30.5 1
      vertex 61.5 28.5 1
      vertex 62 32 1
    endloop
  endfacet
  facet normal 0 0 1
    outer loop
      vertex 61.5 28.5 1
      vertex 60 30.5 1
      vertex 60 25 1
    endloop
  endfacet
  facet normal 0 0 1
    outer loop
      vertex 62 32 1
      vertex 58.5 30.5 1
      vertex 60 30.5 1
    endloop
  endfacet
  facet normal 0 0 1
    outer loop
      vertex 58.5 30.5 1
      vertex 57 28.5 1
      vertex 58.5 25 1
    endloop
  endfacet
  facet normal -0 0 1
    outer loop
      vertex 56.5 32 1
      vertex 58.5 30.5 1
      vertex 62 32 1
    endloop
  endfacet
  facet normal 0 0 1
    outer loop
      vertex 56.5 32 1
      vertex 57 28.5 1
      vertex 58.5 30.5 1
    endloop
  endfacet
  facet normal 0 0 1
    outer loop
      vertex 55 30 1
      vertex 56.5 32 1
      vertex 55 35.5 1
    endloop
  endfacet
  facet normal 0 0 1
    outer loop
      vertex 56.5 32 1
      vertex 55 30 1
      vertex 57 28.5 1
    endloop
  endfacet
  facet normal -0 0 1
    outer loop
      vertex 53.5 30 1
      vertex 57 28.5 1
      vertex 55 30 1
    endloop
  endfacet
  facet normal -0 0 1
    outer loop
      vertex 52 32 1
      vertex 53.5 30 1
      vertex 52 33.5 1
    endloop
  endfacet
  facet normal 0 0 1
    outer loop
      vertex 53.5 30 1
      vertex 51.5 28.5 1
      vertex 57 28.5 1
    endloop
  endfacet
  facet normal 0 0 1
    outer loop
      vertex 52 32 1
      vertex 51.5 28.5 1
      vertex 53.5 30 1
    endloop
  endfacet
  facet normal 0 0 1
    outer loop
      vertex 51.5 28.5 1
      vertex 50 30.5 1
      vertex 51.5 27 1
    endloop
  endfacet
  facet normal 0 0 1
    outer loop
      vertex 52 32 1
      vertex 50 30.5 1
      vertex 51.5 28.5 1
    endloop
  endfacet
  facet normal 0 0 1
    outer loop
      vertex 52 32 1
      vertex 48.5 30.5 1
      vertex 50 30.5 1
    endloop
  endfacet
  facet normal 0 0 1
    outer loop
      vertex 48.5 30.5 1
      vertex 47 28.5 1
      vertex 48.5 25 1
    endloop
  endfacet
  facet normal -0 0 1
    outer loop
      vertex 46.5 32 1
      vertex 48.5 30.5 1
      vertex 52 32 1
    endloop
  endfacet
  facet normal 0 0 1
    outer loop
      vertex 46.5 32 1
      vertex 47 28.5 1
      vertex 48.5 30.5 1
    endloop
  endfacet
  facet normal 0 0 1
    outer loop
      vertex 45 30 1
      vertex 46.5 32 1
      vertex 45 35.5 1
    endloop
  endfacet
  facet normal 0 0 1
    outer loop
      vertex 46.5 32 1
      vertex 45 30 1
      vertex 47 28.5 1
    endloop
  endfacet
  facet normal -0 0 1
    outer loop
      vertex 43.5 30 1
      vertex 47 28.5 1
      vertex 45 30 1
    endloop
  endfacet
  facet normal -0 0 1
    outer loop
      vertex 42 32 1
      vertex 43.5 30 1
      vertex 42 33.5 1
    endloop
  endfacet
  facet normal 0 0 1
    outer loop
      vertex 43.5 30 1
      vertex 41.5 28.5 1
      vertex 47 28.5 1
    endloop
  endfacet
  facet normal 0 0 1
    outer loop
      vertex 42 32 1
      vertex 41.5 28.5 1
      vertex 43.5 30 1
    endloop
  endfacet
  facet normal 0 0 1
    outer loop
      vertex 41.5 28.5 1
      vertex 40 30.5 1
      vertex 41.5 27 1
    endloop
  endfacet
  facet normal 0 0 1
    outer loop
      vertex 42 32 1
      vertex 40 30.5 1
      vertex 41.5 28.5 1
    endloop
  endfacet
  facet normal 0 0 1
    outer loop
      vertex 42 32 1
      vertex 38.5 30.5 1
      vertex 40 30.5 1
    endloop
  endfacet
  facet normal 0 0 1
    outer loop
      vertex 38.5 30.5 1
      vertex 37 28.5 1
      vertex 38.5 25 1
    endloop
  endfacet
  facet normal -0 0 1
    outer loop
      vertex 36.5 32 1
      vertex 38.5 30.5 1
      vertex 42 32 1
    endloop
  endfacet
  facet normal 0 0 1
    outer loop
      vertex 36.5 32 1
      vertex 37 28.5 1
      vertex 38.5 30.5 1
    endloop
  endfacet
  facet normal 0 0 1
    outer loop
      vertex 35 30 1
      vertex 36.5 32 1
      vertex 35 35.5 1
    endloop
  endfacet
  facet normal 0 0 1
    outer loop
      vertex 36.5 32 1
      vertex 35 30 1
      vertex 37 28.5 1
    endloop
  endfacet
  facet normal -0 0 1
    outer loop
      vertex 33.5 30 1
      vertex 37 28.5 1
      vertex 35 30 1
    endloop
  endfacet
  facet normal -0 0 1
    outer loop
      vertex 32 32 1
      vertex 33.5 30 1
      vertex 32 33.5 1
    endloop
  endfacet
  facet normal 0 0 1
    outer loop
      vertex 33.5 30 1
      vertex 31.5 28.5 1
      vertex 37 28.5 1
    endloop
  endfacet
  facet normal 0 0 1
    outer loop
      vertex 32 32 1
      vertex 31.5 28.5 1
      vertex 33.5 30 1
    endloop
  endfacet
  facet normal 0 0 1
    outer loop
      vertex 31.5 28.5 1
      vertex 30 30.5 1
      vertex 31.5 27 1
    endloop
  endfacet
  facet normal 0 0 1
    outer loop
      vertex 32 32 1
      vertex 30 30.5 1
      vertex 31.5 28.5 1
    endloop
  endfacet
  facet normal 0 0 1
    outer loop
      vertex 32 32 1
      vertex 28.5 30.5 1
      vertex 30 30.5 1
    endloop
  endfacet
  facet normal 0 0 1
    outer loop
      vertex 28.5 30.5 1
      vertex 27 28.5 1
      vertex 28.5 25 1
    endloop
  endfacet
  facet normal -0 0 1
    outer loop
      vertex 26.5 32 1
      vertex 28.5 30.5 1
      vertex 32 32 1
    endloop
  endfacet
  facet normal 0 0 1
    outer loop
      vertex 26.5 32 1
      vertex 27 28.5 1
      vertex 28.5 30.5 1
    endloop
  endfacet
  facet normal 0 0 1
    outer loop
      vertex 25 30 1
      vertex 26.5 32 1
      vertex 25 35.5 1
    endloop
  endfacet
  facet normal 0 0 1
    outer loop
      vertex 26.5 32 1
      vertex 25 30 1
      vertex 27 28.5 1
    endloop
  endfacet
  facet normal -0 0 1
    outer loop
      vertex 23.5 30 1
      vertex 27 28.5 1
      vertex 25 30 1
    endloop
  endfacet
  facet normal -0 0 1
    outer loop
      vertex 22 32 1
      vertex 23.5 30 1
      vertex 22 33.5 1
    endloop
  endfacet
  facet normal 0 0 1
    outer loop
      vertex 23.5 30 1
      vertex 21.5 28.5 1
      vertex 27 28.5 1
    endloop
  endfacet
  facet normal 0 0 1
    outer loop
      vertex 22 32 1
      vertex 21.5 28.5 1
      vertex 23.5 30 1
    endloop
  endfacet
  facet normal 0 0 1
    outer loop
      vertex 21.5 28.5 1
      vertex 20 30.5 1
      vertex 21.5 27 1
    endloop
  endfacet
  facet normal 0 0 1
    outer loop
      vertex 22 32 1
      vertex 20 30.5 1
      vertex 21.5 28.5 1
    endloop
  endfacet
  facet normal 0 0 1
    outer loop
      vertex 22 32 1
      vertex 18.5 30.5 1
      vertex 20 30.5 1
    endloop
  endfacet
  facet normal 0 0 1
    outer loop
      vertex 18.5 30.5 1
      vertex 17 28.5 1
      vertex 18.5 25 1
    endloop
  endfacet
  facet normal -0 0 1
    outer loop
      vertex 16.5 32 1
      vertex 18.5 30.5 1
      vertex 22 32 1
    endloop
  endfacet
  facet normal 0 0 1
    outer loop
      vertex 16.5 32 1
      vertex 17 28.5 1
      vertex 18.5 30.5 1
    endloop
  endfacet
  facet normal 0 0 1
    outer loop
      vertex 15 30 1
      vertex 16.5 32 1
      vertex 15 35.5 1
    endloop
  endfacet
  facet normal 0 0 1
    outer loop
      vertex 16.5 32 1
      vertex 15 30 1
      vertex 17 28.5 1
    endloop
  endfacet
  facet normal -0 0 1
    outer loop
      vertex 13.5 30 1
      vertex 17 28.5 1
      vertex 15 30 1
    endloop
  endfacet
  facet normal -0 0 1
    outer loop
      vertex 12 32 1
      vertex 13.5 30 1
      vertex 12 33.5 1
    endloop
  endfacet
  facet normal 0 0 1
    outer loop
      vertex 13.5 30 1
      vertex 11.5 28.5 1
      vertex 17 28.5 1
    endloop
  endfacet
  facet normal 0 0 1
    outer loop
      vertex 12 32 1
      vertex 11.5 28.5 1
      vertex 13.5 30 1
    endloop
  endfacet
  facet normal 0 0 1
    outer loop
      vertex 8.925 24.55 1
      vertex 11.5 27 1
      vertex 11.5 28.5 1
    endloop
  endfacet
  facet normal -0 0 1
    outer loop
      vertex 9 32 1
      vertex 11.5 28.5 1
      vertex 12 32 1
    endloop
  endfacet
  facet normal -0 0 1
    outer loop
      vertex 8.47142 23.154 1
      vertex 9.5 22 1
      vertex 9.5 23.5 1
    endloop
  endfacet
  facet normal 0 0 1
    outer loop
      vertex 11.5 28.5 1
      vertex 9 32 1
      vertex 8.925 24.55 1
    endloop
  endfacet
  facet normal 0 0 1
    outer loop
      vertex 11.5 27 1
      vertex 8.925 24.55 1
      vertex 9.5 23.5 1
    endloop
  endfacet
  facet normal -0 0 1
    outer loop
      vertex 8.91154 24.465 1
      vertex 9.5 23.5 1
      vertex 8.925 24.55 1
    endloop
  endfacet
  facet normal -0 0 1
    outer loop
      vertex 8.80876 23.8161 1
      vertex 9.5 23.5 1
      vertex 8.91154 24.465 1
    endloop
  endfacet
  facet normal -0 0 1
    outer loop
      vertex 8.7697 23.7394 1
      vertex 9.5 23.5 1
      vertex 8.80876 23.8161 1
    endloop
  endfacet
  facet normal 0 0 1
    outer loop
      vertex 8.47142 23.154 1
      vertex 9.5 23.5 1
      vertex 8.7697 23.7394 1
    endloop
  endfacet
  facet normal 0 0 1
    outer loop
      vertex 9.5 22 1
      vertex 8.47142 23.154 1
      vertex 8.41058 23.0932 1
    endloop
  endfacet
  facet normal 0 0 1
    outer loop
      vertex 9.5 22 1
      vertex 8.85683 17.1606 1
      vertex 9.32141 16.696 1
    endloop
  endfacet
  facet normal 0 0 1
    outer loop
      vertex 9.5 22 1
      vertex 8.79599 17.2214 1
      vertex 8.85683 17.1606 1
    endloop
  endfacet
  facet normal 0 0 1
    outer loop
      vertex 9.5 22 1
      vertex 8.41058 23.0932 1
      vertex 7.94599 22.6286 1
    endloop
  endfacet
  facet normal -0 0 1
    outer loop
      vertex 7.36058 22.3303 1
      vertex 9.5 22 1
      vertex 7.94599 22.6286 1
    endloop
  endfacet
  facet normal 0 0 1
    outer loop
      vertex 9.5 22 1
      vertex 8.21058 17.5197 1
      vertex 8.79599 17.2214 1
    endloop
  endfacet
  facet normal 0 0 1
    outer loop
      vertex 9.5 22 1
      vertex 8.13391 17.5588 1
      vertex 8.21058 17.5197 1
    endloop
  endfacet
  facet normal -0 0 1
    outer loop
      vertex 7.28391 22.2912 1
      vertex 9.5 22 1
      vertex 7.36058 22.3303 1
    endloop
  endfacet
  facet normal 0 -0 1
    outer loop
      vertex 7.48498 17.6615 1
      vertex 9.5 22 1
      vertex 7.28391 22.2912 1
    endloop
  endfacet
  facet normal 0 0 1
    outer loop
      vertex 9.5 22 1
      vertex 7.48498 17.6615 1
      vertex 8.13391 17.5588 1
    endloop
  endfacet
  facet normal 0 0 1
    outer loop
      vertex 7.48498 17.6615 1
      vertex 7.28391 22.2912 1
      vertex 7.4 17.675 1
    endloop
  endfacet
  facet normal -0 0 1
    outer loop
      vertex 7.19894 22.2778 1
      vertex 7.4 17.675 1
      vertex 7.28391 22.2912 1
    endloop
  endfacet
  facet normal -0 0 1
    outer loop
      vertex 6.55 22.175 1
      vertex 7.4 17.675 1
      vertex 7.19894 22.2778 1
    endloop
  endfacet
  facet normal 0 0 1
    outer loop
      vertex 7.4 17.675 1
      vertex 6.55 22.175 1
      vertex 7.31502 17.6615 1
    endloop
  endfacet
  facet normal 0 0 1
    outer loop
      vertex 7.31502 17.6615 1
      vertex 6.55 22.175 1
      vertex 6.66608 17.5588 1
    endloop
  endfacet
  facet normal 0 0 1
    outer loop
      vertex 5.90106 22.2778 1
      vertex 6.66608 17.5588 1
      vertex 6.55 22.175 1
    endloop
  endfacet
  facet normal 0 0 1
    outer loop
      vertex 5.81608 22.2912 1
      vertex 6.66608 17.5588 1
      vertex 5.90106 22.2778 1
    endloop
  endfacet
  facet normal 0 0 1
    outer loop
      vertex 6.66608 17.5588 1
      vertex 5.81608 22.2912 1
      vertex 6.08067 17.2605 1
    endloop
  endfacet
  facet normal 0 0 1
    outer loop
      vertex 6.08067 17.2605 1
      vertex 5.81608 22.2912 1
      vertex 6.00401 17.2214 1
    endloop
  endfacet
  facet normal 0 0 1
    outer loop
      vertex 5.73942 22.3303 1
      vertex 6.00401 17.2214 1
      vertex 5.81608 22.2912 1
    endloop
  endfacet
  facet normal 0 0 1
    outer loop
      vertex 5.15401 22.6286 1
      vertex 6.00401 17.2214 1
      vertex 5.73942 22.3303 1
    endloop
  endfacet
  facet normal 0 0 1
    outer loop
      vertex 6.00401 17.2214 1
      vertex 5.15401 22.6286 1
      vertex 5.94317 17.1606 1
    endloop
  endfacet
  facet normal 0 0 1
    outer loop
      vertex 5.94317 17.1606 1
      vertex 5.15401 22.6286 1
      vertex 5.47858 16.696 1
    endloop
  endfacet
  facet normal 0 0 1
    outer loop
      vertex 4.62858 23.154 1
      vertex 5.47858 16.696 1
      vertex 5.15401 22.6286 1
    endloop
  endfacet
  facet normal 0 0 1
    outer loop
      vertex 5.47858 16.696 1
      vertex 4.62858 23.154 1
      vertex 5.43952 16.6193 1
    endloop
  endfacet
  facet normal 0 0 1
    outer loop
      vertex 5.43952 16.6193 1
      vertex 4.62858 23.154 1
      vertex 5.14124 16.0339 1
    endloop
  endfacet
  facet normal 0 0 1
    outer loop
      vertex 4.13104 23.9496 1
      vertex 5.14124 16.0339 1
      vertex 4.62858 23.154 1
    endloop
  endfacet
  facet normal 0 0 1
    outer loop
      vertex 5.14124 16.0339 1
      vertex 4.79999 15 1
      vertex 5.03846 15.385 1
    endloop
  endfacet
  facet normal 0 0 1
    outer loop
      vertex 5.03846 15.215 1
      vertex 4.8294 14.9265 1
      vertex 4.83201 14.8933 1
    endloop
  endfacet
  facet normal 0 0 1
    outer loop
      vertex 5.14124 14.5661 1
      vertex 4.83201 14.8933 1
      vertex 4.92725 14.4966 1
    endloop
  endfacet
  facet normal 0 0 1
    outer loop
      vertex 5.03846 15.215 1
      vertex 4.79999 15 1
      vertex 4.8294 14.9265 1
    endloop
  endfacet
  facet normal 0 0 1
    outer loop
      vertex 5.03846 15.385 1
      vertex 4.79999 15 1
      vertex 5.025 15.3 1
    endloop
  endfacet
  facet normal 0 0 1
    outer loop
      vertex 4.13104 23.9496 1
      vertex 4.62858 23.154 1
      vertex 4.3303 23.7394 1
    endloop
  endfacet
  facet normal 0 0 1
    outer loop
      vertex 4.13104 23.9496 1
      vertex 4.3303 23.7394 1
      vertex 4.29124 23.8161 1
    endloop
  endfacet
  facet normal 0 0 1
    outer loop
      vertex 4.13104 23.9496 1
      vertex 4.29124 23.8161 1
      vertex 4.27778 23.9011 1
    endloop
  endfacet
  facet normal -0 0 1
    outer loop
      vertex 4.08078 24.1589 1
      vertex 4.27778 23.9011 1
      vertex 4.175 24.55 1
    endloop
  endfacet
  facet normal 0 0 1
    outer loop
      vertex 5.14124 16.0339 1
      vertex 4.13104 23.9496 1
      vertex 4.79999 15 1
    endloop
  endfacet
  facet normal 0 0 1
    outer loop
      vertex 62.5 27 1
      vertex 60 25 1
      vertex 60.5 23.5 1
    endloop
  endfacet
  facet normal -0 0 1
    outer loop
      vertex 58.5 25 1
      vertex 60.5 23.5 1
      vertex 60 25 1
    endloop
  endfacet
  facet normal -0 0 1
    outer loop
      vertex 57 27 1
      vertex 58.5 25 1
      vertex 57 28.5 1
    endloop
  endfacet
  facet normal 0 0 1
    outer loop
      vertex 58.5 25 1
      vertex 56.5 23.5 1
      vertex 60.5 23.5 1
    endloop
  endfacet
  facet normal 0 0 1
    outer loop
      vertex 57 27 1
      vertex 56.5 23.5 1
      vertex 58.5 25 1
    endloop
  endfacet
  facet normal 0 0 1
    outer loop
      vertex 55 20 1
      vertex 56.5 22 1
      vertex 56.5 23.5 1
    endloop
  endfacet
  facet normal 0 0 1
    outer loop
      vertex 57.5553 16.0835 1
      vertex 54.5 18.5 1
      vertex 56.7313 15.8857 1
    endloop
  endfacet
  facet normal -0 0 1
    outer loop
      vertex 55 25.5 1
      vertex 56.5 23.5 1
      vertex 57 27 1
    endloop
  endfacet
  facet normal 0 0 1
    outer loop
      vertex 56.5 23.5 1
      vertex 55 25.5 1
      vertex 55 20 1
    endloop
  endfacet
  facet normal 0 0 1
    outer loop
      vertex 57 27 1
      vertex 53.5 25.5 1
      vertex 55 25.5 1
    endloop
  endfacet
  facet normal 0 0 1
    outer loop
      vertex 53.5 25.5 1
      vertex 52 23.5 1
      vertex 53.5 20 1
    endloop
  endfacet
  facet normal -0 0 1
    outer loop
      vertex 51.5 27 1
      vertex 53.5 25.5 1
      vertex 57 27 1
    endloop
  endfacet
  facet normal 0 0 1
    outer loop
      vertex 51.5 27 1
      vertex 52 23.5 1
      vertex 53.5 25.5 1
    endloop
  endfacet
  facet normal 0 0 1
    outer loop
      vertex 50 25 1
      vertex 51.5 27 1
      vertex 50 30.5 1
    endloop
  endfacet
  facet normal 0 0 1
    outer loop
      vertex 51.5 27 1
      vertex 50 25 1
      vertex 52 23.5 1
    endloop
  endfacet
  facet normal -0 0 1
    outer loop
      vertex 48.5 25 1
      vertex 52 23.5 1
      vertex 50 25 1
    endloop
  endfacet
  facet normal -0 0 1
    outer loop
      vertex 47 27 1
      vertex 48.5 25 1
      vertex 47 28.5 1
    endloop
  endfacet
  facet normal 0 0 1
    outer loop
      vertex 48.5 25 1
      vertex 46.5 23.5 1
      vertex 52 23.5 1
    endloop
  endfacet
  facet normal 0 0 1
    outer loop
      vertex 47 27 1
      vertex 46.5 23.5 1
      vertex 48.5 25 1
    endloop
  endfacet
  facet normal 0 0 1
    outer loop
      vertex 46.5 23.5 1
      vertex 45 25.5 1
      vertex 46.5 22 1
    endloop
  endfacet
  facet normal 0 0 1
    outer loop
      vertex 47 27 1
      vertex 45 25.5 1
      vertex 46.5 23.5 1
    endloop
  endfacet
  facet normal 0 0 1
    outer loop
      vertex 47 27 1
      vertex 43.5 25.5 1
      vertex 45 25.5 1
    endloop
  endfacet
  facet normal 0 0 1
    outer loop
      vertex 43.5 25.5 1
      vertex 42 23.5 1
      vertex 43.5 20 1
    endloop
  endfacet
  facet normal -0 0 1
    outer loop
      vertex 41.5 27 1
      vertex 43.5 25.5 1
      vertex 47 27 1
    endloop
  endfacet
  facet normal 0 0 1
    outer loop
      vertex 41.5 27 1
      vertex 42 23.5 1
      vertex 43.5 25.5 1
    endloop
  endfacet
  facet normal 0 0 1
    outer loop
      vertex 40 25 1
      vertex 41.5 27 1
      vertex 40 30.5 1
    endloop
  endfacet
  facet normal 0 0 1
    outer loop
      vertex 41.5 27 1
      vertex 40 25 1
      vertex 42 23.5 1
    endloop
  endfacet
  facet normal -0 0 1
    outer loop
      vertex 38.5 25 1
      vertex 42 23.5 1
      vertex 40 25 1
    endloop
  endfacet
  facet normal -0 0 1
    outer loop
      vertex 37 27 1
      vertex 38.5 25 1
      vertex 37 28.5 1
    endloop
  endfacet
  facet normal 0 0 1
    outer loop
      vertex 38.5 25 1
      vertex 36.5 23.5 1
      vertex 42 23.5 1
    endloop
  endfacet
  facet normal 0 0 1
    outer loop
      vertex 37 27 1
      vertex 36.5 23.5 1
      vertex 38.5 25 1
    endloop
  endfacet
  facet normal 0 0 1
    outer loop
      vertex 36.5 23.5 1
      vertex 35 25.5 1
      vertex 36.5 22 1
    endloop
  endfacet
  facet normal 0 0 1
    outer loop
      vertex 37 27 1
      vertex 35 25.5 1
      vertex 36.5 23.5 1
    endloop
  endfacet
  facet normal 0 0 1
    outer loop
      vertex 37 27 1
      vertex 33.5 25.5 1
      vertex 35 25.5 1
    endloop
  endfacet
  facet normal 0 0 1
    outer loop
      vertex 33.5 25.5 1
      vertex 32 23.5 1
      vertex 33.5 20 1
    endloop
  endfacet
  facet normal -0 0 1
    outer loop
      vertex 31.5 27 1
      vertex 33.5 25.5 1
      vertex 37 27 1
    endloop
  endfacet
  facet normal 0 0 1
    outer loop
      vertex 31.5 27 1
      vertex 32 23.5 1
      vertex 33.5 25.5 1
    endloop
  endfacet
  facet normal 0 0 1
    outer loop
      vertex 30 25 1
      vertex 31.5 27 1
      vertex 30 30.5 1
    endloop
  endfacet
  facet normal 0 0 1
    outer loop
      vertex 31.5 27 1
      vertex 30 25 1
      vertex 32 23.5 1
    endloop
  endfacet
  facet normal -0 0 1
    outer loop
      vertex 28.5 25 1
      vertex 32 23.5 1
      vertex 30 25 1
    endloop
  endfacet
  facet normal -0 0 1
    outer loop
      vertex 27 27 1
      vertex 28.5 25 1
      vertex 27 28.5 1
    endloop
  endfacet
  facet normal 0 0 1
    outer loop
      vertex 28.5 25 1
      vertex 26.5 23.5 1
      vertex 32 23.5 1
    endloop
  endfacet
  facet normal 0 0 1
    outer loop
      vertex 27 27 1
      vertex 26.5 23.5 1
      vertex 28.5 25 1
    endloop
  endfacet
  facet normal 0 0 1
    outer loop
      vertex 26.5 23.5 1
      vertex 25 25.5 1
      vertex 26.5 22 1
    endloop
  endfacet
  facet normal 0 0 1
    outer loop
      vertex 27 27 1
      vertex 25 25.5 1
      vertex 26.5 23.5 1
    endloop
  endfacet
  facet normal 0 0 1
    outer loop
      vertex 27 27 1
      vertex 23.5 25.5 1
      vertex 25 25.5 1
    endloop
  endfacet
  facet normal 0 0 1
    outer loop
      vertex 23.5 25.5 1
      vertex 22 23.5 1
      vertex 23.5 20 1
    endloop
  endfacet
  facet normal -0 0 1
    outer loop
      vertex 21.5 27 1
      vertex 23.5 25.5 1
      vertex 27 27 1
    endloop
  endfacet
  facet normal 0 0 1
    outer loop
      vertex 21.5 27 1
      vertex 22 23.5 1
      vertex 23.5 25.5 1
    endloop
  endfacet
  facet normal 0 0 1
    outer loop
      vertex 20 25 1
      vertex 21.5 27 1
      vertex 20 30.5 1
    endloop
  endfacet
  facet normal 0 0 1
    outer loop
      vertex 21.5 27 1
      vertex 20 25 1
      vertex 22 23.5 1
    endloop
  endfacet
  facet normal -0 0 1
    outer loop
      vertex 18.5 25 1
      vertex 22 23.5 1
      vertex 20 25 1
    endloop
  endfacet
  facet normal -0 0 1
    outer loop
      vertex 17 27 1
      vertex 18.5 25 1
      vertex 17 28.5 1
    endloop
  endfacet
  facet normal 0 0 1
    outer loop
      vertex 18.5 25 1
      vertex 16.5 23.5 1
      vertex 22 23.5 1
    endloop
  endfacet
  facet normal 0 0 1
    outer loop
      vertex 17 27 1
      vertex 16.5 23.5 1
      vertex 18.5 25 1
    endloop
  endfacet
  facet normal 0 0 1
    outer loop
      vertex 16.5 23.5 1
      vertex 15 25.5 1
      vertex 16.5 22 1
    endloop
  endfacet
  facet normal 0 0 1
    outer loop
      vertex 17 27 1
      vertex 15 25.5 1
      vertex 16.5 23.5 1
    endloop
  endfacet
  facet normal 0 0 1
    outer loop
      vertex 17 27 1
      vertex 13.5 25.5 1
      vertex 15 25.5 1
    endloop
  endfacet
  facet normal 0 0 1
    outer loop
      vertex 13.5 25.5 1
      vertex 12 23.5 1
      vertex 13.5 20 1
    endloop
  endfacet
  facet normal -0 0 1
    outer loop
      vertex 11.5 27 1
      vertex 13.5 25.5 1
      vertex 17 27 1
    endloop
  endfacet
  facet normal 0 0 1
    outer loop
      vertex 11.5 27 1
      vertex 12 23.5 1
      vertex 13.5 25.5 1
    endloop
  endfacet
  facet normal 0 0 1
    outer loop
      vertex 12 23.5 1
      vertex 11.5 27 1
      vertex 9.5 23.5 1
    endloop
  endfacet
  facet normal -0 0 1
    outer loop
      vertex 54.5 17 1
      vertex 56.7313 15.8857 1
      vertex 54.5 18.5 1
    endloop
  endfacet
  facet normal 0 0 1
    outer loop
      vertex 55.9485 15.5614 1
      vertex 54.5 17 1
      vertex 55.226 15.1187 1
    endloop
  endfacet
  facet normal 0 0 1
    outer loop
      vertex 56.7313 15.8857 1
      vertex 54.5 17 1
      vertex 55.9485 15.5614 1
    endloop
  endfacet
  facet normal -0 0 1
    outer loop
      vertex 53.5 20 1
      vertex 54.5 18.5 1
      vertex 55 20 1
    endloop
  endfacet
  facet normal -0 0 1
    outer loop
      vertex 52 22 1
      vertex 53.5 20 1
      vertex 52 23.5 1
    endloop
  endfacet
  facet normal 0 0 1
    outer loop
      vertex 51.5 18.5 1
      vertex 53.5 20 1
      vertex 52 22 1
    endloop
  endfacet
  facet normal 0 0 1
    outer loop
      vertex 53.5 20 1
      vertex 51.5 18.5 1
      vertex 54.5 18.5 1
    endloop
  endfacet
  facet normal 0 0 1
    outer loop
      vertex 50 15 1
      vertex 51.5 17 1
      vertex 51.5 18.5 1
    endloop
  endfacet
  facet normal 0 -0 1
    outer loop
      vertex 51.1439 13.4088 1
      vertex 51.5 17 1
      vertex 50 15 1
    endloop
  endfacet
  facet normal 0 0 1
    outer loop
      vertex 51.5 17 1
      vertex 51.1439 13.4088 1
      vertex 51.2206 13.3697 1
    endloop
  endfacet
  facet normal 0 0 1
    outer loop
      vertex 51.1439 13.4088 1
      vertex 50 15 1
      vertex 51.0589 13.4222 1
    endloop
  endfacet
  facet normal -0 0 1
    outer loop
      vertex 50 20.5 1
      vertex 51.5 18.5 1
      vertex 52 22 1
    endloop
  endfacet
  facet normal 0 0 1
    outer loop
      vertex 51.5 18.5 1
      vertex 50 20.5 1
      vertex 50 15 1
    endloop
  endfacet
  facet normal 0 0 1
    outer loop
      vertex 52 22 1
      vertex 48.5 20.5 1
      vertex 50 20.5 1
    endloop
  endfacet
  facet normal -0 0 1
    outer loop
      vertex 47 17 1
      vertex 48.5 15 1
      vertex 48.5 20.5 1
    endloop
  endfacet
  facet normal -0 0 1
    outer loop
      vertex 45 15.5 1
      vertex 48.5 15 1
      vertex 47 17 1
    endloop
  endfacet
  facet normal 0 0 1
    outer loop
      vertex 45 13 1
      vertex 48.5 15 1
      vertex 45 15.5 1
    endloop
  endfacet
  facet normal 0 0 1
    outer loop
      vertex 48.5 15 1
      vertex 45 13 1
      vertex 48.4886 12.546 1
    endloop
  endfacet
  facet normal 0 0 1
    outer loop
      vertex 48.4886 12.546 1
      vertex 45 13 1
      vertex 48.1903 11.9606 1
    endloop
  endfacet
  facet normal 0 -0 1
    outer loop
      vertex 45.9543 10.4249 1
      vertex 48.1512 11.8839 1
      vertex 45 13 1
    endloop
  endfacet
  facet normal 0 0 1
    outer loop
      vertex 47 17 1
      vertex 48.5 20.5 1
      vertex 47 18.5 1
    endloop
  endfacet
  facet normal -0 0 1
    outer loop
      vertex 46.5 22 1
      vertex 48.5 20.5 1
      vertex 52 22 1
    endloop
  endfacet
  facet normal 0 0 1
    outer loop
      vertex 46.5 22 1
      vertex 47 18.5 1
      vertex 48.5 20.5 1
    endloop
  endfacet
  facet normal 0 0 1
    outer loop
      vertex 45 20 1
      vertex 46.5 22 1
      vertex 45 25.5 1
    endloop
  endfacet
  facet normal 0 0 1
    outer loop
      vertex 46.5 22 1
      vertex 45 20 1
      vertex 47 18.5 1
    endloop
  endfacet
  facet normal -0 0 1
    outer loop
      vertex 43.5 20 1
      vertex 47 18.5 1
      vertex 45 20 1
    endloop
  endfacet
  facet normal -0 0 1
    outer loop
      vertex 42 22 1
      vertex 43.5 20 1
      vertex 42 23.5 1
    endloop
  endfacet
  facet normal 0 0 1
    outer loop
      vertex 43.5 20 1
      vertex 41.5 18.5 1
      vertex 47 18.5 1
    endloop
  endfacet
  facet normal 0 0 1
    outer loop
      vertex 42 22 1
      vertex 41.5 18.5 1
      vertex 43.5 20 1
    endloop
  endfacet
  facet normal 0 0 1
    outer loop
      vertex 41.5 18.5 1
      vertex 40 20.5 1
      vertex 41.5 17 1
    endloop
  endfacet
  facet normal 0 0 1
    outer loop
      vertex 42 22 1
      vertex 40 20.5 1
      vertex 41.5 18.5 1
    endloop
  endfacet
  facet normal 0 0 1
    outer loop
      vertex 42 22 1
      vertex 38.5 20.5 1
      vertex 40 20.5 1
    endloop
  endfacet
  facet normal 0 0 1
    outer loop
      vertex 38.5 20.5 1
      vertex 37 18.5 1
      vertex 38.5 15 1
    endloop
  endfacet
  facet normal -0 0 1
    outer loop
      vertex 36.5 22 1
      vertex 38.5 20.5 1
      vertex 42 22 1
    endloop
  endfacet
  facet normal 0 0 1
    outer loop
      vertex 36.5 22 1
      vertex 37 18.5 1
      vertex 38.5 20.5 1
    endloop
  endfacet
  facet normal 0 0 1
    outer loop
      vertex 35 20 1
      vertex 36.5 22 1
      vertex 35 25.5 1
    endloop
  endfacet
  facet normal 0 0 1
    outer loop
      vertex 36.5 22 1
      vertex 35 20 1
      vertex 37 18.5 1
    endloop
  endfacet
  facet normal -0 0 1
    outer loop
      vertex 33.5 20 1
      vertex 37 18.5 1
      vertex 35 20 1
    endloop
  endfacet
  facet normal -0 0 1
    outer loop
      vertex 32 22 1
      vertex 33.5 20 1
      vertex 32 23.5 1
    endloop
  endfacet
  facet normal 0 0 1
    outer loop
      vertex 33.5 20 1
      vertex 31.5 18.5 1
      vertex 37 18.5 1
    endloop
  endfacet
  facet normal 0 0 1
    outer loop
      vertex 32 22 1
      vertex 31.5 18.5 1
      vertex 33.5 20 1
    endloop
  endfacet
  facet normal 0 0 1
    outer loop
      vertex 31.5 18.5 1
      vertex 30 20.5 1
      vertex 31.5 17 1
    endloop
  endfacet
  facet normal 0 0 1
    outer loop
      vertex 32 22 1
      vertex 30 20.5 1
      vertex 31.5 18.5 1
    endloop
  endfacet
  facet normal 0 0 1
    outer loop
      vertex 32 22 1
      vertex 28.5 20.5 1
      vertex 30 20.5 1
    endloop
  endfacet
  facet normal 0 0 1
    outer loop
      vertex 28.5 20.5 1
      vertex 27 18.5 1
      vertex 28.5 15 1
    endloop
  endfacet
  facet normal -0 0 1
    outer loop
      vertex 26.5 22 1
      vertex 28.5 20.5 1
      vertex 32 22 1
    endloop
  endfacet
  facet normal 0 0 1
    outer loop
      vertex 26.5 22 1
      vertex 27 18.5 1
      vertex 28.5 20.5 1
    endloop
  endfacet
  facet normal 0 0 1
    outer loop
      vertex 25 20 1
      vertex 26.5 22 1
      vertex 25 25.5 1
    endloop
  endfacet
  facet normal 0 0 1
    outer loop
      vertex 26.5 22 1
      vertex 25 20 1
      vertex 27 18.5 1
    endloop
  endfacet
  facet normal -0 0 1
    outer loop
      vertex 23.5 20 1
      vertex 27 18.5 1
      vertex 25 20 1
    endloop
  endfacet
  facet normal -0 0 1
    outer loop
      vertex 22 22 1
      vertex 23.5 20 1
      vertex 22 23.5 1
    endloop
  endfacet
  facet normal 0 0 1
    outer loop
      vertex 23.5 20 1
      vertex 21.5 18.5 1
      vertex 27 18.5 1
    endloop
  endfacet
  facet normal 0 0 1
    outer loop
      vertex 22 22 1
      vertex 21.5 18.5 1
      vertex 23.5 20 1
    endloop
  endfacet
  facet normal 0 0 1
    outer loop
      vertex 21.5 18.5 1
      vertex 20 20.5 1
      vertex 21.5 17 1
    endloop
  endfacet
  facet normal 0 0 1
    outer loop
      vertex 22 22 1
      vertex 20 20.5 1
      vertex 21.5 18.5 1
    endloop
  endfacet
  facet normal 0 0 1
    outer loop
      vertex 22 22 1
      vertex 18.5 20.5 1
      vertex 20 20.5 1
    endloop
  endfacet
  facet normal 0 0 1
    outer loop
      vertex 18.5 20.5 1
      vertex 17 18.5 1
      vertex 18.5 15 1
    endloop
  endfacet
  facet normal -0 0 1
    outer loop
      vertex 16.5 22 1
      vertex 18.5 20.5 1
      vertex 22 22 1
    endloop
  endfacet
  facet normal 0 0 1
    outer loop
      vertex 16.5 22 1
      vertex 17 18.5 1
      vertex 18.5 20.5 1
    endloop
  endfacet
  facet normal 0 0 1
    outer loop
      vertex 15 20 1
      vertex 16.5 22 1
      vertex 15 25.5 1
    endloop
  endfacet
  facet normal 0 0 1
    outer loop
      vertex 16.5 22 1
      vertex 15 20 1
      vertex 17 18.5 1
    endloop
  endfacet
  facet normal -0 0 1
    outer loop
      vertex 13.5 20 1
      vertex 17 18.5 1
      vertex 15 20 1
    endloop
  endfacet
  facet normal -0 0 1
    outer loop
      vertex 12 22 1
      vertex 13.5 20 1
      vertex 12 23.5 1
    endloop
  endfacet
  facet normal 0 0 1
    outer loop
      vertex 13.5 20 1
      vertex 11.5 18.5 1
      vertex 17 18.5 1
    endloop
  endfacet
  facet normal 0 0 1
    outer loop
      vertex 12 22 1
      vertex 11.5 18.5 1
      vertex 13.5 20 1
    endloop
  endfacet
  facet normal 0 0 1
    outer loop
      vertex 9.32141 16.696 1
      vertex 11.5 17 1
      vertex 11.5 18.5 1
    endloop
  endfacet
  facet normal 0 0 1
    outer loop
      vertex 9.67222 14.6511 1
      vertex 11.5 17 1
      vertex 9.775 15.3 1
    endloop
  endfacet
  facet normal 0 0 1
    outer loop
      vertex 9.65876 14.5661 1
      vertex 13.5 15.5 1
      vertex 9.67222 14.6511 1
    endloop
  endfacet
  facet normal 0 0 1
    outer loop
      vertex 13.5 15.5 1
      vertex 11.1839 10.1588 1
      vertex 11.2606 10.1197 1
    endloop
  endfacet
  facet normal 0 0 1
    outer loop
      vertex 9.6197 14.4894 1
      vertex 13.5 15.5 1
      vertex 9.65876 14.5661 1
    endloop
  endfacet
  facet normal -0 0 1
    outer loop
      vertex 9.5 22 1
      vertex 11.5 18.5 1
      vertex 12 22 1
    endloop
  endfacet
  facet normal 0 0 1
    outer loop
      vertex 13.5 15.5 1
      vertex 9.6197 14.4894 1
      vertex 11.1839 10.1588 1
    endloop
  endfacet
  facet normal 0 0 1
    outer loop
      vertex 11.5 17 1
      vertex 9.67222 15.9489 1
      vertex 9.775 15.3 1
    endloop
  endfacet
  facet normal 0 0 1
    outer loop
      vertex 11.5 17 1
      vertex 9.65876 16.0339 1
      vertex 9.67222 15.9489 1
    endloop
  endfacet
  facet normal 0 0 1
    outer loop
      vertex 11.5 17 1
      vertex 9.6197 16.1106 1
      vertex 9.65876 16.0339 1
    endloop
  endfacet
  facet normal 0 0 1
    outer loop
      vertex 11.5 18.5 1
      vertex 9.5 22 1
      vertex 9.32141 16.696 1
    endloop
  endfacet
  facet normal 0 0 1
    outer loop
      vertex 11.5 17 1
      vertex 9.32141 16.696 1
      vertex 9.6197 16.1106 1
    endloop
  endfacet
  facet normal 0 0 1
    outer loop
      vertex 55.226 15.1187 1
      vertex 54.5 17 1
      vertex 54.5816 14.5684 1
    endloop
  endfacet
  facet normal -0 0 1
    outer loop
      vertex 51.5 17 1
      vertex 54.5816 14.5684 1
      vertex 54.5 17 1
    endloop
  endfacet
  facet normal 0 0 1
    outer loop
      vertex 54.5816 14.5684 1
      vertex 51.5 17 1
      vertex 54.0313 13.924 1
    endloop
  endfacet
  facet normal 0 0 1
    outer loop
      vertex 51.2206 13.3697 1
      vertex 54.0313 13.924 1
      vertex 51.5 17 1
    endloop
  endfacet
  facet normal -0 0 1
    outer loop
      vertex 52.785 11.15 1
      vertex 53.0281 11.1065 1
      vertex 53.0665 11.5947 1
    endloop
  endfacet
  facet normal 0 0 1
    outer loop
      vertex 52.785 11.15 1
      vertex 52.978 10.7433 1
      vertex 53.0057 11.0954 1
    endloop
  endfacet
  facet normal 0 0 1
    outer loop
      vertex 53.0281 11.1065 1
      vertex 52.785 11.15 1
      vertex 53.0057 11.0954 1
    endloop
  endfacet
  facet normal 0 0 1
    outer loop
      vertex 52.978 10.7433 1
      vertex 52.785 11.15 1
      vertex 52.6822 10.5011 1
    endloop
  endfacet
  facet normal -0 0 1
    outer loop
      vertex 52.6688 11.8839 1
      vertex 53.0665 11.5947 1
      vertex 53.2643 12.4187 1
    endloop
  endfacet
  facet normal 0 -0 1
    outer loop
      vertex 52.3314 12.546 1
      vertex 53.5886 13.2015 1
      vertex 51.806 13.0714 1
    endloop
  endfacet
  facet normal 0 0 1
    outer loop
      vertex 53.0665 11.5947 1
      vertex 52.6822 11.7989 1
      vertex 52.785 11.15 1
    endloop
  endfacet
  facet normal 0 0 1
    outer loop
      vertex 53.0665 11.5947 1
      vertex 52.6688 11.8839 1
      vertex 52.6822 11.7989 1
    endloop
  endfacet
  facet normal 0 0 1
    outer loop
      vertex 53.2643 12.4187 1
      vertex 52.6297 11.9606 1
      vertex 52.6688 11.8839 1
    endloop
  endfacet
  facet normal 0 0 1
    outer loop
      vertex 53.2643 12.4187 1
      vertex 52.3314 12.546 1
      vertex 52.6297 11.9606 1
    endloop
  endfacet
  facet normal 0 0 1
    outer loop
      vertex 53.5886 13.2015 1
      vertex 52.3314 12.546 1
      vertex 53.2643 12.4187 1
    endloop
  endfacet
  facet normal 0 0 1
    outer loop
      vertex 54.0313 13.924 1
      vertex 51.806 13.0714 1
      vertex 53.5886 13.2015 1
    endloop
  endfacet
  facet normal 0 0 1
    outer loop
      vertex 54.0313 13.924 1
      vertex 51.2206 13.3697 1
      vertex 51.806 13.0714 1
    endloop
  endfacet
  facet normal 0 0 1
    outer loop
      vertex 52.978 10.7433 1
      vertex 52.6822 10.5011 1
      vertex 52.8827 10.3466 1
    endloop
  endfacet
  facet normal -0 0 1
    outer loop
      vertex 52.6688 10.4161 1
      vertex 52.8827 10.3466 1
      vertex 52.6822 10.5011 1
    endloop
  endfacet
  facet normal 0 0 1
    outer loop
      vertex 52.8827 10.3466 1
      vertex 52.6688 10.4161 1
      vertex 52.7266 9.96962 1
    endloop
  endfacet
  facet normal 0 0 1
    outer loop
      vertex 52.3705 9.83067 1
      vertex 52.7266 9.96962 1
      vertex 52.6688 10.4161 1
    endloop
  endfacet
  facet normal 0 0 1
    outer loop
      vertex 52.7266 9.96962 1
      vertex 52.3705 9.83067 1
      vertex 52.5134 9.62176 1
    endloop
  endfacet
  facet normal -0 0 1
    outer loop
      vertex 52.3314 9.75401 1
      vertex 52.5134 9.62176 1
      vertex 52.3705 9.83067 1
    endloop
  endfacet
  facet normal 0 0 1
    outer loop
      vertex 52.3314 9.75401 1
      vertex 52.2485 9.31152 1
      vertex 52.5134 9.62176 1
    endloop
  endfacet
  facet normal 0 0 1
    outer loop
      vertex 51.806 9.22858 1
      vertex 52.2485 9.31152 1
      vertex 52.3314 9.75401 1
    endloop
  endfacet
  facet normal 0 0 1
    outer loop
      vertex 52.2485 9.31152 1
      vertex 51.806 9.22858 1
      vertex 51.9382 9.04656 1
    endloop
  endfacet
  facet normal -0 0 1
    outer loop
      vertex 51.7293 9.18952 1
      vertex 51.9382 9.04656 1
      vertex 51.806 9.22858 1
    endloop
  endfacet
  facet normal 0 0 1
    outer loop
      vertex 51.7293 9.18952 1
      vertex 51.5904 8.83338 1
      vertex 51.9382 9.04656 1
    endloop
  endfacet
  facet normal -0 0 1
    outer loop
      vertex 51.1439 8.89124 1
      vertex 51.5904 8.83338 1
      vertex 51.7293 9.18952 1
    endloop
  endfacet
  facet normal 0 0 1
    outer loop
      vertex 51.5904 8.83338 1
      vertex 51.1439 8.89124 1
      vertex 51.2134 8.67725 1
    endloop
  endfacet
  facet normal 0 0 1
    outer loop
      vertex 51.1439 8.89124 1
      vertex 50.8167 8.58201 1
      vertex 51.2134 8.67725 1
    endloop
  endfacet
  facet normal -0 0 1
    outer loop
      vertex 50.495 8.78846 1
      vertex 50.8167 8.58201 1
      vertex 51.1439 8.89124 1
    endloop
  endfacet
  facet normal 0 0 1
    outer loop
      vertex 50.41 8.55 1
      vertex 50.495 8.78846 1
      vertex 50.41 8.775 1
    endloop
  endfacet
  facet normal 0 0 1
    outer loop
      vertex 50.495 8.78846 1
      vertex 50.41 8.55 1
      vertex 50.8167 8.58201 1
    endloop
  endfacet
  facet normal 0 0 1
    outer loop
      vertex 50.325 8.78846 1
      vertex 50.41 8.55 1
      vertex 50.41 8.775 1
    endloop
  endfacet
  facet normal 0 0 1
    outer loop
      vertex 50.325 8.78846 1
      vertex 50.0033 8.58201 1
      vertex 50.41 8.55 1
    endloop
  endfacet
  facet normal 0 0 1
    outer loop
      vertex 49.6761 8.89124 1
      vertex 50.0033 8.58201 1
      vertex 50.325 8.78846 1
    endloop
  endfacet
  facet normal 0 0 1
    outer loop
      vertex 49.6761 8.89124 1
      vertex 49.6066 8.67725 1
      vertex 50.0033 8.58201 1
    endloop
  endfacet
  facet normal 0 0 1
    outer loop
      vertex 49.6761 8.89124 1
      vertex 49.2296 8.83338 1
      vertex 49.6066 8.67725 1
    endloop
  endfacet
  facet normal 0 0 1
    outer loop
      vertex 49.0907 9.18952 1
      vertex 49.2296 8.83338 1
      vertex 49.6761 8.89124 1
    endloop
  endfacet
  facet normal 0 0 1
    outer loop
      vertex 49.0907 9.18952 1
      vertex 49.0285 8.95662 1
      vertex 49.2296 8.83338 1
    endloop
  endfacet
  facet normal 0 0 1
    outer loop
      vertex 49.014 9.22858 1
      vertex 49.0285 8.95662 1
      vertex 49.0907 9.18952 1
    endloop
  endfacet
  facet normal 0 0 1
    outer loop
      vertex 49.014 9.22858 1
      vertex 48.5855 9.335 1
      vertex 49.0285 8.95662 1
    endloop
  endfacet
  facet normal 0 0 1
    outer loop
      vertex 48.5494 9.69317 1
      vertex 48.5855 9.335 1
      vertex 49.014 9.22858 1
    endloop
  endfacet
  facet normal 0 0 1
    outer loop
      vertex 48.4886 9.75401 1
      vertex 48.5855 9.335 1
      vertex 48.5494 9.69317 1
    endloop
  endfacet
  facet normal 0 0 1
    outer loop
      vertex 47.7693 9.83514 1
      vertex 48.4886 9.75401 1
      vertex 48.4495 9.83067 1
    endloop
  endfacet
  facet normal -0 0 1
    outer loop
      vertex 47.7693 9.83514 1
      vertex 48.4495 9.83067 1
      vertex 48.1512 10.4161 1
    endloop
  endfacet
  facet normal 0 0 1
    outer loop
      vertex 48.4886 9.75401 1
      vertex 47.7693 9.83514 1
      vertex 48.5855 9.335 1
    endloop
  endfacet
  facet normal 0 0 1
    outer loop
      vertex 48.0485 11.065 1
      vertex 47.7693 9.83514 1
      vertex 48.1512 10.4161 1
    endloop
  endfacet
  facet normal 0 0 1
    outer loop
      vertex 47.7693 9.83514 1
      vertex 48.0485 11.065 1
      vertex 48.035 11.15 1
    endloop
  endfacet
  facet normal 0 0 1
    outer loop
      vertex 51.0589 13.4222 1
      vertex 50 15 1
      vertex 50.41 13.525 1
    endloop
  endfacet
  facet normal 0 0 1
    outer loop
      vertex 50 15 1
      vertex 49.7611 13.4222 1
      vertex 50.41 13.525 1
    endloop
  endfacet
  facet normal 0 0 1
    outer loop
      vertex 50 15 1
      vertex 49.6761 13.4088 1
      vertex 49.7611 13.4222 1
    endloop
  endfacet
  facet normal -0 0 1
    outer loop
      vertex 48.5 15 1
      vertex 49.6761 13.4088 1
      vertex 50 15 1
    endloop
  endfacet
  facet normal 0 0 1
    outer loop
      vertex 49.6761 13.4088 1
      vertex 48.5 15 1
      vertex 49.5994 13.3697 1
    endloop
  endfacet
  facet normal 0 0 1
    outer loop
      vertex 49.5994 13.3697 1
      vertex 48.5 15 1
      vertex 49.014 13.0714 1
    endloop
  endfacet
  facet normal 0 0 1
    outer loop
      vertex 49.014 13.0714 1
      vertex 48.5 15 1
      vertex 48.5494 12.6068 1
    endloop
  endfacet
  facet normal 0 0 1
    outer loop
      vertex 48.5494 12.6068 1
      vertex 48.5 15 1
      vertex 48.4886 12.546 1
    endloop
  endfacet
  facet normal 0 0 1
    outer loop
      vertex 48.1512 11.8839 1
      vertex 45.9543 10.4249 1
      vertex 48.0485 11.235 1
    endloop
  endfacet
  facet normal 0 -0 1
    outer loop
      vertex 46.885 10.2014 1
      vertex 48.0485 11.235 1
      vertex 45.9543 10.4249 1
    endloop
  endfacet
  facet normal 0 0 1
    outer loop
      vertex 48.035 11.15 1
      vertex 46.885 10.2014 1
      vertex 47.7693 9.83514 1
    endloop
  endfacet
  facet normal 0 0 1
    outer loop
      vertex 48.1903 11.9606 1
      vertex 45 13 1
      vertex 48.1512 11.8839 1
    endloop
  endfacet
  facet normal 0 0 1
    outer loop
      vertex 47 17 1
      vertex 43.5 15.5 1
      vertex 45 15.5 1
    endloop
  endfacet
  facet normal -0 0 1
    outer loop
      vertex 42 13.5 1
      vertex 43.5 13 1
      vertex 43.5 15.5 1
    endloop
  endfacet
  facet normal 0 0 1
    outer loop
      vertex 43.5 13 1
      vertex 42 12 1
      vertex 43.115 10.2014 1
    endloop
  endfacet
  facet normal 0 0 1
    outer loop
      vertex 43.5 13 1
      vertex 42 13.5 1
      vertex 42 12 1
    endloop
  endfacet
  facet normal -0 0 1
    outer loop
      vertex 41.5 17 1
      vertex 43.5 15.5 1
      vertex 47 17 1
    endloop
  endfacet
  facet normal 0 0 1
    outer loop
      vertex 41.5 17 1
      vertex 42 13.5 1
      vertex 43.5 15.5 1
    endloop
  endfacet
  facet normal 0 0 1
    outer loop
      vertex 40 15 1
      vertex 41.5 17 1
      vertex 40 20.5 1
    endloop
  endfacet
  facet normal 0 0 1
    outer loop
      vertex 41.5 17 1
      vertex 40 15 1
      vertex 42 13.5 1
    endloop
  endfacet
  facet normal -0 0 1
    outer loop
      vertex 38.5 15 1
      vertex 42 13.5 1
      vertex 40 15 1
    endloop
  endfacet
  facet normal -0 0 1
    outer loop
      vertex 37 17 1
      vertex 38.5 15 1
      vertex 37 18.5 1
    endloop
  endfacet
  facet normal 0 0 1
    outer loop
      vertex 38.5 15 1
      vertex 36.5 13.5 1
      vertex 42 13.5 1
    endloop
  endfacet
  facet normal 0 0 1
    outer loop
      vertex 37 17 1
      vertex 36.5 13.5 1
      vertex 38.5 15 1
    endloop
  endfacet
  facet normal 0 0 1
    outer loop
      vertex 35 10 1
      vertex 36.5 12 1
      vertex 36.5 13.5 1
    endloop
  endfacet
  facet normal 0 0 1
    outer loop
      vertex 36.5 12 1
      vertex 35 10 1
      vertex 36.42 7.825 1
    endloop
  endfacet
  facet normal 0 0 1
    outer loop
      vertex 36.42 7.825 1
      vertex 35 10 1
      vertex 36.335 7.81154 1
    endloop
  endfacet
  facet normal 0 0 1
    outer loop
      vertex 36.335 7.81154 1
      vertex 35 10 1
      vertex 35.6861 7.70876 1
    endloop
  endfacet
  facet normal -0 0 1
    outer loop
      vertex 35 15.5 1
      vertex 36.5 13.5 1
      vertex 37 17 1
    endloop
  endfacet
  facet normal 0 0 1
    outer loop
      vertex 35.6861 7.70876 1
      vertex 35 10 1
      vertex 35.6094 7.6697 1
    endloop
  endfacet
  facet normal 0 0 1
    outer loop
      vertex 36.5 13.5 1
      vertex 35 15.5 1
      vertex 35 10 1
    endloop
  endfacet
  facet normal 0 0 1
    outer loop
      vertex 37 17 1
      vertex 33.5 15.5 1
      vertex 35 15.5 1
    endloop
  endfacet
  facet normal -0 0 1
    outer loop
      vertex 32 13.5 1
      vertex 33.5 10 1
      vertex 33.5 15.5 1
    endloop
  endfacet
  facet normal -0 0 1
    outer loop
      vertex 32 12 1
      vertex 33.5 10 1
      vertex 32 13.5 1
    endloop
  endfacet
  facet normal 0 0 1
    outer loop
      vertex 33.5 10 1
      vertex 32.6285 5.35694 1
      vertex 33.4179 4.8732 1
    endloop
  endfacet
  facet normal -0 0 1
    outer loop
      vertex 31.5 17 1
      vertex 33.5 15.5 1
      vertex 37 17 1
    endloop
  endfacet
  facet normal 0 0 1
    outer loop
      vertex 31.5 17 1
      vertex 32 13.5 1
      vertex 33.5 15.5 1
    endloop
  endfacet
  facet normal 0 0 1
    outer loop
      vertex 30 15 1
      vertex 31.5 17 1
      vertex 30 20.5 1
    endloop
  endfacet
  facet normal 0 0 1
    outer loop
      vertex 31.5 17 1
      vertex 30 15 1
      vertex 32 13.5 1
    endloop
  endfacet
  facet normal -0 0 1
    outer loop
      vertex 28.5 15 1
      vertex 32 13.5 1
      vertex 30 15 1
    endloop
  endfacet
  facet normal -0 0 1
    outer loop
      vertex 27 17 1
      vertex 28.5 15 1
      vertex 27 18.5 1
    endloop
  endfacet
  facet normal 0 0 1
    outer loop
      vertex 28.5 15 1
      vertex 26.5 13.5 1
      vertex 32 13.5 1
    endloop
  endfacet
  facet normal 0 0 1
    outer loop
      vertex 27 17 1
      vertex 26.5 13.5 1
      vertex 28.5 15 1
    endloop
  endfacet
  facet normal 0 0 1
    outer loop
      vertex 25 15.5 1
      vertex 26.5 12 1
      vertex 26.5 13.5 1
    endloop
  endfacet
  facet normal -0 0 1
    outer loop
      vertex 24.3514 5.49599 1
      vertex 27.2715 5.35694 1
      vertex 25 10 1
    endloop
  endfacet
  facet normal 0 0 1
    outer loop
      vertex 27.2715 5.35694 1
      vertex 24.3514 5.49599 1
      vertex 26.4821 4.8732 1
    endloop
  endfacet
  facet normal 0 0 1
    outer loop
      vertex 25 10 1
      vertex 26.5 12 1
      vertex 25 15.5 1
    endloop
  endfacet
  facet normal 0 0 1
    outer loop
      vertex 27 17 1
      vertex 25 15.5 1
      vertex 26.5 13.5 1
    endloop
  endfacet
  facet normal 0 0 1
    outer loop
      vertex 27 17 1
      vertex 23.5 15.5 1
      vertex 25 15.5 1
    endloop
  endfacet
  facet normal -0 0 1
    outer loop
      vertex 22 13.5 1
      vertex 23.5 10 1
      vertex 23.5 15.5 1
    endloop
  endfacet
  facet normal -0 0 1
    outer loop
      vertex 22 12 1
      vertex 23.5 10 1
      vertex 22 13.5 1
    endloop
  endfacet
  facet normal 0 0 1
    outer loop
      vertex 23.5 10 1
      vertex 22.515 6.46154 1
      vertex 23.1639 6.35876 1
    endloop
  endfacet
  facet normal 0 0 1
    outer loop
      vertex 23.5 10 1
      vertex 22.43 6.475 1
      vertex 22.515 6.46154 1
    endloop
  endfacet
  facet normal 0 0 1
    outer loop
      vertex 23.5 10 1
      vertex 22.345 6.46154 1
      vertex 22.43 6.475 1
    endloop
  endfacet
  facet normal -0 0 1
    outer loop
      vertex 21.5 17 1
      vertex 23.5 15.5 1
      vertex 27 17 1
    endloop
  endfacet
  facet normal 0 0 1
    outer loop
      vertex 21.5 17 1
      vertex 22 13.5 1
      vertex 23.5 15.5 1
    endloop
  endfacet
  facet normal 0 0 1
    outer loop
      vertex 20 15 1
      vertex 21.5 17 1
      vertex 20 20.5 1
    endloop
  endfacet
  facet normal 0 0 1
    outer loop
      vertex 21.5 17 1
      vertex 20 15 1
      vertex 22 13.5 1
    endloop
  endfacet
  facet normal -0 0 1
    outer loop
      vertex 18.5 15 1
      vertex 22 13.5 1
      vertex 20 15 1
    endloop
  endfacet
  facet normal -0 0 1
    outer loop
      vertex 17 17 1
      vertex 18.5 15 1
      vertex 17 18.5 1
    endloop
  endfacet
  facet normal 0 0 1
    outer loop
      vertex 18.5 15 1
      vertex 16.5 13.5 1
      vertex 22 13.5 1
    endloop
  endfacet
  facet normal 0 0 1
    outer loop
      vertex 17 17 1
      vertex 16.5 13.5 1
      vertex 18.5 15 1
    endloop
  endfacet
  facet normal 0 0 1
    outer loop
      vertex 15 15.5 1
      vertex 16.5 12 1
      vertex 16.5 13.5 1
    endloop
  endfacet
  facet normal 0 0 1
    outer loop
      vertex 18.5 8 1
      vertex 16.3631 5.75739 1
      vertex 17.3779 5.33704 1
    endloop
  endfacet
  facet normal -0 0 1
    outer loop
      vertex 15 15.5 1
      vertex 16.5 13.5 1
      vertex 17 17 1
    endloop
  endfacet
  facet normal 0 0 1
    outer loop
      vertex 15 10 1
      vertex 16.5 12 1
      vertex 15 15.5 1
    endloop
  endfacet
  facet normal 0 0 1
    outer loop
      vertex 17 17 1
      vertex 13.5 15.5 1
      vertex 15 15.5 1
    endloop
  endfacet
  facet normal -0 0 1
    outer loop
      vertex 11.2606 10.1197 1
      vertex 13.5 10 1
      vertex 13.5 15.5 1
    endloop
  endfacet
  facet normal -0 0 1
    outer loop
      vertex 12.8115 7.81502 1
      vertex 14.2 6.1 1
      vertex 12.825 7.9 1
    endloop
  endfacet
  facet normal 0 0 1
    outer loop
      vertex 15 10 1
      vertex 12.8115 7.98498 1
      vertex 12.825 7.9 1
    endloop
  endfacet
  facet normal 0 0 1
    outer loop
      vertex 15 10 1
      vertex 12.7088 8.63391 1
      vertex 12.8115 7.98498 1
    endloop
  endfacet
  facet normal 0 0 1
    outer loop
      vertex 13.5 10 1
      vertex 12.6697 8.71058 1
      vertex 12.7088 8.63391 1
    endloop
  endfacet
  facet normal 0 0 1
    outer loop
      vertex 13.5 10 1
      vertex 12.3714 9.29599 1
      vertex 12.6697 8.71058 1
    endloop
  endfacet
  facet normal 0 0 1
    outer loop
      vertex 13.5 10 1
      vertex 11.846 9.82141 1
      vertex 12.3714 9.29599 1
    endloop
  endfacet
  facet normal -0 0 1
    outer loop
      vertex 11.5 17 1
      vertex 13.5 15.5 1
      vertex 17 17 1
    endloop
  endfacet
  facet normal 0 0 1
    outer loop
      vertex 9.67222 14.6511 1
      vertex 13.5 15.5 1
      vertex 11.5 17 1
    endloop
  endfacet
  facet normal 0 0 1
    outer loop
      vertex 13.5 10 1
      vertex 11.2606 10.1197 1
      vertex 11.846 9.82141 1
    endloop
  endfacet
  facet normal 0 0 1
    outer loop
      vertex 48.0485 11.235 1
      vertex 46.885 10.2014 1
      vertex 48.035 11.15 1
    endloop
  endfacet
  facet normal 0 0 1
    outer loop
      vertex 45 13 1
      vertex 45 10.5 1
      vertex 45.9543 10.4249 1
    endloop
  endfacet
  facet normal 0 0 1
    outer loop
      vertex 45 13 1
      vertex 44.0457 10.4249 1
      vertex 45 10.5 1
    endloop
  endfacet
  facet normal -0 0 1
    outer loop
      vertex 43.5 13 1
      vertex 44.0457 10.4249 1
      vertex 45 13 1
    endloop
  endfacet
  facet normal 0 0 1
    outer loop
      vertex 44.0457 10.4249 1
      vertex 43.5 13 1
      vertex 43.115 10.2014 1
    endloop
  endfacet
  facet normal 0 0 1
    outer loop
      vertex 43.115 10.2014 1
      vertex 42 12 1
      vertex 42.2307 9.83514 1
    endloop
  endfacet
  facet normal 0 0 1
    outer loop
      vertex 42 12 1
      vertex 41.4145 9.335 1
      vertex 42.2307 9.83514 1
    endloop
  endfacet
  facet normal -0 0 1
    outer loop
      vertex 36.5 12 1
      vertex 41.4145 9.335 1
      vertex 42 12 1
    endloop
  endfacet
  facet normal 0 0 1
    outer loop
      vertex 41.4145 9.335 1
      vertex 36.5 12 1
      vertex 40.6866 8.71335 1
    endloop
  endfacet
  facet normal 0 -0 1
    outer loop
      vertex 37.1539 7.70876 1
      vertex 40.6866 8.71335 1
      vertex 36.5 12 1
    endloop
  endfacet
  facet normal 0 0 1
    outer loop
      vertex 38.6922 4.80106 1
      vertex 38.9324 4.81174 1
      vertex 38.9751 5.35425 1
    endloop
  endfacet
  facet normal 0 0 1
    outer loop
      vertex 38.6922 4.80106 1
      vertex 38.9751 5.35425 1
      vertex 38.795 5.45 1
    endloop
  endfacet
  facet normal 0 0 1
    outer loop
      vertex 39.1986 6.285 1
      vertex 38.795 5.45 1
      vertex 38.9751 5.35425 1
    endloop
  endfacet
  facet normal -0 0 1
    outer loop
      vertex 38.3414 6.84599 1
      vertex 39.1986 6.285 1
      vertex 39.5649 7.16934 1
    endloop
  endfacet
  facet normal 0 0 1
    outer loop
      vertex 39.1986 6.285 1
      vertex 38.6922 6.09894 1
      vertex 38.795 5.45 1
    endloop
  endfacet
  facet normal 0 0 1
    outer loop
      vertex 40.6866 8.71335 1
      vertex 37.2306 7.6697 1
      vertex 40.065 7.98549 1
    endloop
  endfacet
  facet normal 0 0 1
    outer loop
      vertex 39.1986 6.285 1
      vertex 38.6788 6.18392 1
      vertex 38.6922 6.09894 1
    endloop
  endfacet
  facet normal 0 0 1
    outer loop
      vertex 39.1986 6.285 1
      vertex 38.6397 6.26058 1
      vertex 38.6788 6.18392 1
    endloop
  endfacet
  facet normal 0 0 1
    outer loop
      vertex 39.1986 6.285 1
      vertex 38.3414 6.84599 1
      vertex 38.6397 6.26058 1
    endloop
  endfacet
  facet normal 0 0 1
    outer loop
      vertex 39.5649 7.16934 1
      vertex 38.2806 6.90683 1
      vertex 38.3414 6.84599 1
    endloop
  endfacet
  facet normal 0 0 1
    outer loop
      vertex 39.5649 7.16934 1
      vertex 37.816 7.37142 1
      vertex 38.2806 6.90683 1
    endloop
  endfacet
  facet normal 0 0 1
    outer loop
      vertex 40.065 7.98549 1
      vertex 37.816 7.37142 1
      vertex 39.5649 7.16934 1
    endloop
  endfacet
  facet normal 0 0 1
    outer loop
      vertex 40.065 7.98549 1
      vertex 37.2306 7.6697 1
      vertex 37.816 7.37142 1
    endloop
  endfacet
  facet normal 0 0 1
    outer loop
      vertex 40.6866 8.71335 1
      vertex 37.1539 7.70876 1
      vertex 37.2306 7.6697 1
    endloop
  endfacet
  facet normal 0 0 1
    outer loop
      vertex 37.1539 7.70876 1
      vertex 36.5 12 1
      vertex 36.505 7.81154 1
    endloop
  endfacet
  facet normal 0 0 1
    outer loop
      vertex 36.505 7.81154 1
      vertex 36.5 12 1
      vertex 36.42 7.825 1
    endloop
  endfacet
  facet normal 0 0 1
    outer loop
      vertex 38.9324 4.81174 1
      vertex 38.6922 4.80106 1
      vertex 38.8927 4.64655 1
    endloop
  endfacet
  facet normal -0 0 1
    outer loop
      vertex 38.6788 4.71608 1
      vertex 38.8927 4.64655 1
      vertex 38.6922 4.80106 1
    endloop
  endfacet
  facet normal 0 0 1
    outer loop
      vertex 38.6397 4.63942 1
      vertex 38.8927 4.64655 1
      vertex 38.6788 4.71608 1
    endloop
  endfacet
  facet normal 0 0 1
    outer loop
      vertex 38.8927 4.64655 1
      vertex 38.6397 4.63942 1
      vertex 38.7366 4.26962 1
    endloop
  endfacet
  facet normal 0 0 1
    outer loop
      vertex 38.3414 4.05401 1
      vertex 38.7366 4.26962 1
      vertex 38.6397 4.63942 1
    endloop
  endfacet
  facet normal 0 0 1
    outer loop
      vertex 38.7366 4.26962 1
      vertex 38.3414 4.05401 1
      vertex 38.5234 3.92176 1
    endloop
  endfacet
  facet normal 0 0 1
    outer loop
      vertex 38.3414 4.05401 1
      vertex 38.2585 3.61152 1
      vertex 38.5234 3.92176 1
    endloop
  endfacet
  facet normal 0 0 1
    outer loop
      vertex 37.816 3.52858 1
      vertex 38.2585 3.61152 1
      vertex 38.3414 4.05401 1
    endloop
  endfacet
  facet normal 0 0 1
    outer loop
      vertex 38.2585 3.61152 1
      vertex 37.816 3.52858 1
      vertex 37.9482 3.34656 1
    endloop
  endfacet
  facet normal 0 0 1
    outer loop
      vertex 37.816 3.52858 1
      vertex 37.6004 3.13338 1
      vertex 37.9482 3.34656 1
    endloop
  endfacet
  facet normal -0 0 1
    outer loop
      vertex 37.2306 3.2303 1
      vertex 37.6004 3.13338 1
      vertex 37.816 3.52858 1
    endloop
  endfacet
  facet normal 0 0 1
    outer loop
      vertex 37.2306 3.2303 1
      vertex 37.2234 2.97725 1
      vertex 37.6004 3.13338 1
    endloop
  endfacet
  facet normal -0 0 1
    outer loop
      vertex 37.1539 3.19124 1
      vertex 37.2234 2.97725 1
      vertex 37.2306 3.2303 1
    endloop
  endfacet
  facet normal 0 0 1
    outer loop
      vertex 37.1539 3.19124 1
      vertex 36.8267 2.88201 1
      vertex 37.2234 2.97725 1
    endloop
  endfacet
  facet normal -0 0 1
    outer loop
      vertex 36.505 3.08846 1
      vertex 36.8267 2.88201 1
      vertex 37.1539 3.19124 1
    endloop
  endfacet
  facet normal 0 0 1
    outer loop
      vertex 36.42 2.85 1
      vertex 36.505 3.08846 1
      vertex 36.42 3.075 1
    endloop
  endfacet
  facet normal 0 0 1
    outer loop
      vertex 36.505 3.08846 1
      vertex 36.42 2.85 1
      vertex 36.8267 2.88201 1
    endloop
  endfacet
  facet normal 0 0 1
    outer loop
      vertex 36.335 3.08846 1
      vertex 36.42 2.85 1
      vertex 36.42 3.075 1
    endloop
  endfacet
  facet normal 0 0 1
    outer loop
      vertex 36.335 3.08846 1
      vertex 36.0133 2.88201 1
      vertex 36.42 2.85 1
    endloop
  endfacet
  facet normal 0 0 1
    outer loop
      vertex 35.6861 3.19124 1
      vertex 36.0133 2.88201 1
      vertex 36.335 3.08846 1
    endloop
  endfacet
  facet normal 0 0 1
    outer loop
      vertex 35.6861 3.19124 1
      vertex 35.6166 2.97725 1
      vertex 36.0133 2.88201 1
    endloop
  endfacet
  facet normal 0 0 1
    outer loop
      vertex 35.6861 3.19124 1
      vertex 35.2396 3.13338 1
      vertex 35.6166 2.97725 1
    endloop
  endfacet
  facet normal 0 0 1
    outer loop
      vertex 35.1007 3.48952 1
      vertex 35.2396 3.13338 1
      vertex 35.6861 3.19124 1
    endloop
  endfacet
  facet normal 0 0 1
    outer loop
      vertex 34.8918 3.34656 1
      vertex 35.1007 3.48952 1
      vertex 35.024 3.52858 1
    endloop
  endfacet
  facet normal 0 0 1
    outer loop
      vertex 34.8227 3.40551 1
      vertex 35.024 3.52858 1
      vertex 34.9632 3.58942 1
    endloop
  endfacet
  facet normal 0 0 1
    outer loop
      vertex 35.1007 3.48952 1
      vertex 34.8918 3.34656 1
      vertex 35.2396 3.13338 1
    endloop
  endfacet
  facet normal 0 0 1
    outer loop
      vertex 35.024 3.52858 1
      vertex 34.8227 3.40551 1
      vertex 34.8918 3.34656 1
    endloop
  endfacet
  facet normal 0 0 1
    outer loop
      vertex 34.9632 3.58942 1
      vertex 34.7232 3.56793 1
      vertex 34.8227 3.40551 1
    endloop
  endfacet
  facet normal 0 0 1
    outer loop
      vertex 34.4986 4.05401 1
      vertex 34.7232 3.56793 1
      vertex 34.9632 3.58942 1
    endloop
  endfacet
  facet normal -0 0 1
    outer loop
      vertex 34.1219 4.27193 1
      vertex 34.4986 4.05401 1
      vertex 34.2003 4.63942 1
    endloop
  endfacet
  facet normal 0 0 1
    outer loop
      vertex 34.1219 4.27193 1
      vertex 34.2003 4.63942 1
      vertex 34.1612 4.71608 1
    endloop
  endfacet
  facet normal 0 0 1
    outer loop
      vertex 34.4986 4.05401 1
      vertex 34.1219 4.27193 1
      vertex 34.7232 3.56793 1
    endloop
  endfacet
  facet normal 0 0 1
    outer loop
      vertex 33.4179 4.8732 1
      vertex 34.1612 4.71608 1
      vertex 34.1478 4.80106 1
    endloop
  endfacet
  facet normal -0 0 1
    outer loop
      vertex 33.4179 4.8732 1
      vertex 34.1478 4.80106 1
      vertex 34.045 5.45 1
    endloop
  endfacet
  facet normal 0 0 1
    outer loop
      vertex 34.1478 6.09894 1
      vertex 33.4179 4.8732 1
      vertex 34.045 5.45 1
    endloop
  endfacet
  facet normal 0 0 1
    outer loop
      vertex 34.1612 4.71608 1
      vertex 33.4179 4.8732 1
      vertex 34.1219 4.27193 1
    endloop
  endfacet
  facet normal 0 0 1
    outer loop
      vertex 35.6094 7.6697 1
      vertex 35 10 1
      vertex 35.024 7.37142 1
    endloop
  endfacet
  facet normal -0 0 1
    outer loop
      vertex 33.5 10 1
      vertex 35.024 7.37142 1
      vertex 35 10 1
    endloop
  endfacet
  facet normal 0 0 1
    outer loop
      vertex 35.024 7.37142 1
      vertex 33.5 10 1
      vertex 34.4986 6.84599 1
    endloop
  endfacet
  facet normal 0 0 1
    outer loop
      vertex 34.4986 6.84599 1
      vertex 33.5 10 1
      vertex 34.2003 6.26058 1
    endloop
  endfacet
  facet normal 0 0 1
    outer loop
      vertex 33.4179 4.8732 1
      vertex 34.1612 6.18392 1
      vertex 33.5 10 1
    endloop
  endfacet
  facet normal 0 0 1
    outer loop
      vertex 34.1612 6.18392 1
      vertex 33.4179 4.8732 1
      vertex 34.1478 6.09894 1
    endloop
  endfacet
  facet normal 0 0 1
    outer loop
      vertex 34.2003 6.26058 1
      vertex 33.5 10 1
      vertex 34.1612 6.18392 1
    endloop
  endfacet
  facet normal -0.522499 0.85264 0
    outer loop
      vertex 8.63925 62.8332 0
      vertex 7.94352 62.4069 1
      vertex 8.63925 62.8332 1
    endloop
  endfacet
  facet normal -0.522499 0.85264 0
    outer loop
      vertex 7.94352 62.4069 1
      vertex 8.63925 62.8332 0
      vertex 7.94352 62.4069 0
    endloop
  endfacet
  facet normal -0.233447 0.97237 0
    outer loop
      vertex 10.1865 63.336 0
      vertex 9.39311 63.1455 1
      vertex 10.1865 63.336 1
    endloop
  endfacet
  facet normal -0.233447 0.97237 0
    outer loop
      vertex 9.39311 63.1455 1
      vertex 10.1865 63.336 0
      vertex 9.39311 63.1455 0
    endloop
  endfacet
  facet normal 0 0 -1
    outer loop
      vertex 5.025 24.55 0
      vertex 4.05 24.55 0
      vertex 4.06854 24.7856 0
    endloop
  endfacet
  facet normal 0 0 -1
    outer loop
      vertex 5.80722 58.0083 0
      vertex 5.8 58.1 0
      vertex 5.80393 58.15 0
    endloop
  endfacet
  facet normal 0 0 -1
    outer loop
      vertex 7.02125 26.0004 0
      vertex 5.27641 27.7746 0
      vertex 9 32 0
    endloop
  endfacet
  facet normal -0 0 -1
    outer loop
      vertex 9 32 0
      vertex 6.19221 31.5891 0
      vertex 6.5 35.5 0
    endloop
  endfacet
  facet normal 0 0 -1
    outer loop
      vertex 5.27641 27.7746 0
      vertex 6.29506 26.0346 0
      vertex 6.07875 26.0004 0
    endloop
  endfacet
  facet normal 0 0 -1
    outer loop
      vertex 5.27641 27.7746 0
      vertex 6.07875 26.0004 0
      vertex 5.84876 25.8832 0
    endloop
  endfacet
  facet normal 0 0 -1
    outer loop
      vertex 5.27641 27.7746 0
      vertex 5.84876 25.8832 0
      vertex 5.65363 25.7838 0
    endloop
  endfacet
  facet normal 0 0 -1
    outer loop
      vertex 5.27641 27.7746 0
      vertex 5.65363 25.7838 0
      vertex 5.47111 25.6012 0
    endloop
  endfacet
  facet normal 0 0 -1
    outer loop
      vertex 5.27641 27.7746 0
      vertex 5.47111 25.6012 0
      vertex 5.31625 25.4464 0
    endloop
  endfacet
  facet normal 0 0 -1
    outer loop
      vertex 9 32 0
      vertex 5.27641 27.7746 0
      vertex 6.19221 31.5891 0
    endloop
  endfacet
  facet normal 0 0 -1
    outer loop
      vertex 4.06393 24.8474 0
      vertex 5.31625 25.4464 0
      vertex 5.21682 25.2512 0
    endloop
  endfacet
  facet normal 0 0 -1
    outer loop
      vertex 4.06393 24.8474 0
      vertex 5.21682 25.2512 0
      vertex 5.09964 25.0212 0
    endloop
  endfacet
  facet normal 0 0 -1
    outer loop
      vertex 4.06393 24.8474 0
      vertex 5.09964 25.0212 0
      vertex 5.05926 24.7663 0
    endloop
  endfacet
  facet normal 0 0 -1
    outer loop
      vertex 4.06854 24.7856 0
      vertex 5.05926 24.7663 0
      vertex 5.025 24.55 0
    endloop
  endfacet
  facet normal 0 0 -1
    outer loop
      vertex 5.31625 23.6536 0
      vertex 4.13104 23.9496 0
      vertex 5.21682 23.8488 0
    endloop
  endfacet
  facet normal 0 0 -1
    outer loop
      vertex 5.21682 23.8488 0
      vertex 4.13104 23.9496 0
      vertex 5.09964 24.0787 0
    endloop
  endfacet
  facet normal -0 0 -1
    outer loop
      vertex 5.09964 24.0787 0
      vertex 4.13104 23.9496 0
      vertex 5.05926 24.3337 0
    endloop
  endfacet
  facet normal 0 0 -1
    outer loop
      vertex 4.08078 24.1589 0
      vertex 5.05926 24.3337 0
      vertex 4.13104 23.9496 0
    endloop
  endfacet
  facet normal -0 0 -1
    outer loop
      vertex 5.05926 24.3337 0
      vertex 4.08078 24.1589 0
      vertex 5.025 24.55 0
    endloop
  endfacet
  facet normal 0 0 -1
    outer loop
      vertex 4.05 24.55 0
      vertex 5.025 24.55 0
      vertex 4.08078 24.1589 0
    endloop
  endfacet
  facet normal 0 0 -1
    outer loop
      vertex 5.05926 24.7663 0
      vertex 4.06854 24.7856 0
      vertex 4.06393 24.8474 0
    endloop
  endfacet
  facet normal -0 0 -1
    outer loop
      vertex 5.31625 25.4464 0
      vertex 4.06393 24.8474 0
      vertex 5.27641 27.7746 0
    endloop
  endfacet
  facet normal -0 0 -1
    outer loop
      vertex 6.80926 58.3163 0
      vertex 5.8 58.2 0
      vertex 6.84964 58.5713 0
    endloop
  endfacet
  facet normal -0 0 -1
    outer loop
      vertex 6.84964 58.5713 0
      vertex 5.8 58.2 0
      vertex 5.86402 59.0135 0
    endloop
  endfacet
  facet normal 0 0 -1
    outer loop
      vertex 9.5 23.5 0
      vertex 8.03462 24.2951 0
      vertex 8.075 24.55 0
    endloop
  endfacet
  facet normal 0 0 -1
    outer loop
      vertex 8.29637 16.5338 0
      vertex 8.00036 24.0787 0
      vertex 8.03462 24.2951 0
    endloop
  endfacet
  facet normal 0 0 -1
    outer loop
      vertex 8.29637 16.5338 0
      vertex 7.88318 23.8488 0
      vertex 8.00036 24.0787 0
    endloop
  endfacet
  facet normal 0 0 -1
    outer loop
      vertex 7.44637 23.3162 0
      vertex 8.10123 16.6332 0
      vertex 7.87125 16.7504 0
    endloop
  endfacet
  facet normal 0 0 -1
    outer loop
      vertex 8.29637 16.5338 0
      vertex 7.78375 23.6536 0
      vertex 7.88318 23.8488 0
    endloop
  endfacet
  facet normal 0 0 -1
    outer loop
      vertex 7.02125 23.0996 0
      vertex 7.87125 16.7504 0
      vertex 7.65494 16.7846 0
    endloop
  endfacet
  facet normal 0 0 -1
    outer loop
      vertex 8.29637 16.5338 0
      vertex 7.60123 23.4711 0
      vertex 7.78375 23.6536 0
    endloop
  endfacet
  facet normal 0 0 -1
    outer loop
      vertex 8.29637 16.5338 0
      vertex 7.44637 23.3162 0
      vertex 7.60123 23.4711 0
    endloop
  endfacet
  facet normal 0 0 -1
    outer loop
      vertex 7.02125 23.0996 0
      vertex 7.65494 16.7846 0
      vertex 7.4 16.825 0
    endloop
  endfacet
  facet normal 0 0 -1
    outer loop
      vertex 7.87125 16.7504 0
      vertex 7.25123 23.2168 0
      vertex 7.44637 23.3162 0
    endloop
  endfacet
  facet normal 0 0 -1
    outer loop
      vertex 6.55 23.025 0
      vertex 7.4 16.825 0
      vertex 7.14506 16.7846 0
    endloop
  endfacet
  facet normal 0 0 -1
    outer loop
      vertex 7.87125 16.7504 0
      vertex 7.02125 23.0996 0
      vertex 7.25123 23.2168 0
    endloop
  endfacet
  facet normal 0 0 -1
    outer loop
      vertex 6.55 23.025 0
      vertex 7.14506 16.7846 0
      vertex 6.92875 16.7504 0
    endloop
  endfacet
  facet normal 0 0 -1
    outer loop
      vertex 7.4 16.825 0
      vertex 6.76631 23.0593 0
      vertex 7.02125 23.0996 0
    endloop
  endfacet
  facet normal 0 0 -1
    outer loop
      vertex 6.07875 23.0996 0
      vertex 6.92875 16.7504 0
      vertex 6.73361 16.6509 0
    endloop
  endfacet
  facet normal 0 0 -1
    outer loop
      vertex 7.4 16.825 0
      vertex 6.55 23.025 0
      vertex 6.76631 23.0593 0
    endloop
  endfacet
  facet normal 0 0 -1
    outer loop
      vertex 6.07875 23.0996 0
      vertex 6.73361 16.6509 0
      vertex 6.50363 16.5338 0
    endloop
  endfacet
  facet normal 0 0 -1
    outer loop
      vertex 6.92875 16.7504 0
      vertex 6.33369 23.0593 0
      vertex 6.55 23.025 0
    endloop
  endfacet
  facet normal 0 0 -1
    outer loop
      vertex 5.65363 23.3162 0
      vertex 6.50363 16.5338 0
      vertex 6.32111 16.3512 0
    endloop
  endfacet
  facet normal 0 0 -1
    outer loop
      vertex 4.13104 23.9496 0
      vertex 6.32111 16.3512 0
      vertex 6.16625 16.1964 0
    endloop
  endfacet
  facet normal 0 0 -1
    outer loop
      vertex 6.92875 16.7504 0
      vertex 6.07875 23.0996 0
      vertex 6.33369 23.0593 0
    endloop
  endfacet
  facet normal -0 0 -1
    outer loop
      vertex 5.875 15.3 0
      vertex 4.79999 15 0
      vertex 5.91538 15.5549 0
    endloop
  endfacet
  facet normal 0 0 -1
    outer loop
      vertex 4.79999 15 0
      vertex 5.875 15.3 0
      vertex 4.8294 14.9265 0
    endloop
  endfacet
  facet normal -0 0 -1
    outer loop
      vertex 5.91538 15.0451 0
      vertex 4.8294 14.9265 0
      vertex 5.875 15.3 0
    endloop
  endfacet
  facet normal 0 0 -1
    outer loop
      vertex 4.8294 14.9265 0
      vertex 5.91538 15.0451 0
      vertex 4.83201 14.8933 0
    endloop
  endfacet
  facet normal 0 0 -1
    outer loop
      vertex 6.50363 16.5338 0
      vertex 5.84876 23.2168 0
      vertex 6.07875 23.0996 0
    endloop
  endfacet
  facet normal 0 0 -1
    outer loop
      vertex 10 43.5 0
      vertex 8.58462 45.1451 0
      vertex 8.625 45.4 0
    endloop
  endfacet
  facet normal 0 0 -1
    outer loop
      vertex 7.88318 25.2512 0
      vertex 11.5 27 0
      vertex 8.00036 25.0212 0
    endloop
  endfacet
  facet normal 0 0 -1
    outer loop
      vertex 8.03462 24.2951 0
      vertex 8.63375 16.1964 0
      vertex 8.47889 16.3512 0
    endloop
  endfacet
  facet normal 0 0 -1
    outer loop
      vertex 9 32 0
      vertex 8.55036 44.9287 0
      vertex 8.58462 45.1451 0
    endloop
  endfacet
  facet normal 0 0 -1
    outer loop
      vertex 7.78375 25.4464 0
      vertex 11.5 27 0
      vertex 7.88318 25.2512 0
    endloop
  endfacet
  facet normal 0 0 -1
    outer loop
      vertex 8.03462 24.2951 0
      vertex 8.47889 16.3512 0
      vertex 8.29637 16.5338 0
    endloop
  endfacet
  facet normal 0 0 -1
    outer loop
      vertex 7.44637 23.3162 0
      vertex 8.29637 16.5338 0
      vertex 8.10123 16.6332 0
    endloop
  endfacet
  facet normal 0 0 -1
    outer loop
      vertex 7.44637 25.7838 0
      vertex 11.5 27 0
      vertex 7.78375 25.4464 0
    endloop
  endfacet
  facet normal 0 0 -1
    outer loop
      vertex 6.19221 39.4109 0
      vertex 9 32 0
      vertex 6.5 35.5 0
    endloop
  endfacet
  facet normal 0 0 -1
    outer loop
      vertex 9 32 0
      vertex 8.45093 44.7336 0
      vertex 8.55036 44.9287 0
    endloop
  endfacet
  facet normal 0 0 -1
    outer loop
      vertex 9 32 0
      vertex 8.33375 44.5036 0
      vertex 8.45093 44.7336 0
    endloop
  endfacet
  facet normal -0 0 -1
    outer loop
      vertex 11.5 27 0
      vertex 7.44637 25.7838 0
      vertex 11.5 28.5 0
    endloop
  endfacet
  facet normal 0 0 -1
    outer loop
      vertex 7.25123 25.8832 0
      vertex 11.5 28.5 0
      vertex 7.44637 25.7838 0
    endloop
  endfacet
  facet normal 0 0 -1
    outer loop
      vertex 9 32 0
      vertex 6.19221 39.4109 0
      vertex 8.33375 44.5036 0
    endloop
  endfacet
  facet normal 0 0 -1
    outer loop
      vertex 8.33375 44.5036 0
      vertex 6.19221 39.4109 0
      vertex 7.99637 44.1662 0
    endloop
  endfacet
  facet normal 0 0 -1
    outer loop
      vertex 7.02125 26.0004 0
      vertex 11.5 28.5 0
      vertex 7.25123 25.8832 0
    endloop
  endfacet
  facet normal 0 0 -1
    outer loop
      vertex 7.99637 44.1662 0
      vertex 6.19221 39.4109 0
      vertex 7.76639 44.0491 0
    endloop
  endfacet
  facet normal -0 0 -1
    outer loop
      vertex 11.5 28.5 0
      vertex 7.02125 26.0004 0
      vertex 9 32 0
    endloop
  endfacet
  facet normal 0 0 -1
    outer loop
      vertex 7.76639 44.0491 0
      vertex 6.19221 39.4109 0
      vertex 7.57125 43.9496 0
    endloop
  endfacet
  facet normal 0 0 -1
    outer loop
      vertex 5.27641 27.7746 0
      vertex 7.02125 26.0004 0
      vertex 6.80494 26.0346 0
    endloop
  endfacet
  facet normal 0 0 -1
    outer loop
      vertex 7.57125 43.9496 0
      vertex 6.19221 39.4109 0
      vertex 7.35494 43.9154 0
    endloop
  endfacet
  facet normal 0 0 -1
    outer loop
      vertex 5.27641 27.7746 0
      vertex 6.80494 26.0346 0
      vertex 6.55 26.075 0
    endloop
  endfacet
  facet normal 0 0 -1
    outer loop
      vertex 7.35494 43.9154 0
      vertex 6.19221 39.4109 0
      vertex 7.1 43.875 0
    endloop
  endfacet
  facet normal 0 0 -1
    outer loop
      vertex 5.27641 27.7746 0
      vertex 6.55 26.075 0
      vertex 6.29506 26.0346 0
    endloop
  endfacet
  facet normal 0 0 -1
    outer loop
      vertex 5.27641 43.2254 0
      vertex 7.1 43.875 0
      vertex 6.19221 39.4109 0
    endloop
  endfacet
  facet normal -0 0 -1
    outer loop
      vertex 7.1 43.875 0
      vertex 5.27641 43.2254 0
      vertex 6.84506 43.9154 0
    endloop
  endfacet
  facet normal -0 0 -1
    outer loop
      vertex 6.84506 43.9154 0
      vertex 5.27641 43.2254 0
      vertex 6.62875 43.9496 0
    endloop
  endfacet
  facet normal -0 0 -1
    outer loop
      vertex 6.62875 43.9496 0
      vertex 5.27641 43.2254 0
      vertex 6.43361 44.0491 0
    endloop
  endfacet
  facet normal -0 0 -1
    outer loop
      vertex 6.43361 44.0491 0
      vertex 5.27641 43.2254 0
      vertex 6.20363 44.1662 0
    endloop
  endfacet
  facet normal -0 0 -1
    outer loop
      vertex 6.20363 44.1662 0
      vertex 5.27641 43.2254 0
      vertex 5.86625 44.5036 0
    endloop
  endfacet
  facet normal -0 0 -1
    outer loop
      vertex 5.86625 44.5036 0
      vertex 5.27641 43.2254 0
      vertex 5.74907 44.7336 0
    endloop
  endfacet
  facet normal 0 0 -1
    outer loop
      vertex 4.48213 45.143 0
      vertex 5.74907 44.7336 0
      vertex 5.27641 43.2254 0
    endloop
  endfacet
  facet normal 0 0 -1
    outer loop
      vertex 5.74907 44.7336 0
      vertex 4.48213 45.143 0
      vertex 5.64964 44.9287 0
    endloop
  endfacet
  facet normal 0 0 -1
    outer loop
      vertex 5.64964 44.9287 0
      vertex 4.48213 45.143 0
      vertex 5.61538 45.1451 0
    endloop
  endfacet
  facet normal 0 0 -1
    outer loop
      vertex 7.94613 7.2262 0
      vertex 8.96538 8.15494 0
      vertex 8.925 7.9 0
    endloop
  endfacet
  facet normal 0 0 -1
    outer loop
      vertex 8.1869 6.63228 0
      vertex 9.09907 7.23361 0
      vertex 8.20798 6.59789 0
    endloop
  endfacet
  facet normal 0 0 -1
    outer loop
      vertex 8.96538 8.15494 0
      vertex 8.89074 15.0837 0
      vertex 8.925 15.3 0
    endloop
  endfacet
  facet normal 0 0 -1
    outer loop
      vertex 8.96538 8.15494 0
      vertex 8.85036 14.8287 0
      vertex 8.89074 15.0837 0
    endloop
  endfacet
  facet normal 0 0 -1
    outer loop
      vertex 8.96538 8.15494 0
      vertex 8.73318 14.5988 0
      vertex 8.85036 14.8287 0
    endloop
  endfacet
  facet normal 0 0 -1
    outer loop
      vertex 8.96538 8.15494 0
      vertex 8.63375 14.4036 0
      vertex 8.73318 14.5988 0
    endloop
  endfacet
  facet normal 0 0 -1
    outer loop
      vertex 8.13338 6.71962 0
      vertex 9.09907 7.23361 0
      vertex 8.1869 6.63228 0
    endloop
  endfacet
  facet normal -0 0 -1
    outer loop
      vertex 9.09907 7.23361 0
      vertex 8.13338 6.71962 0
      vertex 8.99964 7.42875 0
    endloop
  endfacet
  facet normal 0 0 -1
    outer loop
      vertex 5.28465 13.7912 0
      vertex 8.96538 8.15494 0
      vertex 7.94613 7.2262 0
    endloop
  endfacet
  facet normal 0 0 -1
    outer loop
      vertex 7.97725 7.09656 0
      vertex 8.99964 7.42875 0
      vertex 8.13338 6.71962 0
    endloop
  endfacet
  facet normal 0 0 -1
    outer loop
      vertex 8.1869 6.63228 0
      vertex 8.20798 6.59789 0
      vertex 8.2 6.59999 0
    endloop
  endfacet
  facet normal 0 0 -1
    outer loop
      vertex 7.94613 7.2262 0
      vertex 8.99964 7.42875 0
      vertex 7.97725 7.09656 0
    endloop
  endfacet
  facet normal -0 0 -1
    outer loop
      vertex 8.99964 7.42875 0
      vertex 7.94613 7.2262 0
      vertex 8.96538 7.64506 0
    endloop
  endfacet
  facet normal 0 0 -1
    outer loop
      vertex 8.96538 8.15494 0
      vertex 8.29637 14.0662 0
      vertex 8.63375 14.4036 0
    endloop
  endfacet
  facet normal -0 0 -1
    outer loop
      vertex 8.96538 7.64506 0
      vertex 7.94613 7.2262 0
      vertex 8.925 7.9 0
    endloop
  endfacet
  facet normal 0 0 -1
    outer loop
      vertex 8.96538 8.15494 0
      vertex 8.10123 13.9668 0
      vertex 8.29637 14.0662 0
    endloop
  endfacet
  facet normal 0 0 -1
    outer loop
      vertex 8.96538 8.15494 0
      vertex 7.87125 13.8496 0
      vertex 8.10123 13.9668 0
    endloop
  endfacet
  facet normal 0 0 -1
    outer loop
      vertex 8.96538 8.15494 0
      vertex 7.61631 13.8093 0
      vertex 7.87125 13.8496 0
    endloop
  endfacet
  facet normal 0 0 -1
    outer loop
      vertex 8.96538 8.15494 0
      vertex 7.4 13.775 0
      vertex 7.61631 13.8093 0
    endloop
  endfacet
  facet normal 0 0 -1
    outer loop
      vertex 8.96538 8.15494 0
      vertex 7.18369 13.8093 0
      vertex 7.4 13.775 0
    endloop
  endfacet
  facet normal 0 0 -1
    outer loop
      vertex 8.96538 8.15494 0
      vertex 6.92875 13.8496 0
      vertex 7.18369 13.8093 0
    endloop
  endfacet
  facet normal 0 0 -1
    outer loop
      vertex 8.96538 8.15494 0
      vertex 5.28465 13.7912 0
      vertex 6.92875 13.8496 0
    endloop
  endfacet
  facet normal -0 0 -1
    outer loop
      vertex 6.92875 13.8496 0
      vertex 5.28465 13.7912 0
      vertex 6.73361 13.9491 0
    endloop
  endfacet
  facet normal -0 0 -1
    outer loop
      vertex 6.73361 13.9491 0
      vertex 5.28465 13.7912 0
      vertex 6.50363 14.0662 0
    endloop
  endfacet
  facet normal -0 0 -1
    outer loop
      vertex 6.50363 14.0662 0
      vertex 5.28465 13.7912 0
      vertex 6.16625 14.4036 0
    endloop
  endfacet
  facet normal 0 0 -1
    outer loop
      vertex 5.08338 14.1196 0
      vertex 6.16625 14.4036 0
      vertex 5.28465 13.7912 0
    endloop
  endfacet
  facet normal 0 0 -1
    outer loop
      vertex 4.83201 14.8933 0
      vertex 5.94964 14.8287 0
      vertex 4.92725 14.4966 0
    endloop
  endfacet
  facet normal 0 0 -1
    outer loop
      vertex 6.50363 16.5338 0
      vertex 5.65363 23.3162 0
      vertex 5.84876 23.2168 0
    endloop
  endfacet
  facet normal -0 0 -1
    outer loop
      vertex 5.91538 15.5549 0
      vertex 4.79999 15 0
      vertex 5.94964 15.7713 0
    endloop
  endfacet
  facet normal -0 0 -1
    outer loop
      vertex 6.16625 14.4036 0
      vertex 5.08338 14.1196 0
      vertex 6.04907 14.6336 0
    endloop
  endfacet
  facet normal -0 0 -1
    outer loop
      vertex 6.04907 14.6336 0
      vertex 5.08338 14.1196 0
      vertex 5.94964 14.8287 0
    endloop
  endfacet
  facet normal 0 0 -1
    outer loop
      vertex 4.92725 14.4966 0
      vertex 5.94964 14.8287 0
      vertex 5.08338 14.1196 0
    endloop
  endfacet
  facet normal -0 0 -1
    outer loop
      vertex 5.94964 15.7713 0
      vertex 4.79999 15 0
      vertex 6.04907 15.9664 0
    endloop
  endfacet
  facet normal -0 0 -1
    outer loop
      vertex 6.04907 15.9664 0
      vertex 4.79999 15 0
      vertex 6.16625 16.1964 0
    endloop
  endfacet
  facet normal 0 0 -1
    outer loop
      vertex 5.94964 14.8287 0
      vertex 4.83201 14.8933 0
      vertex 5.91538 15.0451 0
    endloop
  endfacet
  facet normal 0 0 -1
    outer loop
      vertex 4.13104 23.9496 0
      vertex 6.16625 16.1964 0
      vertex 4.79999 15 0
    endloop
  endfacet
  facet normal 0 0 -1
    outer loop
      vertex 6.32111 16.3512 0
      vertex 4.13104 23.9496 0
      vertex 5.65363 23.3162 0
    endloop
  endfacet
  facet normal 0 0 -1
    outer loop
      vertex 5.65363 23.3162 0
      vertex 4.13104 23.9496 0
      vertex 5.31625 23.6536 0
    endloop
  endfacet
  facet normal 0 0 -1
    outer loop
      vertex 13.105 6.01382 0
      vertex 11.9346 7.64506 0
      vertex 11.975 7.9 0
    endloop
  endfacet
  facet normal 0 0 -1
    outer loop
      vertex 13.105 6.01382 0
      vertex 11.9004 7.42875 0
      vertex 11.9346 7.64506 0
    endloop
  endfacet
  facet normal 0 0 -1
    outer loop
      vertex 13.105 6.01382 0
      vertex 11.8009 7.23361 0
      vertex 11.9004 7.42875 0
    endloop
  endfacet
  facet normal 0 0 -1
    outer loop
      vertex 11.7604 5.66305 0
      vertex 12.0369 5.75739 0
      vertex 11.7902 5.65521 0
    endloop
  endfacet
  facet normal -0 0 -1
    outer loop
      vertex 12.0369 5.75739 0
      vertex 11.7604 5.66305 0
      vertex 11.3464 6.66625 0
    endloop
  endfacet
  facet normal 0 0 -1
    outer loop
      vertex 13.105 6.01382 0
      vertex 11.6838 7.00363 0
      vertex 11.8009 7.23361 0
    endloop
  endfacet
  facet normal 0 0 -1
    outer loop
      vertex 11.1164 6.54907 0
      vertex 11.7604 5.66305 0
      vertex 11.6587 5.60076 0
    endloop
  endfacet
  facet normal 0 0 -1
    outer loop
      vertex 12.0369 5.75739 0
      vertex 11.3464 6.66625 0
      vertex 11.6838 7.00363 0
    endloop
  endfacet
  facet normal 0 0 -1
    outer loop
      vertex 10.9213 6.44964 0
      vertex 11.6587 5.60076 0
      vertex 11.2211 5.41949 0
    endloop
  endfacet
  facet normal 0 0 -1
    outer loop
      vertex 11.7604 5.66305 0
      vertex 11.1164 6.54907 0
      vertex 11.3464 6.66625 0
    endloop
  endfacet
  facet normal 0 0 -1
    outer loop
      vertex 11.6587 5.60076 0
      vertex 10.9213 6.44964 0
      vertex 11.1164 6.54907 0
    endloop
  endfacet
  facet normal 0 0 -1
    outer loop
      vertex 10.8567 5.33201 0
      vertex 10.9213 6.44964 0
      vertex 11.2211 5.41949 0
    endloop
  endfacet
  facet normal 0 0 -1
    outer loop
      vertex 10.8567 5.33201 0
      vertex 10.7049 6.41538 0
      vertex 10.9213 6.44964 0
    endloop
  endfacet
  facet normal 0 0 -1
    outer loop
      vertex 10.45 6.375 0
      vertex 10.8567 5.33201 0
      vertex 10.45 5.3 0
    endloop
  endfacet
  facet normal 0 0 -1
    outer loop
      vertex 10.8567 5.33201 0
      vertex 10.45 6.375 0
      vertex 10.7049 6.41538 0
    endloop
  endfacet
  facet normal 0 0 -1
    outer loop
      vertex 10.0433 5.33201 0
      vertex 10.45 6.375 0
      vertex 10.45 5.3 0
    endloop
  endfacet
  facet normal -0 0 -1
    outer loop
      vertex 10.45 6.375 0
      vertex 10.0433 5.33201 0
      vertex 10.1951 6.41538 0
    endloop
  endfacet
  facet normal 0 0 -1
    outer loop
      vertex 10.0433 5.33201 0
      vertex 9.97875 6.44964 0
      vertex 10.1951 6.41538 0
    endloop
  endfacet
  facet normal 0 0 -1
    outer loop
      vertex 9.64655 5.42725 0
      vertex 9.97875 6.44964 0
      vertex 10.0433 5.33201 0
    endloop
  endfacet
  facet normal 0 0 -1
    outer loop
      vertex 9.26962 5.58338 0
      vertex 9.97875 6.44964 0
      vertex 9.64655 5.42725 0
    endloop
  endfacet
  facet normal -0 0 -1
    outer loop
      vertex 9.97875 6.44964 0
      vertex 9.26962 5.58338 0
      vertex 9.78361 6.54907 0
    endloop
  endfacet
  facet normal -0 0 -1
    outer loop
      vertex 9.78361 6.54907 0
      vertex 9.26962 5.58338 0
      vertex 9.55363 6.66625 0
    endloop
  endfacet
  facet normal 0 0 -1
    outer loop
      vertex 8.92176 5.79656 0
      vertex 9.55363 6.66625 0
      vertex 9.26962 5.58338 0
    endloop
  endfacet
  facet normal 0 0 -1
    outer loop
      vertex 8.61152 6.06152 0
      vertex 9.55363 6.66625 0
      vertex 8.92176 5.79656 0
    endloop
  endfacet
  facet normal -0 0 -1
    outer loop
      vertex 9.55363 6.66625 0
      vertex 8.61152 6.06152 0
      vertex 9.39876 6.82111 0
    endloop
  endfacet
  facet normal -0 0 -1
    outer loop
      vertex 9.39876 6.82111 0
      vertex 8.61152 6.06152 0
      vertex 9.21625 7.00363 0
    endloop
  endfacet
  facet normal 0 0 -1
    outer loop
      vertex 8.34656 6.37176 0
      vertex 9.21625 7.00363 0
      vertex 8.61152 6.06152 0
    endloop
  endfacet
  facet normal 0 0 -1
    outer loop
      vertex 8.20798 6.59789 0
      vertex 9.21625 7.00363 0
      vertex 8.34656 6.37176 0
    endloop
  endfacet
  facet normal -0 0 -1
    outer loop
      vertex 9.21625 7.00363 0
      vertex 8.20798 6.59789 0
      vertex 9.09907 7.23361 0
    endloop
  endfacet
  facet normal 0 0 -1
    outer loop
      vertex 14.2 6.1 0
      vertex 15 10 0
      vertex 15.295 6.01382 0
    endloop
  endfacet
  facet normal 0 0 -1
    outer loop
      vertex 14.2 6.1 0
      vertex 13.5 10 0
      vertex 15 10 0
    endloop
  endfacet
  facet normal 0 0 -1
    outer loop
      vertex 14.2 6.1 0
      vertex 11.975 7.9 0
      vertex 13.5 10 0
    endloop
  endfacet
  facet normal 0 0 -1
    outer loop
      vertex 11.975 7.9 0
      vertex 14.2 6.1 0
      vertex 13.105 6.01382 0
    endloop
  endfacet
  facet normal 0 0 -1
    outer loop
      vertex 22.43 5.625 0
      vertex 20 8 0
      vertex 23.5 10 0
    endloop
  endfacet
  facet normal 0 0 -1
    outer loop
      vertex 20 8 0
      vertex 21.9587 5.55036 0
      vertex 21.7636 5.45093 0
    endloop
  endfacet
  facet normal 0 0 -1
    outer loop
      vertex 20 8 0
      vertex 21.7636 5.45093 0
      vertex 21.5336 5.33375 0
    endloop
  endfacet
  facet normal 0 0 -1
    outer loop
      vertex 20 8 0
      vertex 21.5336 5.33375 0
      vertex 21.1962 4.99637 0
    endloop
  endfacet
  facet normal 0 0 -1
    outer loop
      vertex 18.3145 4.76312 0
      vertex 21.1962 4.99637 0
      vertex 21.0791 4.76639 0
    endloop
  endfacet
  facet normal 0 0 -1
    outer loop
      vertex 19.1497 4.04975 0
      vertex 21.0791 4.76639 0
      vertex 20.9796 4.57125 0
    endloop
  endfacet
  facet normal 0 0 -1
    outer loop
      vertex 19.1497 4.04975 0
      vertex 20.9796 4.57125 0
      vertex 20.9454 4.35494 0
    endloop
  endfacet
  facet normal 0 0 -1
    outer loop
      vertex 19.1497 4.04975 0
      vertex 20.9454 4.35494 0
      vertex 20.905 4.1 0
    endloop
  endfacet
  facet normal 0 0 -1
    outer loop
      vertex 20.1089 2.93041 0
      vertex 21.0968 3.39876 0
      vertex 20.1134 2.91962 0
    endloop
  endfacet
  facet normal -0 0 -1
    outer loop
      vertex 21.0968 3.39876 0
      vertex 20.1089 2.93041 0
      vertex 20.9796 3.62875 0
    endloop
  endfacet
  facet normal 0 0 -1
    outer loop
      vertex 19.8631 3.2145 0
      vertex 20.9796 3.62875 0
      vertex 20.1089 2.93041 0
    endloop
  endfacet
  facet normal -0 0 -1
    outer loop
      vertex 20.9796 3.62875 0
      vertex 19.8631 3.2145 0
      vertex 20.9454 3.84506 0
    endloop
  endfacet
  facet normal -0 0 -1
    outer loop
      vertex 20.9454 3.84506 0
      vertex 19.8631 3.2145 0
      vertex 20.905 4.1 0
    endloop
  endfacet
  facet normal 0 0 -1
    outer loop
      vertex 19.8631 3.2145 0
      vertex 20.1089 2.93041 0
      vertex 20.0318 2.93922 0
    endloop
  endfacet
  facet normal 0 0 -1
    outer loop
      vertex 20 10.5 0
      vertex 23.5 10 0
      vertex 20 8 0
    endloop
  endfacet
  facet normal 0 0 -1
    outer loop
      vertex 23.5 10 0
      vertex 20 10.5 0
      vertex 22 12 0
    endloop
  endfacet
  facet normal 0 0 -1
    outer loop
      vertex 18.5 10.5 0
      vertex 22 12 0
      vertex 20 10.5 0
    endloop
  endfacet
  facet normal 0 0 -1
    outer loop
      vertex 16.3631 5.75739 0
      vertex 18.5 8 0
      vertex 17.3779 5.33704 0
    endloop
  endfacet
  facet normal 0 0 -1
    outer loop
      vertex 18.5 10.5 0
      vertex 16.5 12 0
      vertex 22 12 0
    endloop
  endfacet
  facet normal 0 0 -1
    outer loop
      vertex 15.295 6.01382 0
      vertex 18.5 8 0
      vertex 16.3631 5.75739 0
    endloop
  endfacet
  facet normal -0 0 -1
    outer loop
      vertex 18.5 10.5 0
      vertex 15 10 0
      vertex 16.5 12 0
    endloop
  endfacet
  facet normal 0 0 -1
    outer loop
      vertex 18.5 8 0
      vertex 15 10 0
      vertex 18.5 10.5 0
    endloop
  endfacet
  facet normal 0 0 -1
    outer loop
      vertex 19.1497 4.04975 0
      vertex 20.905 4.1 0
      vertex 19.8631 3.2145 0
    endloop
  endfacet
  facet normal 0 0 -1
    outer loop
      vertex 21.0791 4.76639 0
      vertex 19.1497 4.04975 0
      vertex 18.3145 4.76312 0
    endloop
  endfacet
  facet normal -0 0 -1
    outer loop
      vertex 21.1962 4.99637 0
      vertex 18.3145 4.76312 0
      vertex 20 8 0
    endloop
  endfacet
  facet normal 0 0 -1
    outer loop
      vertex 17.3779 5.33704 0
      vertex 18.5 8 0
      vertex 18.3145 4.76312 0
    endloop
  endfacet
  facet normal -0 0 -1
    outer loop
      vertex 20 8 0
      vertex 18.3145 4.76312 0
      vertex 18.5 8 0
    endloop
  endfacet
  facet normal 0 0 -1
    outer loop
      vertex 25.1768 3.56793 0
      vertex 23.9146 3.84506 0
      vertex 23.955 4.1 0
    endloop
  endfacet
  facet normal 0 0 -1
    outer loop
      vertex 24.2685 2.26152 0
      vertex 23.8804 3.62875 0
      vertex 23.9146 3.84506 0
    endloop
  endfacet
  facet normal 0 0 -1
    outer loop
      vertex 24.2685 2.26152 0
      vertex 23.7632 3.39876 0
      vertex 23.8804 3.62875 0
    endloop
  endfacet
  facet normal 0 0 -1
    outer loop
      vertex 24.2685 2.26152 0
      vertex 23.6637 3.20363 0
      vertex 23.7632 3.39876 0
    endloop
  endfacet
  facet normal 0 0 -1
    outer loop
      vertex 23.3264 2.86625 0
      vertex 23.9582 1.99656 0
      vertex 23.6104 1.78338 0
    endloop
  endfacet
  facet normal 0 0 -1
    outer loop
      vertex 24.2685 2.26152 0
      vertex 23.5089 3.04876 0
      vertex 23.6637 3.20363 0
    endloop
  endfacet
  facet normal 0 0 -1
    outer loop
      vertex 24.2685 2.26152 0
      vertex 23.3264 2.86625 0
      vertex 23.5089 3.04876 0
    endloop
  endfacet
  facet normal 0 0 -1
    outer loop
      vertex 22.9013 2.64964 0
      vertex 23.6104 1.78338 0
      vertex 23.2334 1.62725 0
    endloop
  endfacet
  facet normal 0 0 -1
    outer loop
      vertex 23.6104 1.78338 0
      vertex 23.0964 2.74907 0
      vertex 23.3264 2.86625 0
    endloop
  endfacet
  facet normal 0 0 -1
    outer loop
      vertex 23.6104 1.78338 0
      vertex 22.9013 2.64964 0
      vertex 23.0964 2.74907 0
    endloop
  endfacet
  facet normal 0 0 -1
    outer loop
      vertex 22.8367 1.53201 0
      vertex 22.9013 2.64964 0
      vertex 23.2334 1.62725 0
    endloop
  endfacet
  facet normal 0 0 -1
    outer loop
      vertex 22.8367 1.53201 0
      vertex 22.6463 2.60926 0
      vertex 22.9013 2.64964 0
    endloop
  endfacet
  facet normal 0 0 -1
    outer loop
      vertex 22.43 2.575 0
      vertex 22.8367 1.53201 0
      vertex 22.43 1.5 0
    endloop
  endfacet
  facet normal 0 0 -1
    outer loop
      vertex 22.8367 1.53201 0
      vertex 22.43 2.575 0
      vertex 22.6463 2.60926 0
    endloop
  endfacet
  facet normal 0 0 -1
    outer loop
      vertex 22.0233 1.53201 0
      vertex 22.43 2.575 0
      vertex 22.43 1.5 0
    endloop
  endfacet
  facet normal -0 0 -1
    outer loop
      vertex 22.43 2.575 0
      vertex 22.0233 1.53201 0
      vertex 22.2137 2.60926 0
    endloop
  endfacet
  facet normal 0 0 -1
    outer loop
      vertex 22.0233 1.53201 0
      vertex 21.9587 2.64964 0
      vertex 22.2137 2.60926 0
    endloop
  endfacet
  facet normal 0 0 -1
    outer loop
      vertex 21.6266 1.62725 0
      vertex 21.9587 2.64964 0
      vertex 22.0233 1.53201 0
    endloop
  endfacet
  facet normal 0 0 -1
    outer loop
      vertex 21.2496 1.78338 0
      vertex 21.9587 2.64964 0
      vertex 21.6266 1.62725 0
    endloop
  endfacet
  facet normal -0 0 -1
    outer loop
      vertex 21.9587 2.64964 0
      vertex 21.2496 1.78338 0
      vertex 21.7288 2.76682 0
    endloop
  endfacet
  facet normal -0 0 -1
    outer loop
      vertex 21.7288 2.76682 0
      vertex 21.2496 1.78338 0
      vertex 21.5336 2.86625 0
    endloop
  endfacet
  facet normal 0 0 -1
    outer loop
      vertex 20.9018 1.99656 0
      vertex 21.5336 2.86625 0
      vertex 21.2496 1.78338 0
    endloop
  endfacet
  facet normal 0 0 -1
    outer loop
      vertex 20.5915 2.26152 0
      vertex 21.5336 2.86625 0
      vertex 20.9018 1.99656 0
    endloop
  endfacet
  facet normal -0 0 -1
    outer loop
      vertex 21.5336 2.86625 0
      vertex 20.5915 2.26152 0
      vertex 21.1962 3.20363 0
    endloop
  endfacet
  facet normal 0 0 -1
    outer loop
      vertex 20.3266 2.57176 0
      vertex 21.1962 3.20363 0
      vertex 20.5915 2.26152 0
    endloop
  endfacet
  facet normal 0 0 -1
    outer loop
      vertex 20.1134 2.91962 0
      vertex 21.1962 3.20363 0
      vertex 20.3266 2.57176 0
    endloop
  endfacet
  facet normal -0 0 -1
    outer loop
      vertex 21.1962 3.20363 0
      vertex 20.1134 2.91962 0
      vertex 21.0968 3.39876 0
    endloop
  endfacet
  facet normal 0 0 -1
    outer loop
      vertex 23.9146 3.84506 0
      vertex 25.1768 3.56793 0
      vertex 24.6931 2.77854 0
    endloop
  endfacet
  facet normal 0 0 -1
    outer loop
      vertex 24.6406 2.7467 0
      vertex 24.6931 2.77854 0
      vertex 24.6814 2.75034 0
    endloop
  endfacet
  facet normal 0 0 -1
    outer loop
      vertex 23.9146 3.84506 0
      vertex 24.6931 2.77854 0
      vertex 24.6406 2.7467 0
    endloop
  endfacet
  facet normal 0 0 -1
    outer loop
      vertex 23.9146 3.84506 0
      vertex 24.6406 2.7467 0
      vertex 24.5334 2.57176 0
    endloop
  endfacet
  facet normal 0 0 -1
    outer loop
      vertex 23.9146 3.84506 0
      vertex 24.5334 2.57176 0
      vertex 24.2685 2.26152 0
    endloop
  endfacet
  facet normal 0 0 -1
    outer loop
      vertex 23.3264 2.86625 0
      vertex 24.2685 2.26152 0
      vertex 23.9582 1.99656 0
    endloop
  endfacet
  facet normal 0 0 -1
    outer loop
      vertex 25.1768 3.56793 0
      vertex 23.955 4.1 0
      vertex 23.9146 4.35494 0
    endloop
  endfacet
  facet normal 0 0 -1
    outer loop
      vertex 25.1768 3.56793 0
      vertex 23.9146 4.35494 0
      vertex 23.8804 4.57125 0
    endloop
  endfacet
  facet normal 0 0 -1
    outer loop
      vertex 23.7809 4.76639 0
      vertex 25.1768 3.56793 0
      vertex 23.8804 4.57125 0
    endloop
  endfacet
  facet normal 0 0 -1
    outer loop
      vertex 23.6637 4.99637 0
      vertex 25.1768 3.56793 0
      vertex 23.7809 4.76639 0
    endloop
  endfacet
  facet normal 0 0 -1
    outer loop
      vertex 25.1768 3.56793 0
      vertex 23.6637 4.99637 0
      vertex 25 10 0
    endloop
  endfacet
  facet normal 0 0 -1
    outer loop
      vertex 23.5089 5.15123 0
      vertex 25 10 0
      vertex 23.6637 4.99637 0
    endloop
  endfacet
  facet normal 0 0 -1
    outer loop
      vertex 23.3264 5.33375 0
      vertex 25 10 0
      vertex 23.5089 5.15123 0
    endloop
  endfacet
  facet normal -0 0 -1
    outer loop
      vertex 25 10 0
      vertex 23.0964 5.45093 0
      vertex 23.5 10 0
    endloop
  endfacet
  facet normal 0 0 -1
    outer loop
      vertex 23.0964 5.45093 0
      vertex 25 10 0
      vertex 23.3264 5.33375 0
    endloop
  endfacet
  facet normal 0 0 -1
    outer loop
      vertex 30 8 0
      vertex 33.5 10 0
      vertex 31.7732 5.71123 0
    endloop
  endfacet
  facet normal 0 0 -1
    outer loop
      vertex 30 8 0
      vertex 31.7732 5.71123 0
      vertex 30.873 5.92736 0
    endloop
  endfacet
  facet normal 0 0 -1
    outer loop
      vertex 30 10.5 0
      vertex 33.5 10 0
      vertex 30 8 0
    endloop
  endfacet
  facet normal 0 0 -1
    outer loop
      vertex 33.5 10 0
      vertex 30 10.5 0
      vertex 32 12 0
    endloop
  endfacet
  facet normal 0 0 -1
    outer loop
      vertex 28.5 10.5 0
      vertex 32 12 0
      vertex 30 10.5 0
    endloop
  endfacet
  facet normal 0 0 -1
    outer loop
      vertex 25 10 0
      vertex 28.5 8 0
      vertex 27.2715 5.35694 0
    endloop
  endfacet
  facet normal 0 0 -1
    outer loop
      vertex 28.5 10.5 0
      vertex 26.5 12 0
      vertex 32 12 0
    endloop
  endfacet
  facet normal 0 0 -1
    outer loop
      vertex 28.5 8 0
      vertex 25 10 0
      vertex 28.5 10.5 0
    endloop
  endfacet
  facet normal -0 0 -1
    outer loop
      vertex 28.5 10.5 0
      vertex 25 10 0
      vertex 26.5 12 0
    endloop
  endfacet
  facet normal 0 0 -1
    outer loop
      vertex 25 10 0
      vertex 27.2715 5.35694 0
      vertex 26.4821 4.8732 0
    endloop
  endfacet
  facet normal 0 0 -1
    outer loop
      vertex 29.95 6 0
      vertex 30 8 0
      vertex 30.873 5.92736 0
    endloop
  endfacet
  facet normal 0 0 -1
    outer loop
      vertex 29.027 5.92736 0
      vertex 30 8 0
      vertex 29.95 6 0
    endloop
  endfacet
  facet normal 0 0 -1
    outer loop
      vertex 29.027 5.92736 0
      vertex 28.5 8 0
      vertex 30 8 0
    endloop
  endfacet
  facet normal 0 0 -1
    outer loop
      vertex 27.2715 5.35694 0
      vertex 28.5 8 0
      vertex 28.1268 5.71123 0
    endloop
  endfacet
  facet normal 0 0 -1
    outer loop
      vertex 28.1268 5.71123 0
      vertex 28.5 8 0
      vertex 29.027 5.92736 0
    endloop
  endfacet
  facet normal 0 0 -1
    outer loop
      vertex 32.6285 5.35694 0
      vertex 35.0868 6.15123 0
      vertex 34.9696 5.92125 0
    endloop
  endfacet
  facet normal 0 0 -1
    outer loop
      vertex 33.4179 4.8732 0
      vertex 34.9696 5.92125 0
      vertex 34.9293 5.66631 0
    endloop
  endfacet
  facet normal 0 0 -1
    outer loop
      vertex 33.4179 4.8732 0
      vertex 34.9293 5.66631 0
      vertex 34.895 5.45 0
    endloop
  endfacet
  facet normal -0 0 -1
    outer loop
      vertex 35.0868 4.74876 0
      vertex 34.1219 4.27193 0
      vertex 34.9696 4.97875 0
    endloop
  endfacet
  facet normal -0 0 -1
    outer loop
      vertex 34.9696 4.97875 0
      vertex 34.1219 4.27193 0
      vertex 34.9293 5.23369 0
    endloop
  endfacet
  facet normal 0 0 -1
    outer loop
      vertex 33.4179 4.8732 0
      vertex 34.9293 5.23369 0
      vertex 34.1219 4.27193 0
    endloop
  endfacet
  facet normal -0 0 -1
    outer loop
      vertex 34.9293 5.23369 0
      vertex 33.4179 4.8732 0
      vertex 34.895 5.45 0
    endloop
  endfacet
  facet normal 0 0 -1
    outer loop
      vertex 34.9696 5.92125 0
      vertex 33.4179 4.8732 0
      vertex 32.6285 5.35694 0
    endloop
  endfacet
  facet normal 0 0 -1
    outer loop
      vertex 35.0868 6.15123 0
      vertex 33.5 10 0
      vertex 35 10 0
    endloop
  endfacet
  facet normal -0 0 -1
    outer loop
      vertex 35.0868 6.15123 0
      vertex 32.6285 5.35694 0
      vertex 33.5 10 0
    endloop
  endfacet
  facet normal 0 0 -1
    outer loop
      vertex 41.4145 9.335 0
      vertex 42 12 0
      vertex 42.2307 9.83514 0
    endloop
  endfacet
  facet normal 0 0 -1
    outer loop
      vertex 36.5 12 0
      vertex 41.4145 9.335 0
      vertex 40.6866 8.71335 0
    endloop
  endfacet
  facet normal 0 0 -1
    outer loop
      vertex 36.5 12 0
      vertex 40.6866 8.71335 0
      vertex 40.065 7.98549 0
    endloop
  endfacet
  facet normal 0 0 -1
    outer loop
      vertex 37.1212 6.78318 0
      vertex 40.065 7.98549 0
      vertex 39.5649 7.16934 0
    endloop
  endfacet
  facet normal 0 0 -1
    outer loop
      vertex 37.8704 4.97875 0
      vertex 38.9324 4.81174 0
      vertex 38.8927 4.64655 0
    endloop
  endfacet
  facet normal 0 0 -1
    outer loop
      vertex 37.8704 4.97875 0
      vertex 38.8927 4.64655 0
      vertex 38.7366 4.26962 0
    endloop
  endfacet
  facet normal 0 0 -1
    outer loop
      vertex 37.6538 4.55363 0
      vertex 38.7366 4.26962 0
      vertex 38.5234 3.92176 0
    endloop
  endfacet
  facet normal 0 0 -1
    outer loop
      vertex 38.9324 4.81174 0
      vertex 37.8704 4.97875 0
      vertex 37.9107 5.23369 0
    endloop
  endfacet
  facet normal 0 0 -1
    outer loop
      vertex 37.6538 4.55363 0
      vertex 38.5234 3.92176 0
      vertex 38.2585 3.61152 0
    endloop
  endfacet
  facet normal 0 0 -1
    outer loop
      vertex 37.3164 4.21625 0
      vertex 38.2585 3.61152 0
      vertex 37.9482 3.34656 0
    endloop
  endfacet
  facet normal 0 0 -1
    outer loop
      vertex 38.9324 4.81174 0
      vertex 37.9107 5.23369 0
      vertex 38.9751 5.35425 0
    endloop
  endfacet
  facet normal 0 -0 -1
    outer loop
      vertex 37.945 5.45 0
      vertex 38.9751 5.35425 0
      vertex 37.9107 5.23369 0
    endloop
  endfacet
  facet normal 0 0 -1
    outer loop
      vertex 38.9751 5.35425 0
      vertex 37.8704 5.92125 0
      vertex 39.1986 6.285 0
    endloop
  endfacet
  facet normal 0 0 -1
    outer loop
      vertex 37.7532 6.15123 0
      vertex 39.1986 6.285 0
      vertex 37.8704 5.92125 0
    endloop
  endfacet
  facet normal 0 0 -1
    outer loop
      vertex 37.6538 6.34637 0
      vertex 39.1986 6.285 0
      vertex 37.7532 6.15123 0
    endloop
  endfacet
  facet normal 0 0 -1
    outer loop
      vertex 39.1986 6.285 0
      vertex 37.6538 6.34637 0
      vertex 39.5649 7.16934 0
    endloop
  endfacet
  facet normal 0 0 -1
    outer loop
      vertex 37.4712 6.52889 0
      vertex 39.5649 7.16934 0
      vertex 37.6538 6.34637 0
    endloop
  endfacet
  facet normal 0 0 -1
    outer loop
      vertex 37.3164 6.68375 0
      vertex 39.5649 7.16934 0
      vertex 37.4712 6.52889 0
    endloop
  endfacet
  facet normal 0 0 -1
    outer loop
      vertex 37.1212 6.78318 0
      vertex 39.5649 7.16934 0
      vertex 37.3164 6.68375 0
    endloop
  endfacet
  facet normal 0 0 -1
    outer loop
      vertex 40.065 7.98549 0
      vertex 37.1212 6.78318 0
      vertex 36.8913 6.90036 0
    endloop
  endfacet
  facet normal -0 0 -1
    outer loop
      vertex 40.065 7.98549 0
      vertex 36.8913 6.90036 0
      vertex 36.5 12 0
    endloop
  endfacet
  facet normal 0 0 -1
    outer loop
      vertex 35 10 0
      vertex 36.8913 6.90036 0
      vertex 36.6749 6.93462 0
    endloop
  endfacet
  facet normal 0 0 -1
    outer loop
      vertex 41.4145 9.335 0
      vertex 36.5 12 0
      vertex 42 12 0
    endloop
  endfacet
  facet normal 0 0 -1
    outer loop
      vertex 36.8913 6.90036 0
      vertex 35 10 0
      vertex 36.5 12 0
    endloop
  endfacet
  facet normal 0 0 -1
    outer loop
      vertex 35 10 0
      vertex 36.6749 6.93462 0
      vertex 36.42 6.975 0
    endloop
  endfacet
  facet normal 0 0 -1
    outer loop
      vertex 37.8704 5.92125 0
      vertex 38.9751 5.35425 0
      vertex 37.9107 5.66631 0
    endloop
  endfacet
  facet normal 0 0 -1
    outer loop
      vertex 37.9107 5.66631 0
      vertex 38.9751 5.35425 0
      vertex 37.945 5.45 0
    endloop
  endfacet
  facet normal 0 0 -1
    outer loop
      vertex 38.7366 4.26962 0
      vertex 37.7532 4.74876 0
      vertex 37.8704 4.97875 0
    endloop
  endfacet
  facet normal 0 0 -1
    outer loop
      vertex 38.7366 4.26962 0
      vertex 37.6538 4.55363 0
      vertex 37.7532 4.74876 0
    endloop
  endfacet
  facet normal 0 0 -1
    outer loop
      vertex 37.3164 4.21625 0
      vertex 37.9482 3.34656 0
      vertex 37.6004 3.13338 0
    endloop
  endfacet
  facet normal 0 0 -1
    outer loop
      vertex 38.2585 3.61152 0
      vertex 37.3164 4.21625 0
      vertex 37.6538 4.55363 0
    endloop
  endfacet
  facet normal 0 0 -1
    outer loop
      vertex 36.8913 3.99964 0
      vertex 37.6004 3.13338 0
      vertex 37.2234 2.97725 0
    endloop
  endfacet
  facet normal 0 0 -1
    outer loop
      vertex 37.6004 3.13338 0
      vertex 37.1212 4.11682 0
      vertex 37.3164 4.21625 0
    endloop
  endfacet
  facet normal 0 0 -1
    outer loop
      vertex 37.6004 3.13338 0
      vertex 36.8913 3.99964 0
      vertex 37.1212 4.11682 0
    endloop
  endfacet
  facet normal 0 0 -1
    outer loop
      vertex 36.8267 2.88201 0
      vertex 36.8913 3.99964 0
      vertex 37.2234 2.97725 0
    endloop
  endfacet
  facet normal 0 0 -1
    outer loop
      vertex 36.8267 2.88201 0
      vertex 36.6749 3.96538 0
      vertex 36.8913 3.99964 0
    endloop
  endfacet
  facet normal 0 0 -1
    outer loop
      vertex 36.42 3.925 0
      vertex 36.8267 2.88201 0
      vertex 36.42 2.85 0
    endloop
  endfacet
  facet normal 0 0 -1
    outer loop
      vertex 36.8267 2.88201 0
      vertex 36.42 3.925 0
      vertex 36.6749 3.96538 0
    endloop
  endfacet
  facet normal 0 0 -1
    outer loop
      vertex 36.0133 2.88201 0
      vertex 36.42 3.925 0
      vertex 36.42 2.85 0
    endloop
  endfacet
  facet normal -0 0 -1
    outer loop
      vertex 36.42 3.925 0
      vertex 36.0133 2.88201 0
      vertex 36.1651 3.96538 0
    endloop
  endfacet
  facet normal 0 0 -1
    outer loop
      vertex 36.0133 2.88201 0
      vertex 35.9487 3.99964 0
      vertex 36.1651 3.96538 0
    endloop
  endfacet
  facet normal 0 0 -1
    outer loop
      vertex 35.6166 2.97725 0
      vertex 35.9487 3.99964 0
      vertex 36.0133 2.88201 0
    endloop
  endfacet
  facet normal 0 0 -1
    outer loop
      vertex 35.2396 3.13338 0
      vertex 35.9487 3.99964 0
      vertex 35.6166 2.97725 0
    endloop
  endfacet
  facet normal -0 0 -1
    outer loop
      vertex 35.9487 3.99964 0
      vertex 35.2396 3.13338 0
      vertex 35.7536 4.09907 0
    endloop
  endfacet
  facet normal -0 0 -1
    outer loop
      vertex 35.7536 4.09907 0
      vertex 35.2396 3.13338 0
      vertex 35.5236 4.21625 0
    endloop
  endfacet
  facet normal 0 0 -1
    outer loop
      vertex 34.8918 3.34656 0
      vertex 35.5236 4.21625 0
      vertex 35.2396 3.13338 0
    endloop
  endfacet
  facet normal 0 0 -1
    outer loop
      vertex 34.7232 3.56793 0
      vertex 34.8918 3.34656 0
      vertex 34.8227 3.40551 0
    endloop
  endfacet
  facet normal 0 0 -1
    outer loop
      vertex 34.8918 3.34656 0
      vertex 34.7232 3.56793 0
      vertex 35.5236 4.21625 0
    endloop
  endfacet
  facet normal -0 0 -1
    outer loop
      vertex 35.5236 4.21625 0
      vertex 34.7232 3.56793 0
      vertex 35.3411 4.39876 0
    endloop
  endfacet
  facet normal -0 0 -1
    outer loop
      vertex 35.3411 4.39876 0
      vertex 34.7232 3.56793 0
      vertex 35.1862 4.55363 0
    endloop
  endfacet
  facet normal 0 0 -1
    outer loop
      vertex 34.1219 4.27193 0
      vertex 35.1862 4.55363 0
      vertex 34.7232 3.56793 0
    endloop
  endfacet
  facet normal -0 0 -1
    outer loop
      vertex 35.1862 4.55363 0
      vertex 34.1219 4.27193 0
      vertex 35.0868 4.74876 0
    endloop
  endfacet
  facet normal 0 0 -1
    outer loop
      vertex 44.0457 10.4249 0
      vertex 45 13 0
      vertex 45 10.5 0
    endloop
  endfacet
  facet normal 0 0 -1
    outer loop
      vertex 44.0457 10.4249 0
      vertex 43.5 13 0
      vertex 45 13 0
    endloop
  endfacet
  facet normal 0 0 -1
    outer loop
      vertex 44.0457 10.4249 0
      vertex 42 12 0
      vertex 43.5 13 0
    endloop
  endfacet
  facet normal 0 0 -1
    outer loop
      vertex 42 12 0
      vertex 44.0457 10.4249 0
      vertex 43.115 10.2014 0
    endloop
  endfacet
  facet normal 0 0 -1
    outer loop
      vertex 49.1762 12.0464 0
      vertex 45 13 0
      vertex 48.5 15 0
    endloop
  endfacet
  facet normal 0 0 -1
    outer loop
      vertex 45 13 0
      vertex 46.885 10.2014 0
      vertex 45.9543 10.4249 0
    endloop
  endfacet
  facet normal 0 0 -1
    outer loop
      vertex 45 13 0
      vertex 45.9543 10.4249 0
      vertex 45 10.5 0
    endloop
  endfacet
  facet normal 0 0 -1
    outer loop
      vertex 45 15.5 0
      vertex 48.5 15 0
      vertex 45 13 0
    endloop
  endfacet
  facet normal 0 0 -1
    outer loop
      vertex 48.5 15 0
      vertex 45 15.5 0
      vertex 47 17 0
    endloop
  endfacet
  facet normal 0 0 -1
    outer loop
      vertex 43.5 15.5 0
      vertex 47 17 0
      vertex 45 15.5 0
    endloop
  endfacet
  facet normal 0 0 -1
    outer loop
      vertex 42 12 0
      vertex 43.115 10.2014 0
      vertex 42.2307 9.83514 0
    endloop
  endfacet
  facet normal 0 0 -1
    outer loop
      vertex 42 13.5 0
      vertex 43.5 13 0
      vertex 42 12 0
    endloop
  endfacet
  facet normal 0 0 -1
    outer loop
      vertex 43.5 13 0
      vertex 42 13.5 0
      vertex 43.5 15.5 0
    endloop
  endfacet
  facet normal 0 0 -1
    outer loop
      vertex 43.5 15.5 0
      vertex 41.5 17 0
      vertex 47 17 0
    endloop
  endfacet
  facet normal 0 0 -1
    outer loop
      vertex 42 13.5 0
      vertex 41.5 17 0
      vertex 43.5 15.5 0
    endloop
  endfacet
  facet normal -0 0 -1
    outer loop
      vertex 41.5 17 0
      vertex 40 15 0
      vertex 41.5 18.5 0
    endloop
  endfacet
  facet normal 0 0 -1
    outer loop
      vertex 42 13.5 0
      vertex 40 15 0
      vertex 41.5 17 0
    endloop
  endfacet
  facet normal 0 0 -1
    outer loop
      vertex 42 13.5 0
      vertex 38.5 15 0
      vertex 40 15 0
    endloop
  endfacet
  facet normal 0 0 -1
    outer loop
      vertex 38.5 15 0
      vertex 37 17 0
      vertex 38.5 20.5 0
    endloop
  endfacet
  facet normal 0 0 -1
    outer loop
      vertex 36.5 13.5 0
      vertex 38.5 15 0
      vertex 42 13.5 0
    endloop
  endfacet
  facet normal 0 0 -1
    outer loop
      vertex 36.5 13.5 0
      vertex 37 17 0
      vertex 38.5 15 0
    endloop
  endfacet
  facet normal 0 0 -1
    outer loop
      vertex 35 10 0
      vertex 36.42 6.975 0
      vertex 36.1651 6.93462 0
    endloop
  endfacet
  facet normal 0 0 -1
    outer loop
      vertex 35 10 0
      vertex 36.1651 6.93462 0
      vertex 35.9487 6.90036 0
    endloop
  endfacet
  facet normal 0 0 -1
    outer loop
      vertex 35 10 0
      vertex 35.9487 6.90036 0
      vertex 35.7188 6.78318 0
    endloop
  endfacet
  facet normal 0 0 -1
    outer loop
      vertex 35 10 0
      vertex 35.7188 6.78318 0
      vertex 35.5236 6.68375 0
    endloop
  endfacet
  facet normal -0 0 -1
    outer loop
      vertex 36.5 12 0
      vertex 35 10 0
      vertex 36.5 13.5 0
    endloop
  endfacet
  facet normal 0 0 -1
    outer loop
      vertex 35 10 0
      vertex 35.5236 6.68375 0
      vertex 35.1862 6.34637 0
    endloop
  endfacet
  facet normal 0 0 -1
    outer loop
      vertex 35 10 0
      vertex 35.1862 6.34637 0
      vertex 35.0868 6.15123 0
    endloop
  endfacet
  facet normal 0 0 -1
    outer loop
      vertex 35 15.5 0
      vertex 36.5 13.5 0
      vertex 35 10 0
    endloop
  endfacet
  facet normal 0 0 -1
    outer loop
      vertex 36.5 13.5 0
      vertex 35 15.5 0
      vertex 37 17 0
    endloop
  endfacet
  facet normal 0 0 -1
    outer loop
      vertex 33.5 15.5 0
      vertex 37 17 0
      vertex 35 15.5 0
    endloop
  endfacet
  facet normal 0 0 -1
    outer loop
      vertex 31.7732 5.71123 0
      vertex 33.5 10 0
      vertex 32.6285 5.35694 0
    endloop
  endfacet
  facet normal 0 0 -1
    outer loop
      vertex 33.5 10 0
      vertex 32 12 0
      vertex 33.5 15.5 0
    endloop
  endfacet
  facet normal 0 0 -1
    outer loop
      vertex 32 13.5 0
      vertex 33.5 15.5 0
      vertex 32 12 0
    endloop
  endfacet
  facet normal 0 0 -1
    outer loop
      vertex 33.5 15.5 0
      vertex 31.5 17 0
      vertex 37 17 0
    endloop
  endfacet
  facet normal 0 0 -1
    outer loop
      vertex 32 13.5 0
      vertex 31.5 17 0
      vertex 33.5 15.5 0
    endloop
  endfacet
  facet normal -0 0 -1
    outer loop
      vertex 31.5 17 0
      vertex 30 15 0
      vertex 31.5 18.5 0
    endloop
  endfacet
  facet normal 0 0 -1
    outer loop
      vertex 32 13.5 0
      vertex 30 15 0
      vertex 31.5 17 0
    endloop
  endfacet
  facet normal 0 0 -1
    outer loop
      vertex 32 13.5 0
      vertex 28.5 15 0
      vertex 30 15 0
    endloop
  endfacet
  facet normal 0 0 -1
    outer loop
      vertex 28.5 15 0
      vertex 27 17 0
      vertex 28.5 20.5 0
    endloop
  endfacet
  facet normal 0 0 -1
    outer loop
      vertex 26.5 13.5 0
      vertex 28.5 15 0
      vertex 32 13.5 0
    endloop
  endfacet
  facet normal 0 0 -1
    outer loop
      vertex 26.5 13.5 0
      vertex 27 17 0
      vertex 28.5 15 0
    endloop
  endfacet
  facet normal 0 0 -1
    outer loop
      vertex 25 10 0
      vertex 26.4821 4.8732 0
      vertex 25.7781 4.27193 0
    endloop
  endfacet
  facet normal 0 0 -1
    outer loop
      vertex 25 10 0
      vertex 25.7781 4.27193 0
      vertex 25.1768 3.56793 0
    endloop
  endfacet
  facet normal -0 0 -1
    outer loop
      vertex 26.5 12 0
      vertex 25 10 0
      vertex 26.5 13.5 0
    endloop
  endfacet
  facet normal 0 0 -1
    outer loop
      vertex 25 15.5 0
      vertex 26.5 13.5 0
      vertex 25 10 0
    endloop
  endfacet
  facet normal 0 0 -1
    outer loop
      vertex 26.5 13.5 0
      vertex 25 15.5 0
      vertex 27 17 0
    endloop
  endfacet
  facet normal 0 0 -1
    outer loop
      vertex 23.5 15.5 0
      vertex 27 17 0
      vertex 25 15.5 0
    endloop
  endfacet
  facet normal 0 0 -1
    outer loop
      vertex 22.9013 5.55036 0
      vertex 23.5 10 0
      vertex 23.0964 5.45093 0
    endloop
  endfacet
  facet normal 0 0 -1
    outer loop
      vertex 22.6849 5.58462 0
      vertex 23.5 10 0
      vertex 22.9013 5.55036 0
    endloop
  endfacet
  facet normal 0 0 -1
    outer loop
      vertex 22.43 5.625 0
      vertex 23.5 10 0
      vertex 22.6849 5.58462 0
    endloop
  endfacet
  facet normal 0 0 -1
    outer loop
      vertex 20 8 0
      vertex 22.43 5.625 0
      vertex 22.1751 5.58462 0
    endloop
  endfacet
  facet normal 0 0 -1
    outer loop
      vertex 20 8 0
      vertex 22.1751 5.58462 0
      vertex 21.9587 5.55036 0
    endloop
  endfacet
  facet normal 0 0 -1
    outer loop
      vertex 23.5 10 0
      vertex 22 12 0
      vertex 23.5 15.5 0
    endloop
  endfacet
  facet normal 0 0 -1
    outer loop
      vertex 22 13.5 0
      vertex 23.5 15.5 0
      vertex 22 12 0
    endloop
  endfacet
  facet normal 0 0 -1
    outer loop
      vertex 23.5 15.5 0
      vertex 21.5 17 0
      vertex 27 17 0
    endloop
  endfacet
  facet normal 0 0 -1
    outer loop
      vertex 22 13.5 0
      vertex 21.5 17 0
      vertex 23.5 15.5 0
    endloop
  endfacet
  facet normal -0 0 -1
    outer loop
      vertex 21.5 17 0
      vertex 20 15 0
      vertex 21.5 18.5 0
    endloop
  endfacet
  facet normal 0 0 -1
    outer loop
      vertex 22 13.5 0
      vertex 20 15 0
      vertex 21.5 17 0
    endloop
  endfacet
  facet normal 0 0 -1
    outer loop
      vertex 22 13.5 0
      vertex 18.5 15 0
      vertex 20 15 0
    endloop
  endfacet
  facet normal 0 0 -1
    outer loop
      vertex 18.5 15 0
      vertex 17 17 0
      vertex 18.5 20.5 0
    endloop
  endfacet
  facet normal 0 0 -1
    outer loop
      vertex 16.5 13.5 0
      vertex 18.5 15 0
      vertex 22 13.5 0
    endloop
  endfacet
  facet normal 0 0 -1
    outer loop
      vertex 16.5 13.5 0
      vertex 17 17 0
      vertex 18.5 15 0
    endloop
  endfacet
  facet normal -0 0 -1
    outer loop
      vertex 18.5 8 0
      vertex 15.295 6.01382 0
      vertex 15 10 0
    endloop
  endfacet
  facet normal -0 0 -1
    outer loop
      vertex 16.5 12 0
      vertex 15 10 0
      vertex 16.5 13.5 0
    endloop
  endfacet
  facet normal 0 0 -1
    outer loop
      vertex 15 15.5 0
      vertex 16.5 13.5 0
      vertex 15 10 0
    endloop
  endfacet
  facet normal 0 0 -1
    outer loop
      vertex 16.5 13.5 0
      vertex 15 15.5 0
      vertex 17 17 0
    endloop
  endfacet
  facet normal 0 0 -1
    outer loop
      vertex 13.5 15.5 0
      vertex 17 17 0
      vertex 15 15.5 0
    endloop
  endfacet
  facet normal 0 0 -1
    outer loop
      vertex 11.6838 7.00363 0
      vertex 13.105 6.01382 0
      vertex 12.0369 5.75739 0
    endloop
  endfacet
  facet normal 0 0 -1
    outer loop
      vertex 13.5 10 0
      vertex 11.975 7.9 0
      vertex 11.9346 8.15494 0
    endloop
  endfacet
  facet normal 0 0 -1
    outer loop
      vertex 13.5 10 0
      vertex 11.9346 8.15494 0
      vertex 11.9004 8.37125 0
    endloop
  endfacet
  facet normal 0 0 -1
    outer loop
      vertex 11.7832 8.60123 0
      vertex 13.5 10 0
      vertex 11.9004 8.37125 0
    endloop
  endfacet
  facet normal 0 0 -1
    outer loop
      vertex 11.6838 8.79637 0
      vertex 13.5 10 0
      vertex 11.7832 8.60123 0
    endloop
  endfacet
  facet normal 0 0 -1
    outer loop
      vertex 11.3464 9.13375 0
      vertex 13.5 10 0
      vertex 11.6838 8.79637 0
    endloop
  endfacet
  facet normal 0 0 -1
    outer loop
      vertex 13.5 15.5 0
      vertex 11.5 17 0
      vertex 17 17 0
    endloop
  endfacet
  facet normal 0 0 -1
    outer loop
      vertex 11.1512 9.23318 0
      vertex 13.5 10 0
      vertex 11.3464 9.13375 0
    endloop
  endfacet
  facet normal -0 0 -1
    outer loop
      vertex 13.5 10 0
      vertex 10.9213 9.35036 0
      vertex 13.5 15.5 0
    endloop
  endfacet
  facet normal 0 0 -1
    outer loop
      vertex 10.9213 9.35036 0
      vertex 13.5 10 0
      vertex 11.1512 9.23318 0
    endloop
  endfacet
  facet normal 0 0 -1
    outer loop
      vertex 49.9387 12.6004 0
      vertex 50 15 0
      vertex 50.1937 12.6407 0
    endloop
  endfacet
  facet normal 0 0 -1
    outer loop
      vertex 48.5 15 0
      vertex 49.9387 12.6004 0
      vertex 49.7088 12.4832 0
    endloop
  endfacet
  facet normal 0 0 -1
    outer loop
      vertex 48.5 15 0
      vertex 49.7088 12.4832 0
      vertex 49.5136 12.3837 0
    endloop
  endfacet
  facet normal 0 0 -1
    outer loop
      vertex 48.5 15 0
      vertex 49.5136 12.3837 0
      vertex 49.3588 12.2289 0
    endloop
  endfacet
  facet normal 0 0 -1
    outer loop
      vertex 48.5 15 0
      vertex 49.3588 12.2289 0
      vertex 49.1762 12.0464 0
    endloop
  endfacet
  facet normal 0 0 -1
    outer loop
      vertex 45 13 0
      vertex 49.1762 12.0464 0
      vertex 49.0768 11.8512 0
    endloop
  endfacet
  facet normal 0 0 -1
    outer loop
      vertex 45 13 0
      vertex 49.0768 11.8512 0
      vertex 48.9596 11.6213 0
    endloop
  endfacet
  facet normal 0 0 -1
    outer loop
      vertex 46.885 10.2014 0
      vertex 48.885 11.15 0
      vertex 47.7693 9.83514 0
    endloop
  endfacet
  facet normal -0 0 -1
    outer loop
      vertex 48.9254 10.8951 0
      vertex 47.7693 9.83514 0
      vertex 48.885 11.15 0
    endloop
  endfacet
  facet normal 0 0 -1
    outer loop
      vertex 49.9387 12.6004 0
      vertex 48.5 15 0
      vertex 50 15 0
    endloop
  endfacet
  facet normal -0 0 -1
    outer loop
      vertex 48.885 11.15 0
      vertex 46.885 10.2014 0
      vertex 48.9254 11.4049 0
    endloop
  endfacet
  facet normal 0 0 -1
    outer loop
      vertex 45 13 0
      vertex 48.9596 11.6213 0
      vertex 46.885 10.2014 0
    endloop
  endfacet
  facet normal -0 0 -1
    outer loop
      vertex 48.9254 11.4049 0
      vertex 46.885 10.2014 0
      vertex 48.9596 11.6213 0
    endloop
  endfacet
  facet normal 0 0 -1
    outer loop
      vertex 52.978 10.7433 0
      vertex 51.9007 10.9337 0
      vertex 51.935 11.15 0
    endloop
  endfacet
  facet normal 0 0 -1
    outer loop
      vertex 52.2485 9.31152 0
      vertex 51.8604 10.6787 0
      vertex 51.9007 10.9337 0
    endloop
  endfacet
  facet normal 0 0 -1
    outer loop
      vertex 52.2485 9.31152 0
      vertex 51.7609 10.4836 0
      vertex 51.8604 10.6787 0
    endloop
  endfacet
  facet normal 0 0 -1
    outer loop
      vertex 52.2485 9.31152 0
      vertex 51.6437 10.2536 0
      vertex 51.7609 10.4836 0
    endloop
  endfacet
  facet normal 0 0 -1
    outer loop
      vertex 51.3064 9.91625 0
      vertex 51.9382 9.04656 0
      vertex 51.5904 8.83338 0
    endloop
  endfacet
  facet normal 0 0 -1
    outer loop
      vertex 52.2485 9.31152 0
      vertex 51.3064 9.91625 0
      vertex 51.6437 10.2536 0
    endloop
  endfacet
  facet normal 0 0 -1
    outer loop
      vertex 50.8812 9.69964 0
      vertex 51.5904 8.83338 0
      vertex 51.2134 8.67725 0
    endloop
  endfacet
  facet normal 0 0 -1
    outer loop
      vertex 51.5904 8.83338 0
      vertex 51.0764 9.79907 0
      vertex 51.3064 9.91625 0
    endloop
  endfacet
  facet normal 0 0 -1
    outer loop
      vertex 51.5904 8.83338 0
      vertex 50.8812 9.69964 0
      vertex 51.0764 9.79907 0
    endloop
  endfacet
  facet normal 0 0 -1
    outer loop
      vertex 50.8167 8.58201 0
      vertex 50.8812 9.69964 0
      vertex 51.2134 8.67725 0
    endloop
  endfacet
  facet normal 0 0 -1
    outer loop
      vertex 50.8167 8.58201 0
      vertex 50.6649 9.66538 0
      vertex 50.8812 9.69964 0
    endloop
  endfacet
  facet normal 0 0 -1
    outer loop
      vertex 50.41 9.625 0
      vertex 50.8167 8.58201 0
      vertex 50.41 8.55 0
    endloop
  endfacet
  facet normal 0 0 -1
    outer loop
      vertex 50.8167 8.58201 0
      vertex 50.41 9.625 0
      vertex 50.6649 9.66538 0
    endloop
  endfacet
  facet normal 0 0 -1
    outer loop
      vertex 50.0033 8.58201 0
      vertex 50.41 9.625 0
      vertex 50.41 8.55 0
    endloop
  endfacet
  facet normal -0 0 -1
    outer loop
      vertex 50.41 9.625 0
      vertex 50.0033 8.58201 0
      vertex 50.1551 9.66538 0
    endloop
  endfacet
  facet normal 0 0 -1
    outer loop
      vertex 50.0033 8.58201 0
      vertex 49.9387 9.69964 0
      vertex 50.1551 9.66538 0
    endloop
  endfacet
  facet normal 0 0 -1
    outer loop
      vertex 49.6066 8.67725 0
      vertex 49.9387 9.69964 0
      vertex 50.0033 8.58201 0
    endloop
  endfacet
  facet normal 0 0 -1
    outer loop
      vertex 49.2296 8.83338 0
      vertex 49.9387 9.69964 0
      vertex 49.6066 8.67725 0
    endloop
  endfacet
  facet normal -0 0 -1
    outer loop
      vertex 49.9387 9.69964 0
      vertex 49.2296 8.83338 0
      vertex 49.7436 9.79907 0
    endloop
  endfacet
  facet normal 0 0 -1
    outer loop
      vertex 49.0285 8.95662 0
      vertex 49.7436 9.79907 0
      vertex 49.2296 8.83338 0
    endloop
  endfacet
  facet normal -0 0 -1
    outer loop
      vertex 49.7436 9.79907 0
      vertex 49.0285 8.95662 0
      vertex 49.5136 9.91625 0
    endloop
  endfacet
  facet normal 0 0 -1
    outer loop
      vertex 48.5855 9.335 0
      vertex 49.5136 9.91625 0
      vertex 49.0285 8.95662 0
    endloop
  endfacet
  facet normal -0 0 -1
    outer loop
      vertex 49.5136 9.91625 0
      vertex 48.5855 9.335 0
      vertex 49.3588 10.0711 0
    endloop
  endfacet
  facet normal -0 0 -1
    outer loop
      vertex 49.3588 10.0711 0
      vertex 48.5855 9.335 0
      vertex 49.1762 10.2536 0
    endloop
  endfacet
  facet normal -0 0 -1
    outer loop
      vertex 49.1762 10.2536 0
      vertex 48.5855 9.335 0
      vertex 49.0591 10.4836 0
    endloop
  endfacet
  facet normal 0 0 -1
    outer loop
      vertex 47.7693 9.83514 0
      vertex 49.0591 10.4836 0
      vertex 48.5855 9.335 0
    endloop
  endfacet
  facet normal -0 0 -1
    outer loop
      vertex 49.0591 10.4836 0
      vertex 47.7693 9.83514 0
      vertex 48.9596 10.6787 0
    endloop
  endfacet
  facet normal -0 0 -1
    outer loop
      vertex 48.9596 10.6787 0
      vertex 47.7693 9.83514 0
      vertex 48.9254 10.8951 0
    endloop
  endfacet
  facet normal 0 0 -1
    outer loop
      vertex 51.5 17 0
      vertex 54.5816 14.5684 0
      vertex 54.0313 13.924 0
    endloop
  endfacet
  facet normal 0 0 -1
    outer loop
      vertex 50 15 0
      vertex 54.0313 13.924 0
      vertex 53.5886 13.2015 0
    endloop
  endfacet
  facet normal 0 0 -1
    outer loop
      vertex 51.3064 12.3837 0
      vertex 53.5886 13.2015 0
      vertex 53.2643 12.4187 0
    endloop
  endfacet
  facet normal 0 0 -1
    outer loop
      vertex 53.0057 11.0954 0
      vertex 53.0665 11.5947 0
      vertex 53.0281 11.1065 0
    endloop
  endfacet
  facet normal 0 0 -1
    outer loop
      vertex 51.9007 10.9337 0
      vertex 52.978 10.7433 0
      vertex 52.8827 10.3466 0
    endloop
  endfacet
  facet normal 0 0 -1
    outer loop
      vertex 52.978 10.7433 0
      vertex 51.935 11.15 0
      vertex 53.0057 11.0954 0
    endloop
  endfacet
  facet normal 0 0 -1
    outer loop
      vertex 51.9007 10.9337 0
      vertex 52.8827 10.3466 0
      vertex 52.7266 9.96962 0
    endloop
  endfacet
  facet normal 0 0 -1
    outer loop
      vertex 51.9007 10.9337 0
      vertex 52.7266 9.96962 0
      vertex 52.5134 9.62176 0
    endloop
  endfacet
  facet normal 0 0 -1
    outer loop
      vertex 51.9007 11.3663 0
      vertex 53.0057 11.0954 0
      vertex 51.935 11.15 0
    endloop
  endfacet
  facet normal 0 0 -1
    outer loop
      vertex 51.9007 10.9337 0
      vertex 52.5134 9.62176 0
      vertex 52.2485 9.31152 0
    endloop
  endfacet
  facet normal 0 0 -1
    outer loop
      vertex 53.0057 11.0954 0
      vertex 51.9007 11.3663 0
      vertex 53.0665 11.5947 0
    endloop
  endfacet
  facet normal 0 0 -1
    outer loop
      vertex 51.3064 9.91625 0
      vertex 52.2485 9.31152 0
      vertex 51.9382 9.04656 0
    endloop
  endfacet
  facet normal 0 0 -1
    outer loop
      vertex 51.8604 11.6213 0
      vertex 53.0665 11.5947 0
      vertex 51.9007 11.3663 0
    endloop
  endfacet
  facet normal 0 0 -1
    outer loop
      vertex 51.7432 11.8512 0
      vertex 53.0665 11.5947 0
      vertex 51.8604 11.6213 0
    endloop
  endfacet
  facet normal 0 0 -1
    outer loop
      vertex 53.0665 11.5947 0
      vertex 51.7432 11.8512 0
      vertex 53.2643 12.4187 0
    endloop
  endfacet
  facet normal 0 0 -1
    outer loop
      vertex 51.6437 12.0464 0
      vertex 53.2643 12.4187 0
      vertex 51.7432 11.8512 0
    endloop
  endfacet
  facet normal 0 0 -1
    outer loop
      vertex 51.3064 12.3837 0
      vertex 53.2643 12.4187 0
      vertex 51.6437 12.0464 0
    endloop
  endfacet
  facet normal 0 0 -1
    outer loop
      vertex 51.1112 12.4832 0
      vertex 53.5886 13.2015 0
      vertex 51.3064 12.3837 0
    endloop
  endfacet
  facet normal 0 0 -1
    outer loop
      vertex 54.0313 13.924 0
      vertex 50 15 0
      vertex 51.5 17 0
    endloop
  endfacet
  facet normal 0 0 -1
    outer loop
      vertex 54.5816 14.5684 0
      vertex 51.5 17 0
      vertex 54.5 17 0
    endloop
  endfacet
  facet normal 0 0 -1
    outer loop
      vertex 54.5 17 0
      vertex 55.226 15.1187 0
      vertex 54.5816 14.5684 0
    endloop
  endfacet
  facet normal 0 0 -1
    outer loop
      vertex 55.226 15.1187 0
      vertex 54.5 17 0
      vertex 55 20 0
    endloop
  endfacet
  facet normal 0 0 -1
    outer loop
      vertex 54.5 18.5 0
      vertex 55 20 0
      vertex 54.5 17 0
    endloop
  endfacet
  facet normal 0 0 -1
    outer loop
      vertex 54.5 18.5 0
      vertex 53.5 20 0
      vertex 55 20 0
    endloop
  endfacet
  facet normal 0 0 -1
    outer loop
      vertex 53.5 20 0
      vertex 52 22 0
      vertex 53.5 25.5 0
    endloop
  endfacet
  facet normal 0 0 -1
    outer loop
      vertex 51.5 18.5 0
      vertex 53.5 20 0
      vertex 54.5 18.5 0
    endloop
  endfacet
  facet normal -0 0 -1
    outer loop
      vertex 53.5 20 0
      vertex 51.5 18.5 0
      vertex 52 22 0
    endloop
  endfacet
  facet normal -0 0 -1
    outer loop
      vertex 53.5886 13.2015 0
      vertex 51.1112 12.4832 0
      vertex 50 15 0
    endloop
  endfacet
  facet normal 0 0 -1
    outer loop
      vertex 50 15 0
      vertex 51.1112 12.4832 0
      vertex 50.8812 12.6004 0
    endloop
  endfacet
  facet normal 0 0 -1
    outer loop
      vertex 50 15 0
      vertex 50.8812 12.6004 0
      vertex 50.6263 12.6407 0
    endloop
  endfacet
  facet normal -0 0 -1
    outer loop
      vertex 51.5 17 0
      vertex 50 15 0
      vertex 51.5 18.5 0
    endloop
  endfacet
  facet normal 0 0 -1
    outer loop
      vertex 50 15 0
      vertex 50.6263 12.6407 0
      vertex 50.41 12.675 0
    endloop
  endfacet
  facet normal 0 0 -1
    outer loop
      vertex 50 15 0
      vertex 50.41 12.675 0
      vertex 50.1937 12.6407 0
    endloop
  endfacet
  facet normal 0 0 -1
    outer loop
      vertex 50 20.5 0
      vertex 51.5 18.5 0
      vertex 50 15 0
    endloop
  endfacet
  facet normal 0 0 -1
    outer loop
      vertex 51.5 18.5 0
      vertex 50 20.5 0
      vertex 52 22 0
    endloop
  endfacet
  facet normal 0 0 -1
    outer loop
      vertex 48.5 20.5 0
      vertex 52 22 0
      vertex 50 20.5 0
    endloop
  endfacet
  facet normal 0 0 -1
    outer loop
      vertex 48.5 15 0
      vertex 47 17 0
      vertex 48.5 20.5 0
    endloop
  endfacet
  facet normal 0 0 -1
    outer loop
      vertex 47 18.5 0
      vertex 48.5 20.5 0
      vertex 47 17 0
    endloop
  endfacet
  facet normal 0 0 -1
    outer loop
      vertex 48.5 20.5 0
      vertex 46.5 22 0
      vertex 52 22 0
    endloop
  endfacet
  facet normal 0 0 -1
    outer loop
      vertex 47 18.5 0
      vertex 46.5 22 0
      vertex 48.5 20.5 0
    endloop
  endfacet
  facet normal -0 0 -1
    outer loop
      vertex 46.5 22 0
      vertex 45 20 0
      vertex 46.5 23.5 0
    endloop
  endfacet
  facet normal 0 0 -1
    outer loop
      vertex 47 18.5 0
      vertex 45 20 0
      vertex 46.5 22 0
    endloop
  endfacet
  facet normal 0 0 -1
    outer loop
      vertex 47 18.5 0
      vertex 43.5 20 0
      vertex 45 20 0
    endloop
  endfacet
  facet normal 0 0 -1
    outer loop
      vertex 43.5 20 0
      vertex 42 22 0
      vertex 43.5 25.5 0
    endloop
  endfacet
  facet normal 0 0 -1
    outer loop
      vertex 41.5 18.5 0
      vertex 43.5 20 0
      vertex 47 18.5 0
    endloop
  endfacet
  facet normal 0 0 -1
    outer loop
      vertex 41.5 18.5 0
      vertex 42 22 0
      vertex 43.5 20 0
    endloop
  endfacet
  facet normal 0 0 -1
    outer loop
      vertex 40 20.5 0
      vertex 41.5 18.5 0
      vertex 40 15 0
    endloop
  endfacet
  facet normal 0 0 -1
    outer loop
      vertex 41.5 18.5 0
      vertex 40 20.5 0
      vertex 42 22 0
    endloop
  endfacet
  facet normal 0 0 -1
    outer loop
      vertex 38.5 20.5 0
      vertex 42 22 0
      vertex 40 20.5 0
    endloop
  endfacet
  facet normal 0 0 -1
    outer loop
      vertex 37 18.5 0
      vertex 38.5 20.5 0
      vertex 37 17 0
    endloop
  endfacet
  facet normal 0 0 -1
    outer loop
      vertex 38.5 20.5 0
      vertex 36.5 22 0
      vertex 42 22 0
    endloop
  endfacet
  facet normal 0 0 -1
    outer loop
      vertex 37 18.5 0
      vertex 36.5 22 0
      vertex 38.5 20.5 0
    endloop
  endfacet
  facet normal -0 0 -1
    outer loop
      vertex 36.5 22 0
      vertex 35 20 0
      vertex 36.5 23.5 0
    endloop
  endfacet
  facet normal 0 0 -1
    outer loop
      vertex 37 18.5 0
      vertex 35 20 0
      vertex 36.5 22 0
    endloop
  endfacet
  facet normal 0 0 -1
    outer loop
      vertex 37 18.5 0
      vertex 33.5 20 0
      vertex 35 20 0
    endloop
  endfacet
  facet normal 0 0 -1
    outer loop
      vertex 33.5 20 0
      vertex 32 22 0
      vertex 33.5 25.5 0
    endloop
  endfacet
  facet normal 0 0 -1
    outer loop
      vertex 31.5 18.5 0
      vertex 33.5 20 0
      vertex 37 18.5 0
    endloop
  endfacet
  facet normal 0 0 -1
    outer loop
      vertex 31.5 18.5 0
      vertex 32 22 0
      vertex 33.5 20 0
    endloop
  endfacet
  facet normal 0 0 -1
    outer loop
      vertex 30 20.5 0
      vertex 31.5 18.5 0
      vertex 30 15 0
    endloop
  endfacet
  facet normal 0 0 -1
    outer loop
      vertex 31.5 18.5 0
      vertex 30 20.5 0
      vertex 32 22 0
    endloop
  endfacet
  facet normal 0 0 -1
    outer loop
      vertex 28.5 20.5 0
      vertex 32 22 0
      vertex 30 20.5 0
    endloop
  endfacet
  facet normal 0 0 -1
    outer loop
      vertex 27 18.5 0
      vertex 28.5 20.5 0
      vertex 27 17 0
    endloop
  endfacet
  facet normal 0 0 -1
    outer loop
      vertex 28.5 20.5 0
      vertex 26.5 22 0
      vertex 32 22 0
    endloop
  endfacet
  facet normal 0 0 -1
    outer loop
      vertex 27 18.5 0
      vertex 26.5 22 0
      vertex 28.5 20.5 0
    endloop
  endfacet
  facet normal -0 0 -1
    outer loop
      vertex 26.5 22 0
      vertex 25 20 0
      vertex 26.5 23.5 0
    endloop
  endfacet
  facet normal 0 0 -1
    outer loop
      vertex 27 18.5 0
      vertex 25 20 0
      vertex 26.5 22 0
    endloop
  endfacet
  facet normal 0 0 -1
    outer loop
      vertex 27 18.5 0
      vertex 23.5 20 0
      vertex 25 20 0
    endloop
  endfacet
  facet normal 0 0 -1
    outer loop
      vertex 23.5 20 0
      vertex 22 22 0
      vertex 23.5 25.5 0
    endloop
  endfacet
  facet normal 0 0 -1
    outer loop
      vertex 21.5 18.5 0
      vertex 23.5 20 0
      vertex 27 18.5 0
    endloop
  endfacet
  facet normal 0 0 -1
    outer loop
      vertex 21.5 18.5 0
      vertex 22 22 0
      vertex 23.5 20 0
    endloop
  endfacet
  facet normal 0 0 -1
    outer loop
      vertex 20 20.5 0
      vertex 21.5 18.5 0
      vertex 20 15 0
    endloop
  endfacet
  facet normal 0 0 -1
    outer loop
      vertex 21.5 18.5 0
      vertex 20 20.5 0
      vertex 22 22 0
    endloop
  endfacet
  facet normal 0 0 -1
    outer loop
      vertex 18.5 20.5 0
      vertex 22 22 0
      vertex 20 20.5 0
    endloop
  endfacet
  facet normal 0 0 -1
    outer loop
      vertex 17 18.5 0
      vertex 18.5 20.5 0
      vertex 17 17 0
    endloop
  endfacet
  facet normal 0 0 -1
    outer loop
      vertex 18.5 20.5 0
      vertex 16.5 22 0
      vertex 22 22 0
    endloop
  endfacet
  facet normal 0 0 -1
    outer loop
      vertex 17 18.5 0
      vertex 16.5 22 0
      vertex 18.5 20.5 0
    endloop
  endfacet
  facet normal -0 0 -1
    outer loop
      vertex 16.5 22 0
      vertex 15 20 0
      vertex 16.5 23.5 0
    endloop
  endfacet
  facet normal 0 0 -1
    outer loop
      vertex 17 18.5 0
      vertex 15 20 0
      vertex 16.5 22 0
    endloop
  endfacet
  facet normal 0 0 -1
    outer loop
      vertex 17 18.5 0
      vertex 13.5 20 0
      vertex 15 20 0
    endloop
  endfacet
  facet normal 0 0 -1
    outer loop
      vertex 13.5 20 0
      vertex 12 22 0
      vertex 13.5 25.5 0
    endloop
  endfacet
  facet normal 0 0 -1
    outer loop
      vertex 11.5 18.5 0
      vertex 13.5 20 0
      vertex 17 18.5 0
    endloop
  endfacet
  facet normal 0 0 -1
    outer loop
      vertex 11.5 18.5 0
      vertex 12 22 0
      vertex 13.5 20 0
    endloop
  endfacet
  facet normal 0 0 -1
    outer loop
      vertex 8.925 15.3 0
      vertex 13.5 15.5 0
      vertex 10.9213 9.35036 0
    endloop
  endfacet
  facet normal -0 0 -1
    outer loop
      vertex 13.5 15.5 0
      vertex 8.925 15.3 0
      vertex 11.5 17 0
    endloop
  endfacet
  facet normal 0 0 -1
    outer loop
      vertex 8.925 15.3 0
      vertex 10.9213 9.35036 0
      vertex 10.6663 9.39074 0
    endloop
  endfacet
  facet normal 0 0 -1
    outer loop
      vertex 8.925 15.3 0
      vertex 10.6663 9.39074 0
      vertex 10.45 9.425 0
    endloop
  endfacet
  facet normal 0 0 -1
    outer loop
      vertex 8.925 15.3 0
      vertex 10.45 9.425 0
      vertex 10.2337 9.39074 0
    endloop
  endfacet
  facet normal 0 0 -1
    outer loop
      vertex 8.925 15.3 0
      vertex 10.2337 9.39074 0
      vertex 9.97875 9.35036 0
    endloop
  endfacet
  facet normal 0 0 -1
    outer loop
      vertex 8.89074 15.5163 0
      vertex 11.5 17 0
      vertex 8.925 15.3 0
    endloop
  endfacet
  facet normal 0 0 -1
    outer loop
      vertex 8.925 15.3 0
      vertex 9.97875 9.35036 0
      vertex 9.74876 9.23318 0
    endloop
  endfacet
  facet normal 0 0 -1
    outer loop
      vertex 8.925 15.3 0
      vertex 9.74876 9.23318 0
      vertex 9.55363 9.13375 0
    endloop
  endfacet
  facet normal 0 0 -1
    outer loop
      vertex 8.85036 15.7713 0
      vertex 11.5 17 0
      vertex 8.89074 15.5163 0
    endloop
  endfacet
  facet normal 0 0 -1
    outer loop
      vertex 8.73318 16.0012 0
      vertex 11.5 17 0
      vertex 8.85036 15.7713 0
    endloop
  endfacet
  facet normal 0 0 -1
    outer loop
      vertex 8.925 15.3 0
      vertex 9.55363 9.13375 0
      vertex 9.39876 8.97889 0
    endloop
  endfacet
  facet normal 0 0 -1
    outer loop
      vertex 62 53.5 0
      vertex 58.5 55 0
      vertex 60 55 0
    endloop
  endfacet
  facet normal 0 0 -1
    outer loop
      vertex 58.5 55 0
      vertex 57 57 0
      vertex 58.5 60.5 0
    endloop
  endfacet
  facet normal 0 0 -1
    outer loop
      vertex 56.5 53.5 0
      vertex 58.5 55 0
      vertex 62 53.5 0
    endloop
  endfacet
  facet normal 0 0 -1
    outer loop
      vertex 56.5 53.5 0
      vertex 57 57 0
      vertex 58.5 55 0
    endloop
  endfacet
  facet normal 0 0 -1
    outer loop
      vertex 55 55.5 0
      vertex 56.5 53.5 0
      vertex 55 50 0
    endloop
  endfacet
  facet normal 0 0 -1
    outer loop
      vertex 56.5 53.5 0
      vertex 55 55.5 0
      vertex 57 57 0
    endloop
  endfacet
  facet normal 0 0 -1
    outer loop
      vertex 53.5 55.5 0
      vertex 57 57 0
      vertex 55 55.5 0
    endloop
  endfacet
  facet normal 0 0 -1
    outer loop
      vertex 52 53.5 0
      vertex 53.5 55.5 0
      vertex 52 52 0
    endloop
  endfacet
  facet normal 0 0 -1
    outer loop
      vertex 53.5 55.5 0
      vertex 51.5 57 0
      vertex 57 57 0
    endloop
  endfacet
  facet normal 0 0 -1
    outer loop
      vertex 52 53.5 0
      vertex 51.5 57 0
      vertex 53.5 55.5 0
    endloop
  endfacet
  facet normal -0 0 -1
    outer loop
      vertex 51.5 57 0
      vertex 50 55 0
      vertex 51.5 58.5 0
    endloop
  endfacet
  facet normal 0 0 -1
    outer loop
      vertex 52 53.5 0
      vertex 50 55 0
      vertex 51.5 57 0
    endloop
  endfacet
  facet normal 0 0 -1
    outer loop
      vertex 52 53.5 0
      vertex 48.5 55 0
      vertex 50 55 0
    endloop
  endfacet
  facet normal 0 0 -1
    outer loop
      vertex 48.5 55 0
      vertex 47 57 0
      vertex 48.5 60.5 0
    endloop
  endfacet
  facet normal 0 0 -1
    outer loop
      vertex 46.5 53.5 0
      vertex 48.5 55 0
      vertex 52 53.5 0
    endloop
  endfacet
  facet normal 0 0 -1
    outer loop
      vertex 46.5 53.5 0
      vertex 47 57 0
      vertex 48.5 55 0
    endloop
  endfacet
  facet normal 0 0 -1
    outer loop
      vertex 45 55.5 0
      vertex 46.5 53.5 0
      vertex 45 50 0
    endloop
  endfacet
  facet normal 0 0 -1
    outer loop
      vertex 46.5 53.5 0
      vertex 45 55.5 0
      vertex 47 57 0
    endloop
  endfacet
  facet normal 0 0 -1
    outer loop
      vertex 43.5 55.5 0
      vertex 47 57 0
      vertex 45 55.5 0
    endloop
  endfacet
  facet normal 0 0 -1
    outer loop
      vertex 42 53.5 0
      vertex 43.5 55.5 0
      vertex 42 52 0
    endloop
  endfacet
  facet normal 0 0 -1
    outer loop
      vertex 43.5 55.5 0
      vertex 41.5 57 0
      vertex 47 57 0
    endloop
  endfacet
  facet normal 0 0 -1
    outer loop
      vertex 42 53.5 0
      vertex 41.5 57 0
      vertex 43.5 55.5 0
    endloop
  endfacet
  facet normal -0 0 -1
    outer loop
      vertex 41.5 57 0
      vertex 40 55 0
      vertex 41.5 58.5 0
    endloop
  endfacet
  facet normal 0 0 -1
    outer loop
      vertex 42 53.5 0
      vertex 40 55 0
      vertex 41.5 57 0
    endloop
  endfacet
  facet normal 0 0 -1
    outer loop
      vertex 42 53.5 0
      vertex 38.5 55 0
      vertex 40 55 0
    endloop
  endfacet
  facet normal 0 0 -1
    outer loop
      vertex 38.5 55 0
      vertex 37 57 0
      vertex 38.5 60.5 0
    endloop
  endfacet
  facet normal 0 0 -1
    outer loop
      vertex 36.5 53.5 0
      vertex 38.5 55 0
      vertex 42 53.5 0
    endloop
  endfacet
  facet normal 0 0 -1
    outer loop
      vertex 36.5 53.5 0
      vertex 37 57 0
      vertex 38.5 55 0
    endloop
  endfacet
  facet normal 0 0 -1
    outer loop
      vertex 35 55.5 0
      vertex 36.5 53.5 0
      vertex 35 50 0
    endloop
  endfacet
  facet normal 0 0 -1
    outer loop
      vertex 36.5 53.5 0
      vertex 35 55.5 0
      vertex 37 57 0
    endloop
  endfacet
  facet normal 0 0 -1
    outer loop
      vertex 33.5 55.5 0
      vertex 37 57 0
      vertex 35 55.5 0
    endloop
  endfacet
  facet normal 0 0 -1
    outer loop
      vertex 32 53.5 0
      vertex 33.5 55.5 0
      vertex 32 52 0
    endloop
  endfacet
  facet normal 0 0 -1
    outer loop
      vertex 33.5 55.5 0
      vertex 31.5 57 0
      vertex 37 57 0
    endloop
  endfacet
  facet normal 0 0 -1
    outer loop
      vertex 32 53.5 0
      vertex 31.5 57 0
      vertex 33.5 55.5 0
    endloop
  endfacet
  facet normal -0 0 -1
    outer loop
      vertex 31.5 57 0
      vertex 30 55 0
      vertex 31.5 58.5 0
    endloop
  endfacet
  facet normal 0 0 -1
    outer loop
      vertex 32 53.5 0
      vertex 30 55 0
      vertex 31.5 57 0
    endloop
  endfacet
  facet normal 0 0 -1
    outer loop
      vertex 32 53.5 0
      vertex 28.5 55 0
      vertex 30 55 0
    endloop
  endfacet
  facet normal 0 0 -1
    outer loop
      vertex 28.5 55 0
      vertex 27 57 0
      vertex 28.5 60.5 0
    endloop
  endfacet
  facet normal 0 0 -1
    outer loop
      vertex 26.5 53.5 0
      vertex 28.5 55 0
      vertex 32 53.5 0
    endloop
  endfacet
  facet normal 0 0 -1
    outer loop
      vertex 26.5 53.5 0
      vertex 27 57 0
      vertex 28.5 55 0
    endloop
  endfacet
  facet normal 0 0 -1
    outer loop
      vertex 25 55.5 0
      vertex 26.5 53.5 0
      vertex 25 50 0
    endloop
  endfacet
  facet normal 0 0 -1
    outer loop
      vertex 26.5 53.5 0
      vertex 25 55.5 0
      vertex 27 57 0
    endloop
  endfacet
  facet normal 0 0 -1
    outer loop
      vertex 23.5 55.5 0
      vertex 27 57 0
      vertex 25 55.5 0
    endloop
  endfacet
  facet normal 0 0 -1
    outer loop
      vertex 22 53.5 0
      vertex 23.5 55.5 0
      vertex 22 52 0
    endloop
  endfacet
  facet normal 0 0 -1
    outer loop
      vertex 23.5 55.5 0
      vertex 21.5 57 0
      vertex 27 57 0
    endloop
  endfacet
  facet normal 0 0 -1
    outer loop
      vertex 22 53.5 0
      vertex 21.5 57 0
      vertex 23.5 55.5 0
    endloop
  endfacet
  facet normal -0 0 -1
    outer loop
      vertex 21.5 57 0
      vertex 20 55 0
      vertex 21.5 58.5 0
    endloop
  endfacet
  facet normal 0 0 -1
    outer loop
      vertex 22 53.5 0
      vertex 20 55 0
      vertex 21.5 57 0
    endloop
  endfacet
  facet normal 0 0 -1
    outer loop
      vertex 22 53.5 0
      vertex 18.5 55 0
      vertex 20 55 0
    endloop
  endfacet
  facet normal 0 0 -1
    outer loop
      vertex 18.5 55 0
      vertex 17 57 0
      vertex 18.5 60.5 0
    endloop
  endfacet
  facet normal 0 0 -1
    outer loop
      vertex 16.5 53.5 0
      vertex 18.5 55 0
      vertex 22 53.5 0
    endloop
  endfacet
  facet normal 0 0 -1
    outer loop
      vertex 16.5 53.5 0
      vertex 17 57 0
      vertex 18.5 55 0
    endloop
  endfacet
  facet normal 0 0 -1
    outer loop
      vertex 15 55.5 0
      vertex 16.5 53.5 0
      vertex 15 50 0
    endloop
  endfacet
  facet normal 0 0 -1
    outer loop
      vertex 16.5 53.5 0
      vertex 15 55.5 0
      vertex 17 57 0
    endloop
  endfacet
  facet normal 0 0 -1
    outer loop
      vertex 13.5 55.5 0
      vertex 17 57 0
      vertex 15 55.5 0
    endloop
  endfacet
  facet normal 0 0 -1
    outer loop
      vertex 12 53.5 0
      vertex 13.5 55.5 0
      vertex 12 52 0
    endloop
  endfacet
  facet normal 0 0 -1
    outer loop
      vertex 13.5 55.5 0
      vertex 11.5 57 0
      vertex 17 57 0
    endloop
  endfacet
  facet normal 0 0 -1
    outer loop
      vertex 12 53.5 0
      vertex 11.5 57 0
      vertex 13.5 55.5 0
    endloop
  endfacet
  facet normal 0 0 -1
    outer loop
      vertex 9.825 58.1 0
      vertex 11.5 58.5 0
      vertex 11.5 57 0
    endloop
  endfacet
  facet normal 0 0 -1
    outer loop
      vertex 11 53.5 0
      vertex 11.5 57 0
      vertex 12 53.5 0
    endloop
  endfacet
  facet normal 0 0 -1
    outer loop
      vertex 9.825 58.1 0
      vertex 11.5 57 0
      vertex 11 53.5 0
    endloop
  endfacet
  facet normal 0 0 -1
    outer loop
      vertex 11.5 58.5 0
      vertex 9.825 58.1 0
      vertex 9.78462 58.3549 0
    endloop
  endfacet
  facet normal 0 0 -1
    outer loop
      vertex 60.5 23.5 0
      vertex 58.5 25 0
      vertex 60 25 0
    endloop
  endfacet
  facet normal 0 0 -1
    outer loop
      vertex 58.5 25 0
      vertex 57 27 0
      vertex 58.5 30.5 0
    endloop
  endfacet
  facet normal 0 0 -1
    outer loop
      vertex 56.5 23.5 0
      vertex 58.5 25 0
      vertex 60.5 23.5 0
    endloop
  endfacet
  facet normal 0 0 -1
    outer loop
      vertex 56.5 23.5 0
      vertex 57 27 0
      vertex 58.5 25 0
    endloop
  endfacet
  facet normal 0 0 -1
    outer loop
      vertex 58.4 16.15 0
      vertex 55 20 0
      vertex 56.5 22 0
    endloop
  endfacet
  facet normal -0 0 -1
    outer loop
      vertex 56.5 22 0
      vertex 55 20 0
      vertex 56.5 23.5 0
    endloop
  endfacet
  facet normal 0 0 -1
    outer loop
      vertex 55 25.5 0
      vertex 56.5 23.5 0
      vertex 55 20 0
    endloop
  endfacet
  facet normal 0 0 -1
    outer loop
      vertex 56.5 23.5 0
      vertex 55 25.5 0
      vertex 57 27 0
    endloop
  endfacet
  facet normal 0 0 -1
    outer loop
      vertex 53.5 25.5 0
      vertex 57 27 0
      vertex 55 25.5 0
    endloop
  endfacet
  facet normal 0 0 -1
    outer loop
      vertex 52 23.5 0
      vertex 53.5 25.5 0
      vertex 52 22 0
    endloop
  endfacet
  facet normal 0 0 -1
    outer loop
      vertex 53.5 25.5 0
      vertex 51.5 27 0
      vertex 57 27 0
    endloop
  endfacet
  facet normal 0 0 -1
    outer loop
      vertex 52 23.5 0
      vertex 51.5 27 0
      vertex 53.5 25.5 0
    endloop
  endfacet
  facet normal -0 0 -1
    outer loop
      vertex 51.5 27 0
      vertex 50 25 0
      vertex 51.5 28.5 0
    endloop
  endfacet
  facet normal 0 0 -1
    outer loop
      vertex 52 23.5 0
      vertex 50 25 0
      vertex 51.5 27 0
    endloop
  endfacet
  facet normal 0 0 -1
    outer loop
      vertex 52 23.5 0
      vertex 48.5 25 0
      vertex 50 25 0
    endloop
  endfacet
  facet normal 0 0 -1
    outer loop
      vertex 48.5 25 0
      vertex 47 27 0
      vertex 48.5 30.5 0
    endloop
  endfacet
  facet normal 0 0 -1
    outer loop
      vertex 46.5 23.5 0
      vertex 48.5 25 0
      vertex 52 23.5 0
    endloop
  endfacet
  facet normal 0 0 -1
    outer loop
      vertex 46.5 23.5 0
      vertex 47 27 0
      vertex 48.5 25 0
    endloop
  endfacet
  facet normal 0 0 -1
    outer loop
      vertex 45 25.5 0
      vertex 46.5 23.5 0
      vertex 45 20 0
    endloop
  endfacet
  facet normal 0 0 -1
    outer loop
      vertex 46.5 23.5 0
      vertex 45 25.5 0
      vertex 47 27 0
    endloop
  endfacet
  facet normal 0 0 -1
    outer loop
      vertex 43.5 25.5 0
      vertex 47 27 0
      vertex 45 25.5 0
    endloop
  endfacet
  facet normal 0 0 -1
    outer loop
      vertex 42 23.5 0
      vertex 43.5 25.5 0
      vertex 42 22 0
    endloop
  endfacet
  facet normal 0 0 -1
    outer loop
      vertex 43.5 25.5 0
      vertex 41.5 27 0
      vertex 47 27 0
    endloop
  endfacet
  facet normal 0 0 -1
    outer loop
      vertex 42 23.5 0
      vertex 41.5 27 0
      vertex 43.5 25.5 0
    endloop
  endfacet
  facet normal -0 0 -1
    outer loop
      vertex 41.5 27 0
      vertex 40 25 0
      vertex 41.5 28.5 0
    endloop
  endfacet
  facet normal 0 0 -1
    outer loop
      vertex 42 23.5 0
      vertex 40 25 0
      vertex 41.5 27 0
    endloop
  endfacet
  facet normal 0 0 -1
    outer loop
      vertex 42 23.5 0
      vertex 38.5 25 0
      vertex 40 25 0
    endloop
  endfacet
  facet normal 0 0 -1
    outer loop
      vertex 38.5 25 0
      vertex 37 27 0
      vertex 38.5 30.5 0
    endloop
  endfacet
  facet normal 0 0 -1
    outer loop
      vertex 36.5 23.5 0
      vertex 38.5 25 0
      vertex 42 23.5 0
    endloop
  endfacet
  facet normal 0 0 -1
    outer loop
      vertex 36.5 23.5 0
      vertex 37 27 0
      vertex 38.5 25 0
    endloop
  endfacet
  facet normal 0 0 -1
    outer loop
      vertex 35 25.5 0
      vertex 36.5 23.5 0
      vertex 35 20 0
    endloop
  endfacet
  facet normal 0 0 -1
    outer loop
      vertex 36.5 23.5 0
      vertex 35 25.5 0
      vertex 37 27 0
    endloop
  endfacet
  facet normal 0 0 -1
    outer loop
      vertex 33.5 25.5 0
      vertex 37 27 0
      vertex 35 25.5 0
    endloop
  endfacet
  facet normal 0 0 -1
    outer loop
      vertex 32 23.5 0
      vertex 33.5 25.5 0
      vertex 32 22 0
    endloop
  endfacet
  facet normal 0 0 -1
    outer loop
      vertex 33.5 25.5 0
      vertex 31.5 27 0
      vertex 37 27 0
    endloop
  endfacet
  facet normal 0 0 -1
    outer loop
      vertex 32 23.5 0
      vertex 31.5 27 0
      vertex 33.5 25.5 0
    endloop
  endfacet
  facet normal -0 0 -1
    outer loop
      vertex 31.5 27 0
      vertex 30 25 0
      vertex 31.5 28.5 0
    endloop
  endfacet
  facet normal 0 0 -1
    outer loop
      vertex 32 23.5 0
      vertex 30 25 0
      vertex 31.5 27 0
    endloop
  endfacet
  facet normal 0 0 -1
    outer loop
      vertex 32 23.5 0
      vertex 28.5 25 0
      vertex 30 25 0
    endloop
  endfacet
  facet normal 0 0 -1
    outer loop
      vertex 28.5 25 0
      vertex 27 27 0
      vertex 28.5 30.5 0
    endloop
  endfacet
  facet normal 0 0 -1
    outer loop
      vertex 26.5 23.5 0
      vertex 28.5 25 0
      vertex 32 23.5 0
    endloop
  endfacet
  facet normal 0 0 -1
    outer loop
      vertex 26.5 23.5 0
      vertex 27 27 0
      vertex 28.5 25 0
    endloop
  endfacet
  facet normal 0 0 -1
    outer loop
      vertex 25 25.5 0
      vertex 26.5 23.5 0
      vertex 25 20 0
    endloop
  endfacet
  facet normal 0 0 -1
    outer loop
      vertex 26.5 23.5 0
      vertex 25 25.5 0
      vertex 27 27 0
    endloop
  endfacet
  facet normal 0 0 -1
    outer loop
      vertex 23.5 25.5 0
      vertex 27 27 0
      vertex 25 25.5 0
    endloop
  endfacet
  facet normal 0 0 -1
    outer loop
      vertex 22 23.5 0
      vertex 23.5 25.5 0
      vertex 22 22 0
    endloop
  endfacet
  facet normal 0 0 -1
    outer loop
      vertex 23.5 25.5 0
      vertex 21.5 27 0
      vertex 27 27 0
    endloop
  endfacet
  facet normal 0 0 -1
    outer loop
      vertex 22 23.5 0
      vertex 21.5 27 0
      vertex 23.5 25.5 0
    endloop
  endfacet
  facet normal -0 0 -1
    outer loop
      vertex 21.5 27 0
      vertex 20 25 0
      vertex 21.5 28.5 0
    endloop
  endfacet
  facet normal 0 0 -1
    outer loop
      vertex 22 23.5 0
      vertex 20 25 0
      vertex 21.5 27 0
    endloop
  endfacet
  facet normal 0 0 -1
    outer loop
      vertex 22 23.5 0
      vertex 18.5 25 0
      vertex 20 25 0
    endloop
  endfacet
  facet normal 0 0 -1
    outer loop
      vertex 18.5 25 0
      vertex 17 27 0
      vertex 18.5 30.5 0
    endloop
  endfacet
  facet normal 0 0 -1
    outer loop
      vertex 16.5 23.5 0
      vertex 18.5 25 0
      vertex 22 23.5 0
    endloop
  endfacet
  facet normal 0 0 -1
    outer loop
      vertex 16.5 23.5 0
      vertex 17 27 0
      vertex 18.5 25 0
    endloop
  endfacet
  facet normal 0 0 -1
    outer loop
      vertex 15 25.5 0
      vertex 16.5 23.5 0
      vertex 15 20 0
    endloop
  endfacet
  facet normal 0 0 -1
    outer loop
      vertex 16.5 23.5 0
      vertex 15 25.5 0
      vertex 17 27 0
    endloop
  endfacet
  facet normal 0 0 -1
    outer loop
      vertex 13.5 25.5 0
      vertex 17 27 0
      vertex 15 25.5 0
    endloop
  endfacet
  facet normal 0 0 -1
    outer loop
      vertex 12 23.5 0
      vertex 13.5 25.5 0
      vertex 12 22 0
    endloop
  endfacet
  facet normal 0 0 -1
    outer loop
      vertex 13.5 25.5 0
      vertex 11.5 27 0
      vertex 17 27 0
    endloop
  endfacet
  facet normal 0 0 -1
    outer loop
      vertex 12 23.5 0
      vertex 11.5 27 0
      vertex 13.5 25.5 0
    endloop
  endfacet
  facet normal 0 0 -1
    outer loop
      vertex 8.03462 24.8049 0
      vertex 9.5 23.5 0
      vertex 8.075 24.55 0
    endloop
  endfacet
  facet normal 0 0 -1
    outer loop
      vertex 9.5 23.5 0
      vertex 11.5 27 0
      vertex 12 23.5 0
    endloop
  endfacet
  facet normal -0 0 -1
    outer loop
      vertex 61.4293 17.5663 0
      vertex 59.2447 16.0835 0
      vertex 61.4696 17.8213 0
    endloop
  endfacet
  facet normal 0 0 -1
    outer loop
      vertex 58.4 16.15 0
      vertex 61.4696 17.8213 0
      vertex 59.2447 16.0835 0
    endloop
  endfacet
  facet normal -0 0 -1
    outer loop
      vertex 61.4696 17.8213 0
      vertex 58.4 16.15 0
      vertex 60.5 22 0
    endloop
  endfacet
  facet normal 0 0 -1
    outer loop
      vertex 55 20 0
      vertex 58.4 16.15 0
      vertex 57.5553 16.0835 0
    endloop
  endfacet
  facet normal 0 0 -1
    outer loop
      vertex 55 20 0
      vertex 57.5553 16.0835 0
      vertex 56.7313 15.8857 0
    endloop
  endfacet
  facet normal 0 0 -1
    outer loop
      vertex 58.4 16.15 0
      vertex 56.5 22 0
      vertex 60.5 22 0
    endloop
  endfacet
  facet normal 0 0 -1
    outer loop
      vertex 55 20 0
      vertex 55.9485 15.5614 0
      vertex 55.226 15.1187 0
    endloop
  endfacet
  facet normal 0 0 -1
    outer loop
      vertex 55 20 0
      vertex 56.7313 15.8857 0
      vertex 55.9485 15.5614 0
    endloop
  endfacet
  facet normal 0 0 -1
    outer loop
      vertex 61.5 48.5 0
      vertex 62 52 0
      vertex 62.5 48.5 0
    endloop
  endfacet
  facet normal 0 0 -1
    outer loop
      vertex 60 50.5 0
      vertex 61.5 48.5 0
      vertex 60 45 0
    endloop
  endfacet
  facet normal 0 0 -1
    outer loop
      vertex 61.5 48.5 0
      vertex 60 50.5 0
      vertex 62 52 0
    endloop
  endfacet
  facet normal 0 0 -1
    outer loop
      vertex 58.5 50.5 0
      vertex 62 52 0
      vertex 60 50.5 0
    endloop
  endfacet
  facet normal 0 0 -1
    outer loop
      vertex 57 48.5 0
      vertex 58.5 50.5 0
      vertex 57 47 0
    endloop
  endfacet
  facet normal 0 0 -1
    outer loop
      vertex 58.5 50.5 0
      vertex 56.5 52 0
      vertex 62 52 0
    endloop
  endfacet
  facet normal 0 0 -1
    outer loop
      vertex 57 48.5 0
      vertex 56.5 52 0
      vertex 58.5 50.5 0
    endloop
  endfacet
  facet normal -0 0 -1
    outer loop
      vertex 56.5 52 0
      vertex 55 50 0
      vertex 56.5 53.5 0
    endloop
  endfacet
  facet normal 0 0 -1
    outer loop
      vertex 57 48.5 0
      vertex 55 50 0
      vertex 56.5 52 0
    endloop
  endfacet
  facet normal 0 0 -1
    outer loop
      vertex 57 48.5 0
      vertex 53.5 50 0
      vertex 55 50 0
    endloop
  endfacet
  facet normal 0 0 -1
    outer loop
      vertex 53.5 50 0
      vertex 52 52 0
      vertex 53.5 55.5 0
    endloop
  endfacet
  facet normal 0 0 -1
    outer loop
      vertex 51.5 48.5 0
      vertex 53.5 50 0
      vertex 57 48.5 0
    endloop
  endfacet
  facet normal 0 0 -1
    outer loop
      vertex 51.5 48.5 0
      vertex 52 52 0
      vertex 53.5 50 0
    endloop
  endfacet
  facet normal 0 0 -1
    outer loop
      vertex 50 50.5 0
      vertex 51.5 48.5 0
      vertex 50 45 0
    endloop
  endfacet
  facet normal 0 0 -1
    outer loop
      vertex 51.5 48.5 0
      vertex 50 50.5 0
      vertex 52 52 0
    endloop
  endfacet
  facet normal 0 0 -1
    outer loop
      vertex 48.5 50.5 0
      vertex 52 52 0
      vertex 50 50.5 0
    endloop
  endfacet
  facet normal 0 0 -1
    outer loop
      vertex 47 48.5 0
      vertex 48.5 50.5 0
      vertex 47 47 0
    endloop
  endfacet
  facet normal 0 0 -1
    outer loop
      vertex 48.5 50.5 0
      vertex 46.5 52 0
      vertex 52 52 0
    endloop
  endfacet
  facet normal 0 0 -1
    outer loop
      vertex 47 48.5 0
      vertex 46.5 52 0
      vertex 48.5 50.5 0
    endloop
  endfacet
  facet normal -0 0 -1
    outer loop
      vertex 46.5 52 0
      vertex 45 50 0
      vertex 46.5 53.5 0
    endloop
  endfacet
  facet normal 0 0 -1
    outer loop
      vertex 47 48.5 0
      vertex 45 50 0
      vertex 46.5 52 0
    endloop
  endfacet
  facet normal 0 0 -1
    outer loop
      vertex 47 48.5 0
      vertex 43.5 50 0
      vertex 45 50 0
    endloop
  endfacet
  facet normal 0 0 -1
    outer loop
      vertex 43.5 50 0
      vertex 42 52 0
      vertex 43.5 55.5 0
    endloop
  endfacet
  facet normal 0 0 -1
    outer loop
      vertex 41.5 48.5 0
      vertex 43.5 50 0
      vertex 47 48.5 0
    endloop
  endfacet
  facet normal 0 0 -1
    outer loop
      vertex 41.5 48.5 0
      vertex 42 52 0
      vertex 43.5 50 0
    endloop
  endfacet
  facet normal 0 0 -1
    outer loop
      vertex 40 50.5 0
      vertex 41.5 48.5 0
      vertex 40 45 0
    endloop
  endfacet
  facet normal 0 0 -1
    outer loop
      vertex 41.5 48.5 0
      vertex 40 50.5 0
      vertex 42 52 0
    endloop
  endfacet
  facet normal 0 0 -1
    outer loop
      vertex 38.5 50.5 0
      vertex 42 52 0
      vertex 40 50.5 0
    endloop
  endfacet
  facet normal 0 0 -1
    outer loop
      vertex 37 48.5 0
      vertex 38.5 50.5 0
      vertex 37 47 0
    endloop
  endfacet
  facet normal 0 0 -1
    outer loop
      vertex 38.5 50.5 0
      vertex 36.5 52 0
      vertex 42 52 0
    endloop
  endfacet
  facet normal 0 0 -1
    outer loop
      vertex 37 48.5 0
      vertex 36.5 52 0
      vertex 38.5 50.5 0
    endloop
  endfacet
  facet normal -0 0 -1
    outer loop
      vertex 36.5 52 0
      vertex 35 50 0
      vertex 36.5 53.5 0
    endloop
  endfacet
  facet normal 0 0 -1
    outer loop
      vertex 37 48.5 0
      vertex 35 50 0
      vertex 36.5 52 0
    endloop
  endfacet
  facet normal 0 0 -1
    outer loop
      vertex 37 48.5 0
      vertex 33.5 50 0
      vertex 35 50 0
    endloop
  endfacet
  facet normal 0 0 -1
    outer loop
      vertex 33.5 50 0
      vertex 32 52 0
      vertex 33.5 55.5 0
    endloop
  endfacet
  facet normal 0 0 -1
    outer loop
      vertex 31.5 48.5 0
      vertex 33.5 50 0
      vertex 37 48.5 0
    endloop
  endfacet
  facet normal 0 0 -1
    outer loop
      vertex 31.5 48.5 0
      vertex 32 52 0
      vertex 33.5 50 0
    endloop
  endfacet
  facet normal 0 0 -1
    outer loop
      vertex 30 50.5 0
      vertex 31.5 48.5 0
      vertex 30 45 0
    endloop
  endfacet
  facet normal 0 0 -1
    outer loop
      vertex 31.5 48.5 0
      vertex 30 50.5 0
      vertex 32 52 0
    endloop
  endfacet
  facet normal 0 0 -1
    outer loop
      vertex 28.5 50.5 0
      vertex 32 52 0
      vertex 30 50.5 0
    endloop
  endfacet
  facet normal 0 0 -1
    outer loop
      vertex 27 48.5 0
      vertex 28.5 50.5 0
      vertex 27 47 0
    endloop
  endfacet
  facet normal 0 0 -1
    outer loop
      vertex 28.5 50.5 0
      vertex 26.5 52 0
      vertex 32 52 0
    endloop
  endfacet
  facet normal 0 0 -1
    outer loop
      vertex 27 48.5 0
      vertex 26.5 52 0
      vertex 28.5 50.5 0
    endloop
  endfacet
  facet normal -0 0 -1
    outer loop
      vertex 26.5 52 0
      vertex 25 50 0
      vertex 26.5 53.5 0
    endloop
  endfacet
  facet normal 0 0 -1
    outer loop
      vertex 27 48.5 0
      vertex 25 50 0
      vertex 26.5 52 0
    endloop
  endfacet
  facet normal 0 0 -1
    outer loop
      vertex 27 48.5 0
      vertex 23.5 50 0
      vertex 25 50 0
    endloop
  endfacet
  facet normal 0 0 -1
    outer loop
      vertex 23.5 50 0
      vertex 22 52 0
      vertex 23.5 55.5 0
    endloop
  endfacet
  facet normal 0 0 -1
    outer loop
      vertex 21.5 48.5 0
      vertex 23.5 50 0
      vertex 27 48.5 0
    endloop
  endfacet
  facet normal 0 0 -1
    outer loop
      vertex 21.5 48.5 0
      vertex 22 52 0
      vertex 23.5 50 0
    endloop
  endfacet
  facet normal 0 0 -1
    outer loop
      vertex 20 50.5 0
      vertex 21.5 48.5 0
      vertex 20 45 0
    endloop
  endfacet
  facet normal 0 0 -1
    outer loop
      vertex 21.5 48.5 0
      vertex 20 50.5 0
      vertex 22 52 0
    endloop
  endfacet
  facet normal 0 0 -1
    outer loop
      vertex 18.5 50.5 0
      vertex 22 52 0
      vertex 20 50.5 0
    endloop
  endfacet
  facet normal 0 0 -1
    outer loop
      vertex 17 48.5 0
      vertex 18.5 50.5 0
      vertex 17 47 0
    endloop
  endfacet
  facet normal 0 0 -1
    outer loop
      vertex 18.5 50.5 0
      vertex 16.5 52 0
      vertex 22 52 0
    endloop
  endfacet
  facet normal 0 0 -1
    outer loop
      vertex 17 48.5 0
      vertex 16.5 52 0
      vertex 18.5 50.5 0
    endloop
  endfacet
  facet normal -0 0 -1
    outer loop
      vertex 16.5 52 0
      vertex 15 50 0
      vertex 16.5 53.5 0
    endloop
  endfacet
  facet normal 0 0 -1
    outer loop
      vertex 17 48.5 0
      vertex 15 50 0
      vertex 16.5 52 0
    endloop
  endfacet
  facet normal 0 0 -1
    outer loop
      vertex 17 48.5 0
      vertex 13.5 50 0
      vertex 15 50 0
    endloop
  endfacet
  facet normal 0 0 -1
    outer loop
      vertex 13.5 50 0
      vertex 12 52 0
      vertex 13.5 55.5 0
    endloop
  endfacet
  facet normal 0 0 -1
    outer loop
      vertex 11.5 48.5 0
      vertex 13.5 50 0
      vertex 17 48.5 0
    endloop
  endfacet
  facet normal 0 0 -1
    outer loop
      vertex 11.5 48.5 0
      vertex 12 52 0
      vertex 13.5 50 0
    endloop
  endfacet
  facet normal -0 0 -1
    outer loop
      vertex 12 52 0
      vertex 11.5 48.5 0
      vertex 11 52 0
    endloop
  endfacet
  facet normal 0 0 -1
    outer loop
      vertex 61.5 28.5 0
      vertex 62 32 0
      vertex 62.5 28.5 0
    endloop
  endfacet
  facet normal -0 0 -1
    outer loop
      vertex 64.7468 25.6688 0
      vertex 60.5 23.5 0
      vertex 62.5 27 0
    endloop
  endfacet
  facet normal 0 0 -1
    outer loop
      vertex 59.2447 16.0835 0
      vertex 61.395 17.35 0
      vertex 60.0687 15.8857 0
    endloop
  endfacet
  facet normal 0 0 -1
    outer loop
      vertex 60.0687 15.8857 0
      vertex 61.4696 16.8787 0
      vertex 60.8515 15.5614 0
    endloop
  endfacet
  facet normal 0 0 -1
    outer loop
      vertex 60.8515 15.5614 0
      vertex 61.3837 15.2534 0
      vertex 61.3674 15.2453 0
    endloop
  endfacet
  facet normal -0 0 -1
    outer loop
      vertex 61.4696 16.8787 0
      vertex 60.0687 15.8857 0
      vertex 61.4293 17.1337 0
    endloop
  endfacet
  facet normal -0 0 -1
    outer loop
      vertex 61.4293 17.1337 0
      vertex 60.0687 15.8857 0
      vertex 61.395 17.35 0
    endloop
  endfacet
  facet normal 0 0 -1
    outer loop
      vertex 60 25 0
      vertex 62.5 27 0
      vertex 60.5 23.5 0
    endloop
  endfacet
  facet normal -0 0 -1
    outer loop
      vertex 62.5 27 0
      vertex 60 25 0
      vertex 61.5 27 0
    endloop
  endfacet
  facet normal -0 0 -1
    outer loop
      vertex 61.5 27 0
      vertex 60 25 0
      vertex 61.5 28.5 0
    endloop
  endfacet
  facet normal 0 0 -1
    outer loop
      vertex 60 30.5 0
      vertex 61.5 28.5 0
      vertex 60 25 0
    endloop
  endfacet
  facet normal 0 0 -1
    outer loop
      vertex 61.5 28.5 0
      vertex 60 30.5 0
      vertex 62 32 0
    endloop
  endfacet
  facet normal 0 0 -1
    outer loop
      vertex 58.5 30.5 0
      vertex 62 32 0
      vertex 60 30.5 0
    endloop
  endfacet
  facet normal 0 0 -1
    outer loop
      vertex 57 28.5 0
      vertex 58.5 30.5 0
      vertex 57 27 0
    endloop
  endfacet
  facet normal 0 0 -1
    outer loop
      vertex 58.5 30.5 0
      vertex 56.5 32 0
      vertex 62 32 0
    endloop
  endfacet
  facet normal 0 0 -1
    outer loop
      vertex 57 28.5 0
      vertex 56.5 32 0
      vertex 58.5 30.5 0
    endloop
  endfacet
  facet normal -0 0 -1
    outer loop
      vertex 56.5 32 0
      vertex 55 30 0
      vertex 56.5 33.5 0
    endloop
  endfacet
  facet normal 0 0 -1
    outer loop
      vertex 57 28.5 0
      vertex 55 30 0
      vertex 56.5 32 0
    endloop
  endfacet
  facet normal 0 0 -1
    outer loop
      vertex 57 28.5 0
      vertex 53.5 30 0
      vertex 55 30 0
    endloop
  endfacet
  facet normal 0 0 -1
    outer loop
      vertex 53.5 30 0
      vertex 52 32 0
      vertex 53.5 35.5 0
    endloop
  endfacet
  facet normal 0 0 -1
    outer loop
      vertex 51.5 28.5 0
      vertex 53.5 30 0
      vertex 57 28.5 0
    endloop
  endfacet
  facet normal 0 0 -1
    outer loop
      vertex 51.5 28.5 0
      vertex 52 32 0
      vertex 53.5 30 0
    endloop
  endfacet
  facet normal 0 0 -1
    outer loop
      vertex 50 30.5 0
      vertex 51.5 28.5 0
      vertex 50 25 0
    endloop
  endfacet
  facet normal 0 0 -1
    outer loop
      vertex 51.5 28.5 0
      vertex 50 30.5 0
      vertex 52 32 0
    endloop
  endfacet
  facet normal 0 0 -1
    outer loop
      vertex 48.5 30.5 0
      vertex 52 32 0
      vertex 50 30.5 0
    endloop
  endfacet
  facet normal 0 0 -1
    outer loop
      vertex 47 28.5 0
      vertex 48.5 30.5 0
      vertex 47 27 0
    endloop
  endfacet
  facet normal 0 0 -1
    outer loop
      vertex 48.5 30.5 0
      vertex 46.5 32 0
      vertex 52 32 0
    endloop
  endfacet
  facet normal 0 0 -1
    outer loop
      vertex 47 28.5 0
      vertex 46.5 32 0
      vertex 48.5 30.5 0
    endloop
  endfacet
  facet normal -0 0 -1
    outer loop
      vertex 46.5 32 0
      vertex 45 30 0
      vertex 46.5 33.5 0
    endloop
  endfacet
  facet normal 0 0 -1
    outer loop
      vertex 47 28.5 0
      vertex 45 30 0
      vertex 46.5 32 0
    endloop
  endfacet
  facet normal 0 0 -1
    outer loop
      vertex 47 28.5 0
      vertex 43.5 30 0
      vertex 45 30 0
    endloop
  endfacet
  facet normal 0 0 -1
    outer loop
      vertex 43.5 30 0
      vertex 42 32 0
      vertex 43.5 35.5 0
    endloop
  endfacet
  facet normal 0 0 -1
    outer loop
      vertex 41.5 28.5 0
      vertex 43.5 30 0
      vertex 47 28.5 0
    endloop
  endfacet
  facet normal 0 0 -1
    outer loop
      vertex 41.5 28.5 0
      vertex 42 32 0
      vertex 43.5 30 0
    endloop
  endfacet
  facet normal 0 0 -1
    outer loop
      vertex 40 30.5 0
      vertex 41.5 28.5 0
      vertex 40 25 0
    endloop
  endfacet
  facet normal 0 0 -1
    outer loop
      vertex 41.5 28.5 0
      vertex 40 30.5 0
      vertex 42 32 0
    endloop
  endfacet
  facet normal 0 0 -1
    outer loop
      vertex 38.5 30.5 0
      vertex 42 32 0
      vertex 40 30.5 0
    endloop
  endfacet
  facet normal 0 0 -1
    outer loop
      vertex 37 28.5 0
      vertex 38.5 30.5 0
      vertex 37 27 0
    endloop
  endfacet
  facet normal 0 0 -1
    outer loop
      vertex 38.5 30.5 0
      vertex 36.5 32 0
      vertex 42 32 0
    endloop
  endfacet
  facet normal 0 0 -1
    outer loop
      vertex 37 28.5 0
      vertex 36.5 32 0
      vertex 38.5 30.5 0
    endloop
  endfacet
  facet normal -0 0 -1
    outer loop
      vertex 36.5 32 0
      vertex 35 30 0
      vertex 36.5 33.5 0
    endloop
  endfacet
  facet normal 0 0 -1
    outer loop
      vertex 37 28.5 0
      vertex 35 30 0
      vertex 36.5 32 0
    endloop
  endfacet
  facet normal 0 0 -1
    outer loop
      vertex 37 28.5 0
      vertex 33.5 30 0
      vertex 35 30 0
    endloop
  endfacet
  facet normal 0 0 -1
    outer loop
      vertex 33.5 30 0
      vertex 32 32 0
      vertex 33.5 35.5 0
    endloop
  endfacet
  facet normal 0 0 -1
    outer loop
      vertex 31.5 28.5 0
      vertex 33.5 30 0
      vertex 37 28.5 0
    endloop
  endfacet
  facet normal 0 0 -1
    outer loop
      vertex 31.5 28.5 0
      vertex 32 32 0
      vertex 33.5 30 0
    endloop
  endfacet
  facet normal 0 0 -1
    outer loop
      vertex 30 30.5 0
      vertex 31.5 28.5 0
      vertex 30 25 0
    endloop
  endfacet
  facet normal 0 0 -1
    outer loop
      vertex 31.5 28.5 0
      vertex 30 30.5 0
      vertex 32 32 0
    endloop
  endfacet
  facet normal 0 0 -1
    outer loop
      vertex 28.5 30.5 0
      vertex 32 32 0
      vertex 30 30.5 0
    endloop
  endfacet
  facet normal 0 0 -1
    outer loop
      vertex 27 28.5 0
      vertex 28.5 30.5 0
      vertex 27 27 0
    endloop
  endfacet
  facet normal 0 0 -1
    outer loop
      vertex 28.5 30.5 0
      vertex 26.5 32 0
      vertex 32 32 0
    endloop
  endfacet
  facet normal 0 0 -1
    outer loop
      vertex 27 28.5 0
      vertex 26.5 32 0
      vertex 28.5 30.5 0
    endloop
  endfacet
  facet normal -0 0 -1
    outer loop
      vertex 26.5 32 0
      vertex 25 30 0
      vertex 26.5 33.5 0
    endloop
  endfacet
  facet normal 0 0 -1
    outer loop
      vertex 27 28.5 0
      vertex 25 30 0
      vertex 26.5 32 0
    endloop
  endfacet
  facet normal 0 0 -1
    outer loop
      vertex 27 28.5 0
      vertex 23.5 30 0
      vertex 25 30 0
    endloop
  endfacet
  facet normal 0 0 -1
    outer loop
      vertex 23.5 30 0
      vertex 22 32 0
      vertex 23.5 35.5 0
    endloop
  endfacet
  facet normal 0 0 -1
    outer loop
      vertex 21.5 28.5 0
      vertex 23.5 30 0
      vertex 27 28.5 0
    endloop
  endfacet
  facet normal 0 0 -1
    outer loop
      vertex 21.5 28.5 0
      vertex 22 32 0
      vertex 23.5 30 0
    endloop
  endfacet
  facet normal 0 0 -1
    outer loop
      vertex 20 30.5 0
      vertex 21.5 28.5 0
      vertex 20 25 0
    endloop
  endfacet
  facet normal 0 0 -1
    outer loop
      vertex 21.5 28.5 0
      vertex 20 30.5 0
      vertex 22 32 0
    endloop
  endfacet
  facet normal 0 0 -1
    outer loop
      vertex 18.5 30.5 0
      vertex 22 32 0
      vertex 20 30.5 0
    endloop
  endfacet
  facet normal 0 0 -1
    outer loop
      vertex 17 28.5 0
      vertex 18.5 30.5 0
      vertex 17 27 0
    endloop
  endfacet
  facet normal 0 0 -1
    outer loop
      vertex 18.5 30.5 0
      vertex 16.5 32 0
      vertex 22 32 0
    endloop
  endfacet
  facet normal 0 0 -1
    outer loop
      vertex 17 28.5 0
      vertex 16.5 32 0
      vertex 18.5 30.5 0
    endloop
  endfacet
  facet normal -0 0 -1
    outer loop
      vertex 16.5 32 0
      vertex 15 30 0
      vertex 16.5 33.5 0
    endloop
  endfacet
  facet normal 0 0 -1
    outer loop
      vertex 17 28.5 0
      vertex 15 30 0
      vertex 16.5 32 0
    endloop
  endfacet
  facet normal 0 0 -1
    outer loop
      vertex 17 28.5 0
      vertex 13.5 30 0
      vertex 15 30 0
    endloop
  endfacet
  facet normal 0 0 -1
    outer loop
      vertex 13.5 30 0
      vertex 12 32 0
      vertex 13.5 35.5 0
    endloop
  endfacet
  facet normal 0 0 -1
    outer loop
      vertex 11.5 28.5 0
      vertex 13.5 30 0
      vertex 17 28.5 0
    endloop
  endfacet
  facet normal 0 0 -1
    outer loop
      vertex 11.5 28.5 0
      vertex 12 32 0
      vertex 13.5 30 0
    endloop
  endfacet
  facet normal 0 0 -1
    outer loop
      vertex 8.00036 25.0212 0
      vertex 9.5 23.5 0
      vertex 8.03462 24.8049 0
    endloop
  endfacet
  facet normal 0 0 -1
    outer loop
      vertex 8.925 15.3 0
      vertex 9.39876 8.97889 0
      vertex 9.21625 8.79637 0
    endloop
  endfacet
  facet normal 0 0 -1
    outer loop
      vertex 8.925 15.3 0
      vertex 9.21625 8.79637 0
      vertex 9.11682 8.60123 0
    endloop
  endfacet
  facet normal 0 0 -1
    outer loop
      vertex 11.5 28.5 0
      vertex 9 32 0
      vertex 12 32 0
    endloop
  endfacet
  facet normal 0 0 -1
    outer loop
      vertex 8.63375 16.1964 0
      vertex 11.5 17 0
      vertex 8.73318 16.0012 0
    endloop
  endfacet
  facet normal -0 0 -1
    outer loop
      vertex 11.5 17 0
      vertex 8.63375 16.1964 0
      vertex 11.5 18.5 0
    endloop
  endfacet
  facet normal 0 0 -1
    outer loop
      vertex 8.925 15.3 0
      vertex 9.11682 8.60123 0
      vertex 8.99964 8.37125 0
    endloop
  endfacet
  facet normal 0 0 -1
    outer loop
      vertex 60.5 23.5 0
      vertex 65.1836 25.1362 0
      vertex 60.5 22 0
    endloop
  endfacet
  facet normal -0 0 -1
    outer loop
      vertex 65.1836 25.1362 0
      vertex 60.5 23.5 0
      vertex 64.8462 25.4736 0
    endloop
  endfacet
  facet normal 0 0 -1
    outer loop
      vertex 64.5893 26.1537 0
      vertex 62.5 27 0
      vertex 64.555 26.37 0
    endloop
  endfacet
  facet normal 0 0 -1
    outer loop
      vertex 64.6296 25.8987 0
      vertex 62.5 27 0
      vertex 64.5893 26.1537 0
    endloop
  endfacet
  facet normal 0 0 -1
    outer loop
      vertex 62.5 28.5 0
      vertex 64.555 26.37 0
      vertex 62.5 27 0
    endloop
  endfacet
  facet normal 0 0 -1
    outer loop
      vertex 62 32 0
      vertex 64.555 26.37 0
      vertex 62.5 28.5 0
    endloop
  endfacet
  facet normal 0 0 -1
    outer loop
      vertex 64.555 26.37 0
      vertex 62 32 0
      vertex 63.5 37 0
    endloop
  endfacet
  facet normal 0 0 -1
    outer loop
      vertex 62 33.5 0
      vertex 63.5 37 0
      vertex 62 32 0
    endloop
  endfacet
  facet normal 0 0 -1
    outer loop
      vertex 62 33.5 0
      vertex 61.5 37 0
      vertex 63.5 37 0
    endloop
  endfacet
  facet normal -0 0 -1
    outer loop
      vertex 61.5 37 0
      vertex 60 35 0
      vertex 61.5 38.5 0
    endloop
  endfacet
  facet normal 0 0 -1
    outer loop
      vertex 62 33.5 0
      vertex 60 35 0
      vertex 61.5 37 0
    endloop
  endfacet
  facet normal 0 0 -1
    outer loop
      vertex 62 33.5 0
      vertex 58.5 35 0
      vertex 60 35 0
    endloop
  endfacet
  facet normal 0 0 -1
    outer loop
      vertex 58.5 35 0
      vertex 57 37 0
      vertex 58.5 40.5 0
    endloop
  endfacet
  facet normal 0 0 -1
    outer loop
      vertex 56.5 33.5 0
      vertex 58.5 35 0
      vertex 62 33.5 0
    endloop
  endfacet
  facet normal 0 0 -1
    outer loop
      vertex 56.5 33.5 0
      vertex 57 37 0
      vertex 58.5 35 0
    endloop
  endfacet
  facet normal 0 0 -1
    outer loop
      vertex 55 35.5 0
      vertex 56.5 33.5 0
      vertex 55 30 0
    endloop
  endfacet
  facet normal 0 0 -1
    outer loop
      vertex 56.5 33.5 0
      vertex 55 35.5 0
      vertex 57 37 0
    endloop
  endfacet
  facet normal 0 0 -1
    outer loop
      vertex 53.5 35.5 0
      vertex 57 37 0
      vertex 55 35.5 0
    endloop
  endfacet
  facet normal 0 0 -1
    outer loop
      vertex 52 33.5 0
      vertex 53.5 35.5 0
      vertex 52 32 0
    endloop
  endfacet
  facet normal 0 0 -1
    outer loop
      vertex 53.5 35.5 0
      vertex 51.5 37 0
      vertex 57 37 0
    endloop
  endfacet
  facet normal 0 0 -1
    outer loop
      vertex 52 33.5 0
      vertex 51.5 37 0
      vertex 53.5 35.5 0
    endloop
  endfacet
  facet normal -0 0 -1
    outer loop
      vertex 51.5 37 0
      vertex 50 35 0
      vertex 51.5 38.5 0
    endloop
  endfacet
  facet normal 0 0 -1
    outer loop
      vertex 52 33.5 0
      vertex 50 35 0
      vertex 51.5 37 0
    endloop
  endfacet
  facet normal 0 0 -1
    outer loop
      vertex 52 33.5 0
      vertex 48.5 35 0
      vertex 50 35 0
    endloop
  endfacet
  facet normal 0 0 -1
    outer loop
      vertex 48.5 35 0
      vertex 47 37 0
      vertex 48.5 40.5 0
    endloop
  endfacet
  facet normal 0 0 -1
    outer loop
      vertex 46.5 33.5 0
      vertex 48.5 35 0
      vertex 52 33.5 0
    endloop
  endfacet
  facet normal 0 0 -1
    outer loop
      vertex 46.5 33.5 0
      vertex 47 37 0
      vertex 48.5 35 0
    endloop
  endfacet
  facet normal 0 0 -1
    outer loop
      vertex 45 35.5 0
      vertex 46.5 33.5 0
      vertex 45 30 0
    endloop
  endfacet
  facet normal 0 0 -1
    outer loop
      vertex 46.5 33.5 0
      vertex 45 35.5 0
      vertex 47 37 0
    endloop
  endfacet
  facet normal 0 0 -1
    outer loop
      vertex 43.5 35.5 0
      vertex 47 37 0
      vertex 45 35.5 0
    endloop
  endfacet
  facet normal 0 0 -1
    outer loop
      vertex 42 33.5 0
      vertex 43.5 35.5 0
      vertex 42 32 0
    endloop
  endfacet
  facet normal 0 0 -1
    outer loop
      vertex 43.5 35.5 0
      vertex 41.5 37 0
      vertex 47 37 0
    endloop
  endfacet
  facet normal 0 0 -1
    outer loop
      vertex 42 33.5 0
      vertex 41.5 37 0
      vertex 43.5 35.5 0
    endloop
  endfacet
  facet normal -0 0 -1
    outer loop
      vertex 41.5 37 0
      vertex 40 35 0
      vertex 41.5 38.5 0
    endloop
  endfacet
  facet normal 0 0 -1
    outer loop
      vertex 42 33.5 0
      vertex 40 35 0
      vertex 41.5 37 0
    endloop
  endfacet
  facet normal 0 0 -1
    outer loop
      vertex 42 33.5 0
      vertex 38.5 35 0
      vertex 40 35 0
    endloop
  endfacet
  facet normal 0 0 -1
    outer loop
      vertex 38.5 35 0
      vertex 37 37 0
      vertex 38.5 40.5 0
    endloop
  endfacet
  facet normal 0 0 -1
    outer loop
      vertex 36.5 33.5 0
      vertex 38.5 35 0
      vertex 42 33.5 0
    endloop
  endfacet
  facet normal 0 0 -1
    outer loop
      vertex 36.5 33.5 0
      vertex 37 37 0
      vertex 38.5 35 0
    endloop
  endfacet
  facet normal 0 0 -1
    outer loop
      vertex 35 35.5 0
      vertex 36.5 33.5 0
      vertex 35 30 0
    endloop
  endfacet
  facet normal 0 0 -1
    outer loop
      vertex 36.5 33.5 0
      vertex 35 35.5 0
      vertex 37 37 0
    endloop
  endfacet
  facet normal 0 0 -1
    outer loop
      vertex 33.5 35.5 0
      vertex 37 37 0
      vertex 35 35.5 0
    endloop
  endfacet
  facet normal 0 0 -1
    outer loop
      vertex 32 33.5 0
      vertex 33.5 35.5 0
      vertex 32 32 0
    endloop
  endfacet
  facet normal 0 0 -1
    outer loop
      vertex 33.5 35.5 0
      vertex 31.5 37 0
      vertex 37 37 0
    endloop
  endfacet
  facet normal 0 0 -1
    outer loop
      vertex 32 33.5 0
      vertex 31.5 37 0
      vertex 33.5 35.5 0
    endloop
  endfacet
  facet normal -0 0 -1
    outer loop
      vertex 31.5 37 0
      vertex 30 35 0
      vertex 31.5 38.5 0
    endloop
  endfacet
  facet normal 0 0 -1
    outer loop
      vertex 32 33.5 0
      vertex 30 35 0
      vertex 31.5 37 0
    endloop
  endfacet
  facet normal 0 0 -1
    outer loop
      vertex 32 33.5 0
      vertex 28.5 35 0
      vertex 30 35 0
    endloop
  endfacet
  facet normal 0 0 -1
    outer loop
      vertex 28.5 35 0
      vertex 27 37 0
      vertex 28.5 40.5 0
    endloop
  endfacet
  facet normal 0 0 -1
    outer loop
      vertex 26.5 33.5 0
      vertex 28.5 35 0
      vertex 32 33.5 0
    endloop
  endfacet
  facet normal 0 0 -1
    outer loop
      vertex 26.5 33.5 0
      vertex 27 37 0
      vertex 28.5 35 0
    endloop
  endfacet
  facet normal 0 0 -1
    outer loop
      vertex 25 35.5 0
      vertex 26.5 33.5 0
      vertex 25 30 0
    endloop
  endfacet
  facet normal 0 0 -1
    outer loop
      vertex 26.5 33.5 0
      vertex 25 35.5 0
      vertex 27 37 0
    endloop
  endfacet
  facet normal 0 0 -1
    outer loop
      vertex 23.5 35.5 0
      vertex 27 37 0
      vertex 25 35.5 0
    endloop
  endfacet
  facet normal 0 0 -1
    outer loop
      vertex 22 33.5 0
      vertex 23.5 35.5 0
      vertex 22 32 0
    endloop
  endfacet
  facet normal 0 0 -1
    outer loop
      vertex 23.5 35.5 0
      vertex 21.5 37 0
      vertex 27 37 0
    endloop
  endfacet
  facet normal 0 0 -1
    outer loop
      vertex 22 33.5 0
      vertex 21.5 37 0
      vertex 23.5 35.5 0
    endloop
  endfacet
  facet normal -0 0 -1
    outer loop
      vertex 21.5 37 0
      vertex 20 35 0
      vertex 21.5 38.5 0
    endloop
  endfacet
  facet normal 0 0 -1
    outer loop
      vertex 22 33.5 0
      vertex 20 35 0
      vertex 21.5 37 0
    endloop
  endfacet
  facet normal 0 0 -1
    outer loop
      vertex 22 33.5 0
      vertex 18.5 35 0
      vertex 20 35 0
    endloop
  endfacet
  facet normal 0 0 -1
    outer loop
      vertex 18.5 35 0
      vertex 17 37 0
      vertex 18.5 40.5 0
    endloop
  endfacet
  facet normal 0 0 -1
    outer loop
      vertex 16.5 33.5 0
      vertex 18.5 35 0
      vertex 22 33.5 0
    endloop
  endfacet
  facet normal 0 0 -1
    outer loop
      vertex 16.5 33.5 0
      vertex 17 37 0
      vertex 18.5 35 0
    endloop
  endfacet
  facet normal 0 0 -1
    outer loop
      vertex 15 35.5 0
      vertex 16.5 33.5 0
      vertex 15 30 0
    endloop
  endfacet
  facet normal 0 0 -1
    outer loop
      vertex 16.5 33.5 0
      vertex 15 35.5 0
      vertex 17 37 0
    endloop
  endfacet
  facet normal 0 0 -1
    outer loop
      vertex 13.5 35.5 0
      vertex 17 37 0
      vertex 15 35.5 0
    endloop
  endfacet
  facet normal 0 0 -1
    outer loop
      vertex 12 33.5 0
      vertex 13.5 35.5 0
      vertex 12 32 0
    endloop
  endfacet
  facet normal 0 0 -1
    outer loop
      vertex 13.5 35.5 0
      vertex 11.5 37 0
      vertex 17 37 0
    endloop
  endfacet
  facet normal 0 0 -1
    outer loop
      vertex 12 33.5 0
      vertex 11.5 37 0
      vertex 13.5 35.5 0
    endloop
  endfacet
  facet normal 0 0 -1
    outer loop
      vertex 9 33.5 0
      vertex 11.5 38.5 0
      vertex 11.5 37 0
    endloop
  endfacet
  facet normal 0 0 -1
    outer loop
      vertex 9 33.5 0
      vertex 11.5 37 0
      vertex 12 33.5 0
    endloop
  endfacet
  facet normal 0 0 -1
    outer loop
      vertex 8.58462 45.1451 0
      vertex 10 43.5 0
      vertex 10 42 0
    endloop
  endfacet
  facet normal 0 0 -1
    outer loop
      vertex 10 43.5 0
      vertex 9.78462 57.8451 0
      vertex 9.825 58.1 0
    endloop
  endfacet
  facet normal 0 0 -1
    outer loop
      vertex 10 43.5 0
      vertex 9.75036 57.6287 0
      vertex 9.78462 57.8451 0
    endloop
  endfacet
  facet normal 0 -0 -1
    outer loop
      vertex 9.53375 57.2036 0
      vertex 10 43.5 0
      vertex 8.55036 45.8713 0
    endloop
  endfacet
  facet normal 0 0 -1
    outer loop
      vertex 10 43.5 0
      vertex 9.63318 57.3988 0
      vertex 9.75036 57.6287 0
    endloop
  endfacet
  facet normal 0 0 -1
    outer loop
      vertex 10 43.5 0
      vertex 9.53375 57.2036 0
      vertex 9.63318 57.3988 0
    endloop
  endfacet
  facet normal 0 0 -1
    outer loop
      vertex 8.45093 46.0664 0
      vertex 9.53375 57.2036 0
      vertex 8.55036 45.8713 0
    endloop
  endfacet
  facet normal 0 0 -1
    outer loop
      vertex 8.33375 46.2964 0
      vertex 9.53375 57.2036 0
      vertex 8.45093 46.0664 0
    endloop
  endfacet
  facet normal -0 0 -1
    outer loop
      vertex 11.5 38.5 0
      vertex 9 33.5 0
      vertex 10 42 0
    endloop
  endfacet
  facet normal 0 0 -1
    outer loop
      vertex 8.58462 45.1451 0
      vertex 10 42 0
      vertex 9 33.5 0
    endloop
  endfacet
  facet normal 0 0 -1
    outer loop
      vertex 8.925 15.3 0
      vertex 8.99964 8.37125 0
      vertex 8.96538 8.15494 0
    endloop
  endfacet
  facet normal 0 -0 -1
    outer loop
      vertex 9.5 22 0
      vertex 11.5 18.5 0
      vertex 8.63375 16.1964 0
    endloop
  endfacet
  facet normal 0 0 -1
    outer loop
      vertex 11.5 18.5 0
      vertex 9.5 22 0
      vertex 12 22 0
    endloop
  endfacet
  facet normal 0 0 -1
    outer loop
      vertex 8.03462 24.2951 0
      vertex 9.5 22 0
      vertex 8.63375 16.1964 0
    endloop
  endfacet
  facet normal 0 0 -1
    outer loop
      vertex 8.03462 24.2951 0
      vertex 9.5 23.5 0
      vertex 9.5 22 0
    endloop
  endfacet
  facet normal 0 0 -1
    outer loop
      vertex 10 43.5 0
      vertex 8.625 45.4 0
      vertex 8.58462 45.6549 0
    endloop
  endfacet
  facet normal 0 0 -1
    outer loop
      vertex 9.5 23.5 0
      vertex 8.00036 25.0212 0
      vertex 11.5 27 0
    endloop
  endfacet
  facet normal 0 0 -1
    outer loop
      vertex 9 32 0
      vertex 8.58462 45.1451 0
      vertex 9 33.5 0
    endloop
  endfacet
  facet normal 0 0 -1
    outer loop
      vertex 10 43.5 0
      vertex 8.58462 45.6549 0
      vertex 8.55036 45.8713 0
    endloop
  endfacet
  facet normal 0 0 -1
    outer loop
      vertex 9.53375 57.2036 0
      vertex 8.33375 46.2964 0
      vertex 9.35123 57.0211 0
    endloop
  endfacet
  facet normal 0 0 -1
    outer loop
      vertex 9.35123 57.0211 0
      vertex 8.33375 46.2964 0
      vertex 9.19637 56.8662 0
    endloop
  endfacet
  facet normal 0 0 -1
    outer loop
      vertex 7.99637 46.6338 0
      vertex 9.19637 56.8662 0
      vertex 8.33375 46.2964 0
    endloop
  endfacet
  facet normal 0 0 -1
    outer loop
      vertex 9.19637 56.8662 0
      vertex 7.99637 46.6338 0
      vertex 9.00123 56.7668 0
    endloop
  endfacet
  facet normal 0 0 -1
    outer loop
      vertex 9.00123 56.7668 0
      vertex 7.99637 46.6338 0
      vertex 8.77125 56.6496 0
    endloop
  endfacet
  facet normal 0 0 -1
    outer loop
      vertex 7.76639 46.7509 0
      vertex 8.77125 56.6496 0
      vertex 7.99637 46.6338 0
    endloop
  endfacet
  facet normal 0 0 -1
    outer loop
      vertex 7.57125 46.8504 0
      vertex 8.77125 56.6496 0
      vertex 7.76639 46.7509 0
    endloop
  endfacet
  facet normal 0 0 -1
    outer loop
      vertex 8.77125 56.6496 0
      vertex 7.57125 46.8504 0
      vertex 8.55494 56.6154 0
    endloop
  endfacet
  facet normal 0 0 -1
    outer loop
      vertex 8.55494 56.6154 0
      vertex 7.57125 46.8504 0
      vertex 8.3 56.575 0
    endloop
  endfacet
  facet normal 0 0 -1
    outer loop
      vertex 7.31631 46.8907 0
      vertex 8.3 56.575 0
      vertex 7.57125 46.8504 0
    endloop
  endfacet
  facet normal 0 0 -1
    outer loop
      vertex 7.1 46.925 0
      vertex 8.3 56.575 0
      vertex 7.31631 46.8907 0
    endloop
  endfacet
  facet normal -0 0 -1
    outer loop
      vertex 8.3 56.575 0
      vertex 7.1 46.925 0
      vertex 8.04506 56.6154 0
    endloop
  endfacet
  facet normal -0 0 -1
    outer loop
      vertex 8.04506 56.6154 0
      vertex 7.1 46.925 0
      vertex 7.82875 56.6496 0
    endloop
  endfacet
  facet normal 0 0 -1
    outer loop
      vertex 6.88369 46.8907 0
      vertex 7.82875 56.6496 0
      vertex 7.1 46.925 0
    endloop
  endfacet
  facet normal 0 0 -1
    outer loop
      vertex 6.62875 46.8504 0
      vertex 7.82875 56.6496 0
      vertex 6.88369 46.8907 0
    endloop
  endfacet
  facet normal -0 0 -1
    outer loop
      vertex 7.82875 56.6496 0
      vertex 6.62875 46.8504 0
      vertex 7.59876 56.7668 0
    endloop
  endfacet
  facet normal -0 0 -1
    outer loop
      vertex 7.59876 56.7668 0
      vertex 6.62875 46.8504 0
      vertex 7.40363 56.8662 0
    endloop
  endfacet
  facet normal 0 0 -1
    outer loop
      vertex 6.39876 46.7332 0
      vertex 7.40363 56.8662 0
      vertex 6.62875 46.8504 0
    endloop
  endfacet
  facet normal 0 0 -1
    outer loop
      vertex 6.20363 46.6338 0
      vertex 7.40363 56.8662 0
      vertex 6.39876 46.7332 0
    endloop
  endfacet
  facet normal 0 0 -1
    outer loop
      vertex 4.5 46 0
      vertex 7.40363 56.8662 0
      vertex 6.20363 46.6338 0
    endloop
  endfacet
  facet normal 0 0 -1
    outer loop
      vertex 6.96682 57.3988 0
      vertex 5.79999 58 0
      vertex 6.84964 57.6287 0
    endloop
  endfacet
  facet normal 0 -0 -1
    outer loop
      vertex 5.80722 58.0083 0
      vertex 6.84964 57.6287 0
      vertex 5.79999 58 0
    endloop
  endfacet
  facet normal 0 0 -1
    outer loop
      vertex 65.4312 16.7069 0
      vertex 64.4107 17.1337 0
      vertex 64.445 17.35 0
    endloop
  endfacet
  facet normal 0 0 -1
    outer loop
      vertex 64.7585 15.5115 0
      vertex 64.3704 16.8787 0
      vertex 64.4107 17.1337 0
    endloop
  endfacet
  facet normal 0 0 -1
    outer loop
      vertex 64.7585 15.5115 0
      vertex 64.2532 16.6488 0
      vertex 64.3704 16.8787 0
    endloop
  endfacet
  facet normal 0 0 -1
    outer loop
      vertex 64.7585 15.5115 0
      vertex 64.1537 16.4536 0
      vertex 64.2532 16.6488 0
    endloop
  endfacet
  facet normal 0 0 -1
    outer loop
      vertex 63.8164 16.1162 0
      vertex 64.4482 15.2466 0
      vertex 64.1004 15.0334 0
    endloop
  endfacet
  facet normal 0 0 -1
    outer loop
      vertex 64.7585 15.5115 0
      vertex 63.9712 16.2711 0
      vertex 64.1537 16.4536 0
    endloop
  endfacet
  facet normal 0 0 -1
    outer loop
      vertex 64.7585 15.5115 0
      vertex 63.8164 16.1162 0
      vertex 63.9712 16.2711 0
    endloop
  endfacet
  facet normal 0 0 -1
    outer loop
      vertex 63.3913 15.8996 0
      vertex 64.1004 15.0334 0
      vertex 63.7234 14.8773 0
    endloop
  endfacet
  facet normal 0 0 -1
    outer loop
      vertex 64.1004 15.0334 0
      vertex 63.6212 16.0168 0
      vertex 63.8164 16.1162 0
    endloop
  endfacet
  facet normal 0 0 -1
    outer loop
      vertex 64.1004 15.0334 0
      vertex 63.3913 15.8996 0
      vertex 63.6212 16.0168 0
    endloop
  endfacet
  facet normal 0 0 -1
    outer loop
      vertex 63.3267 14.782 0
      vertex 63.3913 15.8996 0
      vertex 63.7234 14.8773 0
    endloop
  endfacet
  facet normal 0 0 -1
    outer loop
      vertex 63.3267 14.782 0
      vertex 63.1749 15.8654 0
      vertex 63.3913 15.8996 0
    endloop
  endfacet
  facet normal 0 0 -1
    outer loop
      vertex 62.92 15.825 0
      vertex 63.3267 14.782 0
      vertex 62.92 14.75 0
    endloop
  endfacet
  facet normal 0 0 -1
    outer loop
      vertex 63.3267 14.782 0
      vertex 62.92 15.825 0
      vertex 63.1749 15.8654 0
    endloop
  endfacet
  facet normal 0 0 -1
    outer loop
      vertex 62.5133 14.782 0
      vertex 62.92 15.825 0
      vertex 62.92 14.75 0
    endloop
  endfacet
  facet normal -0 0 -1
    outer loop
      vertex 62.92 15.825 0
      vertex 62.5133 14.782 0
      vertex 62.6651 15.8654 0
    endloop
  endfacet
  facet normal 0 0 -1
    outer loop
      vertex 62.5133 14.782 0
      vertex 62.4487 15.8996 0
      vertex 62.6651 15.8654 0
    endloop
  endfacet
  facet normal 0 0 -1
    outer loop
      vertex 62.1166 14.8773 0
      vertex 62.4487 15.8996 0
      vertex 62.5133 14.782 0
    endloop
  endfacet
  facet normal 0 0 -1
    outer loop
      vertex 61.7396 15.0334 0
      vertex 62.4487 15.8996 0
      vertex 62.1166 14.8773 0
    endloop
  endfacet
  facet normal -0 0 -1
    outer loop
      vertex 62.4487 15.8996 0
      vertex 61.7396 15.0334 0
      vertex 62.2188 16.0168 0
    endloop
  endfacet
  facet normal -0 0 -1
    outer loop
      vertex 62.2188 16.0168 0
      vertex 61.7396 15.0334 0
      vertex 62.0236 16.1162 0
    endloop
  endfacet
  facet normal 0 0 -1
    outer loop
      vertex 61.3918 15.2466 0
      vertex 62.0236 16.1162 0
      vertex 61.7396 15.0334 0
    endloop
  endfacet
  facet normal 0 0 -1
    outer loop
      vertex 61.3837 15.2534 0
      vertex 62.0236 16.1162 0
      vertex 61.3918 15.2466 0
    endloop
  endfacet
  facet normal -0 0 -1
    outer loop
      vertex 62.0236 16.1162 0
      vertex 61.3837 15.2534 0
      vertex 61.6862 16.4536 0
    endloop
  endfacet
  facet normal 0 0 -1
    outer loop
      vertex 60.8515 15.5614 0
      vertex 61.6862 16.4536 0
      vertex 61.3837 15.2534 0
    endloop
  endfacet
  facet normal -0 0 -1
    outer loop
      vertex 61.6862 16.4536 0
      vertex 60.8515 15.5614 0
      vertex 61.5868 16.6488 0
    endloop
  endfacet
  facet normal -0 0 -1
    outer loop
      vertex 61.5868 16.6488 0
      vertex 60.8515 15.5614 0
      vertex 61.4696 16.8787 0
    endloop
  endfacet
  facet normal 0 0 -1
    outer loop
      vertex 60.5 23.5 0
      vertex 64.7468 25.6688 0
      vertex 64.8462 25.4736 0
    endloop
  endfacet
  facet normal 0 0 -1
    outer loop
      vertex 60.5 22 0
      vertex 62.4487 18.8004 0
      vertex 62.2536 18.7009 0
    endloop
  endfacet
  facet normal 0 0 -1
    outer loop
      vertex 60.5 22 0
      vertex 62.2536 18.7009 0
      vertex 62.0236 18.5837 0
    endloop
  endfacet
  facet normal 0 0 -1
    outer loop
      vertex 60.5 22 0
      vertex 62.0236 18.5837 0
      vertex 61.6862 18.2464 0
    endloop
  endfacet
  facet normal 0 0 -1
    outer loop
      vertex 60.5 22 0
      vertex 61.6862 18.2464 0
      vertex 61.5691 18.0164 0
    endloop
  endfacet
  facet normal 0 0 -1
    outer loop
      vertex 64.7468 25.6688 0
      vertex 62.5 27 0
      vertex 64.6296 25.8987 0
    endloop
  endfacet
  facet normal -0 0 -1
    outer loop
      vertex 61.395 17.35 0
      vertex 59.2447 16.0835 0
      vertex 61.4293 17.5663 0
    endloop
  endfacet
  facet normal 0 0 -1
    outer loop
      vertex 60.5 22 0
      vertex 61.5691 18.0164 0
      vertex 61.4696 17.8213 0
    endloop
  endfacet
  facet normal 0 0 -1
    outer loop
      vertex 65.25 48.125 0
      vertex 62 43.5 0
      vertex 62.5 47 0
    endloop
  endfacet
  facet normal 0 0 -1
    outer loop
      vertex 62 43.5 0
      vertex 61.5 47 0
      vertex 62.5 47 0
    endloop
  endfacet
  facet normal -0 0 -1
    outer loop
      vertex 61.5 47 0
      vertex 60 45 0
      vertex 61.5 48.5 0
    endloop
  endfacet
  facet normal 0 0 -1
    outer loop
      vertex 62 43.5 0
      vertex 60 45 0
      vertex 61.5 47 0
    endloop
  endfacet
  facet normal 0 0 -1
    outer loop
      vertex 62 43.5 0
      vertex 58.5 45 0
      vertex 60 45 0
    endloop
  endfacet
  facet normal 0 0 -1
    outer loop
      vertex 58.5 45 0
      vertex 57 47 0
      vertex 58.5 50.5 0
    endloop
  endfacet
  facet normal 0 0 -1
    outer loop
      vertex 56.5 43.5 0
      vertex 58.5 45 0
      vertex 62 43.5 0
    endloop
  endfacet
  facet normal 0 0 -1
    outer loop
      vertex 56.5 43.5 0
      vertex 57 47 0
      vertex 58.5 45 0
    endloop
  endfacet
  facet normal 0 0 -1
    outer loop
      vertex 55 45.5 0
      vertex 56.5 43.5 0
      vertex 55 40 0
    endloop
  endfacet
  facet normal 0 0 -1
    outer loop
      vertex 56.5 43.5 0
      vertex 55 45.5 0
      vertex 57 47 0
    endloop
  endfacet
  facet normal 0 0 -1
    outer loop
      vertex 53.5 45.5 0
      vertex 57 47 0
      vertex 55 45.5 0
    endloop
  endfacet
  facet normal 0 0 -1
    outer loop
      vertex 52 43.5 0
      vertex 53.5 45.5 0
      vertex 52 42 0
    endloop
  endfacet
  facet normal 0 0 -1
    outer loop
      vertex 53.5 45.5 0
      vertex 51.5 47 0
      vertex 57 47 0
    endloop
  endfacet
  facet normal 0 0 -1
    outer loop
      vertex 52 43.5 0
      vertex 51.5 47 0
      vertex 53.5 45.5 0
    endloop
  endfacet
  facet normal -0 0 -1
    outer loop
      vertex 51.5 47 0
      vertex 50 45 0
      vertex 51.5 48.5 0
    endloop
  endfacet
  facet normal 0 0 -1
    outer loop
      vertex 52 43.5 0
      vertex 50 45 0
      vertex 51.5 47 0
    endloop
  endfacet
  facet normal 0 0 -1
    outer loop
      vertex 52 43.5 0
      vertex 48.5 45 0
      vertex 50 45 0
    endloop
  endfacet
  facet normal 0 0 -1
    outer loop
      vertex 48.5 45 0
      vertex 47 47 0
      vertex 48.5 50.5 0
    endloop
  endfacet
  facet normal 0 0 -1
    outer loop
      vertex 46.5 43.5 0
      vertex 48.5 45 0
      vertex 52 43.5 0
    endloop
  endfacet
  facet normal 0 0 -1
    outer loop
      vertex 46.5 43.5 0
      vertex 47 47 0
      vertex 48.5 45 0
    endloop
  endfacet
  facet normal 0 0 -1
    outer loop
      vertex 45 45.5 0
      vertex 46.5 43.5 0
      vertex 45 40 0
    endloop
  endfacet
  facet normal 0 0 -1
    outer loop
      vertex 46.5 43.5 0
      vertex 45 45.5 0
      vertex 47 47 0
    endloop
  endfacet
  facet normal 0 0 -1
    outer loop
      vertex 43.5 45.5 0
      vertex 47 47 0
      vertex 45 45.5 0
    endloop
  endfacet
  facet normal 0 0 -1
    outer loop
      vertex 42 43.5 0
      vertex 43.5 45.5 0
      vertex 42 42 0
    endloop
  endfacet
  facet normal 0 0 -1
    outer loop
      vertex 43.5 45.5 0
      vertex 41.5 47 0
      vertex 47 47 0
    endloop
  endfacet
  facet normal 0 0 -1
    outer loop
      vertex 42 43.5 0
      vertex 41.5 47 0
      vertex 43.5 45.5 0
    endloop
  endfacet
  facet normal -0 0 -1
    outer loop
      vertex 41.5 47 0
      vertex 40 45 0
      vertex 41.5 48.5 0
    endloop
  endfacet
  facet normal 0 0 -1
    outer loop
      vertex 42 43.5 0
      vertex 40 45 0
      vertex 41.5 47 0
    endloop
  endfacet
  facet normal 0 0 -1
    outer loop
      vertex 42 43.5 0
      vertex 38.5 45 0
      vertex 40 45 0
    endloop
  endfacet
  facet normal 0 0 -1
    outer loop
      vertex 38.5 45 0
      vertex 37 47 0
      vertex 38.5 50.5 0
    endloop
  endfacet
  facet normal 0 0 -1
    outer loop
      vertex 36.5 43.5 0
      vertex 38.5 45 0
      vertex 42 43.5 0
    endloop
  endfacet
  facet normal 0 0 -1
    outer loop
      vertex 36.5 43.5 0
      vertex 37 47 0
      vertex 38.5 45 0
    endloop
  endfacet
  facet normal 0 0 -1
    outer loop
      vertex 35 45.5 0
      vertex 36.5 43.5 0
      vertex 35 40 0
    endloop
  endfacet
  facet normal 0 0 -1
    outer loop
      vertex 36.5 43.5 0
      vertex 35 45.5 0
      vertex 37 47 0
    endloop
  endfacet
  facet normal 0 0 -1
    outer loop
      vertex 33.5 45.5 0
      vertex 37 47 0
      vertex 35 45.5 0
    endloop
  endfacet
  facet normal 0 0 -1
    outer loop
      vertex 32 43.5 0
      vertex 33.5 45.5 0
      vertex 32 42 0
    endloop
  endfacet
  facet normal 0 0 -1
    outer loop
      vertex 33.5 45.5 0
      vertex 31.5 47 0
      vertex 37 47 0
    endloop
  endfacet
  facet normal 0 0 -1
    outer loop
      vertex 32 43.5 0
      vertex 31.5 47 0
      vertex 33.5 45.5 0
    endloop
  endfacet
  facet normal -0 0 -1
    outer loop
      vertex 31.5 47 0
      vertex 30 45 0
      vertex 31.5 48.5 0
    endloop
  endfacet
  facet normal 0 0 -1
    outer loop
      vertex 32 43.5 0
      vertex 30 45 0
      vertex 31.5 47 0
    endloop
  endfacet
  facet normal 0 0 -1
    outer loop
      vertex 32 43.5 0
      vertex 28.5 45 0
      vertex 30 45 0
    endloop
  endfacet
  facet normal 0 0 -1
    outer loop
      vertex 28.5 45 0
      vertex 27 47 0
      vertex 28.5 50.5 0
    endloop
  endfacet
  facet normal 0 0 -1
    outer loop
      vertex 26.5 43.5 0
      vertex 28.5 45 0
      vertex 32 43.5 0
    endloop
  endfacet
  facet normal 0 0 -1
    outer loop
      vertex 26.5 43.5 0
      vertex 27 47 0
      vertex 28.5 45 0
    endloop
  endfacet
  facet normal 0 0 -1
    outer loop
      vertex 25 45.5 0
      vertex 26.5 43.5 0
      vertex 25 40 0
    endloop
  endfacet
  facet normal 0 0 -1
    outer loop
      vertex 26.5 43.5 0
      vertex 25 45.5 0
      vertex 27 47 0
    endloop
  endfacet
  facet normal 0 0 -1
    outer loop
      vertex 23.5 45.5 0
      vertex 27 47 0
      vertex 25 45.5 0
    endloop
  endfacet
  facet normal 0 0 -1
    outer loop
      vertex 22 43.5 0
      vertex 23.5 45.5 0
      vertex 22 42 0
    endloop
  endfacet
  facet normal 0 0 -1
    outer loop
      vertex 23.5 45.5 0
      vertex 21.5 47 0
      vertex 27 47 0
    endloop
  endfacet
  facet normal 0 0 -1
    outer loop
      vertex 22 43.5 0
      vertex 21.5 47 0
      vertex 23.5 45.5 0
    endloop
  endfacet
  facet normal -0 0 -1
    outer loop
      vertex 21.5 47 0
      vertex 20 45 0
      vertex 21.5 48.5 0
    endloop
  endfacet
  facet normal 0 0 -1
    outer loop
      vertex 22 43.5 0
      vertex 20 45 0
      vertex 21.5 47 0
    endloop
  endfacet
  facet normal 0 0 -1
    outer loop
      vertex 22 43.5 0
      vertex 18.5 45 0
      vertex 20 45 0
    endloop
  endfacet
  facet normal 0 0 -1
    outer loop
      vertex 18.5 45 0
      vertex 17 47 0
      vertex 18.5 50.5 0
    endloop
  endfacet
  facet normal 0 0 -1
    outer loop
      vertex 16.5 43.5 0
      vertex 18.5 45 0
      vertex 22 43.5 0
    endloop
  endfacet
  facet normal 0 0 -1
    outer loop
      vertex 16.5 43.5 0
      vertex 17 47 0
      vertex 18.5 45 0
    endloop
  endfacet
  facet normal 0 0 -1
    outer loop
      vertex 15 45.5 0
      vertex 16.5 43.5 0
      vertex 15 40 0
    endloop
  endfacet
  facet normal 0 0 -1
    outer loop
      vertex 16.5 43.5 0
      vertex 15 45.5 0
      vertex 17 47 0
    endloop
  endfacet
  facet normal 0 0 -1
    outer loop
      vertex 13.5 45.5 0
      vertex 17 47 0
      vertex 15 45.5 0
    endloop
  endfacet
  facet normal 0 0 -1
    outer loop
      vertex 12 43.5 0
      vertex 13.5 45.5 0
      vertex 12 42 0
    endloop
  endfacet
  facet normal 0 0 -1
    outer loop
      vertex 13.5 45.5 0
      vertex 11.5 47 0
      vertex 17 47 0
    endloop
  endfacet
  facet normal 0 0 -1
    outer loop
      vertex 12 43.5 0
      vertex 11.5 47 0
      vertex 13.5 45.5 0
    endloop
  endfacet
  facet normal 0 0 -1
    outer loop
      vertex 10 43.5 0
      vertex 11.5 48.5 0
      vertex 11.5 47 0
    endloop
  endfacet
  facet normal 0 0 -1
    outer loop
      vertex 9.825 58.1 0
      vertex 11 53.5 0
      vertex 11 52 0
    endloop
  endfacet
  facet normal -0 0 -1
    outer loop
      vertex 11.5 58.5 0
      vertex 9.78462 58.3549 0
      vertex 9.75036 58.5713 0
    endloop
  endfacet
  facet normal 0 0 -1
    outer loop
      vertex 9.65093 58.7664 0
      vertex 11.5 58.5 0
      vertex 9.75036 58.5713 0
    endloop
  endfacet
  facet normal 0 0 -1
    outer loop
      vertex 9.53375 58.9964 0
      vertex 11.5 58.5 0
      vertex 9.65093 58.7664 0
    endloop
  endfacet
  facet normal 0 0 -1
    outer loop
      vertex 9.35123 59.1789 0
      vertex 11.5 58.5 0
      vertex 9.53375 58.9964 0
    endloop
  endfacet
  facet normal 0 0 -1
    outer loop
      vertex 10 43.5 0
      vertex 11.5 47 0
      vertex 12 43.5 0
    endloop
  endfacet
  facet normal -0 0 -1
    outer loop
      vertex 11.5 48.5 0
      vertex 10 43.5 0
      vertex 11 52 0
    endloop
  endfacet
  facet normal 0 0 -1
    outer loop
      vertex 9.825 58.1 0
      vertex 11 52 0
      vertex 10 43.5 0
    endloop
  endfacet
  facet normal 0 0 -1
    outer loop
      vertex 11.5 58.5 0
      vertex 9.35123 59.1789 0
      vertex 11.0001 63.4 0
    endloop
  endfacet
  facet normal -0 0 -1
    outer loop
      vertex 10.9999 63.4 0
      vertex 10.4632 63.3578 0
      vertex 10.5 63.4 0
    endloop
  endfacet
  facet normal 0 0 -1
    outer loop
      vertex 11.0001 63.4 0
      vertex 10.9999 63.4 0
      vertex 11 63.4 0
    endloop
  endfacet
  facet normal -0 0 -1
    outer loop
      vertex 11.0001 63.4 0
      vertex 9.35123 59.1789 0
      vertex 10.9999 63.4 0
    endloop
  endfacet
  facet normal 0 0 -1
    outer loop
      vertex 9.19637 59.3338 0
      vertex 10.9999 63.4 0
      vertex 9.35123 59.1789 0
    endloop
  endfacet
  facet normal 0 0 -1
    outer loop
      vertex 10.9999 63.4 0
      vertex 9.19637 59.3338 0
      vertex 10.4632 63.3578 0
    endloop
  endfacet
  facet normal 0 0 -1
    outer loop
      vertex 10.4632 63.3578 0
      vertex 9.19637 59.3338 0
      vertex 10.1865 63.336 0
    endloop
  endfacet
  facet normal 0 0 -1
    outer loop
      vertex 10.1865 63.336 0
      vertex 9.19637 59.3338 0
      vertex 9.39311 63.1455 0
    endloop
  endfacet
  facet normal 0 0 -1
    outer loop
      vertex 8.96639 59.4509 0
      vertex 9.39311 63.1455 0
      vertex 9.19637 59.3338 0
    endloop
  endfacet
  facet normal 0 0 -1
    outer loop
      vertex 8.77125 59.5504 0
      vertex 9.39311 63.1455 0
      vertex 8.96639 59.4509 0
    endloop
  endfacet
  facet normal 0 0 -1
    outer loop
      vertex 8.77125 59.5504 0
      vertex 8.63925 62.8332 0
      vertex 9.39311 63.1455 0
    endloop
  endfacet
  facet normal 0 0 -1
    outer loop
      vertex 7.94352 62.4069 0
      vertex 8.77125 59.5504 0
      vertex 8.55494 59.5846 0
    endloop
  endfacet
  facet normal 0 0 -1
    outer loop
      vertex 7.94352 62.4069 0
      vertex 8.55494 59.5846 0
      vertex 8.3 59.625 0
    endloop
  endfacet
  facet normal 0 0 -1
    outer loop
      vertex 7.32304 61.877 0
      vertex 8.3 59.625 0
      vertex 8.04506 59.5846 0
    endloop
  endfacet
  facet normal 0 0 -1
    outer loop
      vertex 8.77125 59.5504 0
      vertex 7.94352 62.4069 0
      vertex 8.63925 62.8332 0
    endloop
  endfacet
  facet normal 0 0 -1
    outer loop
      vertex 6.79311 61.2565 0
      vertex 8.04506 59.5846 0
      vertex 7.82875 59.5504 0
    endloop
  endfacet
  facet normal 0 0 -1
    outer loop
      vertex 6.36677 60.5607 0
      vertex 7.82875 59.5504 0
      vertex 7.63361 59.4509 0
    endloop
  endfacet
  facet normal 0 0 -1
    outer loop
      vertex 6.36677 60.5607 0
      vertex 7.63361 59.4509 0
      vertex 7.40363 59.3338 0
    endloop
  endfacet
  facet normal 0 0 -1
    outer loop
      vertex 8.3 59.625 0
      vertex 7.32304 61.877 0
      vertex 7.94352 62.4069 0
    endloop
  endfacet
  facet normal 0 0 -1
    outer loop
      vertex 6.05451 59.8069 0
      vertex 7.40363 59.3338 0
      vertex 7.06625 58.9964 0
    endloop
  endfacet
  facet normal 0 0 -1
    outer loop
      vertex 5.86402 59.0135 0
      vertex 7.06625 58.9964 0
      vertex 6.94907 58.7664 0
    endloop
  endfacet
  facet normal 0 0 -1
    outer loop
      vertex 5.86402 59.0135 0
      vertex 6.94907 58.7664 0
      vertex 6.84964 58.5713 0
    endloop
  endfacet
  facet normal 0 0 -1
    outer loop
      vertex 6.775 58.1 0
      vertex 5.8 58.2 0
      vertex 6.80926 58.3163 0
    endloop
  endfacet
  facet normal 0 0 -1
    outer loop
      vertex 8.04506 59.5846 0
      vertex 6.79311 61.2565 0
      vertex 7.32304 61.877 0
    endloop
  endfacet
  facet normal 0 0 -1
    outer loop
      vertex 5.80393 58.15 0
      vertex 6.775 58.1 0
      vertex 5.80722 58.0083 0
    endloop
  endfacet
  facet normal 0 0 -1
    outer loop
      vertex 6.84964 57.6287 0
      vertex 5.80722 58.0083 0
      vertex 6.80926 57.8837 0
    endloop
  endfacet
  facet normal 0 0 -1
    outer loop
      vertex 7.06625 57.2036 0
      vertex 5.79999 58 0
      vertex 6.96682 57.3988 0
    endloop
  endfacet
  facet normal 0 0 -1
    outer loop
      vertex 5.8 58.2 0
      vertex 6.775 58.1 0
      vertex 5.80393 58.15 0
    endloop
  endfacet
  facet normal 0 -0 -1
    outer loop
      vertex 5.79999 58 0
      vertex 7.40363 56.8662 0
      vertex 4.5 46 0
    endloop
  endfacet
  facet normal 0 0 -1
    outer loop
      vertex 7.82875 59.5504 0
      vertex 6.36677 60.5607 0
      vertex 6.79311 61.2565 0
    endloop
  endfacet
  facet normal 0 0 -1
    outer loop
      vertex 4.5 46 0
      vertex 6.20363 46.6338 0
      vertex 5.86625 46.2964 0
    endloop
  endfacet
  facet normal 0 0 -1
    outer loop
      vertex 7.40363 59.3338 0
      vertex 6.05451 59.8069 0
      vertex 6.36677 60.5607 0
    endloop
  endfacet
  facet normal 0 0 -1
    outer loop
      vertex 7.06625 58.9964 0
      vertex 5.86402 59.0135 0
      vertex 6.05451 59.8069 0
    endloop
  endfacet
  facet normal 0 0 -1
    outer loop
      vertex 6.80926 57.8837 0
      vertex 5.80722 58.0083 0
      vertex 6.775 58.1 0
    endloop
  endfacet
  facet normal 0 0 -1
    outer loop
      vertex 4.5 46 0
      vertex 5.86625 46.2964 0
      vertex 5.76682 46.1012 0
    endloop
  endfacet
  facet normal 0 0 -1
    outer loop
      vertex 4.5 46 0
      vertex 5.76682 46.1012 0
      vertex 5.64964 45.8713 0
    endloop
  endfacet
  facet normal 0 0 -1
    outer loop
      vertex 4.5 46 0
      vertex 5.64964 45.8713 0
      vertex 5.61538 45.6549 0
    endloop
  endfacet
  facet normal 0 0 -1
    outer loop
      vertex 4.5 46 0
      vertex 5.61538 45.6549 0
      vertex 5.575 45.4 0
    endloop
  endfacet
  facet normal -0 0 -1
    outer loop
      vertex 5.61538 45.1451 0
      vertex 4.48213 45.143 0
      vertex 5.575 45.4 0
    endloop
  endfacet
  facet normal 0 0 -1
    outer loop
      vertex 7.40363 56.8662 0
      vertex 5.79999 58 0
      vertex 7.06625 57.2036 0
    endloop
  endfacet
  facet normal -0 0 -1
    outer loop
      vertex 5.575 45.4 0
      vertex 4.48213 45.143 0
      vertex 4.5 46 0
    endloop
  endfacet
  facet normal 0 0 -1
    outer loop
      vertex 67.85 50 0
      vertex 66.7407 49.4337 0
      vertex 66.775 49.65 0
    endloop
  endfacet
  facet normal 0 0 -1
    outer loop
      vertex 67.0312 40.1004 0
      vertex 66.7004 49.1787 0
      vertex 66.7407 49.4337 0
    endloop
  endfacet
  facet normal 0 0 -1
    outer loop
      vertex 67.0312 40.1004 0
      vertex 66.6009 48.9836 0
      vertex 66.7004 49.1787 0
    endloop
  endfacet
  facet normal 0 0 -1
    outer loop
      vertex 65.7213 48.1996 0
      vertex 66.7763 40.1407 0
      vertex 66.56 40.175 0
    endloop
  endfacet
  facet normal 0 0 -1
    outer loop
      vertex 67.0312 40.1004 0
      vertex 66.4837 48.7536 0
      vertex 66.6009 48.9836 0
    endloop
  endfacet
  facet normal 0 0 -1
    outer loop
      vertex 62 43.5 0
      vertex 66.56 40.175 0
      vertex 66.3437 40.1407 0
    endloop
  endfacet
  facet normal 0 0 -1
    outer loop
      vertex 67.0312 40.1004 0
      vertex 66.1464 48.4162 0
      vertex 66.4837 48.7536 0
    endloop
  endfacet
  facet normal 0 0 -1
    outer loop
      vertex 62 43.5 0
      vertex 66.3437 40.1407 0
      vertex 66.0887 40.1004 0
    endloop
  endfacet
  facet normal 0 0 -1
    outer loop
      vertex 67.0312 40.1004 0
      vertex 65.9164 48.2991 0
      vertex 66.1464 48.4162 0
    endloop
  endfacet
  facet normal 0 0 -1
    outer loop
      vertex 62 42 0
      vertex 66.0887 40.1004 0
      vertex 65.8936 40.0009 0
    endloop
  endfacet
  facet normal 0 0 -1
    outer loop
      vertex 67.0312 40.1004 0
      vertex 65.7213 48.1996 0
      vertex 65.9164 48.2991 0
    endloop
  endfacet
  facet normal 0 0 -1
    outer loop
      vertex 62 42 0
      vertex 65.8936 40.0009 0
      vertex 65.6636 39.8838 0
    endloop
  endfacet
  facet normal 0 0 -1
    outer loop
      vertex 66.56 40.175 0
      vertex 65.5049 48.1654 0
      vertex 65.7213 48.1996 0
    endloop
  endfacet
  facet normal 0 0 -1
    outer loop
      vertex 62 42 0
      vertex 65.6636 39.8838 0
      vertex 65.3262 39.5464 0
    endloop
  endfacet
  facet normal 0 0 -1
    outer loop
      vertex 66.56 40.175 0
      vertex 65.25 48.125 0
      vertex 65.5049 48.1654 0
    endloop
  endfacet
  facet normal 0 0 -1
    outer loop
      vertex 63.5 38.5 0
      vertex 65.3262 39.5464 0
      vertex 65.2268 39.3512 0
    endloop
  endfacet
  facet normal 0 0 -1
    outer loop
      vertex 63.5 38.5 0
      vertex 65.2268 39.3512 0
      vertex 65.1096 39.1213 0
    endloop
  endfacet
  facet normal 0 0 -1
    outer loop
      vertex 63.5 38.5 0
      vertex 65.1096 39.1213 0
      vertex 65.0693 38.8663 0
    endloop
  endfacet
  facet normal 0 0 -1
    outer loop
      vertex 63.5 38.5 0
      vertex 65.0693 38.8663 0
      vertex 65.035 38.65 0
    endloop
  endfacet
  facet normal 0 0 -1
    outer loop
      vertex 62 43.5 0
      vertex 66.0887 40.1004 0
      vertex 62 42 0
    endloop
  endfacet
  facet normal 0 0 -1
    outer loop
      vertex 65.1096 38.1787 0
      vertex 63.5 38.5 0
      vertex 65.0693 38.4337 0
    endloop
  endfacet
  facet normal 0 0 -1
    outer loop
      vertex 63.5 37 0
      vertex 65.0288 27.4489 0
      vertex 64.8462 27.2664 0
    endloop
  endfacet
  facet normal 0 0 -1
    outer loop
      vertex 65.0693 38.4337 0
      vertex 63.5 38.5 0
      vertex 65.035 38.65 0
    endloop
  endfacet
  facet normal 0 0 -1
    outer loop
      vertex 63.5 37 0
      vertex 64.8462 27.2664 0
      vertex 64.7468 27.0712 0
    endloop
  endfacet
  facet normal 0 0 -1
    outer loop
      vertex 63.5 37 0
      vertex 64.7468 27.0712 0
      vertex 64.6296 26.8412 0
    endloop
  endfacet
  facet normal 0 0 -1
    outer loop
      vertex 63.5 37 0
      vertex 64.6296 26.8412 0
      vertex 64.5893 26.5863 0
    endloop
  endfacet
  facet normal -0 0 -1
    outer loop
      vertex 65.3262 39.5464 0
      vertex 63.5 38.5 0
      vertex 62 42 0
    endloop
  endfacet
  facet normal 0 0 -1
    outer loop
      vertex 63.5 37 0
      vertex 64.5893 26.5863 0
      vertex 64.555 26.37 0
    endloop
  endfacet
  facet normal 0 0 -1
    outer loop
      vertex 63.5864 18.7009 0
      vertex 65.6087 24.9196 0
      vertex 63.8164 18.5837 0
    endloop
  endfacet
  facet normal 0 0 -1
    outer loop
      vertex 63.3913 18.8004 0
      vertex 65.6087 24.9196 0
      vertex 63.5864 18.7009 0
    endloop
  endfacet
  facet normal -0 0 -1
    outer loop
      vertex 65.6087 24.9196 0
      vertex 63.3913 18.8004 0
      vertex 65.3788 25.0368 0
    endloop
  endfacet
  facet normal 0 0 -1
    outer loop
      vertex 63.1749 18.8346 0
      vertex 65.3788 25.0368 0
      vertex 63.3913 18.8004 0
    endloop
  endfacet
  facet normal 0 0 -1
    outer loop
      vertex 66.56 40.175 0
      vertex 62 43.5 0
      vertex 65.25 48.125 0
    endloop
  endfacet
  facet normal 0 0 -1
    outer loop
      vertex 60.5 22 0
      vertex 65.3788 25.0368 0
      vertex 63.1749 18.8346 0
    endloop
  endfacet
  facet normal 0 0 -1
    outer loop
      vertex 60.5 22 0
      vertex 63.1749 18.8346 0
      vertex 62.92 18.875 0
    endloop
  endfacet
  facet normal -0 0 -1
    outer loop
      vertex 65.25 48.125 0
      vertex 62.5 47 0
      vertex 64.9951 48.1654 0
    endloop
  endfacet
  facet normal -0 0 -1
    outer loop
      vertex 65.3788 25.0368 0
      vertex 60.5 22 0
      vertex 65.1836 25.1362 0
    endloop
  endfacet
  facet normal -0 0 -1
    outer loop
      vertex 64.9951 48.1654 0
      vertex 62.5 47 0
      vertex 64.7787 48.1996 0
    endloop
  endfacet
  facet normal 0 0 -1
    outer loop
      vertex 60.5 22 0
      vertex 62.92 18.875 0
      vertex 62.6651 18.8346 0
    endloop
  endfacet
  facet normal -0 0 -1
    outer loop
      vertex 64.7787 48.1996 0
      vertex 62.5 47 0
      vertex 64.5836 48.2991 0
    endloop
  endfacet
  facet normal -0 0 -1
    outer loop
      vertex 64.5836 48.2991 0
      vertex 62.5 47 0
      vertex 64.3536 48.4162 0
    endloop
  endfacet
  facet normal 0 0 -1
    outer loop
      vertex 62.5 48.5 0
      vertex 64.3536 48.4162 0
      vertex 62.5 47 0
    endloop
  endfacet
  facet normal -0 0 -1
    outer loop
      vertex 64.0163 48.7536 0
      vertex 62.5 48.5 0
      vertex 63.8991 48.9836 0
    endloop
  endfacet
  facet normal 0 0 -1
    outer loop
      vertex 60.5 22 0
      vertex 62.6651 18.8346 0
      vertex 62.4487 18.8004 0
    endloop
  endfacet
  facet normal -0 0 -1
    outer loop
      vertex 63.8991 48.9836 0
      vertex 62.5 48.5 0
      vertex 63.7996 49.1787 0
    endloop
  endfacet
  facet normal -0 0 -1
    outer loop
      vertex 63.7996 49.1787 0
      vertex 62.5 48.5 0
      vertex 63.7593 49.4337 0
    endloop
  endfacet
  facet normal 0 0 -1
    outer loop
      vertex 62 52 0
      vertex 63.725 49.65 0
      vertex 62.5 48.5 0
    endloop
  endfacet
  facet normal 0 0 -1
    outer loop
      vertex 62 53.5 0
      vertex 63.725 49.65 0
      vertex 62 52 0
    endloop
  endfacet
  facet normal 0 0 -1
    outer loop
      vertex 60 55 0
      vertex 63.6336 59.2991 0
      vertex 62 53.5 0
    endloop
  endfacet
  facet normal -0 0 -1
    outer loop
      vertex 63.6336 59.2991 0
      vertex 60 55 0
      vertex 63.4036 59.4162 0
    endloop
  endfacet
  facet normal -0 0 -1
    outer loop
      vertex 63.4036 59.4162 0
      vertex 60 55 0
      vertex 63.0662 59.7536 0
    endloop
  endfacet
  facet normal 0 0 -1
    outer loop
      vertex 60 60.5 0
      vertex 63.0662 59.7536 0
      vertex 60 55 0
    endloop
  endfacet
  facet normal -0 0 -1
    outer loop
      vertex 63.7593 49.4337 0
      vertex 62.5 48.5 0
      vertex 63.725 49.65 0
    endloop
  endfacet
  facet normal 0 0 -1
    outer loop
      vertex 64.3536 48.4162 0
      vertex 62.5 48.5 0
      vertex 64.0163 48.7536 0
    endloop
  endfacet
  facet normal 0 0 -1
    outer loop
      vertex 61.5 38.5 0
      vertex 62 42 0
      vertex 63.5 38.5 0
    endloop
  endfacet
  facet normal 0 0 -1
    outer loop
      vertex 60 40.5 0
      vertex 61.5 38.5 0
      vertex 60 35 0
    endloop
  endfacet
  facet normal 0 0 -1
    outer loop
      vertex 61.5 38.5 0
      vertex 60 40.5 0
      vertex 62 42 0
    endloop
  endfacet
  facet normal 0 0 -1
    outer loop
      vertex 58.5 40.5 0
      vertex 62 42 0
      vertex 60 40.5 0
    endloop
  endfacet
  facet normal 0 0 -1
    outer loop
      vertex 57 38.5 0
      vertex 58.5 40.5 0
      vertex 57 37 0
    endloop
  endfacet
  facet normal 0 0 -1
    outer loop
      vertex 58.5 40.5 0
      vertex 56.5 42 0
      vertex 62 42 0
    endloop
  endfacet
  facet normal 0 0 -1
    outer loop
      vertex 57 38.5 0
      vertex 56.5 42 0
      vertex 58.5 40.5 0
    endloop
  endfacet
  facet normal -0 0 -1
    outer loop
      vertex 56.5 42 0
      vertex 55 40 0
      vertex 56.5 43.5 0
    endloop
  endfacet
  facet normal 0 0 -1
    outer loop
      vertex 57 38.5 0
      vertex 55 40 0
      vertex 56.5 42 0
    endloop
  endfacet
  facet normal 0 0 -1
    outer loop
      vertex 57 38.5 0
      vertex 53.5 40 0
      vertex 55 40 0
    endloop
  endfacet
  facet normal 0 0 -1
    outer loop
      vertex 53.5 40 0
      vertex 52 42 0
      vertex 53.5 45.5 0
    endloop
  endfacet
  facet normal 0 0 -1
    outer loop
      vertex 51.5 38.5 0
      vertex 53.5 40 0
      vertex 57 38.5 0
    endloop
  endfacet
  facet normal 0 0 -1
    outer loop
      vertex 51.5 38.5 0
      vertex 52 42 0
      vertex 53.5 40 0
    endloop
  endfacet
  facet normal 0 0 -1
    outer loop
      vertex 50 40.5 0
      vertex 51.5 38.5 0
      vertex 50 35 0
    endloop
  endfacet
  facet normal 0 0 -1
    outer loop
      vertex 51.5 38.5 0
      vertex 50 40.5 0
      vertex 52 42 0
    endloop
  endfacet
  facet normal 0 0 -1
    outer loop
      vertex 48.5 40.5 0
      vertex 52 42 0
      vertex 50 40.5 0
    endloop
  endfacet
  facet normal 0 0 -1
    outer loop
      vertex 47 38.5 0
      vertex 48.5 40.5 0
      vertex 47 37 0
    endloop
  endfacet
  facet normal 0 0 -1
    outer loop
      vertex 48.5 40.5 0
      vertex 46.5 42 0
      vertex 52 42 0
    endloop
  endfacet
  facet normal 0 0 -1
    outer loop
      vertex 47 38.5 0
      vertex 46.5 42 0
      vertex 48.5 40.5 0
    endloop
  endfacet
  facet normal -0 0 -1
    outer loop
      vertex 46.5 42 0
      vertex 45 40 0
      vertex 46.5 43.5 0
    endloop
  endfacet
  facet normal 0 0 -1
    outer loop
      vertex 47 38.5 0
      vertex 45 40 0
      vertex 46.5 42 0
    endloop
  endfacet
  facet normal 0 0 -1
    outer loop
      vertex 47 38.5 0
      vertex 43.5 40 0
      vertex 45 40 0
    endloop
  endfacet
  facet normal 0 0 -1
    outer loop
      vertex 43.5 40 0
      vertex 42 42 0
      vertex 43.5 45.5 0
    endloop
  endfacet
  facet normal 0 0 -1
    outer loop
      vertex 41.5 38.5 0
      vertex 43.5 40 0
      vertex 47 38.5 0
    endloop
  endfacet
  facet normal 0 0 -1
    outer loop
      vertex 41.5 38.5 0
      vertex 42 42 0
      vertex 43.5 40 0
    endloop
  endfacet
  facet normal 0 0 -1
    outer loop
      vertex 40 40.5 0
      vertex 41.5 38.5 0
      vertex 40 35 0
    endloop
  endfacet
  facet normal 0 0 -1
    outer loop
      vertex 41.5 38.5 0
      vertex 40 40.5 0
      vertex 42 42 0
    endloop
  endfacet
  facet normal 0 0 -1
    outer loop
      vertex 38.5 40.5 0
      vertex 42 42 0
      vertex 40 40.5 0
    endloop
  endfacet
  facet normal 0 0 -1
    outer loop
      vertex 37 38.5 0
      vertex 38.5 40.5 0
      vertex 37 37 0
    endloop
  endfacet
  facet normal 0 0 -1
    outer loop
      vertex 38.5 40.5 0
      vertex 36.5 42 0
      vertex 42 42 0
    endloop
  endfacet
  facet normal 0 0 -1
    outer loop
      vertex 37 38.5 0
      vertex 36.5 42 0
      vertex 38.5 40.5 0
    endloop
  endfacet
  facet normal -0 0 -1
    outer loop
      vertex 36.5 42 0
      vertex 35 40 0
      vertex 36.5 43.5 0
    endloop
  endfacet
  facet normal 0 0 -1
    outer loop
      vertex 37 38.5 0
      vertex 35 40 0
      vertex 36.5 42 0
    endloop
  endfacet
  facet normal 0 0 -1
    outer loop
      vertex 37 38.5 0
      vertex 33.5 40 0
      vertex 35 40 0
    endloop
  endfacet
  facet normal 0 0 -1
    outer loop
      vertex 33.5 40 0
      vertex 32 42 0
      vertex 33.5 45.5 0
    endloop
  endfacet
  facet normal 0 0 -1
    outer loop
      vertex 31.5 38.5 0
      vertex 33.5 40 0
      vertex 37 38.5 0
    endloop
  endfacet
  facet normal 0 0 -1
    outer loop
      vertex 31.5 38.5 0
      vertex 32 42 0
      vertex 33.5 40 0
    endloop
  endfacet
  facet normal 0 0 -1
    outer loop
      vertex 30 40.5 0
      vertex 31.5 38.5 0
      vertex 30 35 0
    endloop
  endfacet
  facet normal 0 0 -1
    outer loop
      vertex 31.5 38.5 0
      vertex 30 40.5 0
      vertex 32 42 0
    endloop
  endfacet
  facet normal 0 0 -1
    outer loop
      vertex 28.5 40.5 0
      vertex 32 42 0
      vertex 30 40.5 0
    endloop
  endfacet
  facet normal 0 0 -1
    outer loop
      vertex 27 38.5 0
      vertex 28.5 40.5 0
      vertex 27 37 0
    endloop
  endfacet
  facet normal 0 0 -1
    outer loop
      vertex 28.5 40.5 0
      vertex 26.5 42 0
      vertex 32 42 0
    endloop
  endfacet
  facet normal 0 0 -1
    outer loop
      vertex 27 38.5 0
      vertex 26.5 42 0
      vertex 28.5 40.5 0
    endloop
  endfacet
  facet normal -0 0 -1
    outer loop
      vertex 26.5 42 0
      vertex 25 40 0
      vertex 26.5 43.5 0
    endloop
  endfacet
  facet normal 0 0 -1
    outer loop
      vertex 27 38.5 0
      vertex 25 40 0
      vertex 26.5 42 0
    endloop
  endfacet
  facet normal 0 0 -1
    outer loop
      vertex 27 38.5 0
      vertex 23.5 40 0
      vertex 25 40 0
    endloop
  endfacet
  facet normal 0 0 -1
    outer loop
      vertex 23.5 40 0
      vertex 22 42 0
      vertex 23.5 45.5 0
    endloop
  endfacet
  facet normal 0 0 -1
    outer loop
      vertex 21.5 38.5 0
      vertex 23.5 40 0
      vertex 27 38.5 0
    endloop
  endfacet
  facet normal 0 0 -1
    outer loop
      vertex 21.5 38.5 0
      vertex 22 42 0
      vertex 23.5 40 0
    endloop
  endfacet
  facet normal 0 0 -1
    outer loop
      vertex 20 40.5 0
      vertex 21.5 38.5 0
      vertex 20 35 0
    endloop
  endfacet
  facet normal 0 0 -1
    outer loop
      vertex 21.5 38.5 0
      vertex 20 40.5 0
      vertex 22 42 0
    endloop
  endfacet
  facet normal 0 0 -1
    outer loop
      vertex 18.5 40.5 0
      vertex 22 42 0
      vertex 20 40.5 0
    endloop
  endfacet
  facet normal 0 0 -1
    outer loop
      vertex 17 38.5 0
      vertex 18.5 40.5 0
      vertex 17 37 0
    endloop
  endfacet
  facet normal 0 0 -1
    outer loop
      vertex 18.5 40.5 0
      vertex 16.5 42 0
      vertex 22 42 0
    endloop
  endfacet
  facet normal 0 0 -1
    outer loop
      vertex 17 38.5 0
      vertex 16.5 42 0
      vertex 18.5 40.5 0
    endloop
  endfacet
  facet normal -0 0 -1
    outer loop
      vertex 16.5 42 0
      vertex 15 40 0
      vertex 16.5 43.5 0
    endloop
  endfacet
  facet normal 0 0 -1
    outer loop
      vertex 17 38.5 0
      vertex 15 40 0
      vertex 16.5 42 0
    endloop
  endfacet
  facet normal 0 0 -1
    outer loop
      vertex 17 38.5 0
      vertex 13.5 40 0
      vertex 15 40 0
    endloop
  endfacet
  facet normal 0 0 -1
    outer loop
      vertex 13.5 40 0
      vertex 12 42 0
      vertex 13.5 45.5 0
    endloop
  endfacet
  facet normal 0 0 -1
    outer loop
      vertex 11.5 38.5 0
      vertex 13.5 40 0
      vertex 17 38.5 0
    endloop
  endfacet
  facet normal 0 0 -1
    outer loop
      vertex 11.5 38.5 0
      vertex 12 42 0
      vertex 13.5 40 0
    endloop
  endfacet
  facet normal -0 0 -1
    outer loop
      vertex 12 42 0
      vertex 11.5 38.5 0
      vertex 10 42 0
    endloop
  endfacet
  facet normal -0 0 -1
    outer loop
      vertex 69.0444 38.4512 0
      vertex 68.0446 38.3951 0
      vertex 68.085 38.65 0
    endloop
  endfacet
  facet normal 0 0 -1
    outer loop
      vertex 68.7 26.3 0
      vertex 68.0104 38.1787 0
      vertex 68.0446 38.3951 0
    endloop
  endfacet
  facet normal 0 0 -1
    outer loop
      vertex 68.7 26.3 0
      vertex 67.9109 37.9836 0
      vertex 68.0104 38.1787 0
    endloop
  endfacet
  facet normal 0 0 -1
    outer loop
      vertex 67.4132 27.0712 0
      vertex 68.7 26.3 0
      vertex 67.5304 26.8412 0
    endloop
  endfacet
  facet normal 0 0 -1
    outer loop
      vertex 68.7 26.3 0
      vertex 67.605 26.37 0
      vertex 67.5707 26.5863 0
    endloop
  endfacet
  facet normal 0 0 -1
    outer loop
      vertex 68.6579 26.0897 0
      vertex 67.605 26.37 0
      vertex 68.7 26.3 0
    endloop
  endfacet
  facet normal 0 -0 -1
    outer loop
      vertex 67.605 26.37 0
      vertex 68.6579 26.0897 0
      vertex 67.5707 26.1537 0
    endloop
  endfacet
  facet normal 0 0 -1
    outer loop
      vertex 68.3864 25.1729 0
      vertex 67.4132 25.6688 0
      vertex 67.5304 25.8987 0
    endloop
  endfacet
  facet normal 0 0 -1
    outer loop
      vertex 68.3864 25.1729 0
      vertex 67.3138 25.4736 0
      vertex 67.4132 25.6688 0
    endloop
  endfacet
  facet normal 0 0 -1
    outer loop
      vertex 68.3864 25.1729 0
      vertex 67.1589 25.3188 0
      vertex 67.3138 25.4736 0
    endloop
  endfacet
  facet normal -0 0 -1
    outer loop
      vertex 68.3864 25.1729 0
      vertex 66.9764 25.1362 0
      vertex 67.1589 25.3188 0
    endloop
  endfacet
  facet normal 0 0 -1
    outer loop
      vertex 68.3864 25.1729 0
      vertex 66.7464 25.0191 0
      vertex 66.9764 25.1362 0
    endloop
  endfacet
  facet normal 0 0 -1
    outer loop
      vertex 68.3864 25.1729 0
      vertex 66.5512 24.9196 0
      vertex 66.7464 25.0191 0
    endloop
  endfacet
  facet normal 0 0 -1
    outer loop
      vertex 64.2709 18.0164 0
      vertex 65.5 16.7 0
      vertex 64.3704 17.8213 0
    endloop
  endfacet
  facet normal 0 0 -1
    outer loop
      vertex 64.3704 17.8213 0
      vertex 65.4312 16.7069 0
      vertex 64.4107 17.5663 0
    endloop
  endfacet
  facet normal 0 0 -1
    outer loop
      vertex 65.4312 16.7069 0
      vertex 64.3704 17.8213 0
      vertex 65.5 16.7 0
    endloop
  endfacet
  facet normal 0 0 -1
    outer loop
      vertex 64.4107 17.5663 0
      vertex 65.4312 16.7069 0
      vertex 64.445 17.35 0
    endloop
  endfacet
  facet normal 0 0 -1
    outer loop
      vertex 64.1537 18.2464 0
      vertex 65.5 16.7 0
      vertex 64.2709 18.0164 0
    endloop
  endfacet
  facet normal 0 0 -1
    outer loop
      vertex 65.5 16.7 0
      vertex 64.1537 18.2464 0
      vertex 68.3864 25.1729 0
    endloop
  endfacet
  facet normal 0 0 -1
    outer loop
      vertex 64.4107 17.1337 0
      vertex 65.3927 16.5466 0
      vertex 65.2366 16.1696 0
    endloop
  endfacet
  facet normal 0 0 -1
    outer loop
      vertex 68.3864 25.1729 0
      vertex 64.1537 18.2464 0
      vertex 66.5512 24.9196 0
    endloop
  endfacet
  facet normal 0 0 -1
    outer loop
      vertex 64.4107 17.1337 0
      vertex 65.2366 16.1696 0
      vertex 65.0234 15.8218 0
    endloop
  endfacet
  facet normal 0 0 -1
    outer loop
      vertex 66.5512 24.9196 0
      vertex 64.1537 18.2464 0
      vertex 66.3349 24.8854 0
    endloop
  endfacet
  facet normal 0 0 -1
    outer loop
      vertex 64.4107 17.1337 0
      vertex 65.0234 15.8218 0
      vertex 64.7585 15.5115 0
    endloop
  endfacet
  facet normal 0 0 -1
    outer loop
      vertex 66.3349 24.8854 0
      vertex 64.1537 18.2464 0
      vertex 66.08 24.845 0
    endloop
  endfacet
  facet normal 0 0 -1
    outer loop
      vertex 63.8164 16.1162 0
      vertex 64.7585 15.5115 0
      vertex 64.4482 15.2466 0
    endloop
  endfacet
  facet normal 0 0 -1
    outer loop
      vertex 64.4107 17.1337 0
      vertex 65.4312 16.7069 0
      vertex 65.3927 16.5466 0
    endloop
  endfacet
  facet normal 0 0 -1
    outer loop
      vertex 63.9712 18.4289 0
      vertex 66.08 24.845 0
      vertex 64.1537 18.2464 0
    endloop
  endfacet
  facet normal 0 0 -1
    outer loop
      vertex 63.8164 18.5837 0
      vertex 66.08 24.845 0
      vertex 63.9712 18.4289 0
    endloop
  endfacet
  facet normal -0 0 -1
    outer loop
      vertex 66.08 24.845 0
      vertex 63.8164 18.5837 0
      vertex 65.8251 24.8854 0
    endloop
  endfacet
  facet normal -0 0 -1
    outer loop
      vertex 65.8251 24.8854 0
      vertex 63.8164 18.5837 0
      vertex 65.6087 24.9196 0
    endloop
  endfacet
  facet normal 0 0 -1
    outer loop
      vertex 68.085 38.65 0
      vertex 69.06 38.65 0
      vertex 69.0444 38.4512 0
    endloop
  endfacet
  facet normal 0 0 -1
    outer loop
      vertex 69.06 38.65 0
      vertex 68.085 38.65 0
      vertex 69.0292 39.0411 0
    endloop
  endfacet
  facet normal 0 0 -1
    outer loop
      vertex 68.0446 38.3951 0
      vertex 69.0444 38.4512 0
      vertex 68.7 26.3 0
    endloop
  endfacet
  facet normal 0 -0 -1
    outer loop
      vertex 67.5707 26.1537 0
      vertex 68.648 25.9633 0
      vertex 67.5304 25.8987 0
    endloop
  endfacet
  facet normal 0 0 -1
    outer loop
      vertex 67.5304 25.8987 0
      vertex 68.648 25.9633 0
      vertex 68.5527 25.5666 0
    endloop
  endfacet
  facet normal 0 0 -1
    outer loop
      vertex 68.3966 25.1896 0
      vertex 67.5304 25.8987 0
      vertex 68.5527 25.5666 0
    endloop
  endfacet
  facet normal 0 0 -1
    outer loop
      vertex 67.5304 25.8987 0
      vertex 68.3966 25.1896 0
      vertex 68.3864 25.1729 0
    endloop
  endfacet
  facet normal 0 0 -1
    outer loop
      vertex 68.648 25.9633 0
      vertex 67.5707 26.1537 0
      vertex 68.6579 26.0897 0
    endloop
  endfacet
  facet normal 0 0 -1
    outer loop
      vertex 68.0446 38.9049 0
      vertex 69.0292 39.0411 0
      vertex 68.085 38.65 0
    endloop
  endfacet
  facet normal -0 0 -1
    outer loop
      vertex 69.0292 39.0411 0
      vertex 68.0446 38.9049 0
      vertex 68.9924 39.1943 0
    endloop
  endfacet
  facet normal 0 0 -1
    outer loop
      vertex 68.0104 39.1213 0
      vertex 68.9924 39.1943 0
      vertex 68.0446 38.9049 0
    endloop
  endfacet
  facet normal 0 0 -1
    outer loop
      vertex 67.9109 39.3164 0
      vertex 68.9924 39.1943 0
      vertex 68.0104 39.1213 0
    endloop
  endfacet
  facet normal 0 0 -1
    outer loop
      vertex 67.7937 39.5464 0
      vertex 68.9924 39.1943 0
      vertex 67.9109 39.3164 0
    endloop
  endfacet
  facet normal 0 0 -1
    outer loop
      vertex 67.4564 39.8838 0
      vertex 68.9924 39.1943 0
      vertex 67.7937 39.5464 0
    endloop
  endfacet
  facet normal 0 0 -1
    outer loop
      vertex 68.9924 39.1943 0
      vertex 67.4564 39.8838 0
      vertex 67.85 50 0
    endloop
  endfacet
  facet normal 0 0 -1
    outer loop
      vertex 67.2264 40.0009 0
      vertex 67.85 50 0
      vertex 67.4564 39.8838 0
    endloop
  endfacet
  facet normal 0 0 -1
    outer loop
      vertex 66.7407 49.4337 0
      vertex 67.2264 40.0009 0
      vertex 67.0312 40.1004 0
    endloop
  endfacet
  facet normal 0 0 -1
    outer loop
      vertex 67.2264 40.0009 0
      vertex 66.7407 49.4337 0
      vertex 67.85 50 0
    endloop
  endfacet
  facet normal 0 0 -1
    outer loop
      vertex 66.7407 49.8663 0
      vertex 67.85 50 0
      vertex 66.775 49.65 0
    endloop
  endfacet
  facet normal 0 0 -1
    outer loop
      vertex 66.7004 50.1213 0
      vertex 67.85 50 0
      vertex 66.7407 49.8663 0
    endloop
  endfacet
  facet normal 0 0 -1
    outer loop
      vertex 66.5832 50.3512 0
      vertex 67.85 50 0
      vertex 66.7004 50.1213 0
    endloop
  endfacet
  facet normal 0 0 -1
    outer loop
      vertex 65.7213 48.1996 0
      vertex 67.0312 40.1004 0
      vertex 66.7763 40.1407 0
    endloop
  endfacet
  facet normal 0 0 -1
    outer loop
      vertex 66.4837 50.5464 0
      vertex 67.85 50 0
      vertex 66.5832 50.3512 0
    endloop
  endfacet
  facet normal 0 0 -1
    outer loop
      vertex 66.1464 50.8838 0
      vertex 67.85 50 0
      vertex 66.4837 50.5464 0
    endloop
  endfacet
  facet normal 0 0 -1
    outer loop
      vertex 67.85 50 0
      vertex 66.1464 50.8838 0
      vertex 67 60.5 0
    endloop
  endfacet
  facet normal 0 0 -1
    outer loop
      vertex 65.1964 59.4162 0
      vertex 67 60.5 0
      vertex 66.1464 50.8838 0
    endloop
  endfacet
  facet normal 0 -0 -1
    outer loop
      vertex 65.3512 59.5711 0
      vertex 67 60.5 0
      vertex 65.1964 59.4162 0
    endloop
  endfacet
  facet normal -0 0 -1
    outer loop
      vertex 67 60.5 0
      vertex 65.7504 60.1787 0
      vertex 66.989 60.5106 0
    endloop
  endfacet
  facet normal 0 0 -1
    outer loop
      vertex 66.989 60.5106 0
      vertex 65.825 60.65 0
      vertex 66.9668 61.0724 0
    endloop
  endfacet
  facet normal 0 0 -1
    outer loop
      vertex 65.7846 60.9049 0
      vertex 66.9668 61.0724 0
      vertex 65.825 60.65 0
    endloop
  endfacet
  facet normal 0 -0 -1
    outer loop
      vertex 65.7504 60.1787 0
      vertex 67 60.5 0
      vertex 65.6509 59.9836 0
    endloop
  endfacet
  facet normal 0 0 -1
    outer loop
      vertex 65.1964 59.4162 0
      vertex 66.1464 50.8838 0
      vertex 65.9512 50.9832 0
    endloop
  endfacet
  facet normal -0 0 -1
    outer loop
      vertex 66.8679 61.4843 0
      vertex 65.7504 61.1213 0
      vertex 66.7057 61.8758 0
    endloop
  endfacet
  facet normal 0 0 -1
    outer loop
      vertex 65.6332 61.3512 0
      vertex 66.7057 61.8758 0
      vertex 65.7504 61.1213 0
    endloop
  endfacet
  facet normal 0 0 -1
    outer loop
      vertex 66.9668 61.0724 0
      vertex 65.7504 61.1213 0
      vertex 66.8679 61.4843 0
    endloop
  endfacet
  facet normal 0 0 -1
    outer loop
      vertex 65.7504 61.1213 0
      vertex 66.9668 61.0724 0
      vertex 65.7846 60.9049 0
    endloop
  endfacet
  facet normal 0 0 -1
    outer loop
      vertex 65.1964 59.4162 0
      vertex 65.9512 50.9832 0
      vertex 65.7213 51.1004 0
    endloop
  endfacet
  facet normal 0 -0 -1
    outer loop
      vertex 65.825 60.65 0
      vertex 66.989 60.5106 0
      vertex 65.7846 60.3951 0
    endloop
  endfacet
  facet normal 0 -0 -1
    outer loop
      vertex 65.7846 60.3951 0
      vertex 66.989 60.5106 0
      vertex 65.7504 60.1787 0
    endloop
  endfacet
  facet normal 0 0 -1
    outer loop
      vertex 64.7712 59.1996 0
      vertex 65.7213 51.1004 0
      vertex 65.4663 51.1407 0
    endloop
  endfacet
  facet normal 0 -0 -1
    outer loop
      vertex 65.6509 59.9836 0
      vertex 67 60.5 0
      vertex 65.5338 59.7536 0
    endloop
  endfacet
  facet normal 0 0 -1
    outer loop
      vertex 64.7712 59.1996 0
      vertex 65.4663 51.1407 0
      vertex 65.25 51.175 0
    endloop
  endfacet
  facet normal 0 -0 -1
    outer loop
      vertex 65.5338 59.7536 0
      vertex 67 60.5 0
      vertex 65.3512 59.5711 0
    endloop
  endfacet
  facet normal 0 0 -1
    outer loop
      vertex 64.3 59.125 0
      vertex 65.25 51.175 0
      vertex 65.0337 51.1407 0
    endloop
  endfacet
  facet normal 0 0 -1
    outer loop
      vertex 65.7213 51.1004 0
      vertex 64.9664 59.2991 0
      vertex 65.1964 59.4162 0
    endloop
  endfacet
  facet normal 0 0 -1
    outer loop
      vertex 64.3 59.125 0
      vertex 65.0337 51.1407 0
      vertex 64.7787 51.1004 0
    endloop
  endfacet
  facet normal 0 0 -1
    outer loop
      vertex 65.7213 51.1004 0
      vertex 64.7712 59.1996 0
      vertex 64.9664 59.2991 0
    endloop
  endfacet
  facet normal 0 0 -1
    outer loop
      vertex 65.25 51.175 0
      vertex 64.5549 59.1654 0
      vertex 64.7712 59.1996 0
    endloop
  endfacet
  facet normal 0 0 -1
    outer loop
      vertex 63.8288 59.1996 0
      vertex 64.7787 51.1004 0
      vertex 64.5488 50.9832 0
    endloop
  endfacet
  facet normal 0 0 -1
    outer loop
      vertex 63.8288 59.1996 0
      vertex 64.5488 50.9832 0
      vertex 64.3536 50.8838 0
    endloop
  endfacet
  facet normal 0 0 -1
    outer loop
      vertex 65.25 51.175 0
      vertex 64.3 59.125 0
      vertex 64.5549 59.1654 0
    endloop
  endfacet
  facet normal 0 0 -1
    outer loop
      vertex 64.7787 51.1004 0
      vertex 64.0451 59.1654 0
      vertex 64.3 59.125 0
    endloop
  endfacet
  facet normal 0 0 -1
    outer loop
      vertex 63.6336 59.2991 0
      vertex 64.3536 50.8838 0
      vertex 64.0163 50.5464 0
    endloop
  endfacet
  facet normal 0 0 -1
    outer loop
      vertex 63.6336 59.2991 0
      vertex 64.0163 50.5464 0
      vertex 63.9168 50.3512 0
    endloop
  endfacet
  facet normal 0 0 -1
    outer loop
      vertex 64.7787 51.1004 0
      vertex 63.8288 59.1996 0
      vertex 64.0451 59.1654 0
    endloop
  endfacet
  facet normal 0 0 -1
    outer loop
      vertex 63.6336 59.2991 0
      vertex 63.9168 50.3512 0
      vertex 63.7996 50.1213 0
    endloop
  endfacet
  facet normal 0 0 -1
    outer loop
      vertex 63.6336 59.2991 0
      vertex 63.7996 50.1213 0
      vertex 63.7593 49.8663 0
    endloop
  endfacet
  facet normal 0 0 -1
    outer loop
      vertex 63.6336 59.2991 0
      vertex 63.7593 49.8663 0
      vertex 63.725 49.65 0
    endloop
  endfacet
  facet normal 0 0 -1
    outer loop
      vertex 64.3536 50.8838 0
      vertex 63.6336 59.2991 0
      vertex 63.8288 59.1996 0
    endloop
  endfacet
  facet normal 0 0 -1
    outer loop
      vertex 68.7 26.3 0
      vertex 67.5707 26.5863 0
      vertex 67.5304 26.8412 0
    endloop
  endfacet
  facet normal 0 0 -1
    outer loop
      vertex 68.7 26.3 0
      vertex 67.7937 37.7536 0
      vertex 67.9109 37.9836 0
    endloop
  endfacet
  facet normal 0 0 -1
    outer loop
      vertex 67.3138 27.2664 0
      vertex 68.7 26.3 0
      vertex 67.4132 27.0712 0
    endloop
  endfacet
  facet normal 0 0 -1
    outer loop
      vertex 66.9764 27.6038 0
      vertex 68.7 26.3 0
      vertex 67.3138 27.2664 0
    endloop
  endfacet
  facet normal 0 0 -1
    outer loop
      vertex 68.7 26.3 0
      vertex 67.4564 37.4162 0
      vertex 67.7937 37.7536 0
    endloop
  endfacet
  facet normal 0 0 -1
    outer loop
      vertex 68.7 26.3 0
      vertex 66.9764 27.6038 0
      vertex 67.4564 37.4162 0
    endloop
  endfacet
  facet normal 0 0 -1
    outer loop
      vertex 67.4564 37.4162 0
      vertex 66.9764 27.6038 0
      vertex 67.2264 37.2991 0
    endloop
  endfacet
  facet normal 0 0 -1
    outer loop
      vertex 67.2264 37.2991 0
      vertex 66.9764 27.6038 0
      vertex 67.0312 37.1996 0
    endloop
  endfacet
  facet normal 0 0 -1
    outer loop
      vertex 66.7812 27.7032 0
      vertex 67.0312 37.1996 0
      vertex 66.9764 27.6038 0
    endloop
  endfacet
  facet normal 0 0 -1
    outer loop
      vertex 66.5512 27.8204 0
      vertex 67.0312 37.1996 0
      vertex 66.7812 27.7032 0
    endloop
  endfacet
  facet normal 0 0 -1
    outer loop
      vertex 67.0312 37.1996 0
      vertex 66.5512 27.8204 0
      vertex 66.8149 37.1654 0
    endloop
  endfacet
  facet normal 0 0 -1
    outer loop
      vertex 66.8149 37.1654 0
      vertex 66.5512 27.8204 0
      vertex 66.56 37.125 0
    endloop
  endfacet
  facet normal 0 0 -1
    outer loop
      vertex 66.2963 27.8607 0
      vertex 66.56 37.125 0
      vertex 66.5512 27.8204 0
    endloop
  endfacet
  facet normal 0 0 -1
    outer loop
      vertex 66.08 27.895 0
      vertex 66.56 37.125 0
      vertex 66.2963 27.8607 0
    endloop
  endfacet
  facet normal -0 0 -1
    outer loop
      vertex 66.56 37.125 0
      vertex 66.08 27.895 0
      vertex 66.3051 37.1654 0
    endloop
  endfacet
  facet normal -0 0 -1
    outer loop
      vertex 66.3051 37.1654 0
      vertex 66.08 27.895 0
      vertex 66.0887 37.1996 0
    endloop
  endfacet
  facet normal 0 0 -1
    outer loop
      vertex 65.8637 27.8607 0
      vertex 66.0887 37.1996 0
      vertex 66.08 27.895 0
    endloop
  endfacet
  facet normal 0 0 -1
    outer loop
      vertex 63.5 37 0
      vertex 65.8637 27.8607 0
      vertex 65.6087 27.8204 0
    endloop
  endfacet
  facet normal 0 0 -1
    outer loop
      vertex 65.8637 27.8607 0
      vertex 63.5 37 0
      vertex 66.0887 37.1996 0
    endloop
  endfacet
  facet normal -0 0 -1
    outer loop
      vertex 66.0887 37.1996 0
      vertex 63.5 37 0
      vertex 65.8936 37.2991 0
    endloop
  endfacet
  facet normal 0 0 -1
    outer loop
      vertex 63.5 37 0
      vertex 65.6087 27.8204 0
      vertex 65.3788 27.7032 0
    endloop
  endfacet
  facet normal 0 0 -1
    outer loop
      vertex 63.5 37 0
      vertex 65.3788 27.7032 0
      vertex 65.1836 27.6038 0
    endloop
  endfacet
  facet normal -0 0 -1
    outer loop
      vertex 65.8936 37.2991 0
      vertex 63.5 37 0
      vertex 65.6636 37.4162 0
    endloop
  endfacet
  facet normal 0 0 -1
    outer loop
      vertex 63.5 37 0
      vertex 65.1836 27.6038 0
      vertex 65.0288 27.4489 0
    endloop
  endfacet
  facet normal -0 0 -1
    outer loop
      vertex 65.6636 37.4162 0
      vertex 63.5 37 0
      vertex 65.3262 37.7536 0
    endloop
  endfacet
  facet normal -0 0 -1
    outer loop
      vertex 65.3262 37.7536 0
      vertex 63.5 37 0
      vertex 65.2091 37.9836 0
    endloop
  endfacet
  facet normal -0 0 -1
    outer loop
      vertex 65.2091 37.9836 0
      vertex 63.5 37 0
      vertex 65.1096 38.1787 0
    endloop
  endfacet
  facet normal 0 0 -1
    outer loop
      vertex 63.5 38.5 0
      vertex 65.1096 38.1787 0
      vertex 63.5 37 0
    endloop
  endfacet
  facet normal -0 0 -1
    outer loop
      vertex 67 60.65 0
      vertex 66.989 60.5106 0
      vertex 66.9668 61.0724 0
    endloop
  endfacet
  facet normal 0 0 -1
    outer loop
      vertex 65.5338 61.5464 0
      vertex 66.7057 61.8758 0
      vertex 65.6332 61.3512 0
    endloop
  endfacet
  facet normal -0 0 -1
    outer loop
      vertex 66.7057 61.8758 0
      vertex 65.5338 61.5464 0
      vertex 66.4843 62.237 0
    endloop
  endfacet
  facet normal -0 0 -1
    outer loop
      vertex 66.4843 62.237 0
      vertex 65.5338 61.5464 0
      vertex 66.2092 62.5592 0
    endloop
  endfacet
  facet normal 0 0 -1
    outer loop
      vertex 65.3512 61.7289 0
      vertex 66.2092 62.5592 0
      vertex 65.5338 61.5464 0
    endloop
  endfacet
  facet normal 0 0 -1
    outer loop
      vertex 65.1964 61.8838 0
      vertex 66.2092 62.5592 0
      vertex 65.3512 61.7289 0
    endloop
  endfacet
  facet normal -0 0 -1
    outer loop
      vertex 66.2092 62.5592 0
      vertex 65.1964 61.8838 0
      vertex 65.887 62.8343 0
    endloop
  endfacet
  facet normal -0 0 -1
    outer loop
      vertex 65.887 62.8343 0
      vertex 65.1964 61.8838 0
      vertex 65.5258 63.0557 0
    endloop
  endfacet
  facet normal 0 0 -1
    outer loop
      vertex 65.0012 61.9832 0
      vertex 65.5258 63.0557 0
      vertex 65.1964 61.8838 0
    endloop
  endfacet
  facet normal 0 0 -1
    outer loop
      vertex 64.7712 62.1004 0
      vertex 65.5258 63.0557 0
      vertex 65.0012 61.9832 0
    endloop
  endfacet
  facet normal -0 0 -1
    outer loop
      vertex 65.5258 63.0557 0
      vertex 64.7712 62.1004 0
      vertex 65.1343 63.2179 0
    endloop
  endfacet
  facet normal 0 0 -1
    outer loop
      vertex 64.7712 62.1004 0
      vertex 64.7224 63.3168 0
      vertex 65.1343 63.2179 0
    endloop
  endfacet
  facet normal 0 0 -1
    outer loop
      vertex 64.5163 62.1407 0
      vertex 64.7224 63.3168 0
      vertex 64.7712 62.1004 0
    endloop
  endfacet
  facet normal 0 0 -1
    outer loop
      vertex 64.3 62.175 0
      vertex 64.7224 63.3168 0
      vertex 64.5163 62.1407 0
    endloop
  endfacet
  facet normal 0 0 -1
    outer loop
      vertex 64.3 62.175 0
      vertex 64.3 63.35 0
      vertex 64.7224 63.3168 0
    endloop
  endfacet
  facet normal 0 0 -1
    outer loop
      vertex 64.0704 63.3319 0
      vertex 64.3 62.175 0
      vertex 64.0837 62.1407 0
    endloop
  endfacet
  facet normal 0 0 -1
    outer loop
      vertex 64.3 62.175 0
      vertex 64.0704 63.3319 0
      vertex 64.3 63.35 0
    endloop
  endfacet
  facet normal 0 0 -1
    outer loop
      vertex 63.8288 62.1004 0
      vertex 64.0704 63.3319 0
      vertex 64.0837 62.1407 0
    endloop
  endfacet
  facet normal -0 0 -1
    outer loop
      vertex 64.0704 63.3319 0
      vertex 63.8288 62.1004 0
      vertex 64 63.4 0
    endloop
  endfacet
  facet normal 0 0 -1
    outer loop
      vertex 63.5988 61.9832 0
      vertex 64 63.4 0
      vertex 63.8288 62.1004 0
    endloop
  endfacet
  facet normal 0 0 -1
    outer loop
      vertex 63.4036 61.8838 0
      vertex 64 63.4 0
      vertex 63.5988 61.9832 0
    endloop
  endfacet
  facet normal 0 0 -1
    outer loop
      vertex 63.0662 61.5464 0
      vertex 64 63.4 0
      vertex 63.4036 61.8838 0
    endloop
  endfacet
  facet normal 0 0 -1
    outer loop
      vertex 60 60.5 0
      vertex 63.0662 61.5464 0
      vertex 62.9668 61.3512 0
    endloop
  endfacet
  facet normal 0 0 -1
    outer loop
      vertex 60 60.5 0
      vertex 62.9668 61.3512 0
      vertex 62.8496 61.1213 0
    endloop
  endfacet
  facet normal 0 0 -1
    outer loop
      vertex 63.0662 59.7536 0
      vertex 60 60.5 0
      vertex 62.9491 59.9836 0
    endloop
  endfacet
  facet normal 0 0 -1
    outer loop
      vertex 63.725 49.65 0
      vertex 62 53.5 0
      vertex 63.6336 59.2991 0
    endloop
  endfacet
  facet normal 0 0 -1
    outer loop
      vertex 62.9491 59.9836 0
      vertex 60 60.5 0
      vertex 62.8496 60.1787 0
    endloop
  endfacet
  facet normal 0 0 -1
    outer loop
      vertex 62.8496 60.1787 0
      vertex 60 60.5 0
      vertex 62.8093 60.4337 0
    endloop
  endfacet
  facet normal 0 0 -1
    outer loop
      vertex 62.8093 60.4337 0
      vertex 60 60.5 0
      vertex 62.775 60.65 0
    endloop
  endfacet
  facet normal -0 0 -1
    outer loop
      vertex 62.775 60.65 0
      vertex 60 60.5 0
      vertex 62.8093 60.8663 0
    endloop
  endfacet
  facet normal -0 0 -1
    outer loop
      vertex 62.8093 60.8663 0
      vertex 60 60.5 0
      vertex 62.8496 61.1213 0
    endloop
  endfacet
  facet normal -0 0 -1
    outer loop
      vertex 63.0662 61.5464 0
      vertex 60 60.5 0
      vertex 64 63.4 0
    endloop
  endfacet
  facet normal 0 0 -1
    outer loop
      vertex 58.5 60.5 0
      vertex 64 63.4 0
      vertex 60 60.5 0
    endloop
  endfacet
  facet normal 0 0 -1
    outer loop
      vertex 57 58.5 0
      vertex 58.5 60.5 0
      vertex 57 57 0
    endloop
  endfacet
  facet normal 0 0 -1
    outer loop
      vertex 51.5 58.5 0
      vertex 58.5 60.5 0
      vertex 57 58.5 0
    endloop
  endfacet
  facet normal 0 0 -1
    outer loop
      vertex 50 60.5 0
      vertex 58.5 60.5 0
      vertex 51.5 58.5 0
    endloop
  endfacet
  facet normal 0 0 -1
    outer loop
      vertex 50 60.5 0
      vertex 51.5 58.5 0
      vertex 50 55 0
    endloop
  endfacet
  facet normal 0 0 -1
    outer loop
      vertex 58.5 60.5 0
      vertex 50 60.5 0
      vertex 64 63.4 0
    endloop
  endfacet
  facet normal 0 0 -1
    outer loop
      vertex 48.5 60.5 0
      vertex 64 63.4 0
      vertex 50 60.5 0
    endloop
  endfacet
  facet normal 0 0 -1
    outer loop
      vertex 47 58.5 0
      vertex 48.5 60.5 0
      vertex 47 57 0
    endloop
  endfacet
  facet normal 0 0 -1
    outer loop
      vertex 41.5 58.5 0
      vertex 48.5 60.5 0
      vertex 47 58.5 0
    endloop
  endfacet
  facet normal 0 0 -1
    outer loop
      vertex 40 60.5 0
      vertex 41.5 58.5 0
      vertex 40 55 0
    endloop
  endfacet
  facet normal 0 0 -1
    outer loop
      vertex 40 60.5 0
      vertex 48.5 60.5 0
      vertex 41.5 58.5 0
    endloop
  endfacet
  facet normal 0 0 -1
    outer loop
      vertex 40 60.5 0
      vertex 64 63.4 0
      vertex 48.5 60.5 0
    endloop
  endfacet
  facet normal 0 0 -1
    outer loop
      vertex 38.5 60.5 0
      vertex 64 63.4 0
      vertex 40 60.5 0
    endloop
  endfacet
  facet normal 0 0 -1
    outer loop
      vertex 37 58.5 0
      vertex 38.5 60.5 0
      vertex 37 57 0
    endloop
  endfacet
  facet normal 0 0 -1
    outer loop
      vertex 31.5 58.5 0
      vertex 38.5 60.5 0
      vertex 37 58.5 0
    endloop
  endfacet
  facet normal 0 0 -1
    outer loop
      vertex 30 60.5 0
      vertex 31.5 58.5 0
      vertex 30 55 0
    endloop
  endfacet
  facet normal 0 0 -1
    outer loop
      vertex 30 60.5 0
      vertex 38.5 60.5 0
      vertex 31.5 58.5 0
    endloop
  endfacet
  facet normal 0 0 -1
    outer loop
      vertex 11.0001 63.4 0
      vertex 38.5 60.5 0
      vertex 30 60.5 0
    endloop
  endfacet
  facet normal 0 0 -1
    outer loop
      vertex 11.0001 63.4 0
      vertex 30 60.5 0
      vertex 28.5 60.5 0
    endloop
  endfacet
  facet normal 0 0 -1
    outer loop
      vertex 27 58.5 0
      vertex 28.5 60.5 0
      vertex 27 57 0
    endloop
  endfacet
  facet normal 0 0 -1
    outer loop
      vertex 21.5 58.5 0
      vertex 28.5 60.5 0
      vertex 27 58.5 0
    endloop
  endfacet
  facet normal 0 0 -1
    outer loop
      vertex 20 60.5 0
      vertex 21.5 58.5 0
      vertex 20 55 0
    endloop
  endfacet
  facet normal 0 0 -1
    outer loop
      vertex 20 60.5 0
      vertex 28.5 60.5 0
      vertex 21.5 58.5 0
    endloop
  endfacet
  facet normal 0 0 -1
    outer loop
      vertex 11.0001 63.4 0
      vertex 28.5 60.5 0
      vertex 20 60.5 0
    endloop
  endfacet
  facet normal 0 0 -1
    outer loop
      vertex 11.0001 63.4 0
      vertex 20 60.5 0
      vertex 18.5 60.5 0
    endloop
  endfacet
  facet normal 0 0 -1
    outer loop
      vertex 17 58.5 0
      vertex 18.5 60.5 0
      vertex 17 57 0
    endloop
  endfacet
  facet normal 0 0 -1
    outer loop
      vertex 11.0001 63.4 0
      vertex 17 58.5 0
      vertex 11.5 58.5 0
    endloop
  endfacet
  facet normal 0 0 -1
    outer loop
      vertex 38.5 60.5 0
      vertex 11.0001 63.4 0
      vertex 64 63.4 0
    endloop
  endfacet
  facet normal 0 0 -1
    outer loop
      vertex 17 58.5 0
      vertex 11.0001 63.4 0
      vertex 18.5 60.5 0
    endloop
  endfacet
  facet normal -0.852642 0.522496 0
    outer loop
      vertex 6.36677 60.5607 0
      vertex 6.79311 61.2565 1
      vertex 6.79311 61.2565 0
    endloop
  endfacet
  facet normal -0.852642 0.522496 0
    outer loop
      vertex 6.79311 61.2565 1
      vertex 6.36677 60.5607 0
      vertex 6.36677 60.5607 1
    endloop
  endfacet
  facet normal -0.104685 0.994505 0
    outer loop
      vertex 11 63.4 0
      vertex 10.9999 63.4 1
      vertex 11 63.4 1
    endloop
  endfacet
  facet normal -0.104685 0.994505 0
    outer loop
      vertex 10.9999 63.4 1
      vertex 11 63.4 0
      vertex 10.9999 63.4 0
    endloop
  endfacet
  facet normal -0.0784513 0.996918 0
    outer loop
      vertex 10.4632 63.3578 0
      vertex 10.1865 63.336 1
      vertex 10.4632 63.3578 1
    endloop
  endfacet
  facet normal -0.0784513 0.996918 0
    outer loop
      vertex 10.1865 63.336 1
      vertex 10.4632 63.3578 0
      vertex 10.1865 63.336 0
    endloop
  endfacet
  facet normal -0.996917 -0.0784593 0
    outer loop
      vertex 5.80393 58.15 0
      vertex 5.8 58.2 1
      vertex 5.8 58.2 0
    endloop
  endfacet
  facet normal -0.996917 -0.0784593 0
    outer loop
      vertex 5.8 58.2 1
      vertex 5.80393 58.15 0
      vertex 5.80393 58.15 1
    endloop
  endfacet
  facet normal 0.444583 -0.895738 0
    outer loop
      vertex 53.0057 11.0954 0
      vertex 53.0281 11.1065 1
      vertex 53.0057 11.0954 1
    endloop
  endfacet
  facet normal 0.444583 -0.895738 0
    outer loop
      vertex 53.0281 11.1065 1
      vertex 53.0057 11.0954 0
      vertex 53.0281 11.1065 0
    endloop
  endfacet
  facet normal 0.444573 -0.895743 0
    outer loop
      vertex 61.3674 15.2453 0
      vertex 61.3837 15.2534 1
      vertex 61.3674 15.2453 1
    endloop
  endfacet
  facet normal 0.444573 -0.895743 0
    outer loop
      vertex 61.3837 15.2534 1
      vertex 61.3674 15.2453 0
      vertex 61.3837 15.2534 0
    endloop
  endfacet
  facet normal -0.0994983 -0.995038 0
    outer loop
      vertex 65.4312 16.7069 0
      vertex 65.5 16.7 1
      vertex 65.4312 16.7069 1
    endloop
  endfacet
  facet normal -0.0994983 -0.995038 -0
    outer loop
      vertex 65.5 16.7 1
      vertex 65.4312 16.7069 0
      vertex 65.5 16.7 0
    endloop
  endfacet
  facet normal 0.946583 -0.322462 0
    outer loop
      vertex 65.5 16.7 1
      vertex 68.3864 25.1729 0
      vertex 68.3864 25.1729 1
    endloop
  endfacet
  facet normal 0.946583 -0.322462 0
    outer loop
      vertex 68.3864 25.1729 0
      vertex 65.5 16.7 1
      vertex 65.5 16.7 0
    endloop
  endfacet
  facet normal 0.980581 -0.196116 0
    outer loop
      vertex 68.6579 26.0897 1
      vertex 68.7 26.3 0
      vertex 68.7 26.3 1
    endloop
  endfacet
  facet normal 0.980581 -0.196116 0
    outer loop
      vertex 68.7 26.3 0
      vertex 68.6579 26.0897 1
      vertex 68.6579 26.0897 0
    endloop
  endfacet
  facet normal 0.999599 -0.0283282 0
    outer loop
      vertex 68.7 26.3 1
      vertex 69.0444 38.4512 0
      vertex 69.0444 38.4512 1
    endloop
  endfacet
  facet normal 0.999599 -0.0283282 0
    outer loop
      vertex 69.0444 38.4512 0
      vertex 68.7 26.3 1
      vertex 68.7 26.3 0
    endloop
  endfacet
  facet normal 0.994457 0.10514 0
    outer loop
      vertex 68.9924 39.1943 1
      vertex 67.85 50 0
      vertex 67.85 50 1
    endloop
  endfacet
  facet normal 0.994457 0.10514 0
    outer loop
      vertex 67.85 50 0
      vertex 68.9924 39.1943 1
      vertex 68.9924 39.1943 0
    endloop
  endfacet
  facet normal 0.996739 0.0806876 0
    outer loop
      vertex 67.85 50 1
      vertex 67 60.5 0
      vertex 67 60.5 1
    endloop
  endfacet
  facet normal 0.996739 0.0806876 0
    outer loop
      vertex 67 60.5 0
      vertex 67.85 50 1
      vertex 67.85 50 0
    endloop
  endfacet
  facet normal 0.695007 0.719003 -0
    outer loop
      vertex 64.0704 63.3319 0
      vertex 64 63.4 1
      vertex 64.0704 63.3319 1
    endloop
  endfacet
  facet normal 0.695007 0.719003 0
    outer loop
      vertex 64 63.4 1
      vertex 64.0704 63.3319 0
      vertex 64 63.4 0
    endloop
  endfacet
  facet normal 0.695005 0.719005 -0
    outer loop
      vertex 67 60.5 0
      vertex 66.989 60.5106 1
      vertex 67 60.5 1
    endloop
  endfacet
  facet normal 0.695005 0.719005 0
    outer loop
      vertex 66.989 60.5106 1
      vertex 67 60.5 0
      vertex 66.989 60.5106 0
    endloop
  endfacet
  facet normal 0 1 -0
    outer loop
      vertex 10.9999 63.4 0
      vertex 10.5 63.4 1
      vertex 10.9999 63.4 1
    endloop
  endfacet
  facet normal 0 1 0
    outer loop
      vertex 10.5 63.4 1
      vertex 10.9999 63.4 0
      vertex 10.5 63.4 0
    endloop
  endfacet
  facet normal 0 1 -0
    outer loop
      vertex 64 63.4 0
      vertex 11.0001 63.4 1
      vertex 64 63.4 1
    endloop
  endfacet
  facet normal 0 1 0
    outer loop
      vertex 11.0001 63.4 1
      vertex 64 63.4 0
      vertex 11.0001 63.4 0
    endloop
  endfacet
  facet normal -0.754317 0.65651 0
    outer loop
      vertex 10.4632 63.3578 0
      vertex 10.5 63.4 1
      vertex 10.5 63.4 0
    endloop
  endfacet
  facet normal -0.754317 0.65651 0
    outer loop
      vertex 10.5 63.4 1
      vertex 10.4632 63.3578 0
      vertex 10.4632 63.3578 1
    endloop
  endfacet
  facet normal -0.754291 0.65654 0
    outer loop
      vertex 5.79999 58 0
      vertex 5.80722 58.0083 1
      vertex 5.80722 58.0083 0
    endloop
  endfacet
  facet normal -0.754291 0.65654 0
    outer loop
      vertex 5.80722 58.0083 1
      vertex 5.79999 58 0
      vertex 5.79999 58 1
    endloop
  endfacet
  facet normal -0.994183 0.107702 0
    outer loop
      vertex 4.5 46 0
      vertex 5.79999 58 1
      vertex 5.79999 58 0
    endloop
  endfacet
  facet normal -0.994183 0.107702 0
    outer loop
      vertex 5.79999 58 1
      vertex 4.5 46 0
      vertex 4.5 46 1
    endloop
  endfacet
  facet normal -0.999783 0.0208487 0
    outer loop
      vertex 4.48213 45.143 0
      vertex 4.5 46 1
      vertex 4.5 46 0
    endloop
  endfacet
  facet normal -0.999783 0.0208487 0
    outer loop
      vertex 4.5 46 1
      vertex 4.48213 45.143 0
      vertex 4.48213 45.143 1
    endloop
  endfacet
  facet normal -0.997218 -0.0745386 0
    outer loop
      vertex 4.79999 15 0
      vertex 4.13104 23.9496 1
      vertex 4.13104 23.9496 0
    endloop
  endfacet
  facet normal -0.997218 -0.0745386 0
    outer loop
      vertex 4.13104 23.9496 1
      vertex 4.79999 15 0
      vertex 4.79999 15 1
    endloop
  endfacet
  facet normal -0.997218 -0.0745349 0
    outer loop
      vertex 4.06854 24.7856 0
      vertex 4.06393 24.8474 1
      vertex 4.06393 24.8474 0
    endloop
  endfacet
  facet normal -0.997218 -0.0745349 0
    outer loop
      vertex 4.06393 24.8474 1
      vertex 4.06854 24.7856 0
      vertex 4.06854 24.7856 1
    endloop
  endfacet
  facet normal -0.928472 -0.371402 0
    outer loop
      vertex 4.8294 14.9265 0
      vertex 4.79999 15 1
      vertex 4.79999 15 0
    endloop
  endfacet
  facet normal -0.928472 -0.371402 0
    outer loop
      vertex 4.79999 15 1
      vertex 4.8294 14.9265 0
      vertex 4.8294 14.9265 1
    endloop
  endfacet
  facet normal -0.926736 -0.375714 0
    outer loop
      vertex 8.2 6.59999 0
      vertex 8.1869 6.63228 1
      vertex 8.1869 6.63228 0
    endloop
  endfacet
  facet normal -0.926736 -0.375714 0
    outer loop
      vertex 8.1869 6.63228 1
      vertex 8.2 6.59999 0
      vertex 8.2 6.59999 1
    endloop
  endfacet
  facet normal -0.926739 -0.375705 0
    outer loop
      vertex 7.94613 7.2262 0
      vertex 5.28465 13.7912 1
      vertex 5.28465 13.7912 0
    endloop
  endfacet
  facet normal -0.926739 -0.375705 0
    outer loop
      vertex 5.28465 13.7912 1
      vertex 7.94613 7.2262 0
      vertex 7.94613 7.2262 1
    endloop
  endfacet
  facet normal -0.254502 -0.967072 0
    outer loop
      vertex 8.2 6.59999 0
      vertex 8.20798 6.59789 1
      vertex 8.2 6.59999 1
    endloop
  endfacet
  facet normal -0.254502 -0.967072 -0
    outer loop
      vertex 8.20798 6.59789 1
      vertex 8.2 6.59999 0
      vertex 8.20798 6.59789 0
    endloop
  endfacet
  facet normal -0.254496 -0.967074 0
    outer loop
      vertex 11.7604 5.66305 0
      vertex 11.7902 5.65521 1
      vertex 11.7604 5.66305 1
    endloop
  endfacet
  facet normal -0.254496 -0.967074 -0
    outer loop
      vertex 11.7902 5.65521 1
      vertex 11.7604 5.66305 0
      vertex 11.7902 5.65521 0
    endloop
  endfacet
  facet normal -0.11355 -0.993532 0
    outer loop
      vertex 20.0318 2.93922 0
      vertex 20.1089 2.93041 1
      vertex 20.0318 2.93922 1
    endloop
  endfacet
  facet normal -0.11355 -0.993532 -0
    outer loop
      vertex 20.1089 2.93041 1
      vertex 20.0318 2.93922 0
      vertex 20.1089 2.93041 0
    endloop
  endfacet
  facet normal 0.0890575 -0.996026 0
    outer loop
      vertex 24.6406 2.7467 0
      vertex 24.6814 2.75034 1
      vertex 24.6406 2.7467 1
    endloop
  endfacet
  facet normal 0.0890575 -0.996026 0
    outer loop
      vertex 24.6814 2.75034 1
      vertex 24.6406 2.7467 0
      vertex 24.6814 2.75034 0
    endloop
  endfacet
  facet normal -0.996917 0.0784653 0
    outer loop
      vertex 5.8 58.1 0
      vertex 5.80393 58.15 1
      vertex 5.80393 58.15 0
    endloop
  endfacet
  facet normal -0.996917 0.0784653 0
    outer loop
      vertex 5.80393 58.15 1
      vertex 5.8 58.1 0
      vertex 5.8 58.1 1
    endloop
  endfacet
  facet normal -0.996917 -0.0784641 0
    outer loop
      vertex 5.80722 58.0083 0
      vertex 5.8 58.1 1
      vertex 5.8 58.1 0
    endloop
  endfacet
  facet normal -0.996917 -0.0784641 0
    outer loop
      vertex 5.8 58.1 1
      vertex 5.80722 58.0083 0
      vertex 5.80722 58.0083 1
    endloop
  endfacet
  facet normal -0.996917 0.0784601 0
    outer loop
      vertex 4.05 24.55 0
      vertex 4.06854 24.7856 1
      vertex 4.06854 24.7856 0
    endloop
  endfacet
  facet normal -0.996917 0.0784601 0
    outer loop
      vertex 4.06854 24.7856 1
      vertex 4.05 24.55 0
      vertex 4.05 24.55 1
    endloop
  endfacet
  facet normal -0.996917 -0.0784608 0
    outer loop
      vertex 4.08078 24.1589 0
      vertex 4.05 24.55 1
      vertex 4.05 24.55 0
    endloop
  endfacet
  facet normal -0.996917 -0.0784608 0
    outer loop
      vertex 4.05 24.55 1
      vertex 4.08078 24.1589 0
      vertex 4.08078 24.1589 1
    endloop
  endfacet
  facet normal -0.97237 -0.233447 0
    outer loop
      vertex 4.13104 23.9496 0
      vertex 4.08078 24.1589 1
      vertex 4.08078 24.1589 0
    endloop
  endfacet
  facet normal -0.97237 -0.233447 0
    outer loop
      vertex 4.08078 24.1589 1
      vertex 4.13104 23.9496 0
      vertex 4.13104 23.9496 1
    endloop
  endfacet
  facet normal -0.92388 -0.382683 0
    outer loop
      vertex 5.08338 14.1196 0
      vertex 4.92725 14.4966 1
      vertex 4.92725 14.4966 0
    endloop
  endfacet
  facet normal -0.92388 -0.382683 0
    outer loop
      vertex 4.92725 14.4966 1
      vertex 5.08338 14.1196 0
      vertex 5.08338 14.1196 1
    endloop
  endfacet
  facet normal -0.85264 -0.522499 0
    outer loop
      vertex 5.28465 13.7912 0
      vertex 5.08338 14.1196 1
      vertex 5.08338 14.1196 0
    endloop
  endfacet
  facet normal -0.85264 -0.522499 0
    outer loop
      vertex 5.08338 14.1196 1
      vertex 5.28465 13.7912 0
      vertex 5.28465 13.7912 1
    endloop
  endfacet
  facet normal -0.97237 -0.233445 0
    outer loop
      vertex 4.92725 14.4966 0
      vertex 4.83201 14.8933 1
      vertex 4.83201 14.8933 0
    endloop
  endfacet
  facet normal -0.97237 -0.233445 0
    outer loop
      vertex 4.83201 14.8933 1
      vertex 4.92725 14.4966 0
      vertex 4.92725 14.4966 1
    endloop
  endfacet
  facet normal -0.996918 -0.0784532 0
    outer loop
      vertex 4.83201 14.8933 0
      vertex 4.8294 14.9265 1
      vertex 4.8294 14.9265 0
    endloop
  endfacet
  facet normal -0.996918 -0.0784532 0
    outer loop
      vertex 4.8294 14.9265 1
      vertex 4.83201 14.8933 0
      vertex 4.83201 14.8933 1
    endloop
  endfacet
  facet normal -0.0784608 -0.996917 0
    outer loop
      vertex 10.0433 5.33201 0
      vertex 10.45 5.3 1
      vertex 10.0433 5.33201 1
    endloop
  endfacet
  facet normal -0.0784608 -0.996917 -0
    outer loop
      vertex 10.45 5.3 1
      vertex 10.0433 5.33201 0
      vertex 10.45 5.3 0
    endloop
  endfacet
  facet normal -0.649447 -0.760407 0
    outer loop
      vertex 8.61152 6.06152 0
      vertex 8.92176 5.79656 1
      vertex 8.61152 6.06152 1
    endloop
  endfacet
  facet normal -0.649447 -0.760407 -0
    outer loop
      vertex 8.92176 5.79656 1
      vertex 8.61152 6.06152 0
      vertex 8.92176 5.79656 0
    endloop
  endfacet
  facet normal -0.382683 -0.92388 0
    outer loop
      vertex 9.26962 5.58338 0
      vertex 9.64655 5.42725 1
      vertex 9.26962 5.58338 1
    endloop
  endfacet
  facet normal -0.382683 -0.92388 -0
    outer loop
      vertex 9.64655 5.42725 1
      vertex 9.26962 5.58338 0
      vertex 9.64655 5.42725 0
    endloop
  endfacet
  facet normal -0.85264 -0.522498 0
    outer loop
      vertex 8.34656 6.37176 0
      vertex 8.20798 6.59789 1
      vertex 8.20798 6.59789 0
    endloop
  endfacet
  facet normal -0.85264 -0.522498 0
    outer loop
      vertex 8.20798 6.59789 1
      vertex 8.34656 6.37176 0
      vertex 8.34656 6.37176 1
    endloop
  endfacet
  facet normal -0.852642 -0.522496 0
    outer loop
      vertex 8.1869 6.63228 0
      vertex 8.13338 6.71962 1
      vertex 8.13338 6.71962 0
    endloop
  endfacet
  facet normal -0.852642 -0.522496 0
    outer loop
      vertex 8.13338 6.71962 1
      vertex 8.1869 6.63228 0
      vertex 8.1869 6.63228 1
    endloop
  endfacet
  facet normal 0.0784608 -0.996917 0
    outer loop
      vertex 10.45 5.3 0
      vertex 10.8567 5.33201 1
      vertex 10.45 5.3 1
    endloop
  endfacet
  facet normal 0.0784608 -0.996917 0
    outer loop
      vertex 10.8567 5.33201 1
      vertex 10.45 5.3 0
      vertex 10.8567 5.33201 0
    endloop
  endfacet
  facet normal 0.522499 -0.85264 0
    outer loop
      vertex 11.6587 5.60076 0
      vertex 11.7604 5.66305 1
      vertex 11.6587 5.60076 1
    endloop
  endfacet
  facet normal 0.522499 -0.85264 0
    outer loop
      vertex 11.7604 5.66305 1
      vertex 11.6587 5.60076 0
      vertex 11.7604 5.66305 0
    endloop
  endfacet
  facet normal -0.522499 -0.85264 0
    outer loop
      vertex 8.92176 5.79656 0
      vertex 9.26962 5.58338 1
      vertex 8.92176 5.79656 1
    endloop
  endfacet
  facet normal -0.522499 -0.85264 -0
    outer loop
      vertex 9.26962 5.58338 1
      vertex 8.92176 5.79656 0
      vertex 9.26962 5.58338 0
    endloop
  endfacet
  facet normal -0.233444 -0.97237 0
    outer loop
      vertex 9.64655 5.42725 0
      vertex 10.0433 5.33201 1
      vertex 9.64655 5.42725 1
    endloop
  endfacet
  facet normal -0.233444 -0.97237 -0
    outer loop
      vertex 10.0433 5.33201 1
      vertex 9.64655 5.42725 0
      vertex 10.0433 5.33201 0
    endloop
  endfacet
  facet normal -0.760407 -0.649447 0
    outer loop
      vertex 8.61152 6.06152 0
      vertex 8.34656 6.37176 1
      vertex 8.34656 6.37176 0
    endloop
  endfacet
  facet normal -0.760407 -0.649447 0
    outer loop
      vertex 8.34656 6.37176 1
      vertex 8.61152 6.06152 0
      vertex 8.61152 6.06152 1
    endloop
  endfacet
  facet normal -0.972369 -0.233449 0
    outer loop
      vertex 7.97725 7.09656 0
      vertex 7.94613 7.2262 1
      vertex 7.94613 7.2262 0
    endloop
  endfacet
  facet normal -0.972369 -0.233449 0
    outer loop
      vertex 7.94613 7.2262 1
      vertex 7.97725 7.09656 0
      vertex 7.97725 7.09656 1
    endloop
  endfacet
  facet normal 0.233445 -0.97237 0
    outer loop
      vertex 10.8567 5.33201 0
      vertex 11.2211 5.41949 1
      vertex 10.8567 5.33201 1
    endloop
  endfacet
  facet normal 0.233445 -0.97237 0
    outer loop
      vertex 11.2211 5.41949 1
      vertex 10.8567 5.33201 0
      vertex 11.2211 5.41949 0
    endloop
  endfacet
  facet normal -0.92388 -0.382683 0
    outer loop
      vertex 8.13338 6.71962 0
      vertex 7.97725 7.09656 1
      vertex 7.97725 7.09656 0
    endloop
  endfacet
  facet normal -0.92388 -0.382683 0
    outer loop
      vertex 7.97725 7.09656 1
      vertex 8.13338 6.71962 0
      vertex 8.13338 6.71962 1
    endloop
  endfacet
  facet normal -0.0784606 -0.996917 0
    outer loop
      vertex 22.0233 1.53201 0
      vertex 22.43 1.5 1
      vertex 22.0233 1.53201 1
    endloop
  endfacet
  facet normal -0.0784606 -0.996917 -0
    outer loop
      vertex 22.43 1.5 1
      vertex 22.0233 1.53201 0
      vertex 22.43 1.5 0
    endloop
  endfacet
  facet normal -0.923871 -0.382703 0
    outer loop
      vertex 20.1134 2.91962 0
      vertex 20.1089 2.93041 1
      vertex 20.1089 2.93041 0
    endloop
  endfacet
  facet normal -0.923871 -0.382703 0
    outer loop
      vertex 20.1089 2.93041 1
      vertex 20.1134 2.91962 0
      vertex 20.1134 2.91962 1
    endloop
  endfacet
  facet normal 0.522499 -0.85264 0
    outer loop
      vertex 23.6104 1.78338 0
      vertex 23.9582 1.99656 1
      vertex 23.6104 1.78338 1
    endloop
  endfacet
  facet normal 0.522499 -0.85264 0
    outer loop
      vertex 23.9582 1.99656 1
      vertex 23.6104 1.78338 0
      vertex 23.9582 1.99656 0
    endloop
  endfacet
  facet normal -0.649449 -0.760405 0
    outer loop
      vertex 20.5915 2.26152 0
      vertex 20.9018 1.99656 1
      vertex 20.5915 2.26152 1
    endloop
  endfacet
  facet normal -0.649449 -0.760405 -0
    outer loop
      vertex 20.9018 1.99656 1
      vertex 20.5915 2.26152 0
      vertex 20.9018 1.99656 0
    endloop
  endfacet
  facet normal -0.382682 -0.92388 0
    outer loop
      vertex 21.2496 1.78338 0
      vertex 21.6266 1.62725 1
      vertex 21.2496 1.78338 1
    endloop
  endfacet
  facet normal -0.382682 -0.92388 -0
    outer loop
      vertex 21.6266 1.62725 1
      vertex 21.2496 1.78338 0
      vertex 21.6266 1.62725 0
    endloop
  endfacet
  facet normal -0.85264 -0.522499 0
    outer loop
      vertex 20.3266 2.57176 0
      vertex 20.1134 2.91962 1
      vertex 20.1134 2.91962 0
    endloop
  endfacet
  facet normal -0.85264 -0.522499 0
    outer loop
      vertex 20.1134 2.91962 1
      vertex 20.3266 2.57176 0
      vertex 20.3266 2.57176 1
    endloop
  endfacet
  facet normal 0.078461 -0.996917 0
    outer loop
      vertex 22.43 1.5 0
      vertex 22.8367 1.53201 1
      vertex 22.43 1.5 1
    endloop
  endfacet
  facet normal 0.078461 -0.996917 0
    outer loop
      vertex 22.8367 1.53201 1
      vertex 22.43 1.5 0
      vertex 22.8367 1.53201 0
    endloop
  endfacet
  facet normal 0.382684 -0.923879 0
    outer loop
      vertex 23.2334 1.62725 0
      vertex 23.6104 1.78338 1
      vertex 23.2334 1.62725 1
    endloop
  endfacet
  facet normal 0.382684 -0.923879 0
    outer loop
      vertex 23.6104 1.78338 1
      vertex 23.2334 1.62725 0
      vertex 23.6104 1.78338 0
    endloop
  endfacet
  facet normal 0.649446 -0.760407 0
    outer loop
      vertex 23.9582 1.99656 0
      vertex 24.2685 2.26152 1
      vertex 23.9582 1.99656 1
    endloop
  endfacet
  facet normal 0.649446 -0.760407 0
    outer loop
      vertex 24.2685 2.26152 1
      vertex 23.9582 1.99656 0
      vertex 24.2685 2.26152 0
    endloop
  endfacet
  facet normal 0.760408 -0.649446 0
    outer loop
      vertex 24.2685 2.26152 1
      vertex 24.5334 2.57176 0
      vertex 24.5334 2.57176 1
    endloop
  endfacet
  facet normal 0.760408 -0.649446 0
    outer loop
      vertex 24.5334 2.57176 0
      vertex 24.2685 2.26152 1
      vertex 24.2685 2.26152 0
    endloop
  endfacet
  facet normal -0.522499 -0.85264 0
    outer loop
      vertex 20.9018 1.99656 0
      vertex 21.2496 1.78338 1
      vertex 20.9018 1.99656 1
    endloop
  endfacet
  facet normal -0.522499 -0.85264 -0
    outer loop
      vertex 21.2496 1.78338 1
      vertex 20.9018 1.99656 0
      vertex 21.2496 1.78338 0
    endloop
  endfacet
  facet normal -0.233446 -0.97237 0
    outer loop
      vertex 21.6266 1.62725 0
      vertex 22.0233 1.53201 1
      vertex 21.6266 1.62725 1
    endloop
  endfacet
  facet normal -0.233446 -0.97237 -0
    outer loop
      vertex 22.0233 1.53201 1
      vertex 21.6266 1.62725 0
      vertex 22.0233 1.53201 0
    endloop
  endfacet
  facet normal -0.760405 -0.649449 0
    outer loop
      vertex 20.5915 2.26152 0
      vertex 20.3266 2.57176 1
      vertex 20.3266 2.57176 0
    endloop
  endfacet
  facet normal -0.760405 -0.649449 0
    outer loop
      vertex 20.3266 2.57176 1
      vertex 20.5915 2.26152 0
      vertex 20.5915 2.26152 1
    endloop
  endfacet
  facet normal 0.233444 -0.97237 0
    outer loop
      vertex 22.8367 1.53201 0
      vertex 23.2334 1.62725 1
      vertex 22.8367 1.53201 1
    endloop
  endfacet
  facet normal 0.233444 -0.97237 0
    outer loop
      vertex 23.2334 1.62725 1
      vertex 22.8367 1.53201 0
      vertex 23.2334 1.62725 0
    endloop
  endfacet
  facet normal 0.852642 -0.522496 0
    outer loop
      vertex 24.5334 2.57176 1
      vertex 24.6406 2.7467 0
      vertex 24.6406 2.7467 1
    endloop
  endfacet
  facet normal 0.852642 -0.522496 0
    outer loop
      vertex 24.6406 2.7467 0
      vertex 24.5334 2.57176 1
      vertex 24.5334 2.57176 0
    endloop
  endfacet
  facet normal 0.0784583 -0.996917 0
    outer loop
      vertex 36.42 2.85 0
      vertex 36.8267 2.88201 1
      vertex 36.42 2.85 1
    endloop
  endfacet
  facet normal 0.0784583 -0.996917 0
    outer loop
      vertex 36.8267 2.88201 1
      vertex 36.42 2.85 0
      vertex 36.8267 2.88201 0
    endloop
  endfacet
  facet normal 0.97237 -0.233446 0
    outer loop
      vertex 38.8927 4.64655 1
      vertex 38.9324 4.81174 0
      vertex 38.9324 4.81174 1
    endloop
  endfacet
  facet normal 0.97237 -0.233446 0
    outer loop
      vertex 38.9324 4.81174 0
      vertex 38.8927 4.64655 1
      vertex 38.8927 4.64655 0
    endloop
  endfacet
  facet normal 0.85264 -0.522499 0
    outer loop
      vertex 38.5234 3.92176 1
      vertex 38.7366 4.26962 0
      vertex 38.7366 4.26962 1
    endloop
  endfacet
  facet normal 0.85264 -0.522499 0
    outer loop
      vertex 38.7366 4.26962 0
      vertex 38.5234 3.92176 1
      vertex 38.5234 3.92176 0
    endloop
  endfacet
  facet normal 0.233448 -0.972369 0
    outer loop
      vertex 36.8267 2.88201 0
      vertex 37.2234 2.97725 1
      vertex 36.8267 2.88201 1
    endloop
  endfacet
  facet normal 0.233448 -0.972369 0
    outer loop
      vertex 37.2234 2.97725 1
      vertex 36.8267 2.88201 0
      vertex 37.2234 2.97725 0
    endloop
  endfacet
  facet normal 0.522499 -0.85264 0
    outer loop
      vertex 37.6004 3.13338 0
      vertex 37.9482 3.34656 1
      vertex 37.6004 3.13338 1
    endloop
  endfacet
  facet normal 0.522499 -0.85264 0
    outer loop
      vertex 37.9482 3.34656 1
      vertex 37.6004 3.13338 0
      vertex 37.9482 3.34656 0
    endloop
  endfacet
  facet normal 0.923881 -0.382679 0
    outer loop
      vertex 38.7366 4.26962 1
      vertex 38.8927 4.64655 0
      vertex 38.8927 4.64655 1
    endloop
  endfacet
  facet normal 0.923881 -0.382679 0
    outer loop
      vertex 38.8927 4.64655 0
      vertex 38.7366 4.26962 1
      vertex 38.7366 4.26962 0
    endloop
  endfacet
  facet normal 0.382681 -0.923881 0
    outer loop
      vertex 37.2234 2.97725 0
      vertex 37.6004 3.13338 1
      vertex 37.2234 2.97725 1
    endloop
  endfacet
  facet normal 0.382681 -0.923881 0
    outer loop
      vertex 37.6004 3.13338 1
      vertex 37.2234 2.97725 0
      vertex 37.6004 3.13338 0
    endloop
  endfacet
  facet normal 0.760403 -0.649451 0
    outer loop
      vertex 38.2585 3.61152 1
      vertex 38.5234 3.92176 0
      vertex 38.5234 3.92176 1
    endloop
  endfacet
  facet normal 0.760403 -0.649451 0
    outer loop
      vertex 38.5234 3.92176 0
      vertex 38.2585 3.61152 1
      vertex 38.2585 3.61152 0
    endloop
  endfacet
  facet normal -0.0784591 -0.996917 0
    outer loop
      vertex 36.0133 2.88201 0
      vertex 36.42 2.85 1
      vertex 36.0133 2.88201 1
    endloop
  endfacet
  facet normal -0.0784591 -0.996917 -0
    outer loop
      vertex 36.42 2.85 1
      vertex 36.0133 2.88201 0
      vertex 36.42 2.85 0
    endloop
  endfacet
  facet normal -0.382684 -0.923879 0
    outer loop
      vertex 35.2396 3.13338 0
      vertex 35.6166 2.97725 1
      vertex 35.2396 3.13338 1
    endloop
  endfacet
  facet normal -0.382684 -0.923879 -0
    outer loop
      vertex 35.6166 2.97725 1
      vertex 35.2396 3.13338 0
      vertex 35.6166 2.97725 0
    endloop
  endfacet
  facet normal -0.233446 -0.97237 0
    outer loop
      vertex 35.6166 2.97725 0
      vertex 36.0133 2.88201 1
      vertex 35.6166 2.97725 1
    endloop
  endfacet
  facet normal -0.233446 -0.97237 -0
    outer loop
      vertex 36.0133 2.88201 1
      vertex 35.6166 2.97725 0
      vertex 36.0133 2.88201 0
    endloop
  endfacet
  facet normal 0.64945 -0.760405 0
    outer loop
      vertex 37.9482 3.34656 0
      vertex 38.2585 3.61152 1
      vertex 37.9482 3.34656 1
    endloop
  endfacet
  facet normal 0.64945 -0.760405 0
    outer loop
      vertex 38.2585 3.61152 1
      vertex 37.9482 3.34656 0
      vertex 38.2585 3.61152 0
    endloop
  endfacet
  facet normal -0.522499 -0.85264 0
    outer loop
      vertex 34.8918 3.34656 0
      vertex 35.2396 3.13338 1
      vertex 34.8918 3.34656 1
    endloop
  endfacet
  facet normal -0.522499 -0.85264 -0
    outer loop
      vertex 35.2396 3.13338 1
      vertex 34.8918 3.34656 0
      vertex 35.2396 3.13338 0
    endloop
  endfacet
  facet normal -0.649456 -0.760399 0
    outer loop
      vertex 34.8227 3.40551 0
      vertex 34.8918 3.34656 1
      vertex 34.8227 3.40551 1
    endloop
  endfacet
  facet normal -0.649456 -0.760399 -0
    outer loop
      vertex 34.8918 3.34656 1
      vertex 34.8227 3.40551 0
      vertex 34.8918 3.34656 0
    endloop
  endfacet
  facet normal -0.0784606 -0.996917 0
    outer loop
      vertex 50.0033 8.58201 0
      vertex 50.41 8.55 1
      vertex 50.0033 8.58201 1
    endloop
  endfacet
  facet normal -0.0784606 -0.996917 -0
    outer loop
      vertex 50.41 8.55 1
      vertex 50.0033 8.58201 0
      vertex 50.41 8.55 0
    endloop
  endfacet
  facet normal 0.85264 -0.522498 0
    outer loop
      vertex 52.5134 9.62176 1
      vertex 52.7266 9.96962 0
      vertex 52.7266 9.96962 1
    endloop
  endfacet
  facet normal 0.85264 -0.522498 0
    outer loop
      vertex 52.7266 9.96962 0
      vertex 52.5134 9.62176 1
      vertex 52.5134 9.62176 0
    endloop
  endfacet
  facet normal 0.972371 -0.233443 0
    outer loop
      vertex 52.8827 10.3466 1
      vertex 52.978 10.7433 0
      vertex 52.978 10.7433 1
    endloop
  endfacet
  facet normal 0.972371 -0.233443 0
    outer loop
      vertex 52.978 10.7433 0
      vertex 52.8827 10.3466 1
      vertex 52.8827 10.3466 0
    endloop
  endfacet
  facet normal -0.5225 -0.852639 0
    outer loop
      vertex 49.0285 8.95662 0
      vertex 49.2296 8.83338 1
      vertex 49.0285 8.95662 1
    endloop
  endfacet
  facet normal -0.5225 -0.852639 -0
    outer loop
      vertex 49.2296 8.83338 1
      vertex 49.0285 8.95662 0
      vertex 49.2296 8.83338 0
    endloop
  endfacet
  facet normal -0.382681 -0.923881 0
    outer loop
      vertex 49.2296 8.83338 0
      vertex 49.6066 8.67725 1
      vertex 49.2296 8.83338 1
    endloop
  endfacet
  facet normal -0.382681 -0.923881 -0
    outer loop
      vertex 49.6066 8.67725 1
      vertex 49.2296 8.83338 0
      vertex 49.6066 8.67725 0
    endloop
  endfacet
  facet normal 0.996917 -0.0784577 0
    outer loop
      vertex 52.978 10.7433 1
      vertex 53.0057 11.0954 0
      vertex 53.0057 11.0954 1
    endloop
  endfacet
  facet normal 0.996917 -0.0784577 0
    outer loop
      vertex 53.0057 11.0954 0
      vertex 52.978 10.7433 1
      vertex 52.978 10.7433 0
    endloop
  endfacet
  facet normal 0.0784606 -0.996917 0
    outer loop
      vertex 50.41 8.55 0
      vertex 50.8167 8.58201 1
      vertex 50.41 8.55 1
    endloop
  endfacet
  facet normal 0.0784606 -0.996917 0
    outer loop
      vertex 50.8167 8.58201 1
      vertex 50.41 8.55 0
      vertex 50.8167 8.58201 0
    endloop
  endfacet
  facet normal 0.382684 -0.923879 0
    outer loop
      vertex 51.2134 8.67725 0
      vertex 51.5904 8.83338 1
      vertex 51.2134 8.67725 1
    endloop
  endfacet
  facet normal 0.382684 -0.923879 0
    outer loop
      vertex 51.5904 8.83338 1
      vertex 51.2134 8.67725 0
      vertex 51.5904 8.83338 0
    endloop
  endfacet
  facet normal 0.522499 -0.85264 0
    outer loop
      vertex 51.5904 8.83338 0
      vertex 51.9382 9.04656 1
      vertex 51.5904 8.83338 1
    endloop
  endfacet
  facet normal 0.522499 -0.85264 0
    outer loop
      vertex 51.9382 9.04656 1
      vertex 51.5904 8.83338 0
      vertex 51.9382 9.04656 0
    endloop
  endfacet
  facet normal 0.760408 -0.649446 0
    outer loop
      vertex 52.2485 9.31152 1
      vertex 52.5134 9.62176 0
      vertex 52.5134 9.62176 1
    endloop
  endfacet
  facet normal 0.760408 -0.649446 0
    outer loop
      vertex 52.5134 9.62176 0
      vertex 52.2485 9.31152 1
      vertex 52.2485 9.31152 0
    endloop
  endfacet
  facet normal 0.649445 -0.760409 0
    outer loop
      vertex 51.9382 9.04656 0
      vertex 52.2485 9.31152 1
      vertex 51.9382 9.04656 1
    endloop
  endfacet
  facet normal 0.649445 -0.760409 0
    outer loop
      vertex 52.2485 9.31152 1
      vertex 51.9382 9.04656 0
      vertex 52.2485 9.31152 0
    endloop
  endfacet
  facet normal 0.923878 -0.382687 0
    outer loop
      vertex 52.7266 9.96962 1
      vertex 52.8827 10.3466 0
      vertex 52.8827 10.3466 1
    endloop
  endfacet
  facet normal 0.923878 -0.382687 0
    outer loop
      vertex 52.8827 10.3466 0
      vertex 52.7266 9.96962 1
      vertex 52.7266 9.96962 0
    endloop
  endfacet
  facet normal -0.233446 -0.97237 0
    outer loop
      vertex 49.6066 8.67725 0
      vertex 50.0033 8.58201 1
      vertex 49.6066 8.67725 1
    endloop
  endfacet
  facet normal -0.233446 -0.97237 -0
    outer loop
      vertex 50.0033 8.58201 1
      vertex 49.6066 8.67725 0
      vertex 50.0033 8.58201 0
    endloop
  endfacet
  facet normal 0.233446 -0.97237 0
    outer loop
      vertex 50.8167 8.58201 0
      vertex 51.2134 8.67725 1
      vertex 50.8167 8.58201 1
    endloop
  endfacet
  facet normal 0.233446 -0.97237 0
    outer loop
      vertex 51.2134 8.67725 1
      vertex 50.8167 8.58201 0
      vertex 51.2134 8.67725 0
    endloop
  endfacet
  facet normal 0.0784583 -0.996917 0
    outer loop
      vertex 62.92 14.75 0
      vertex 63.3267 14.782 1
      vertex 62.92 14.75 1
    endloop
  endfacet
  facet normal 0.0784583 -0.996917 0
    outer loop
      vertex 63.3267 14.782 1
      vertex 62.92 14.75 0
      vertex 63.3267 14.782 0
    endloop
  endfacet
  facet normal 0.972368 -0.233453 0
    outer loop
      vertex 65.3927 16.5466 1
      vertex 65.4312 16.7069 0
      vertex 65.4312 16.7069 1
    endloop
  endfacet
  facet normal 0.972368 -0.233453 0
    outer loop
      vertex 65.4312 16.7069 0
      vertex 65.3927 16.5466 1
      vertex 65.3927 16.5466 0
    endloop
  endfacet
  facet normal 0.233446 -0.97237 0
    outer loop
      vertex 63.3267 14.782 0
      vertex 63.7234 14.8773 1
      vertex 63.3267 14.782 1
    endloop
  endfacet
  facet normal 0.233446 -0.97237 0
    outer loop
      vertex 63.7234 14.8773 1
      vertex 63.3267 14.782 0
      vertex 63.7234 14.8773 0
    endloop
  endfacet
  facet normal 0.85264 -0.522499 0
    outer loop
      vertex 65.0234 15.8218 1
      vertex 65.2366 16.1696 0
      vertex 65.2366 16.1696 1
    endloop
  endfacet
  facet normal 0.85264 -0.522499 0
    outer loop
      vertex 65.2366 16.1696 0
      vertex 65.0234 15.8218 1
      vertex 65.0234 15.8218 0
    endloop
  endfacet
  facet normal 0.522495 -0.852642 0
    outer loop
      vertex 64.1004 15.0334 0
      vertex 64.4482 15.2466 1
      vertex 64.1004 15.0334 1
    endloop
  endfacet
  facet normal 0.522495 -0.852642 0
    outer loop
      vertex 64.4482 15.2466 1
      vertex 64.1004 15.0334 0
      vertex 64.4482 15.2466 0
    endloop
  endfacet
  facet normal 0.382684 -0.923879 0
    outer loop
      vertex 63.7234 14.8773 0
      vertex 64.1004 15.0334 1
      vertex 63.7234 14.8773 1
    endloop
  endfacet
  facet normal 0.382684 -0.923879 0
    outer loop
      vertex 64.1004 15.0334 1
      vertex 63.7234 14.8773 0
      vertex 64.1004 15.0334 0
    endloop
  endfacet
  facet normal 0.923881 -0.38268 0
    outer loop
      vertex 65.2366 16.1696 1
      vertex 65.3927 16.5466 0
      vertex 65.3927 16.5466 1
    endloop
  endfacet
  facet normal 0.923881 -0.38268 0
    outer loop
      vertex 65.3927 16.5466 0
      vertex 65.2366 16.1696 1
      vertex 65.2366 16.1696 0
    endloop
  endfacet
  facet normal -0.382684 -0.923879 0
    outer loop
      vertex 61.7396 15.0334 0
      vertex 62.1166 14.8773 1
      vertex 61.7396 15.0334 1
    endloop
  endfacet
  facet normal -0.382684 -0.923879 -0
    outer loop
      vertex 62.1166 14.8773 1
      vertex 61.7396 15.0334 0
      vertex 62.1166 14.8773 0
    endloop
  endfacet
  facet normal -0.233443 -0.97237 0
    outer loop
      vertex 62.1166 14.8773 0
      vertex 62.5133 14.782 1
      vertex 62.1166 14.8773 1
    endloop
  endfacet
  facet normal -0.233443 -0.97237 -0
    outer loop
      vertex 62.5133 14.782 1
      vertex 62.1166 14.8773 0
      vertex 62.5133 14.782 0
    endloop
  endfacet
  facet normal 0.649451 -0.760403 0
    outer loop
      vertex 64.4482 15.2466 0
      vertex 64.7585 15.5115 1
      vertex 64.4482 15.2466 1
    endloop
  endfacet
  facet normal 0.649451 -0.760403 0
    outer loop
      vertex 64.7585 15.5115 1
      vertex 64.4482 15.2466 0
      vertex 64.7585 15.5115 0
    endloop
  endfacet
  facet normal -0.0784591 -0.996917 0
    outer loop
      vertex 62.5133 14.782 0
      vertex 62.92 14.75 1
      vertex 62.5133 14.782 1
    endloop
  endfacet
  facet normal -0.0784591 -0.996917 -0
    outer loop
      vertex 62.92 14.75 1
      vertex 62.5133 14.782 0
      vertex 62.92 14.75 0
    endloop
  endfacet
  facet normal -0.522499 -0.85264 0
    outer loop
      vertex 61.3918 15.2466 0
      vertex 61.7396 15.0334 1
      vertex 61.3918 15.2466 1
    endloop
  endfacet
  facet normal -0.522499 -0.85264 -0
    outer loop
      vertex 61.7396 15.0334 1
      vertex 61.3918 15.2466 0
      vertex 61.7396 15.0334 0
    endloop
  endfacet
  facet normal -0.649516 -0.760348 0
    outer loop
      vertex 61.3837 15.2534 0
      vertex 61.3918 15.2466 1
      vertex 61.3837 15.2534 1
    endloop
  endfacet
  facet normal -0.649516 -0.760348 -0
    outer loop
      vertex 61.3918 15.2466 1
      vertex 61.3837 15.2534 0
      vertex 61.3918 15.2466 0
    endloop
  endfacet
  facet normal 0.760403 -0.649451 0
    outer loop
      vertex 64.7585 15.5115 1
      vertex 65.0234 15.8218 0
      vertex 65.0234 15.8218 1
    endloop
  endfacet
  facet normal 0.760403 -0.649451 0
    outer loop
      vertex 65.0234 15.8218 0
      vertex 64.7585 15.5115 1
      vertex 64.7585 15.5115 0
    endloop
  endfacet
  facet normal 0.852738 -0.522339 0
    outer loop
      vertex 68.3864 25.1729 1
      vertex 68.3966 25.1896 0
      vertex 68.3966 25.1896 1
    endloop
  endfacet
  facet normal 0.852738 -0.522339 0
    outer loop
      vertex 68.3966 25.1896 0
      vertex 68.3864 25.1729 1
      vertex 68.3864 25.1729 0
    endloop
  endfacet
  facet normal 0.996915 -0.0784937 0
    outer loop
      vertex 68.648 25.9633 1
      vertex 68.6579 26.0897 0
      vertex 68.6579 26.0897 1
    endloop
  endfacet
  facet normal 0.996915 -0.0784937 0
    outer loop
      vertex 68.6579 26.0897 0
      vertex 68.648 25.9633 1
      vertex 68.648 25.9633 0
    endloop
  endfacet
  facet normal 0.923874 -0.382696 0
    outer loop
      vertex 68.3966 25.1896 1
      vertex 68.5527 25.5666 0
      vertex 68.5527 25.5666 1
    endloop
  endfacet
  facet normal 0.923874 -0.382696 0
    outer loop
      vertex 68.5527 25.5666 0
      vertex 68.3966 25.1896 1
      vertex 68.3966 25.1896 0
    endloop
  endfacet
  facet normal 0.972373 -0.233433 0
    outer loop
      vertex 68.5527 25.5666 1
      vertex 68.648 25.9633 0
      vertex 68.648 25.9633 1
    endloop
  endfacet
  facet normal 0.972373 -0.233433 0
    outer loop
      vertex 68.648 25.9633 0
      vertex 68.5527 25.5666 1
      vertex 68.5527 25.5666 0
    endloop
  endfacet
  facet normal 0.996918 0.0784543 0
    outer loop
      vertex 69.06 38.65 1
      vertex 69.0292 39.0411 0
      vertex 69.0292 39.0411 1
    endloop
  endfacet
  facet normal 0.996918 0.0784543 0
    outer loop
      vertex 69.0292 39.0411 0
      vertex 69.06 38.65 1
      vertex 69.06 38.65 0
    endloop
  endfacet
  facet normal 0.972365 0.233466 0
    outer loop
      vertex 69.0292 39.0411 1
      vertex 68.9924 39.1943 0
      vertex 68.9924 39.1943 1
    endloop
  endfacet
  facet normal 0.972365 0.233466 0
    outer loop
      vertex 68.9924 39.1943 0
      vertex 69.0292 39.0411 1
      vertex 69.0292 39.0411 0
    endloop
  endfacet
  facet normal 0.996919 -0.0784328 0
    outer loop
      vertex 69.0444 38.4512 1
      vertex 69.06 38.65 0
      vertex 69.06 38.65 1
    endloop
  endfacet
  facet normal 0.996919 -0.0784328 0
    outer loop
      vertex 69.06 38.65 0
      vertex 69.0444 38.4512 1
      vertex 69.0444 38.4512 0
    endloop
  endfacet
  facet normal 0.996917 0.078459 0
    outer loop
      vertex 67 60.65 1
      vertex 66.9668 61.0724 0
      vertex 66.9668 61.0724 1
    endloop
  endfacet
  facet normal 0.996917 0.078459 0
    outer loop
      vertex 66.9668 61.0724 0
      vertex 67 60.65 1
      vertex 67 60.65 0
    endloop
  endfacet
  facet normal -0.0784469 0.996918 0
    outer loop
      vertex 64.3 63.35 0
      vertex 64.0704 63.3319 1
      vertex 64.3 63.35 1
    endloop
  endfacet
  facet normal -0.0784469 0.996918 0
    outer loop
      vertex 64.0704 63.3319 1
      vertex 64.3 63.35 0
      vertex 64.0704 63.3319 0
    endloop
  endfacet
  facet normal 0.64945 0.760404 -0
    outer loop
      vertex 66.2092 62.5592 0
      vertex 65.887 62.8343 1
      vertex 66.2092 62.5592 1
    endloop
  endfacet
  facet normal 0.64945 0.760404 0
    outer loop
      vertex 65.887 62.8343 1
      vertex 66.2092 62.5592 0
      vertex 65.887 62.8343 0
    endloop
  endfacet
  facet normal 0.852636 0.522505 0
    outer loop
      vertex 66.7057 61.8758 1
      vertex 66.4843 62.237 0
      vertex 66.4843 62.237 1
    endloop
  endfacet
  facet normal 0.852636 0.522505 0
    outer loop
      vertex 66.4843 62.237 0
      vertex 66.7057 61.8758 1
      vertex 66.7057 61.8758 0
    endloop
  endfacet
  facet normal 0.972369 0.233449 0
    outer loop
      vertex 66.9668 61.0724 1
      vertex 66.8679 61.4843 0
      vertex 66.8679 61.4843 1
    endloop
  endfacet
  facet normal 0.972369 0.233449 0
    outer loop
      vertex 66.8679 61.4843 0
      vertex 66.9668 61.0724 1
      vertex 66.9668 61.0724 0
    endloop
  endfacet
  facet normal 0.760412 0.649441 0
    outer loop
      vertex 66.4843 62.237 1
      vertex 66.2092 62.5592 0
      vertex 66.2092 62.5592 1
    endloop
  endfacet
  facet normal 0.760412 0.649441 0
    outer loop
      vertex 66.2092 62.5592 0
      vertex 66.4843 62.237 1
      vertex 66.4843 62.237 0
    endloop
  endfacet
  facet normal 0.382688 0.923878 -0
    outer loop
      vertex 65.5258 63.0557 0
      vertex 65.1343 63.2179 1
      vertex 65.5258 63.0557 1
    endloop
  endfacet
  facet normal 0.382688 0.923878 0
    outer loop
      vertex 65.1343 63.2179 1
      vertex 65.5258 63.0557 0
      vertex 65.1343 63.2179 0
    endloop
  endfacet
  facet normal 0.233441 0.972371 -0
    outer loop
      vertex 65.1343 63.2179 0
      vertex 64.7224 63.3168 1
      vertex 65.1343 63.2179 1
    endloop
  endfacet
  facet normal 0.233441 0.972371 0
    outer loop
      vertex 64.7224 63.3168 1
      vertex 65.1343 63.2179 0
      vertex 64.7224 63.3168 0
    endloop
  endfacet
  facet normal 0.52249 0.852645 -0
    outer loop
      vertex 65.887 62.8343 0
      vertex 65.5258 63.0557 1
      vertex 65.887 62.8343 1
    endloop
  endfacet
  facet normal 0.52249 0.852645 0
    outer loop
      vertex 65.5258 63.0557 1
      vertex 65.887 62.8343 0
      vertex 65.5258 63.0557 0
    endloop
  endfacet
  facet normal 0.923882 0.382677 0
    outer loop
      vertex 66.8679 61.4843 1
      vertex 66.7057 61.8758 0
      vertex 66.7057 61.8758 1
    endloop
  endfacet
  facet normal 0.923882 0.382677 0
    outer loop
      vertex 66.7057 61.8758 0
      vertex 66.8679 61.4843 1
      vertex 66.8679 61.4843 0
    endloop
  endfacet
  facet normal 0.078459 0.996917 -0
    outer loop
      vertex 64.7224 63.3168 0
      vertex 64.3 63.35 1
      vertex 64.7224 63.3168 1
    endloop
  endfacet
  facet normal 0.078459 0.996917 0
    outer loop
      vertex 64.3 63.35 1
      vertex 64.7224 63.3168 0
      vertex 64.3 63.35 0
    endloop
  endfacet
  facet normal 0.996917 -0.0784613 0
    outer loop
      vertex 66.989 60.5106 1
      vertex 67 60.65 0
      vertex 67 60.65 1
    endloop
  endfacet
  facet normal 0.996917 -0.0784613 0
    outer loop
      vertex 67 60.65 0
      vertex 66.989 60.5106 1
      vertex 66.989 60.5106 0
    endloop
  endfacet
  facet normal -0.996917 -0.0784591 0
    outer loop
      vertex 6.5 35.5 0
      vertex 6.19221 39.4109 1
      vertex 6.19221 39.4109 0
    endloop
  endfacet
  facet normal -0.996917 -0.0784591 0
    outer loop
      vertex 6.19221 39.4109 1
      vertex 6.5 35.5 0
      vertex 6.5 35.5 1
    endloop
  endfacet
  facet normal -0.996917 0.0784591 0
    outer loop
      vertex 6.19221 31.5891 0
      vertex 6.5 35.5 1
      vertex 6.5 35.5 0
    endloop
  endfacet
  facet normal -0.996917 0.0784591 0
    outer loop
      vertex 6.5 35.5 1
      vertex 6.19221 31.5891 0
      vertex 6.19221 31.5891 1
    endloop
  endfacet
  facet normal -0.923879 -0.382684 0
    outer loop
      vertex 5.27641 43.2254 0
      vertex 4.48213 45.143 1
      vertex 4.48213 45.143 0
    endloop
  endfacet
  facet normal -0.923879 -0.382684 0
    outer loop
      vertex 4.48213 45.143 1
      vertex 5.27641 43.2254 0
      vertex 5.27641 43.2254 1
    endloop
  endfacet
  facet normal -0.97237 -0.233445 0
    outer loop
      vertex 6.19221 39.4109 0
      vertex 5.27641 43.2254 1
      vertex 5.27641 43.2254 0
    endloop
  endfacet
  facet normal -0.97237 -0.233445 0
    outer loop
      vertex 5.27641 43.2254 1
      vertex 6.19221 39.4109 0
      vertex 6.19221 39.4109 1
    endloop
  endfacet
  facet normal -0.92388 0.382683 0
    outer loop
      vertex 4.06393 24.8474 0
      vertex 5.27641 27.7746 1
      vertex 5.27641 27.7746 0
    endloop
  endfacet
  facet normal -0.92388 0.382683 0
    outer loop
      vertex 5.27641 27.7746 1
      vertex 4.06393 24.8474 0
      vertex 4.06393 24.8474 1
    endloop
  endfacet
  facet normal -0.97237 0.233445 0
    outer loop
      vertex 5.27641 27.7746 0
      vertex 6.19221 31.5891 1
      vertex 6.19221 31.5891 0
    endloop
  endfacet
  facet normal -0.97237 0.233445 0
    outer loop
      vertex 6.19221 31.5891 1
      vertex 5.27641 27.7746 0
      vertex 5.27641 27.7746 1
    endloop
  endfacet
  facet normal 0.0784591 -0.996917 0
    outer loop
      vertex 13.105 6.01382 0
      vertex 14.2 6.1 1
      vertex 13.105 6.01382 1
    endloop
  endfacet
  facet normal 0.0784591 -0.996917 0
    outer loop
      vertex 14.2 6.1 1
      vertex 13.105 6.01382 0
      vertex 14.2 6.1 0
    endloop
  endfacet
  facet normal -0.649448 -0.760406 0
    outer loop
      vertex 18.3145 4.76312 0
      vertex 19.1497 4.04975 1
      vertex 18.3145 4.76312 1
    endloop
  endfacet
  facet normal -0.649448 -0.760406 -0
    outer loop
      vertex 19.1497 4.04975 1
      vertex 18.3145 4.76312 0
      vertex 19.1497 4.04975 0
    endloop
  endfacet
  facet normal -0.233446 -0.97237 0
    outer loop
      vertex 15.295 6.01382 0
      vertex 16.3631 5.75739 1
      vertex 15.295 6.01382 1
    endloop
  endfacet
  facet normal -0.233446 -0.97237 -0
    outer loop
      vertex 16.3631 5.75739 1
      vertex 15.295 6.01382 0
      vertex 16.3631 5.75739 0
    endloop
  endfacet
  facet normal -0.0784591 -0.996917 0
    outer loop
      vertex 14.2 6.1 0
      vertex 15.295 6.01382 1
      vertex 14.2 6.1 1
    endloop
  endfacet
  facet normal -0.0784591 -0.996917 -0
    outer loop
      vertex 15.295 6.01382 1
      vertex 14.2 6.1 0
      vertex 15.295 6.01382 0
    endloop
  endfacet
  facet normal -0.382683 -0.92388 0
    outer loop
      vertex 16.3631 5.75739 0
      vertex 17.3779 5.33704 1
      vertex 16.3631 5.75739 1
    endloop
  endfacet
  facet normal -0.382683 -0.92388 -0
    outer loop
      vertex 17.3779 5.33704 1
      vertex 16.3631 5.75739 0
      vertex 17.3779 5.33704 0
    endloop
  endfacet
  facet normal 0.233445 -0.97237 0
    outer loop
      vertex 12.0369 5.75739 0
      vertex 13.105 6.01382 1
      vertex 12.0369 5.75739 1
    endloop
  endfacet
  facet normal 0.233445 -0.97237 0
    outer loop
      vertex 13.105 6.01382 1
      vertex 12.0369 5.75739 0
      vertex 13.105 6.01382 0
    endloop
  endfacet
  facet normal -0.760406 -0.649448 0
    outer loop
      vertex 19.8631 3.2145 0
      vertex 19.1497 4.04975 1
      vertex 19.1497 4.04975 0
    endloop
  endfacet
  facet normal -0.760406 -0.649448 0
    outer loop
      vertex 19.1497 4.04975 1
      vertex 19.8631 3.2145 0
      vertex 19.8631 3.2145 1
    endloop
  endfacet
  facet normal -0.85264 -0.522499 0
    outer loop
      vertex 20.0318 2.93922 0
      vertex 19.8631 3.2145 1
      vertex 19.8631 3.2145 0
    endloop
  endfacet
  facet normal -0.85264 -0.522499 0
    outer loop
      vertex 19.8631 3.2145 1
      vertex 20.0318 2.93922 0
      vertex 20.0318 2.93922 1
    endloop
  endfacet
  facet normal -0.522499 -0.85264 0
    outer loop
      vertex 17.3779 5.33704 0
      vertex 18.3145 4.76312 1
      vertex 17.3779 5.33704 1
    endloop
  endfacet
  facet normal -0.522499 -0.85264 -0
    outer loop
      vertex 18.3145 4.76312 1
      vertex 17.3779 5.33704 0
      vertex 18.3145 4.76312 0
    endloop
  endfacet
  facet normal 0.382684 -0.923879 0
    outer loop
      vertex 11.2211 5.41949 0
      vertex 11.6587 5.60076 1
      vertex 11.2211 5.41949 1
    endloop
  endfacet
  facet normal 0.382684 -0.923879 0
    outer loop
      vertex 11.6587 5.60076 1
      vertex 11.2211 5.41949 0
      vertex 11.6587 5.60076 0
    endloop
  endfacet
  facet normal 0.382684 -0.923879 0
    outer loop
      vertex 11.7902 5.65521 0
      vertex 12.0369 5.75739 1
      vertex 11.7902 5.65521 1
    endloop
  endfacet
  facet normal 0.382684 -0.923879 0
    outer loop
      vertex 12.0369 5.75739 1
      vertex 11.7902 5.65521 0
      vertex 12.0369 5.75739 0
    endloop
  endfacet
  facet normal -0.0784599 -0.996917 0
    outer loop
      vertex 29.95 6 0
      vertex 30.873 5.92736 1
      vertex 29.95 6 1
    endloop
  endfacet
  facet normal -0.0784599 -0.996917 -0
    outer loop
      vertex 30.873 5.92736 1
      vertex 29.95 6 0
      vertex 30.873 5.92736 0
    endloop
  endfacet
  facet normal -0.760407 -0.649447 0
    outer loop
      vertex 34.7232 3.56793 0
      vertex 34.1219 4.27193 1
      vertex 34.1219 4.27193 0
    endloop
  endfacet
  facet normal -0.760407 -0.649447 0
    outer loop
      vertex 34.1219 4.27193 1
      vertex 34.7232 3.56793 0
      vertex 34.7232 3.56793 1
    endloop
  endfacet
  facet normal 0.649447 -0.760407 0
    outer loop
      vertex 25.7781 4.27193 0
      vertex 26.4821 4.8732 1
      vertex 25.7781 4.27193 1
    endloop
  endfacet
  facet normal 0.649447 -0.760407 0
    outer loop
      vertex 26.4821 4.8732 1
      vertex 25.7781 4.27193 0
      vertex 26.4821 4.8732 0
    endloop
  endfacet
  facet normal 0.382683 -0.92388 0
    outer loop
      vertex 27.2715 5.35694 0
      vertex 28.1268 5.71123 1
      vertex 27.2715 5.35694 1
    endloop
  endfacet
  facet normal 0.382683 -0.92388 0
    outer loop
      vertex 28.1268 5.71123 1
      vertex 27.2715 5.35694 0
      vertex 28.1268 5.71123 0
    endloop
  endfacet
  facet normal -0.852632 -0.522512 0
    outer loop
      vertex 34.8227 3.40551 0
      vertex 34.7232 3.56793 1
      vertex 34.7232 3.56793 0
    endloop
  endfacet
  facet normal -0.852632 -0.522512 0
    outer loop
      vertex 34.7232 3.56793 1
      vertex 34.8227 3.40551 0
      vertex 34.8227 3.40551 1
    endloop
  endfacet
  facet normal -0.5225 -0.852639 0
    outer loop
      vertex 32.6285 5.35694 0
      vertex 33.4179 4.8732 1
      vertex 32.6285 5.35694 1
    endloop
  endfacet
  facet normal -0.5225 -0.852639 -0
    outer loop
      vertex 33.4179 4.8732 1
      vertex 32.6285 5.35694 0
      vertex 33.4179 4.8732 0
    endloop
  endfacet
  facet normal -0.382684 -0.923879 0
    outer loop
      vertex 31.7732 5.71123 0
      vertex 32.6285 5.35694 1
      vertex 31.7732 5.71123 1
    endloop
  endfacet
  facet normal -0.382684 -0.923879 -0
    outer loop
      vertex 32.6285 5.35694 1
      vertex 31.7732 5.71123 0
      vertex 32.6285 5.35694 0
    endloop
  endfacet
  facet normal -0.649447 -0.760407 0
    outer loop
      vertex 33.4179 4.8732 0
      vertex 34.1219 4.27193 1
      vertex 33.4179 4.8732 1
    endloop
  endfacet
  facet normal -0.649447 -0.760407 -0
    outer loop
      vertex 34.1219 4.27193 1
      vertex 33.4179 4.8732 0
      vertex 34.1219 4.27193 0
    endloop
  endfacet
  facet normal 0.85264 -0.522499 0
    outer loop
      vertex 24.6931 2.77854 1
      vertex 25.1768 3.56793 0
      vertex 25.1768 3.56793 1
    endloop
  endfacet
  facet normal 0.85264 -0.522499 0
    outer loop
      vertex 25.1768 3.56793 0
      vertex 24.6931 2.77854 1
      vertex 24.6931 2.77854 0
    endloop
  endfacet
  facet normal 0.760407 -0.649447 0
    outer loop
      vertex 25.1768 3.56793 1
      vertex 25.7781 4.27193 0
      vertex 25.7781 4.27193 1
    endloop
  endfacet
  facet normal 0.760407 -0.649447 0
    outer loop
      vertex 25.7781 4.27193 0
      vertex 25.1768 3.56793 1
      vertex 25.1768 3.56793 0
    endloop
  endfacet
  facet normal 0.923868 -0.38271 0
    outer loop
      vertex 24.6814 2.75034 1
      vertex 24.6931 2.77854 0
      vertex 24.6931 2.77854 1
    endloop
  endfacet
  facet normal 0.923868 -0.38271 0
    outer loop
      vertex 24.6931 2.77854 0
      vertex 24.6814 2.75034 1
      vertex 24.6814 2.75034 0
    endloop
  endfacet
  facet normal 0.522499 -0.85264 0
    outer loop
      vertex 26.4821 4.8732 0
      vertex 27.2715 5.35694 1
      vertex 26.4821 4.8732 1
    endloop
  endfacet
  facet normal 0.522499 -0.85264 0
    outer loop
      vertex 27.2715 5.35694 1
      vertex 26.4821 4.8732 0
      vertex 27.2715 5.35694 0
    endloop
  endfacet
  facet normal 0.233446 -0.97237 0
    outer loop
      vertex 28.1268 5.71123 0
      vertex 29.027 5.92736 1
      vertex 28.1268 5.71123 1
    endloop
  endfacet
  facet normal 0.233446 -0.97237 0
    outer loop
      vertex 29.027 5.92736 1
      vertex 28.1268 5.71123 0
      vertex 29.027 5.92736 0
    endloop
  endfacet
  facet normal -0.233445 -0.97237 0
    outer loop
      vertex 30.873 5.92736 0
      vertex 31.7732 5.71123 1
      vertex 30.873 5.92736 1
    endloop
  endfacet
  facet normal -0.233445 -0.97237 -0
    outer loop
      vertex 31.7732 5.71123 1
      vertex 30.873 5.92736 0
      vertex 31.7732 5.71123 0
    endloop
  endfacet
  facet normal 0.0784596 -0.996917 0
    outer loop
      vertex 29.027 5.92736 0
      vertex 29.95 6 1
      vertex 29.027 5.92736 1
    endloop
  endfacet
  facet normal 0.0784596 -0.996917 0
    outer loop
      vertex 29.95 6 1
      vertex 29.027 5.92736 0
      vertex 29.95 6 0
    endloop
  endfacet
  facet normal 0.996917 -0.0784617 0
    outer loop
      vertex 38.9324 4.81174 1
      vertex 38.9751 5.35425 0
      vertex 38.9751 5.35425 1
    endloop
  endfacet
  facet normal 0.996917 -0.0784617 0
    outer loop
      vertex 38.9751 5.35425 0
      vertex 38.9324 4.81174 1
      vertex 38.9324 4.81174 0
    endloop
  endfacet
  facet normal -0.0784598 -0.996917 0
    outer loop
      vertex 45 10.5 0
      vertex 45.9543 10.4249 1
      vertex 45 10.5 1
    endloop
  endfacet
  facet normal -0.0784598 -0.996917 -0
    outer loop
      vertex 45.9543 10.4249 1
      vertex 45 10.5 0
      vertex 45.9543 10.4249 0
    endloop
  endfacet
  facet normal 0.649449 -0.760405 0
    outer loop
      vertex 40.6866 8.71335 0
      vertex 41.4145 9.335 1
      vertex 40.6866 8.71335 1
    endloop
  endfacet
  facet normal 0.649449 -0.760405 0
    outer loop
      vertex 41.4145 9.335 1
      vertex 40.6866 8.71335 0
      vertex 41.4145 9.335 0
    endloop
  endfacet
  facet normal 0.233445 -0.97237 0
    outer loop
      vertex 43.115 10.2014 0
      vertex 44.0457 10.4249 1
      vertex 43.115 10.2014 1
    endloop
  endfacet
  facet normal 0.233445 -0.97237 0
    outer loop
      vertex 44.0457 10.4249 1
      vertex 43.115 10.2014 0
      vertex 44.0457 10.4249 0
    endloop
  endfacet
  facet normal -0.382684 -0.923879 0
    outer loop
      vertex 46.885 10.2014 0
      vertex 47.7693 9.83514 1
      vertex 46.885 10.2014 1
    endloop
  endfacet
  facet normal -0.382684 -0.923879 -0
    outer loop
      vertex 47.7693 9.83514 1
      vertex 46.885 10.2014 0
      vertex 47.7693 9.83514 0
    endloop
  endfacet
  facet normal -0.233445 -0.97237 0
    outer loop
      vertex 45.9543 10.4249 0
      vertex 46.885 10.2014 1
      vertex 45.9543 10.4249 1
    endloop
  endfacet
  facet normal -0.233445 -0.97237 -0
    outer loop
      vertex 46.885 10.2014 1
      vertex 45.9543 10.4249 0
      vertex 46.885 10.2014 0
    endloop
  endfacet
  facet normal -0.522499 -0.85264 0
    outer loop
      vertex 47.7693 9.83514 0
      vertex 48.5855 9.335 1
      vertex 47.7693 9.83514 1
    endloop
  endfacet
  facet normal -0.522499 -0.85264 -0
    outer loop
      vertex 48.5855 9.335 1
      vertex 47.7693 9.83514 0
      vertex 48.5855 9.335 0
    endloop
  endfacet
  facet normal 0.85264 -0.5225 0
    outer loop
      vertex 39.5649 7.16934 1
      vertex 40.065 7.98549 0
      vertex 40.065 7.98549 1
    endloop
  endfacet
  facet normal 0.85264 -0.5225 0
    outer loop
      vertex 40.065 7.98549 0
      vertex 39.5649 7.16934 1
      vertex 39.5649 7.16934 0
    endloop
  endfacet
  facet normal 0.760405 -0.649449 0
    outer loop
      vertex 40.065 7.98549 1
      vertex 40.6866 8.71335 0
      vertex 40.6866 8.71335 1
    endloop
  endfacet
  facet normal 0.760405 -0.649449 0
    outer loop
      vertex 40.6866 8.71335 0
      vertex 40.065 7.98549 1
      vertex 40.065 7.98549 0
    endloop
  endfacet
  facet normal 0.382684 -0.923879 0
    outer loop
      vertex 42.2307 9.83514 0
      vertex 43.115 10.2014 1
      vertex 42.2307 9.83514 1
    endloop
  endfacet
  facet normal 0.382684 -0.923879 0
    outer loop
      vertex 43.115 10.2014 1
      vertex 42.2307 9.83514 0
      vertex 43.115 10.2014 0
    endloop
  endfacet
  facet normal 0.0784598 -0.996917 0
    outer loop
      vertex 44.0457 10.4249 0
      vertex 45 10.5 1
      vertex 44.0457 10.4249 1
    endloop
  endfacet
  facet normal 0.0784598 -0.996917 0
    outer loop
      vertex 45 10.5 1
      vertex 44.0457 10.4249 0
      vertex 45 10.5 0
    endloop
  endfacet
  facet normal -0.649447 -0.760407 0
    outer loop
      vertex 48.5855 9.335 0
      vertex 49.0285 8.95662 1
      vertex 48.5855 9.335 1
    endloop
  endfacet
  facet normal -0.649447 -0.760407 -0
    outer loop
      vertex 49.0285 8.95662 1
      vertex 48.5855 9.335 0
      vertex 49.0285 8.95662 0
    endloop
  endfacet
  facet normal 0.92388 -0.382681 0
    outer loop
      vertex 39.1986 6.285 1
      vertex 39.5649 7.16934 0
      vertex 39.5649 7.16934 1
    endloop
  endfacet
  facet normal 0.92388 -0.382681 0
    outer loop
      vertex 39.5649 7.16934 0
      vertex 39.1986 6.285 1
      vertex 39.1986 6.285 0
    endloop
  endfacet
  facet normal 0.97237 -0.233445 0
    outer loop
      vertex 38.9751 5.35425 1
      vertex 39.1986 6.285 0
      vertex 39.1986 6.285 1
    endloop
  endfacet
  facet normal 0.97237 -0.233445 0
    outer loop
      vertex 39.1986 6.285 0
      vertex 38.9751 5.35425 1
      vertex 38.9751 5.35425 0
    endloop
  endfacet
  facet normal 0.522498 -0.852641 0
    outer loop
      vertex 41.4145 9.335 0
      vertex 42.2307 9.83514 1
      vertex 41.4145 9.335 1
    endloop
  endfacet
  facet normal 0.522498 -0.852641 0
    outer loop
      vertex 42.2307 9.83514 1
      vertex 41.4145 9.335 0
      vertex 42.2307 9.83514 0
    endloop
  endfacet
  facet normal 0.0784605 -0.996917 0
    outer loop
      vertex 57.5553 16.0835 0
      vertex 58.4 16.15 1
      vertex 57.5553 16.0835 1
    endloop
  endfacet
  facet normal 0.0784605 -0.996917 0
    outer loop
      vertex 58.4 16.15 1
      vertex 57.5553 16.0835 0
      vertex 58.4 16.15 0
    endloop
  endfacet
  facet normal 0.760406 -0.649448 0
    outer loop
      vertex 54.0313 13.924 1
      vertex 54.5816 14.5684 0
      vertex 54.5816 14.5684 1
    endloop
  endfacet
  facet normal 0.760406 -0.649448 0
    outer loop
      vertex 54.5816 14.5684 0
      vertex 54.0313 13.924 1
      vertex 54.0313 13.924 0
    endloop
  endfacet
  facet normal 0.522498 -0.85264 0
    outer loop
      vertex 55.226 15.1187 0
      vertex 55.9485 15.5614 1
      vertex 55.226 15.1187 1
    endloop
  endfacet
  facet normal 0.522498 -0.85264 0
    outer loop
      vertex 55.9485 15.5614 1
      vertex 55.226 15.1187 0
      vertex 55.9485 15.5614 0
    endloop
  endfacet
  facet normal -0.382684 -0.923879 0
    outer loop
      vertex 60.0687 15.8857 0
      vertex 60.8515 15.5614 1
      vertex 60.0687 15.8857 1
    endloop
  endfacet
  facet normal -0.382684 -0.923879 -0
    outer loop
      vertex 60.8515 15.5614 1
      vertex 60.0687 15.8857 0
      vertex 60.8515 15.5614 0
    endloop
  endfacet
  facet normal -0.522497 -0.852641 0
    outer loop
      vertex 60.8515 15.5614 0
      vertex 61.3674 15.2453 1
      vertex 60.8515 15.5614 1
    endloop
  endfacet
  facet normal -0.522497 -0.852641 -0
    outer loop
      vertex 61.3674 15.2453 1
      vertex 60.8515 15.5614 0
      vertex 61.3674 15.2453 0
    endloop
  endfacet
  facet normal 0.92388 -0.382682 0
    outer loop
      vertex 53.2643 12.4187 1
      vertex 53.5886 13.2015 0
      vertex 53.5886 13.2015 1
    endloop
  endfacet
  facet normal 0.92388 -0.382682 0
    outer loop
      vertex 53.5886 13.2015 0
      vertex 53.2643 12.4187 1
      vertex 53.2643 12.4187 0
    endloop
  endfacet
  facet normal 0.852639 -0.5225 0
    outer loop
      vertex 53.5886 13.2015 1
      vertex 54.0313 13.924 0
      vertex 54.0313 13.924 1
    endloop
  endfacet
  facet normal 0.852639 -0.5225 0
    outer loop
      vertex 54.0313 13.924 0
      vertex 53.5886 13.2015 1
      vertex 53.5886 13.2015 0
    endloop
  endfacet
  facet normal 0.996917 -0.0784598 0
    outer loop
      vertex 53.0281 11.1065 1
      vertex 53.0665 11.5947 0
      vertex 53.0665 11.5947 1
    endloop
  endfacet
  facet normal 0.996917 -0.0784598 0
    outer loop
      vertex 53.0665 11.5947 0
      vertex 53.0281 11.1065 1
      vertex 53.0281 11.1065 0
    endloop
  endfacet
  facet normal 0.649448 -0.760406 0
    outer loop
      vertex 54.5816 14.5684 0
      vertex 55.226 15.1187 1
      vertex 54.5816 14.5684 1
    endloop
  endfacet
  facet normal 0.649448 -0.760406 0
    outer loop
      vertex 55.226 15.1187 1
      vertex 54.5816 14.5684 0
      vertex 55.226 15.1187 0
    endloop
  endfacet
  facet normal 0.233444 -0.97237 0
    outer loop
      vertex 56.7313 15.8857 0
      vertex 57.5553 16.0835 1
      vertex 56.7313 15.8857 1
    endloop
  endfacet
  facet normal 0.233444 -0.97237 0
    outer loop
      vertex 57.5553 16.0835 1
      vertex 56.7313 15.8857 0
      vertex 57.5553 16.0835 0
    endloop
  endfacet
  facet normal -0.233443 -0.972371 0
    outer loop
      vertex 59.2447 16.0835 0
      vertex 60.0687 15.8857 1
      vertex 59.2447 16.0835 1
    endloop
  endfacet
  facet normal -0.233443 -0.972371 -0
    outer loop
      vertex 60.0687 15.8857 1
      vertex 59.2447 16.0835 0
      vertex 60.0687 15.8857 0
    endloop
  endfacet
  facet normal -0.0784612 -0.996917 0
    outer loop
      vertex 58.4 16.15 0
      vertex 59.2447 16.0835 1
      vertex 58.4 16.15 1
    endloop
  endfacet
  facet normal -0.0784612 -0.996917 -0
    outer loop
      vertex 59.2447 16.0835 1
      vertex 58.4 16.15 0
      vertex 59.2447 16.0835 0
    endloop
  endfacet
  facet normal 0.97237 -0.233444 0
    outer loop
      vertex 53.0665 11.5947 1
      vertex 53.2643 12.4187 0
      vertex 53.2643 12.4187 1
    endloop
  endfacet
  facet normal 0.97237 -0.233444 0
    outer loop
      vertex 53.2643 12.4187 0
      vertex 53.0665 11.5947 1
      vertex 53.0665 11.5947 0
    endloop
  endfacet
  facet normal 0.382684 -0.923879 0
    outer loop
      vertex 55.9485 15.5614 0
      vertex 56.7313 15.8857 1
      vertex 55.9485 15.5614 1
    endloop
  endfacet
  facet normal 0.382684 -0.923879 0
    outer loop
      vertex 56.7313 15.8857 1
      vertex 55.9485 15.5614 0
      vertex 56.7313 15.8857 0
    endloop
  endfacet
  facet normal -0.756451 -0.11981 0.642983
    outer loop
      vertex 9.825 58.1 0
      vertex 10.6615 58.185 1
      vertex 9.78462 58.3549 0
    endloop
  endfacet
  facet normal -0.756451 -0.119807 0.642983
    outer loop
      vertex 10.6615 58.185 1
      vertex 9.825 58.1 0
      vertex 10.675 58.1 1
    endloop
  endfacet
  facet normal -0.119811 0.756451 0.642983
    outer loop
      vertex 8.3 56.575 0
      vertex 8.38498 55.7385 1
      vertex 8.55494 56.6154 0
    endloop
  endfacet
  facet normal -0.119832 0.756448 0.642983
    outer loop
      vertex 8.38498 55.7385 1
      vertex 8.3 56.575 0
      vertex 8.3 55.725 1
    endloop
  endfacet
  facet normal 0.119811 -0.756451 0.642983
    outer loop
      vertex 8.3 59.625 0
      vertex 8.21502 60.4615 1
      vertex 8.04506 59.5846 0
    endloop
  endfacet
  facet normal 0.119799 -0.756453 0.642983
    outer loop
      vertex 8.21502 60.4615 1
      vertex 8.3 59.625 0
      vertex 8.3 60.475 1
    endloop
  endfacet
  facet normal -0.756451 0.119811 0.642983
    outer loop
      vertex 9.75036 57.6287 0
      vertex 10.6615 58.015 1
      vertex 9.78462 57.8451 0
    endloop
  endfacet
  facet normal -0.756451 0.11981 0.642983
    outer loop
      vertex 10.6615 58.015 1
      vertex 9.75036 57.6287 0
      vertex 10.5588 57.3661 1
    endloop
  endfacet
  facet normal -0.682404 -0.347703 0.642983
    outer loop
      vertex 9.65093 58.7664 0
      vertex 10.5588 58.8339 1
      vertex 10.2605 59.4193 1
    endloop
  endfacet
  facet normal -0.682404 -0.347702 0.642983
    outer loop
      vertex 10.5588 58.8339 1
      vertex 9.65093 58.7664 0
      vertex 9.75036 58.5713 0
    endloop
  endfacet
  facet normal 0.756451 0.119811 0.642984
    outer loop
      vertex 6.02778 57.4511 1
      vertex 6.84964 57.6287 0
      vertex 6.80926 57.8837 0
    endloop
  endfacet
  facet normal 0.756451 0.119812 0.642984
    outer loop
      vertex 6.84964 57.6287 0
      vertex 6.02778 57.4511 1
      vertex 6.04124 57.3661 1
    endloop
  endfacet
  facet normal 0.756451 -0.119812 0.642984
    outer loop
      vertex 6.02778 58.7489 1
      vertex 6.84964 58.5713 0
      vertex 6.04124 58.8339 1
    endloop
  endfacet
  facet normal 0.756451 -0.119809 0.642983
    outer loop
      vertex 6.84964 58.5713 0
      vertex 6.02778 58.7489 1
      vertex 6.80926 58.3163 0
    endloop
  endfacet
  facet normal -0.756451 -0.119811 0.642983
    outer loop
      vertex 10.6615 58.185 1
      vertex 9.75036 58.5713 0
      vertex 9.78462 58.3549 0
    endloop
  endfacet
  facet normal -0.756451 -0.11981 0.642983
    outer loop
      vertex 9.75036 58.5713 0
      vertex 10.6615 58.185 1
      vertex 10.5588 58.8339 1
    endloop
  endfacet
  facet normal -0.682403 0.347705 0.642983
    outer loop
      vertex 9.53375 57.2036 0
      vertex 10.5197 57.2894 1
      vertex 9.63318 57.3988 0
    endloop
  endfacet
  facet normal -0.682404 0.347702 0.642984
    outer loop
      vertex 10.5197 57.2894 1
      vertex 9.53375 57.2036 0
      vertex 10.2214 56.704 1
    endloop
  endfacet
  facet normal -0.682405 0.3477 0.642984
    outer loop
      vertex 9.63318 57.3988 0
      vertex 10.5588 57.3661 1
      vertex 9.75036 57.6287 0
    endloop
  endfacet
  facet normal -0.682406 0.347697 0.642984
    outer loop
      vertex 10.5588 57.3661 1
      vertex 9.63318 57.3988 0
      vertex 10.5197 57.2894 1
    endloop
  endfacet
  facet normal 0.682404 -0.347703 0.642983
    outer loop
      vertex 6.04124 58.8339 1
      vertex 6.94907 58.7664 0
      vertex 6.33952 59.4193 1
    endloop
  endfacet
  facet normal 0.682404 -0.347703 0.642983
    outer loop
      vertex 6.94907 58.7664 0
      vertex 6.04124 58.8339 1
      vertex 6.84964 58.5713 0
    endloop
  endfacet
  facet normal -0.119808 -0.756451 0.642984
    outer loop
      vertex 8.77125 59.5504 0
      vertex 8.38498 60.4615 1
      vertex 8.55494 59.5846 0
    endloop
  endfacet
  facet normal -0.119812 -0.756451 0.642982
    outer loop
      vertex 8.38498 60.4615 1
      vertex 8.77125 59.5504 0
      vertex 9.03391 60.3588 1
    endloop
  endfacet
  facet normal -0.541551 -0.541568 0.642983
    outer loop
      vertex 10.1606 59.5568 1
      vertex 9.53375 58.9964 0
      vertex 10.2214 59.496 1
    endloop
  endfacet
  facet normal -0.541556 -0.541562 0.642983
    outer loop
      vertex 9.53375 58.9964 0
      vertex 10.1606 59.5568 1
      vertex 9.35123 59.1789 0
    endloop
  endfacet
  facet normal -0.682411 -0.347691 0.642983
    outer loop
      vertex 9.53375 58.9964 0
      vertex 10.2605 59.4193 1
      vertex 10.2214 59.496 1
    endloop
  endfacet
  facet normal -0.682405 -0.347702 0.642983
    outer loop
      vertex 10.2605 59.4193 1
      vertex 9.53375 58.9964 0
      vertex 9.65093 58.7664 0
    endloop
  endfacet
  facet normal -0.541567 0.54155 0.642985
    outer loop
      vertex 9.53375 57.2036 0
      vertex 10.1606 56.6432 1
      vertex 10.2214 56.704 1
    endloop
  endfacet
  facet normal -0.541561 0.541556 0.642985
    outer loop
      vertex 10.1606 56.6432 1
      vertex 9.53375 57.2036 0
      vertex 9.35123 57.0211 0
    endloop
  endfacet
  facet normal 0.119808 0.756451 0.642984
    outer loop
      vertex 7.82875 56.6496 0
      vertex 8.21502 55.7385 1
      vertex 8.04506 56.6154 0
    endloop
  endfacet
  facet normal 0.119808 0.756451 0.642984
    outer loop
      vertex 8.21502 55.7385 1
      vertex 7.82875 56.6496 0
      vertex 7.56608 55.8412 1
    endloop
  endfacet
  facet normal 0.682403 0.347705 0.642983
    outer loop
      vertex 6.0803 57.2894 1
      vertex 7.06625 57.2036 0
      vertex 6.96682 57.3988 0
    endloop
  endfacet
  facet normal 0.682404 0.347703 0.642984
    outer loop
      vertex 7.06625 57.2036 0
      vertex 6.0803 57.2894 1
      vertex 6.37858 56.704 1
    endloop
  endfacet
  facet normal 0.347699 0.682405 0.642984
    outer loop
      vertex 7.40363 56.8662 0
      vertex 7.48942 55.8803 1
      vertex 7.59876 56.7668 0
    endloop
  endfacet
  facet normal 0.347702 0.682405 0.642983
    outer loop
      vertex 7.48942 55.8803 1
      vertex 7.40363 56.8662 0
      vertex 6.90401 56.1786 1
    endloop
  endfacet
  facet normal 0.347704 0.682403 0.642984
    outer loop
      vertex 7.59876 56.7668 0
      vertex 7.56608 55.8412 1
      vertex 7.82875 56.6496 0
    endloop
  endfacet
  facet normal 0.347715 0.6824 0.642981
    outer loop
      vertex 7.56608 55.8412 1
      vertex 7.59876 56.7668 0
      vertex 7.48942 55.8803 1
    endloop
  endfacet
  facet normal 0.756451 -0.119809 0.642983
    outer loop
      vertex 5.925 58.1 1
      vertex 6.80926 58.3163 0
      vertex 6.02778 58.7489 1
    endloop
  endfacet
  facet normal 0.756451 -0.119811 0.642983
    outer loop
      vertex 6.80926 58.3163 0
      vertex 5.925 58.1 1
      vertex 6.775 58.1 0
    endloop
  endfacet
  facet normal 0.756451 0.119811 0.642983
    outer loop
      vertex 5.925 58.1 1
      vertex 6.80926 57.8837 0
      vertex 6.775 58.1 0
    endloop
  endfacet
  facet normal 0.756451 0.119809 0.642983
    outer loop
      vertex 6.80926 57.8837 0
      vertex 5.925 58.1 1
      vertex 6.02778 57.4511 1
    endloop
  endfacet
  facet normal 0.682411 -0.347691 0.642983
    outer loop
      vertex 6.33952 59.4193 1
      vertex 7.06625 58.9964 0
      vertex 6.37858 59.496 1
    endloop
  endfacet
  facet normal 0.682405 -0.347702 0.642983
    outer loop
      vertex 7.06625 58.9964 0
      vertex 6.33952 59.4193 1
      vertex 6.94907 58.7664 0
    endloop
  endfacet
  facet normal 0.347702 -0.682404 0.642983
    outer loop
      vertex 7.63361 59.4509 0
      vertex 7.56608 60.3588 1
      vertex 6.98067 60.0605 1
    endloop
  endfacet
  facet normal 0.347709 -0.682402 0.642982
    outer loop
      vertex 7.56608 60.3588 1
      vertex 7.63361 59.4509 0
      vertex 7.82875 59.5504 0
    endloop
  endfacet
  facet normal 0.119812 -0.756451 0.642982
    outer loop
      vertex 7.82875 59.5504 0
      vertex 8.21502 60.4615 1
      vertex 7.56608 60.3588 1
    endloop
  endfacet
  facet normal 0.119808 -0.756451 0.642984
    outer loop
      vertex 8.21502 60.4615 1
      vertex 7.82875 59.5504 0
      vertex 8.04506 59.5846 0
    endloop
  endfacet
  facet normal -0.119799 -0.756453 0.642983
    outer loop
      vertex 8.3 59.625 0
      vertex 8.38498 60.4615 1
      vertex 8.3 60.475 1
    endloop
  endfacet
  facet normal -0.119811 -0.756451 0.642983
    outer loop
      vertex 8.38498 60.4615 1
      vertex 8.3 59.625 0
      vertex 8.55494 59.5846 0
    endloop
  endfacet
  facet normal -0.756451 0.119807 0.642983
    outer loop
      vertex 9.825 58.1 0
      vertex 10.6615 58.015 1
      vertex 10.675 58.1 1
    endloop
  endfacet
  facet normal -0.756451 0.119812 0.642983
    outer loop
      vertex 10.6615 58.015 1
      vertex 9.825 58.1 0
      vertex 9.78462 57.8451 0
    endloop
  endfacet
  facet normal -0.347712 0.682401 0.642982
    outer loop
      vertex 9.00123 56.7668 0
      vertex 9.03391 55.8412 1
      vertex 9.11058 55.8803 1
    endloop
  endfacet
  facet normal -0.347705 0.682403 0.642983
    outer loop
      vertex 9.03391 55.8412 1
      vertex 9.00123 56.7668 0
      vertex 8.77125 56.6496 0
    endloop
  endfacet
  facet normal -0.119808 0.756451 0.642984
    outer loop
      vertex 8.77125 56.6496 0
      vertex 8.38498 55.7385 1
      vertex 9.03391 55.8412 1
    endloop
  endfacet
  facet normal -0.119808 0.756451 0.642984
    outer loop
      vertex 8.38498 55.7385 1
      vertex 8.77125 56.6496 0
      vertex 8.55494 56.6154 0
    endloop
  endfacet
  facet normal -0.347702 0.682404 0.642983
    outer loop
      vertex 9.19637 56.8662 0
      vertex 9.11058 55.8803 1
      vertex 9.69599 56.1786 1
    endloop
  endfacet
  facet normal -0.347698 0.682405 0.642985
    outer loop
      vertex 9.11058 55.8803 1
      vertex 9.19637 56.8662 0
      vertex 9.00123 56.7668 0
    endloop
  endfacet
  facet normal -0.541557 0.541561 0.642983
    outer loop
      vertex 9.35123 57.0211 0
      vertex 9.69599 56.1786 1
      vertex 10.1606 56.6432 1
    endloop
  endfacet
  facet normal -0.541557 0.541561 0.642983
    outer loop
      vertex 9.69599 56.1786 1
      vertex 9.35123 57.0211 0
      vertex 9.19637 56.8662 0
    endloop
  endfacet
  facet normal 0.682405 0.347701 0.642984
    outer loop
      vertex 6.04124 57.3661 1
      vertex 6.96682 57.3988 0
      vertex 6.84964 57.6287 0
    endloop
  endfacet
  facet normal 0.682407 0.347693 0.642985
    outer loop
      vertex 6.96682 57.3988 0
      vertex 6.04124 57.3661 1
      vertex 6.0803 57.2894 1
    endloop
  endfacet
  facet normal 0.54156 0.541558 0.642983
    outer loop
      vertex 7.06625 57.2036 0
      vertex 6.90401 56.1786 1
      vertex 7.40363 56.8662 0
    endloop
  endfacet
  facet normal 0.541559 0.541559 0.642984
    outer loop
      vertex 6.90401 56.1786 1
      vertex 7.06625 57.2036 0
      vertex 6.37858 56.704 1
    endloop
  endfacet
  facet normal 0.54156 -0.541558 0.642983
    outer loop
      vertex 6.90401 60.0214 1
      vertex 7.06625 58.9964 0
      vertex 7.40363 59.3338 0
    endloop
  endfacet
  facet normal 0.541559 -0.541559 0.642984
    outer loop
      vertex 7.06625 58.9964 0
      vertex 6.90401 60.0214 1
      vertex 6.37858 59.496 1
    endloop
  endfacet
  facet normal -0.347709 -0.682402 0.642982
    outer loop
      vertex 8.96639 59.4509 0
      vertex 9.03391 60.3588 1
      vertex 8.77125 59.5504 0
    endloop
  endfacet
  facet normal -0.347702 -0.682405 0.642983
    outer loop
      vertex 9.03391 60.3588 1
      vertex 8.96639 59.4509 0
      vertex 9.61933 60.0605 1
    endloop
  endfacet
  facet normal 0.119832 0.756448 0.642983
    outer loop
      vertex 8.3 56.575 0
      vertex 8.21502 55.7385 1
      vertex 8.3 55.725 1
    endloop
  endfacet
  facet normal 0.119811 0.756451 0.642983
    outer loop
      vertex 8.21502 55.7385 1
      vertex 8.3 56.575 0
      vertex 8.04506 56.6154 0
    endloop
  endfacet
  facet normal 0.347686 -0.682414 0.642982
    outer loop
      vertex 7.40363 59.3338 0
      vertex 6.98067 60.0605 1
      vertex 6.90401 60.0214 1
    endloop
  endfacet
  facet normal 0.347696 -0.682408 0.642982
    outer loop
      vertex 6.98067 60.0605 1
      vertex 7.40363 59.3338 0
      vertex 7.63361 59.4509 0
    endloop
  endfacet
  facet normal -0.347697 -0.682408 0.642982
    outer loop
      vertex 9.19637 59.3338 0
      vertex 9.61933 60.0605 1
      vertex 8.96639 59.4509 0
    endloop
  endfacet
  facet normal -0.347685 -0.682415 0.642982
    outer loop
      vertex 9.61933 60.0605 1
      vertex 9.19637 59.3338 0
      vertex 9.69599 60.0214 1
    endloop
  endfacet
  facet normal -0.541559 -0.541558 0.642984
    outer loop
      vertex 9.69599 60.0214 1
      vertex 9.35123 59.1789 0
      vertex 10.1606 59.5568 1
    endloop
  endfacet
  facet normal -0.541564 -0.541554 0.642983
    outer loop
      vertex 9.35123 59.1789 0
      vertex 9.69599 60.0214 1
      vertex 9.19637 59.3338 0
    endloop
  endfacet
  facet normal -0.756451 -0.119812 0.642983
    outer loop
      vertex 8.625 45.4 0
      vertex 9.46154 45.485 1
      vertex 8.58462 45.6549 0
    endloop
  endfacet
  facet normal -0.756451 -0.119813 0.642983
    outer loop
      vertex 9.46154 45.485 1
      vertex 8.625 45.4 0
      vertex 9.475 45.4 1
    endloop
  endfacet
  facet normal -0.119811 0.756451 0.642983
    outer loop
      vertex 7.1 43.875 0
      vertex 7.18498 43.0385 1
      vertex 7.35494 43.9154 0
    endloop
  endfacet
  facet normal -0.119832 0.756448 0.642983
    outer loop
      vertex 7.18498 43.0385 1
      vertex 7.1 43.875 0
      vertex 7.1 43.025 1
    endloop
  endfacet
  facet normal -0.756451 0.119811 0.642983
    outer loop
      vertex 8.55036 44.9287 0
      vertex 9.46154 45.315 1
      vertex 8.58462 45.1451 0
    endloop
  endfacet
  facet normal -0.756451 0.11981 0.642983
    outer loop
      vertex 9.46154 45.315 1
      vertex 8.55036 44.9287 0
      vertex 9.35876 44.6661 1
    endloop
  endfacet
  facet normal -0.682404 -0.347702 0.642983
    outer loop
      vertex 8.45093 46.0664 0
      vertex 9.35876 46.1339 1
      vertex 9.06048 46.7193 1
    endloop
  endfacet
  facet normal -0.682404 -0.347702 0.642983
    outer loop
      vertex 9.35876 46.1339 1
      vertex 8.45093 46.0664 0
      vertex 8.55036 45.8713 0
    endloop
  endfacet
  facet normal 0.756451 0.119807 0.642984
    outer loop
      vertex 4.73846 45.315 1
      vertex 5.575 45.4 0
      vertex 4.725 45.4 1
    endloop
  endfacet
  facet normal 0.756451 0.11981 0.642984
    outer loop
      vertex 5.575 45.4 0
      vertex 4.73846 45.315 1
      vertex 5.61538 45.1451 0
    endloop
  endfacet
  facet normal -0.119808 -0.75645 0.642984
    outer loop
      vertex 7.31631 46.8907 0
      vertex 7.1 47.775 1
      vertex 7.1 46.925 0
    endloop
  endfacet
  facet normal -0.119812 -0.75645 0.642984
    outer loop
      vertex 7.1 47.775 1
      vertex 7.31631 46.8907 0
      vertex 7.74894 47.6722 1
    endloop
  endfacet
  facet normal -0.756451 -0.119811 0.642983
    outer loop
      vertex 9.46154 45.485 1
      vertex 8.55036 45.8713 0
      vertex 8.58462 45.6549 0
    endloop
  endfacet
  facet normal -0.756451 -0.11981 0.642983
    outer loop
      vertex 8.55036 45.8713 0
      vertex 9.46154 45.485 1
      vertex 9.35876 46.1339 1
    endloop
  endfacet
  facet normal -0.541558 0.541559 0.642984
    outer loop
      vertex 8.33375 44.5036 0
      vertex 8.49599 43.4786 1
      vertex 9.02141 44.004 1
    endloop
  endfacet
  facet normal -0.54156 0.541558 0.642983
    outer loop
      vertex 8.49599 43.4786 1
      vertex 8.33375 44.5036 0
      vertex 7.99637 44.1662 0
    endloop
  endfacet
  facet normal -0.347717 0.682395 0.642984
    outer loop
      vertex 7.99637 44.1662 0
      vertex 8.41933 43.4395 1
      vertex 8.49599 43.4786 1
    endloop
  endfacet
  facet normal -0.347705 0.682402 0.642984
    outer loop
      vertex 8.41933 43.4395 1
      vertex 7.99637 44.1662 0
      vertex 7.76639 44.0491 0
    endloop
  endfacet
  facet normal 0.682404 0.347702 0.642984
    outer loop
      vertex 5.13952 44.0807 1
      vertex 5.86625 44.5036 0
      vertex 5.74907 44.7336 0
    endloop
  endfacet
  facet normal 0.682403 0.347704 0.642984
    outer loop
      vertex 5.86625 44.5036 0
      vertex 5.13952 44.0807 1
      vertex 5.17858 44.004 1
    endloop
  endfacet
  facet normal 0.756451 -0.11981 0.642983
    outer loop
      vertex 4.73846 45.485 1
      vertex 5.64964 45.8713 0
      vertex 4.84124 46.1339 1
    endloop
  endfacet
  facet normal 0.756451 -0.119809 0.642984
    outer loop
      vertex 5.64964 45.8713 0
      vertex 4.73846 45.485 1
      vertex 5.61538 45.6549 0
    endloop
  endfacet
  facet normal 0.682403 -0.347708 0.642982
    outer loop
      vertex 4.84124 46.1339 1
      vertex 5.76682 46.1012 0
      vertex 4.8803 46.2106 1
    endloop
  endfacet
  facet normal 0.682405 -0.347701 0.642984
    outer loop
      vertex 5.76682 46.1012 0
      vertex 4.84124 46.1339 1
      vertex 5.64964 45.8713 0
    endloop
  endfacet
  facet normal 0.54156 -0.541558 0.642983
    outer loop
      vertex 5.70401 47.3214 1
      vertex 5.86625 46.2964 0
      vertex 6.20363 46.6338 0
    endloop
  endfacet
  facet normal 0.541559 -0.541559 0.642984
    outer loop
      vertex 5.86625 46.2964 0
      vertex 5.70401 47.3214 1
      vertex 5.17858 46.796 1
    endloop
  endfacet
  facet normal -0.11981 -0.756451 0.642983
    outer loop
      vertex 7.57125 46.8504 0
      vertex 7.74894 47.6722 1
      vertex 7.31631 46.8907 0
    endloop
  endfacet
  facet normal -0.1198 -0.756453 0.642983
    outer loop
      vertex 7.74894 47.6722 1
      vertex 7.57125 46.8504 0
      vertex 7.83391 47.6588 1
    endloop
  endfacet
  facet normal -0.347697 -0.682408 0.642982
    outer loop
      vertex 7.99637 46.6338 0
      vertex 8.41933 47.3605 1
      vertex 7.76639 46.7509 0
    endloop
  endfacet
  facet normal -0.347691 -0.682411 0.642982
    outer loop
      vertex 8.41933 47.3605 1
      vertex 7.99637 46.6338 0
      vertex 8.49599 47.3214 1
    endloop
  endfacet
  facet normal -0.682403 -0.347704 0.642984
    outer loop
      vertex 8.33375 46.2964 0
      vertex 9.06048 46.7193 1
      vertex 9.02141 46.796 1
    endloop
  endfacet
  facet normal -0.682403 -0.347704 0.642984
    outer loop
      vertex 9.06048 46.7193 1
      vertex 8.33375 46.2964 0
      vertex 8.45093 46.0664 0
    endloop
  endfacet
  facet normal -0.756451 0.119807 0.642983
    outer loop
      vertex 8.625 45.4 0
      vertex 9.46154 45.315 1
      vertex 9.475 45.4 1
    endloop
  endfacet
  facet normal -0.756451 0.11981 0.642983
    outer loop
      vertex 9.46154 45.315 1
      vertex 8.625 45.4 0
      vertex 8.58462 45.1451 0
    endloop
  endfacet
  facet normal -0.347702 0.682405 0.642983
    outer loop
      vertex 7.76639 44.0491 0
      vertex 7.83391 43.1412 1
      vertex 8.41933 43.4395 1
    endloop
  endfacet
  facet normal -0.347699 0.682406 0.642984
    outer loop
      vertex 7.83391 43.1412 1
      vertex 7.76639 44.0491 0
      vertex 7.57125 43.9496 0
    endloop
  endfacet
  facet normal -0.119808 0.756451 0.642984
    outer loop
      vertex 7.57125 43.9496 0
      vertex 7.18498 43.0385 1
      vertex 7.83391 43.1412 1
    endloop
  endfacet
  facet normal -0.119808 0.756451 0.642984
    outer loop
      vertex 7.18498 43.0385 1
      vertex 7.57125 43.9496 0
      vertex 7.35494 43.9154 0
    endloop
  endfacet
  facet normal 0.54156 0.541558 0.642983
    outer loop
      vertex 5.86625 44.5036 0
      vertex 5.70401 43.4786 1
      vertex 6.20363 44.1662 0
    endloop
  endfacet
  facet normal 0.541559 0.541559 0.642984
    outer loop
      vertex 5.70401 43.4786 1
      vertex 5.86625 44.5036 0
      vertex 5.17858 44.004 1
    endloop
  endfacet
  facet normal 0.119812 -0.75645 0.642984
    outer loop
      vertex 6.88369 46.8907 0
      vertex 7.1 47.775 1
      vertex 6.45106 47.6722 1
    endloop
  endfacet
  facet normal 0.119808 -0.75645 0.642984
    outer loop
      vertex 7.1 47.775 1
      vertex 6.88369 46.8907 0
      vertex 7.1 46.925 0
    endloop
  endfacet
  facet normal 0.347715 -0.6824 0.642981
    outer loop
      vertex 6.39876 46.7332 0
      vertex 6.36608 47.6588 1
      vertex 6.28942 47.6197 1
    endloop
  endfacet
  facet normal 0.347704 -0.682403 0.642984
    outer loop
      vertex 6.36608 47.6588 1
      vertex 6.39876 46.7332 0
      vertex 6.62875 46.8504 0
    endloop
  endfacet
  facet normal -0.34771 -0.682401 0.642983
    outer loop
      vertex 7.76639 46.7509 0
      vertex 7.83391 47.6588 1
      vertex 7.57125 46.8504 0
    endloop
  endfacet
  facet normal -0.347705 -0.682402 0.642984
    outer loop
      vertex 7.83391 47.6588 1
      vertex 7.76639 46.7509 0
      vertex 8.41933 47.3605 1
    endloop
  endfacet
  facet normal -0.682404 0.347702 0.642983
    outer loop
      vertex 8.45093 44.7336 0
      vertex 9.35876 44.6661 1
      vertex 8.55036 44.9287 0
    endloop
  endfacet
  facet normal -0.682404 0.347702 0.642983
    outer loop
      vertex 9.35876 44.6661 1
      vertex 8.45093 44.7336 0
      vertex 9.06048 44.0807 1
    endloop
  endfacet
  facet normal 0.682404 0.347703 0.642983
    outer loop
      vertex 4.84124 44.6661 1
      vertex 5.74907 44.7336 0
      vertex 5.64964 44.9287 0
    endloop
  endfacet
  facet normal 0.682404 0.347702 0.642984
    outer loop
      vertex 5.74907 44.7336 0
      vertex 4.84124 44.6661 1
      vertex 5.13952 44.0807 1
    endloop
  endfacet
  facet normal 0.756451 0.119809 0.642984
    outer loop
      vertex 4.73846 45.315 1
      vertex 5.64964 44.9287 0
      vertex 5.61538 45.1451 0
    endloop
  endfacet
  facet normal 0.756451 0.11981 0.642983
    outer loop
      vertex 5.64964 44.9287 0
      vertex 4.73846 45.315 1
      vertex 4.84124 44.6661 1
    endloop
  endfacet
  facet normal 0.119808 0.756451 0.642984
    outer loop
      vertex 6.62875 43.9496 0
      vertex 7.01502 43.0385 1
      vertex 6.84506 43.9154 0
    endloop
  endfacet
  facet normal 0.119808 0.756451 0.642984
    outer loop
      vertex 7.01502 43.0385 1
      vertex 6.62875 43.9496 0
      vertex 6.36608 43.1412 1
    endloop
  endfacet
  facet normal 0.347698 0.682406 0.642984
    outer loop
      vertex 6.43361 44.0491 0
      vertex 6.36608 43.1412 1
      vertex 6.62875 43.9496 0
    endloop
  endfacet
  facet normal 0.347702 0.682404 0.642983
    outer loop
      vertex 6.36608 43.1412 1
      vertex 6.43361 44.0491 0
      vertex 5.78067 43.4395 1
    endloop
  endfacet
  facet normal 0.347702 -0.682405 0.642983
    outer loop
      vertex 6.20363 46.6338 0
      vertex 6.28942 47.6197 1
      vertex 5.70401 47.3214 1
    endloop
  endfacet
  facet normal 0.347699 -0.682405 0.642984
    outer loop
      vertex 6.28942 47.6197 1
      vertex 6.20363 46.6338 0
      vertex 6.39876 46.7332 0
    endloop
  endfacet
  facet normal 0.756451 -0.119813 0.642983
    outer loop
      vertex 5.575 45.4 0
      vertex 4.73846 45.485 1
      vertex 4.725 45.4 1
    endloop
  endfacet
  facet normal 0.756451 -0.119812 0.642983
    outer loop
      vertex 4.73846 45.485 1
      vertex 5.575 45.4 0
      vertex 5.61538 45.6549 0
    endloop
  endfacet
  facet normal 0.682405 -0.347701 0.642984
    outer loop
      vertex 4.8803 46.2106 1
      vertex 5.86625 46.2964 0
      vertex 5.17858 46.796 1
    endloop
  endfacet
  facet normal 0.682404 -0.347705 0.642982
    outer loop
      vertex 5.86625 46.2964 0
      vertex 4.8803 46.2106 1
      vertex 5.76682 46.1012 0
    endloop
  endfacet
  facet normal -0.541558 -0.541559 0.642984
    outer loop
      vertex 8.49599 47.3214 1
      vertex 8.33375 46.2964 0
      vertex 9.02141 46.796 1
    endloop
  endfacet
  facet normal -0.54156 -0.541558 0.642983
    outer loop
      vertex 8.33375 46.2964 0
      vertex 8.49599 47.3214 1
      vertex 7.99637 46.6338 0
    endloop
  endfacet
  facet normal -0.682403 0.347704 0.642984
    outer loop
      vertex 8.33375 44.5036 0
      vertex 9.06048 44.0807 1
      vertex 8.45093 44.7336 0
    endloop
  endfacet
  facet normal -0.682403 0.347704 0.642984
    outer loop
      vertex 9.06048 44.0807 1
      vertex 8.33375 44.5036 0
      vertex 9.02141 44.004 1
    endloop
  endfacet
  facet normal 0.347705 0.682403 0.642984
    outer loop
      vertex 6.20363 44.1662 0
      vertex 5.78067 43.4395 1
      vertex 6.43361 44.0491 0
    endloop
  endfacet
  facet normal 0.347712 0.682398 0.642984
    outer loop
      vertex 5.78067 43.4395 1
      vertex 6.20363 44.1662 0
      vertex 5.70401 43.4786 1
    endloop
  endfacet
  facet normal 0.119833 0.756448 0.642983
    outer loop
      vertex 7.1 43.875 0
      vertex 7.01502 43.0385 1
      vertex 7.1 43.025 1
    endloop
  endfacet
  facet normal 0.119811 0.756451 0.642983
    outer loop
      vertex 7.01502 43.0385 1
      vertex 7.1 43.875 0
      vertex 6.84506 43.9154 0
    endloop
  endfacet
  facet normal 0.1198 -0.756453 0.642983
    outer loop
      vertex 6.62875 46.8504 0
      vertex 6.45106 47.6722 1
      vertex 6.36608 47.6588 1
    endloop
  endfacet
  facet normal 0.119811 -0.756451 0.642983
    outer loop
      vertex 6.45106 47.6722 1
      vertex 6.62875 46.8504 0
      vertex 6.88369 46.8907 0
    endloop
  endfacet
  facet normal -0.756451 -0.11981 0.642983
    outer loop
      vertex 8.075 24.55 0
      vertex 8.91154 24.635 1
      vertex 8.03462 24.8049 0
    endloop
  endfacet
  facet normal -0.756451 -0.119807 0.642983
    outer loop
      vertex 8.91154 24.635 1
      vertex 8.075 24.55 0
      vertex 8.925 24.55 1
    endloop
  endfacet
  facet normal -0.347702 0.682405 0.642983
    outer loop
      vertex 7.44637 23.3162 0
      vertex 7.36058 22.3303 1
      vertex 7.94599 22.6286 1
    endloop
  endfacet
  facet normal -0.347699 0.682405 0.642984
    outer loop
      vertex 7.36058 22.3303 1
      vertex 7.44637 23.3162 0
      vertex 7.25123 23.2168 0
    endloop
  endfacet
  facet normal -0.756451 0.119811 0.642983
    outer loop
      vertex 8.00036 24.0787 0
      vertex 8.91154 24.465 1
      vertex 8.03462 24.2951 0
    endloop
  endfacet
  facet normal -0.756451 0.11981 0.642983
    outer loop
      vertex 8.91154 24.465 1
      vertex 8.00036 24.0787 0
      vertex 8.80876 23.8161 1
    endloop
  endfacet
  facet normal -0.541559 -0.54156 0.642983
    outer loop
      vertex 7.94599 26.4714 1
      vertex 7.78375 25.4464 0
      vertex 8.47142 25.946 1
    endloop
  endfacet
  facet normal -0.541558 -0.54156 0.642983
    outer loop
      vertex 7.78375 25.4464 0
      vertex 7.94599 26.4714 1
      vertex 7.44637 25.7838 0
    endloop
  endfacet
  facet normal 0.756451 0.11981 0.642983
    outer loop
      vertex 4.27778 23.9011 1
      vertex 5.09964 24.0787 0
      vertex 5.05926 24.3337 0
    endloop
  endfacet
  facet normal 0.756451 0.119812 0.642984
    outer loop
      vertex 5.09964 24.0787 0
      vertex 4.27778 23.9011 1
      vertex 4.29124 23.8161 1
    endloop
  endfacet
  facet normal 0.119805 -0.756451 0.642984
    outer loop
      vertex 6.55 26.075 0
      vertex 6.46502 26.9115 1
      vertex 6.29506 26.0346 0
    endloop
  endfacet
  facet normal 0.1198 -0.756452 0.642984
    outer loop
      vertex 6.46502 26.9115 1
      vertex 6.55 26.075 0
      vertex 6.55 26.925 1
    endloop
  endfacet
  facet normal -0.756451 -0.119812 0.642983
    outer loop
      vertex 8.91154 24.635 1
      vertex 8.00036 25.0212 0
      vertex 8.03462 24.8049 0
    endloop
  endfacet
  facet normal -0.756451 -0.11981 0.642983
    outer loop
      vertex 8.00036 25.0212 0
      vertex 8.91154 24.635 1
      vertex 8.80876 25.2839 1
    endloop
  endfacet
  facet normal -0.682404 0.347704 0.642983
    outer loop
      vertex 7.78375 23.6536 0
      vertex 8.7697 23.7394 1
      vertex 7.88318 23.8488 0
    endloop
  endfacet
  facet normal -0.682405 0.347701 0.642984
    outer loop
      vertex 8.7697 23.7394 1
      vertex 7.78375 23.6536 0
      vertex 8.47142 23.154 1
    endloop
  endfacet
  facet normal -0.682405 0.347701 0.642984
    outer loop
      vertex 7.88318 23.8488 0
      vertex 8.80876 23.8161 1
      vertex 8.00036 24.0787 0
    endloop
  endfacet
  facet normal -0.682404 0.347704 0.642983
    outer loop
      vertex 8.80876 23.8161 1
      vertex 7.88318 23.8488 0
      vertex 8.7697 23.7394 1
    endloop
  endfacet
  facet normal -0.119816 0.75645 0.642983
    outer loop
      vertex 7.02125 23.0996 0
      vertex 7.19894 22.2778 1
      vertex 7.28391 22.2912 1
    endloop
  endfacet
  facet normal -0.11981 0.756451 0.642983
    outer loop
      vertex 7.19894 22.2778 1
      vertex 7.02125 23.0996 0
      vertex 6.76631 23.0593 0
    endloop
  endfacet
  facet normal 0.682405 0.347701 0.642984
    outer loop
      vertex 4.29124 23.8161 1
      vertex 5.21682 23.8488 0
      vertex 5.09964 24.0787 0
    endloop
  endfacet
  facet normal 0.682405 0.347701 0.642984
    outer loop
      vertex 5.21682 23.8488 0
      vertex 4.29124 23.8161 1
      vertex 4.3303 23.7394 1
    endloop
  endfacet
  facet normal 0.756451 -0.119812 0.642984
    outer loop
      vertex 4.27778 25.1989 1
      vertex 5.09964 25.0212 0
      vertex 4.29124 25.2839 1
    endloop
  endfacet
  facet normal 0.756451 -0.11981 0.642983
    outer loop
      vertex 5.09964 25.0212 0
      vertex 4.27778 25.1989 1
      vertex 5.05926 24.7663 0
    endloop
  endfacet
  facet normal 0.682404 -0.347702 0.642983
    outer loop
      vertex 4.3303 25.3606 1
      vertex 5.31625 25.4464 0
      vertex 4.62858 25.946 1
    endloop
  endfacet
  facet normal 0.682404 -0.347702 0.642983
    outer loop
      vertex 5.31625 25.4464 0
      vertex 4.3303 25.3606 1
      vertex 5.21682 25.2512 0
    endloop
  endfacet
  facet normal -0.347705 -0.682404 0.642982
    outer loop
      vertex 7.44637 25.7838 0
      vertex 7.36058 26.7697 1
      vertex 7.25123 25.8832 0
    endloop
  endfacet
  facet normal -0.347702 -0.682405 0.642983
    outer loop
      vertex 7.36058 26.7697 1
      vertex 7.44637 25.7838 0
      vertex 7.94599 26.4714 1
    endloop
  endfacet
  facet normal -0.541559 0.541559 0.642984
    outer loop
      vertex 7.78375 23.6536 0
      vertex 8.41058 23.0932 1
      vertex 8.47142 23.154 1
    endloop
  endfacet
  facet normal -0.541559 0.541559 0.642984
    outer loop
      vertex 8.41058 23.0932 1
      vertex 7.78375 23.6536 0
      vertex 7.60123 23.4711 0
    endloop
  endfacet
  facet normal -0.541558 0.541559 0.642984
    outer loop
      vertex 7.60123 23.4711 0
      vertex 7.94599 22.6286 1
      vertex 8.41058 23.0932 1
    endloop
  endfacet
  facet normal -0.541561 0.541558 0.642983
    outer loop
      vertex 7.94599 22.6286 1
      vertex 7.60123 23.4711 0
      vertex 7.44637 23.3162 0
    endloop
  endfacet
  facet normal -0.347699 0.682405 0.642984
    outer loop
      vertex 7.25123 23.2168 0
      vertex 7.28391 22.2912 1
      vertex 7.36058 22.3303 1
    endloop
  endfacet
  facet normal -0.347705 0.682403 0.642983
    outer loop
      vertex 7.28391 22.2912 1
      vertex 7.25123 23.2168 0
      vertex 7.02125 23.0996 0
    endloop
  endfacet
  facet normal 0.119808 0.756451 0.642984
    outer loop
      vertex 6.33369 23.0593 0
      vertex 6.55 22.175 1
      vertex 6.55 23.025 0
    endloop
  endfacet
  facet normal 0.11981 0.756451 0.642983
    outer loop
      vertex 6.55 22.175 1
      vertex 6.33369 23.0593 0
      vertex 5.90106 22.2778 1
    endloop
  endfacet
  facet normal -0.11981 0.756451 0.642983
    outer loop
      vertex 6.76631 23.0593 0
      vertex 6.55 22.175 1
      vertex 7.19894 22.2778 1
    endloop
  endfacet
  facet normal -0.119808 0.756451 0.642984
    outer loop
      vertex 6.55 22.175 1
      vertex 6.76631 23.0593 0
      vertex 6.55 23.025 0
    endloop
  endfacet
  facet normal 0.119811 0.756451 0.642983
    outer loop
      vertex 6.07875 23.0996 0
      vertex 5.90106 22.2778 1
      vertex 6.33369 23.0593 0
    endloop
  endfacet
  facet normal 0.119816 0.75645 0.642983
    outer loop
      vertex 5.90106 22.2778 1
      vertex 6.07875 23.0996 0
      vertex 5.81608 22.2912 1
    endloop
  endfacet
  facet normal 0.756451 -0.119809 0.642983
    outer loop
      vertex 4.175 24.55 1
      vertex 5.05926 24.7663 0
      vertex 4.27778 25.1989 1
    endloop
  endfacet
  facet normal 0.756451 -0.119811 0.642983
    outer loop
      vertex 5.05926 24.7663 0
      vertex 4.175 24.55 1
      vertex 5.025 24.55 0
    endloop
  endfacet
  facet normal 0.756451 0.119811 0.642983
    outer loop
      vertex 4.175 24.55 1
      vertex 5.05926 24.3337 0
      vertex 5.025 24.55 0
    endloop
  endfacet
  facet normal 0.756451 0.119809 0.642983
    outer loop
      vertex 5.05926 24.3337 0
      vertex 4.175 24.55 1
      vertex 4.27778 23.9011 1
    endloop
  endfacet
  facet normal 0.541559 -0.541559 0.642983
    outer loop
      vertex 4.62858 25.946 1
      vertex 5.47111 25.6012 0
      vertex 5.09317 26.4106 1
    endloop
  endfacet
  facet normal 0.541558 -0.54156 0.642983
    outer loop
      vertex 5.47111 25.6012 0
      vertex 4.62858 25.946 1
      vertex 5.31625 25.4464 0
    endloop
  endfacet
  facet normal 0.682405 -0.347701 0.642984
    outer loop
      vertex 4.29124 25.2839 1
      vertex 5.21682 25.2512 0
      vertex 4.3303 25.3606 1
    endloop
  endfacet
  facet normal 0.682405 -0.347701 0.642984
    outer loop
      vertex 5.21682 25.2512 0
      vertex 4.29124 25.2839 1
      vertex 5.09964 25.0212 0
    endloop
  endfacet
  facet normal -0.756451 0.119807 0.642983
    outer loop
      vertex 8.075 24.55 0
      vertex 8.91154 24.465 1
      vertex 8.925 24.55 1
    endloop
  endfacet
  facet normal -0.756451 0.119811 0.642983
    outer loop
      vertex 8.91154 24.465 1
      vertex 8.075 24.55 0
      vertex 8.03462 24.2951 0
    endloop
  endfacet
  facet normal 0.347704 0.682404 0.642983
    outer loop
      vertex 5.84876 23.2168 0
      vertex 5.81608 22.2912 1
      vertex 6.07875 23.0996 0
    endloop
  endfacet
  facet normal 0.347701 0.682405 0.642984
    outer loop
      vertex 5.81608 22.2912 1
      vertex 5.84876 23.2168 0
      vertex 5.73942 22.3303 1
    endloop
  endfacet
  facet normal 0.541559 -0.541559 0.642983
    outer loop
      vertex 5.09317 26.4106 1
      vertex 5.65363 25.7838 0
      vertex 5.15401 26.4714 1
    endloop
  endfacet
  facet normal 0.541559 -0.541559 0.642983
    outer loop
      vertex 5.65363 25.7838 0
      vertex 5.09317 26.4106 1
      vertex 5.47111 25.6012 0
    endloop
  endfacet
  facet normal 0.347702 -0.682405 0.642983
    outer loop
      vertex 5.65363 25.7838 0
      vertex 5.73942 26.7697 1
      vertex 5.15401 26.4714 1
    endloop
  endfacet
  facet normal 0.347705 -0.682404 0.642982
    outer loop
      vertex 5.73942 26.7697 1
      vertex 5.65363 25.7838 0
      vertex 5.84876 25.8832 0
    endloop
  endfacet
  facet normal -0.119814 -0.756451 0.642983
    outer loop
      vertex 7.02125 26.0004 0
      vertex 6.63498 26.9115 1
      vertex 6.80494 26.0346 0
    endloop
  endfacet
  facet normal -0.119812 -0.756451 0.642983
    outer loop
      vertex 6.63498 26.9115 1
      vertex 7.02125 26.0004 0
      vertex 7.28391 26.8088 1
    endloop
  endfacet
  facet normal -0.3477 -0.682405 0.642983
    outer loop
      vertex 7.25123 25.8832 0
      vertex 7.28391 26.8088 1
      vertex 7.02125 26.0004 0
    endloop
  endfacet
  facet normal -0.347699 -0.682406 0.642983
    outer loop
      vertex 7.28391 26.8088 1
      vertex 7.25123 25.8832 0
      vertex 7.36058 26.7697 1
    endloop
  endfacet
  facet normal -0.682405 -0.347701 0.642983
    outer loop
      vertex 7.78375 25.4464 0
      vertex 8.7697 25.3606 1
      vertex 8.47142 25.946 1
    endloop
  endfacet
  facet normal -0.682405 -0.347701 0.642983
    outer loop
      vertex 8.7697 25.3606 1
      vertex 7.78375 25.4464 0
      vertex 7.88318 25.2512 0
    endloop
  endfacet
  facet normal -0.682404 -0.347704 0.642983
    outer loop
      vertex 7.88318 25.2512 0
      vertex 8.80876 25.2839 1
      vertex 8.7697 25.3606 1
    endloop
  endfacet
  facet normal -0.682405 -0.347701 0.642984
    outer loop
      vertex 8.80876 25.2839 1
      vertex 7.88318 25.2512 0
      vertex 8.00036 25.0212 0
    endloop
  endfacet
  facet normal 0.682403 0.347705 0.642983
    outer loop
      vertex 4.3303 23.7394 1
      vertex 5.31625 23.6536 0
      vertex 5.21682 23.8488 0
    endloop
  endfacet
  facet normal 0.682404 0.347702 0.642984
    outer loop
      vertex 5.31625 23.6536 0
      vertex 4.3303 23.7394 1
      vertex 4.62858 23.154 1
    endloop
  endfacet
  facet normal 0.54156 0.541558 0.642983
    outer loop
      vertex 5.31625 23.6536 0
      vertex 5.15401 22.6286 1
      vertex 5.65363 23.3162 0
    endloop
  endfacet
  facet normal 0.541559 0.541559 0.642984
    outer loop
      vertex 5.15401 22.6286 1
      vertex 5.31625 23.6536 0
      vertex 4.62858 23.154 1
    endloop
  endfacet
  facet normal 0.347699 0.682405 0.642984
    outer loop
      vertex 5.65363 23.3162 0
      vertex 5.73942 22.3303 1
      vertex 5.84876 23.2168 0
    endloop
  endfacet
  facet normal 0.347702 0.682405 0.642983
    outer loop
      vertex 5.73942 22.3303 1
      vertex 5.65363 23.3162 0
      vertex 5.15401 22.6286 1
    endloop
  endfacet
  facet normal 0.347701 -0.682405 0.642983
    outer loop
      vertex 5.84876 25.8832 0
      vertex 5.81608 26.8088 1
      vertex 5.73942 26.7697 1
    endloop
  endfacet
  facet normal 0.3477 -0.682406 0.642983
    outer loop
      vertex 5.81608 26.8088 1
      vertex 5.84876 25.8832 0
      vertex 6.07875 26.0004 0
    endloop
  endfacet
  facet normal 0.119812 -0.756451 0.642983
    outer loop
      vertex 6.07875 26.0004 0
      vertex 6.46502 26.9115 1
      vertex 5.81608 26.8088 1
    endloop
  endfacet
  facet normal 0.119814 -0.756451 0.642982
    outer loop
      vertex 6.46502 26.9115 1
      vertex 6.07875 26.0004 0
      vertex 6.29506 26.0346 0
    endloop
  endfacet
  facet normal -0.119799 -0.756452 0.642984
    outer loop
      vertex 6.55 26.075 0
      vertex 6.63498 26.9115 1
      vertex 6.55 26.925 1
    endloop
  endfacet
  facet normal -0.119805 -0.756451 0.642984
    outer loop
      vertex 6.63498 26.9115 1
      vertex 6.55 26.075 0
      vertex 6.80494 26.0346 0
    endloop
  endfacet
  facet normal -0.347702 0.682404 0.642984
    outer loop
      vertex 8.29637 14.0662 0
      vertex 8.21058 13.0803 1
      vertex 8.79599 13.3786 1
    endloop
  endfacet
  facet normal -0.347705 0.682404 0.642983
    outer loop
      vertex 8.21058 13.0803 1
      vertex 8.29637 14.0662 0
      vertex 8.10123 13.9668 0
    endloop
  endfacet
  facet normal -0.756451 -0.119811 0.642983
    outer loop
      vertex 9.775 15.3 1
      vertex 8.89074 15.5163 0
      vertex 8.925 15.3 0
    endloop
  endfacet
  facet normal -0.756451 -0.11981 0.642983
    outer loop
      vertex 8.89074 15.5163 0
      vertex 9.775 15.3 1
      vertex 9.67222 15.9489 1
    endloop
  endfacet
  facet normal -0.75645 -0.119816 0.642983
    outer loop
      vertex 8.85036 15.7713 0
      vertex 9.67222 15.9489 1
      vertex 9.65876 16.0339 1
    endloop
  endfacet
  facet normal -0.756451 -0.119811 0.642983
    outer loop
      vertex 9.67222 15.9489 1
      vertex 8.85036 15.7713 0
      vertex 8.89074 15.5163 0
    endloop
  endfacet
  facet normal -0.756451 0.119811 0.642983
    outer loop
      vertex 8.85036 14.8287 0
      vertex 9.67222 14.6511 1
      vertex 8.89074 15.0837 0
    endloop
  endfacet
  facet normal -0.75645 0.119816 0.642983
    outer loop
      vertex 9.67222 14.6511 1
      vertex 8.85036 14.8287 0
      vertex 9.65876 14.5661 1
    endloop
  endfacet
  facet normal 0.682405 0.347701 0.642984
    outer loop
      vertex 5.14124 14.5661 1
      vertex 6.04907 14.6336 0
      vertex 5.94964 14.8287 0
    endloop
  endfacet
  facet normal 0.682404 0.347703 0.642983
    outer loop
      vertex 6.04907 14.6336 0
      vertex 5.14124 14.5661 1
      vertex 5.43952 13.9807 1
    endloop
  endfacet
  facet normal 0.347702 -0.682405 0.642983
    outer loop
      vertex 6.73361 16.6509 0
      vertex 6.66608 17.5588 1
      vertex 6.08067 17.2605 1
    endloop
  endfacet
  facet normal 0.347704 -0.682404 0.642983
    outer loop
      vertex 6.66608 17.5588 1
      vertex 6.73361 16.6509 0
      vertex 6.92875 16.7504 0
    endloop
  endfacet
  facet normal -0.682404 0.347705 0.642983
    outer loop
      vertex 8.63375 14.4036 0
      vertex 9.6197 14.4894 1
      vertex 8.73318 14.5988 0
    endloop
  endfacet
  facet normal -0.682404 0.347702 0.642984
    outer loop
      vertex 9.6197 14.4894 1
      vertex 8.63375 14.4036 0
      vertex 9.32141 13.904 1
    endloop
  endfacet
  facet normal -0.756451 0.119811 0.642983
    outer loop
      vertex 8.89074 15.0837 0
      vertex 9.775 15.3 1
      vertex 8.925 15.3 0
    endloop
  endfacet
  facet normal -0.756451 0.11981 0.642983
    outer loop
      vertex 9.775 15.3 1
      vertex 8.89074 15.0837 0
      vertex 9.67222 14.6511 1
    endloop
  endfacet
  facet normal -0.119816 0.75645 0.642983
    outer loop
      vertex 7.87125 13.8496 0
      vertex 8.04893 13.0278 1
      vertex 8.13391 13.0412 1
    endloop
  endfacet
  facet normal -0.119808 0.756451 0.642983
    outer loop
      vertex 8.04893 13.0278 1
      vertex 7.87125 13.8496 0
      vertex 7.61631 13.8093 0
    endloop
  endfacet
  facet normal 0.756451 -0.11981 0.642983
    outer loop
      vertex 5.03846 15.385 1
      vertex 5.94964 15.7713 0
      vertex 5.14124 16.0339 1
    endloop
  endfacet
  facet normal 0.756451 -0.119811 0.642983
    outer loop
      vertex 5.94964 15.7713 0
      vertex 5.03846 15.385 1
      vertex 5.91538 15.5549 0
    endloop
  endfacet
  facet normal -0.541559 0.541559 0.642984
    outer loop
      vertex 8.63375 14.4036 0
      vertex 8.79599 13.3786 1
      vertex 9.32141 13.904 1
    endloop
  endfacet
  facet normal -0.541559 0.541559 0.642984
    outer loop
      vertex 8.79599 13.3786 1
      vertex 8.63375 14.4036 0
      vertex 8.29637 14.0662 0
    endloop
  endfacet
  facet normal -0.347701 0.682405 0.642983
    outer loop
      vertex 8.10123 13.9668 0
      vertex 8.13391 13.0412 1
      vertex 8.21058 13.0803 1
    endloop
  endfacet
  facet normal -0.347702 0.682405 0.642983
    outer loop
      vertex 8.13391 13.0412 1
      vertex 8.10123 13.9668 0
      vertex 7.87125 13.8496 0
    endloop
  endfacet
  facet normal 0.119808 0.756451 0.642983
    outer loop
      vertex 6.92875 13.8496 0
      vertex 6.75106 13.0278 1
      vertex 7.18369 13.8093 0
    endloop
  endfacet
  facet normal 0.119816 0.75645 0.642983
    outer loop
      vertex 6.75106 13.0278 1
      vertex 6.92875 13.8496 0
      vertex 6.66608 13.0412 1
    endloop
  endfacet
  facet normal 0.119811 0.756451 0.642983
    outer loop
      vertex 7.18369 13.8093 0
      vertex 7.4 12.925 1
      vertex 7.4 13.775 0
    endloop
  endfacet
  facet normal 0.119809 0.756451 0.642983
    outer loop
      vertex 7.4 12.925 1
      vertex 7.18369 13.8093 0
      vertex 6.75106 13.0278 1
    endloop
  endfacet
  facet normal -0.119809 0.756451 0.642983
    outer loop
      vertex 7.61631 13.8093 0
      vertex 7.4 12.925 1
      vertex 8.04893 13.0278 1
    endloop
  endfacet
  facet normal -0.119811 0.756451 0.642983
    outer loop
      vertex 7.4 12.925 1
      vertex 7.61631 13.8093 0
      vertex 7.4 13.775 0
    endloop
  endfacet
  facet normal -0.347705 -0.682404 0.642982
    outer loop
      vertex 8.29637 16.5338 0
      vertex 8.21058 17.5197 1
      vertex 8.10123 16.6332 0
    endloop
  endfacet
  facet normal -0.347702 -0.682405 0.642983
    outer loop
      vertex 8.21058 17.5197 1
      vertex 8.29637 16.5338 0
      vertex 8.79599 17.2214 1
    endloop
  endfacet
  facet normal 0.756451 0.119807 0.642983
    outer loop
      vertex 5.03846 15.215 1
      vertex 5.875 15.3 0
      vertex 5.025 15.3 1
    endloop
  endfacet
  facet normal 0.756451 0.119811 0.642983
    outer loop
      vertex 5.875 15.3 0
      vertex 5.03846 15.215 1
      vertex 5.91538 15.0451 0
    endloop
  endfacet
  facet normal 0.756451 0.119811 0.642983
    outer loop
      vertex 5.03846 15.215 1
      vertex 5.94964 14.8287 0
      vertex 5.91538 15.0451 0
    endloop
  endfacet
  facet normal 0.756451 0.11981 0.642983
    outer loop
      vertex 5.94964 14.8287 0
      vertex 5.03846 15.215 1
      vertex 5.14124 14.5661 1
    endloop
  endfacet
  facet normal -0.682405 0.347702 0.642983
    outer loop
      vertex 8.73318 14.5988 0
      vertex 9.65876 14.5661 1
      vertex 8.85036 14.8287 0
    endloop
  endfacet
  facet normal -0.682405 0.347701 0.642983
    outer loop
      vertex 9.65876 14.5661 1
      vertex 8.73318 14.5988 0
      vertex 9.6197 14.4894 1
    endloop
  endfacet
  facet normal 0.347703 0.682404 0.642983
    outer loop
      vertex 6.50363 14.0662 0
      vertex 6.08067 13.3395 1
      vertex 6.73361 13.9491 0
    endloop
  endfacet
  facet normal 0.347701 0.682405 0.642983
    outer loop
      vertex 6.08067 13.3395 1
      vertex 6.50363 14.0662 0
      vertex 6.00401 13.3786 1
    endloop
  endfacet
  facet normal 0.347704 0.682404 0.642983
    outer loop
      vertex 6.73361 13.9491 0
      vertex 6.66608 13.0412 1
      vertex 6.92875 13.8496 0
    endloop
  endfacet
  facet normal 0.347702 0.682405 0.642983
    outer loop
      vertex 6.66608 13.0412 1
      vertex 6.73361 13.9491 0
      vertex 6.08067 13.3395 1
    endloop
  endfacet
  facet normal 0.541559 0.541559 0.642983
    outer loop
      vertex 6.16625 14.4036 0
      vertex 6.00401 13.3786 1
      vertex 6.50363 14.0662 0
    endloop
  endfacet
  facet normal 0.541559 0.541559 0.642984
    outer loop
      vertex 6.00401 13.3786 1
      vertex 6.16625 14.4036 0
      vertex 5.47858 13.904 1
    endloop
  endfacet
  facet normal 0.682402 0.347705 0.642984
    outer loop
      vertex 5.43952 13.9807 1
      vertex 6.16625 14.4036 0
      vertex 6.04907 14.6336 0
    endloop
  endfacet
  facet normal 0.682407 0.347698 0.642983
    outer loop
      vertex 6.16625 14.4036 0
      vertex 5.43952 13.9807 1
      vertex 5.47858 13.904 1
    endloop
  endfacet
  facet normal -0.541559 -0.541559 0.642984
    outer loop
      vertex 8.29637 16.5338 0
      vertex 8.85683 17.1606 1
      vertex 8.79599 17.2214 1
    endloop
  endfacet
  facet normal -0.541559 -0.541559 0.642984
    outer loop
      vertex 8.85683 17.1606 1
      vertex 8.29637 16.5338 0
      vertex 8.47889 16.3512 0
    endloop
  endfacet
  facet normal -0.119814 -0.756451 0.642982
    outer loop
      vertex 7.87125 16.7504 0
      vertex 7.48498 17.6615 1
      vertex 7.65494 16.7846 0
    endloop
  endfacet
  facet normal -0.119812 -0.756451 0.642983
    outer loop
      vertex 7.48498 17.6615 1
      vertex 7.87125 16.7504 0
      vertex 8.13391 17.5588 1
    endloop
  endfacet
  facet normal 0.119812 -0.756451 0.642983
    outer loop
      vertex 6.92875 16.7504 0
      vertex 7.31502 17.6615 1
      vertex 6.66608 17.5588 1
    endloop
  endfacet
  facet normal 0.119814 -0.756451 0.642983
    outer loop
      vertex 7.31502 17.6615 1
      vertex 6.92875 16.7504 0
      vertex 7.14506 16.7846 0
    endloop
  endfacet
  facet normal 0.541559 -0.541559 0.642983
    outer loop
      vertex 5.94317 17.1606 1
      vertex 6.50363 16.5338 0
      vertex 6.00401 17.2214 1
    endloop
  endfacet
  facet normal 0.541559 -0.541559 0.642983
    outer loop
      vertex 6.50363 16.5338 0
      vertex 5.94317 17.1606 1
      vertex 6.32111 16.3512 0
    endloop
  endfacet
  facet normal 0.682404 -0.347703 0.642983
    outer loop
      vertex 5.14124 16.0339 1
      vertex 6.04907 15.9664 0
      vertex 5.43952 16.6193 1
    endloop
  endfacet
  facet normal 0.682405 -0.347701 0.642983
    outer loop
      vertex 6.04907 15.9664 0
      vertex 5.14124 16.0339 1
      vertex 5.94964 15.7713 0
    endloop
  endfacet
  facet normal 0.347701 -0.682405 0.642983
    outer loop
      vertex 6.50363 16.5338 0
      vertex 6.08067 17.2605 1
      vertex 6.00401 17.2214 1
    endloop
  endfacet
  facet normal 0.347701 -0.682405 0.642983
    outer loop
      vertex 6.08067 17.2605 1
      vertex 6.50363 16.5338 0
      vertex 6.73361 16.6509 0
    endloop
  endfacet
  facet normal 0.756451 -0.119807 0.642983
    outer loop
      vertex 5.875 15.3 0
      vertex 5.03846 15.385 1
      vertex 5.025 15.3 1
    endloop
  endfacet
  facet normal 0.756451 -0.119811 0.642983
    outer loop
      vertex 5.03846 15.385 1
      vertex 5.875 15.3 0
      vertex 5.91538 15.5549 0
    endloop
  endfacet
  facet normal -0.541559 -0.541559 0.642984
    outer loop
      vertex 8.47889 16.3512 0
      vertex 9.32141 16.696 1
      vertex 8.85683 17.1606 1
    endloop
  endfacet
  facet normal -0.541558 -0.541561 0.642983
    outer loop
      vertex 9.32141 16.696 1
      vertex 8.47889 16.3512 0
      vertex 8.63375 16.1964 0
    endloop
  endfacet
  facet normal 0.119805 -0.756451 0.642984
    outer loop
      vertex 7.4 16.825 0
      vertex 7.31502 17.6615 1
      vertex 7.14506 16.7846 0
    endloop
  endfacet
  facet normal 0.119799 -0.756452 0.642984
    outer loop
      vertex 7.31502 17.6615 1
      vertex 7.4 16.825 0
      vertex 7.4 17.675 1
    endloop
  endfacet
  facet normal 0.682407 -0.347698 0.642983
    outer loop
      vertex 5.43952 16.6193 1
      vertex 6.16625 16.1964 0
      vertex 5.47858 16.696 1
    endloop
  endfacet
  facet normal 0.682403 -0.347704 0.642983
    outer loop
      vertex 6.16625 16.1964 0
      vertex 5.43952 16.6193 1
      vertex 6.04907 15.9664 0
    endloop
  endfacet
  facet normal 0.541559 -0.541559 0.642983
    outer loop
      vertex 5.47858 16.696 1
      vertex 6.32111 16.3512 0
      vertex 5.94317 17.1606 1
    endloop
  endfacet
  facet normal 0.541558 -0.54156 0.642983
    outer loop
      vertex 6.32111 16.3512 0
      vertex 5.47858 16.696 1
      vertex 6.16625 16.1964 0
    endloop
  endfacet
  facet normal -0.682404 -0.347702 0.642983
    outer loop
      vertex 8.63375 16.1964 0
      vertex 9.6197 16.1106 1
      vertex 9.32141 16.696 1
    endloop
  endfacet
  facet normal -0.682404 -0.347702 0.642983
    outer loop
      vertex 9.6197 16.1106 1
      vertex 8.63375 16.1964 0
      vertex 8.73318 16.0012 0
    endloop
  endfacet
  facet normal -0.682406 -0.347697 0.642984
    outer loop
      vertex 8.73318 16.0012 0
      vertex 9.65876 16.0339 1
      vertex 9.6197 16.1106 1
    endloop
  endfacet
  facet normal -0.682404 -0.347703 0.642983
    outer loop
      vertex 9.65876 16.0339 1
      vertex 8.73318 16.0012 0
      vertex 8.85036 15.7713 0
    endloop
  endfacet
  facet normal -0.3477 -0.682406 0.642983
    outer loop
      vertex 8.10123 16.6332 0
      vertex 8.13391 17.5588 1
      vertex 7.87125 16.7504 0
    endloop
  endfacet
  facet normal -0.347701 -0.682405 0.642983
    outer loop
      vertex 8.13391 17.5588 1
      vertex 8.10123 16.6332 0
      vertex 8.21058 17.5197 1
    endloop
  endfacet
  facet normal -0.1198 -0.756452 0.642984
    outer loop
      vertex 7.4 16.825 0
      vertex 7.48498 17.6615 1
      vertex 7.4 17.675 1
    endloop
  endfacet
  facet normal -0.119805 -0.756451 0.642984
    outer loop
      vertex 7.48498 17.6615 1
      vertex 7.4 16.825 0
      vertex 7.65494 16.7846 0
    endloop
  endfacet
  facet normal -0.756451 -0.119811 0.642984
    outer loop
      vertex 11.975 7.9 0
      vertex 12.8115 7.98498 1
      vertex 11.9346 8.15494 0
    endloop
  endfacet
  facet normal -0.756451 -0.119808 0.642984
    outer loop
      vertex 12.8115 7.98498 1
      vertex 11.975 7.9 0
      vertex 12.825 7.9 1
    endloop
  endfacet
  facet normal 0.756451 0.119807 0.642983
    outer loop
      vertex 8.08846 7.81502 1
      vertex 8.925 7.9 0
      vertex 8.075 7.9 1
    endloop
  endfacet
  facet normal 0.756451 0.119811 0.642983
    outer loop
      vertex 8.925 7.9 0
      vertex 8.08846 7.81502 1
      vertex 8.96538 7.64506 0
    endloop
  endfacet
  facet normal -0.756451 0.119811 0.642984
    outer loop
      vertex 11.9004 7.42875 0
      vertex 12.8115 7.81502 1
      vertex 11.9346 7.64506 0
    endloop
  endfacet
  facet normal -0.756451 0.11981 0.642984
    outer loop
      vertex 12.8115 7.81502 1
      vertex 11.9004 7.42875 0
      vertex 12.7088 7.16608 1
    endloop
  endfacet
  facet normal -0.347701 0.682405 0.642983
    outer loop
      vertex 11.3464 6.66625 0
      vertex 11.7693 5.93952 1
      vertex 11.846 5.97858 1
    endloop
  endfacet
  facet normal -0.347704 0.682403 0.642983
    outer loop
      vertex 11.7693 5.93952 1
      vertex 11.3464 6.66625 0
      vertex 11.1164 6.54907 0
    endloop
  endfacet
  facet normal 0.11981 -0.756451 0.642983
    outer loop
      vertex 10.2337 9.39074 0
      vertex 10.45 10.275 1
      vertex 9.80106 10.1722 1
    endloop
  endfacet
  facet normal 0.119811 -0.756451 0.642983
    outer loop
      vertex 10.45 10.275 1
      vertex 10.2337 9.39074 0
      vertex 10.45 9.425 0
    endloop
  endfacet
  facet normal -0.756451 -0.119811 0.642984
    outer loop
      vertex 12.8115 7.98498 1
      vertex 11.9004 8.37125 0
      vertex 11.9346 8.15494 0
    endloop
  endfacet
  facet normal -0.756451 -0.11981 0.642984
    outer loop
      vertex 11.9004 8.37125 0
      vertex 12.8115 7.98498 1
      vertex 12.7088 8.63391 1
    endloop
  endfacet
  facet normal -0.682404 0.347703 0.642983
    outer loop
      vertex 11.6838 7.00363 0
      vertex 12.4105 6.58067 1
      vertex 11.8009 7.23361 0
    endloop
  endfacet
  facet normal -0.682405 0.347701 0.642983
    outer loop
      vertex 12.4105 6.58067 1
      vertex 11.6838 7.00363 0
      vertex 12.3714 6.50401 1
    endloop
  endfacet
  facet normal -0.119811 0.756451 0.642983
    outer loop
      vertex 10.45 6.375 0
      vertex 10.535 5.53846 1
      vertex 10.7049 6.41538 0
    endloop
  endfacet
  facet normal -0.119809 0.756451 0.642983
    outer loop
      vertex 10.535 5.53846 1
      vertex 10.45 6.375 0
      vertex 10.45 5.525 1
    endloop
  endfacet
  facet normal 0.119811 0.756451 0.642983
    outer loop
      vertex 9.97875 6.44964 0
      vertex 10.365 5.53846 1
      vertex 10.1951 6.41538 0
    endloop
  endfacet
  facet normal 0.11981 0.756451 0.642983
    outer loop
      vertex 10.365 5.53846 1
      vertex 9.97875 6.44964 0
      vertex 9.71608 5.64124 1
    endloop
  endfacet
  facet normal 0.682404 0.347703 0.642983
    outer loop
      vertex 8.48952 6.58067 1
      vertex 9.21625 7.00363 0
      vertex 9.09907 7.23361 0
    endloop
  endfacet
  facet normal 0.682405 0.347701 0.642983
    outer loop
      vertex 9.21625 7.00363 0
      vertex 8.48952 6.58067 1
      vertex 8.52858 6.50401 1
    endloop
  endfacet
  facet normal 0.541559 0.541559 0.642984
    outer loop
      vertex 9.21625 7.00363 0
      vertex 8.58942 6.44317 1
      vertex 9.39876 6.82111 0
    endloop
  endfacet
  facet normal 0.541559 0.541559 0.642984
    outer loop
      vertex 8.58942 6.44317 1
      vertex 9.21625 7.00363 0
      vertex 8.52858 6.50401 1
    endloop
  endfacet
  facet normal 0.682404 -0.347702 0.642984
    outer loop
      vertex 8.2303 8.71058 1
      vertex 9.21625 8.79637 0
      vertex 8.52858 9.29599 1
    endloop
  endfacet
  facet normal 0.682404 -0.347702 0.642984
    outer loop
      vertex 9.21625 8.79637 0
      vertex 8.2303 8.71058 1
      vertex 9.11682 8.60123 0
    endloop
  endfacet
  facet normal 0.682405 -0.347701 0.642984
    outer loop
      vertex 8.19124 8.63391 1
      vertex 9.11682 8.60123 0
      vertex 8.2303 8.71058 1
    endloop
  endfacet
  facet normal 0.682404 -0.347702 0.642983
    outer loop
      vertex 9.11682 8.60123 0
      vertex 8.19124 8.63391 1
      vertex 8.99964 8.37125 0
    endloop
  endfacet
  facet normal 0.756451 -0.11981 0.642983
    outer loop
      vertex 8.08846 7.98498 1
      vertex 8.99964 8.37125 0
      vertex 8.19124 8.63391 1
    endloop
  endfacet
  facet normal 0.756451 -0.119811 0.642983
    outer loop
      vertex 8.99964 8.37125 0
      vertex 8.08846 7.98498 1
      vertex 8.96538 8.15494 0
    endloop
  endfacet
  facet normal -0.541558 -0.541559 0.642984
    outer loop
      vertex 11.846 9.82141 1
      vertex 11.6838 8.79637 0
      vertex 12.3714 9.29599 1
    endloop
  endfacet
  facet normal -0.54156 -0.541558 0.642983
    outer loop
      vertex 11.6838 8.79637 0
      vertex 11.846 9.82141 1
      vertex 11.3464 9.13375 0
    endloop
  endfacet
  facet normal -0.119811 -0.756451 0.642983
    outer loop
      vertex 10.6663 9.39074 0
      vertex 10.45 10.275 1
      vertex 10.45 9.425 0
    endloop
  endfacet
  facet normal -0.11981 -0.756451 0.642983
    outer loop
      vertex 10.45 10.275 1
      vertex 10.6663 9.39074 0
      vertex 11.0989 10.1722 1
    endloop
  endfacet
  facet normal -0.682404 -0.347702 0.642984
    outer loop
      vertex 11.6838 8.79637 0
      vertex 12.6697 8.71058 1
      vertex 12.3714 9.29599 1
    endloop
  endfacet
  facet normal -0.682404 -0.347705 0.642983
    outer loop
      vertex 12.6697 8.71058 1
      vertex 11.6838 8.79637 0
      vertex 11.7832 8.60123 0
    endloop
  endfacet
  facet normal -0.682402 -0.347708 0.642982
    outer loop
      vertex 11.7832 8.60123 0
      vertex 12.7088 8.63391 1
      vertex 12.6697 8.71058 1
    endloop
  endfacet
  facet normal -0.682405 -0.3477 0.642984
    outer loop
      vertex 12.7088 8.63391 1
      vertex 11.7832 8.60123 0
      vertex 11.9004 8.37125 0
    endloop
  endfacet
  facet normal -0.756451 0.119807 0.642984
    outer loop
      vertex 11.975 7.9 0
      vertex 12.8115 7.81502 1
      vertex 12.825 7.9 1
    endloop
  endfacet
  facet normal -0.756451 0.119811 0.642984
    outer loop
      vertex 12.8115 7.81502 1
      vertex 11.975 7.9 0
      vertex 11.9346 7.64506 0
    endloop
  endfacet
  facet normal -0.682404 0.347701 0.642984
    outer loop
      vertex 11.8009 7.23361 0
      vertex 12.7088 7.16608 1
      vertex 11.9004 7.42875 0
    endloop
  endfacet
  facet normal -0.682404 0.347703 0.642983
    outer loop
      vertex 12.7088 7.16608 1
      vertex 11.8009 7.23361 0
      vertex 12.4105 6.58067 1
    endloop
  endfacet
  facet normal -0.347703 0.682404 0.642983
    outer loop
      vertex 11.1164 6.54907 0
      vertex 11.1839 5.64124 1
      vertex 11.7693 5.93952 1
    endloop
  endfacet
  facet normal -0.347701 0.682405 0.642984
    outer loop
      vertex 11.1839 5.64124 1
      vertex 11.1164 6.54907 0
      vertex 10.9213 6.44964 0
    endloop
  endfacet
  facet normal -0.11981 0.756451 0.642983
    outer loop
      vertex 10.9213 6.44964 0
      vertex 10.535 5.53846 1
      vertex 11.1839 5.64124 1
    endloop
  endfacet
  facet normal -0.119811 0.756451 0.642983
    outer loop
      vertex 10.535 5.53846 1
      vertex 10.9213 6.44964 0
      vertex 10.7049 6.41538 0
    endloop
  endfacet
  facet normal 0.682405 0.347701 0.642983
    outer loop
      vertex 8.19124 7.16608 1
      vertex 9.09907 7.23361 0
      vertex 8.99964 7.42875 0
    endloop
  endfacet
  facet normal 0.682405 0.347702 0.642983
    outer loop
      vertex 9.09907 7.23361 0
      vertex 8.19124 7.16608 1
      vertex 8.48952 6.58067 1
    endloop
  endfacet
  facet normal 0.756451 0.119811 0.642983
    outer loop
      vertex 8.08846 7.81502 1
      vertex 8.99964 7.42875 0
      vertex 8.96538 7.64506 0
    endloop
  endfacet
  facet normal 0.756451 0.11981 0.642983
    outer loop
      vertex 8.99964 7.42875 0
      vertex 8.08846 7.81502 1
      vertex 8.19124 7.16608 1
    endloop
  endfacet
  facet normal 0.347702 0.682404 0.642983
    outer loop
      vertex 9.78361 6.54907 0
      vertex 9.71608 5.64124 1
      vertex 9.97875 6.44964 0
    endloop
  endfacet
  facet normal 0.347703 0.682404 0.642983
    outer loop
      vertex 9.71608 5.64124 1
      vertex 9.78361 6.54907 0
      vertex 9.13067 5.93952 1
    endloop
  endfacet
  facet normal 0.541559 -0.541559 0.642984
    outer loop
      vertex 8.58942 9.35683 1
      vertex 9.21625 8.79637 0
      vertex 9.39876 8.97889 0
    endloop
  endfacet
  facet normal 0.541559 -0.541559 0.642984
    outer loop
      vertex 9.21625 8.79637 0
      vertex 8.58942 9.35683 1
      vertex 8.52858 9.29599 1
    endloop
  endfacet
  facet normal -0.119811 -0.756451 0.642983
    outer loop
      vertex 10.9213 9.35036 0
      vertex 11.0989 10.1722 1
      vertex 10.6663 9.39074 0
    endloop
  endfacet
  facet normal -0.119817 -0.75645 0.642984
    outer loop
      vertex 11.0989 10.1722 1
      vertex 10.9213 9.35036 0
      vertex 11.1839 10.1588 1
    endloop
  endfacet
  facet normal -0.541559 0.541559 0.642983
    outer loop
      vertex 11.6838 7.00363 0
      vertex 11.846 5.97858 1
      vertex 12.3714 6.50401 1
    endloop
  endfacet
  facet normal -0.54156 0.541559 0.642983
    outer loop
      vertex 11.846 5.97858 1
      vertex 11.6838 7.00363 0
      vertex 11.3464 6.66625 0
    endloop
  endfacet
  facet normal 0.119807 0.756451 0.642983
    outer loop
      vertex 10.45 6.375 0
      vertex 10.365 5.53846 1
      vertex 10.45 5.525 1
    endloop
  endfacet
  facet normal 0.119811 0.756451 0.642983
    outer loop
      vertex 10.365 5.53846 1
      vertex 10.45 6.375 0
      vertex 10.1951 6.41538 0
    endloop
  endfacet
  facet normal 0.347701 -0.682405 0.642983
    outer loop
      vertex 9.74876 9.23318 0
      vertex 9.71608 10.1588 1
      vertex 9.63942 10.1197 1
    endloop
  endfacet
  facet normal 0.347702 -0.682405 0.642983
    outer loop
      vertex 9.71608 10.1588 1
      vertex 9.74876 9.23318 0
      vertex 9.97875 9.35036 0
    endloop
  endfacet
  facet normal 0.119817 -0.75645 0.642983
    outer loop
      vertex 9.97875 9.35036 0
      vertex 9.80106 10.1722 1
      vertex 9.71608 10.1588 1
    endloop
  endfacet
  facet normal 0.11981 -0.756451 0.642983
    outer loop
      vertex 9.80106 10.1722 1
      vertex 9.97875 9.35036 0
      vertex 10.2337 9.39074 0
    endloop
  endfacet
  facet normal 0.347702 -0.682404 0.642983
    outer loop
      vertex 9.55363 9.13375 0
      vertex 9.63942 10.1197 1
      vertex 9.05401 9.82141 1
    endloop
  endfacet
  facet normal 0.347705 -0.682404 0.642982
    outer loop
      vertex 9.63942 10.1197 1
      vertex 9.55363 9.13375 0
      vertex 9.74876 9.23318 0
    endloop
  endfacet
  facet normal 0.541559 -0.541559 0.642984
    outer loop
      vertex 9.05401 9.82141 1
      vertex 9.39876 8.97889 0
      vertex 9.55363 9.13375 0
    endloop
  endfacet
  facet normal 0.541558 -0.541559 0.642984
    outer loop
      vertex 9.39876 8.97889 0
      vertex 9.05401 9.82141 1
      vertex 8.58942 9.35683 1
    endloop
  endfacet
  facet normal 0.756451 -0.119808 0.642983
    outer loop
      vertex 8.925 7.9 0
      vertex 8.08846 7.98498 1
      vertex 8.075 7.9 1
    endloop
  endfacet
  facet normal 0.756451 -0.119811 0.642983
    outer loop
      vertex 8.08846 7.98498 1
      vertex 8.925 7.9 0
      vertex 8.96538 8.15494 0
    endloop
  endfacet
  facet normal -0.347702 -0.682405 0.642983
    outer loop
      vertex 11.1512 9.23318 0
      vertex 11.1839 10.1588 1
      vertex 10.9213 9.35036 0
    endloop
  endfacet
  facet normal -0.347701 -0.682405 0.642983
    outer loop
      vertex 11.1839 10.1588 1
      vertex 11.1512 9.23318 0
      vertex 11.2606 10.1197 1
    endloop
  endfacet
  facet normal -0.347704 -0.682404 0.642983
    outer loop
      vertex 11.3464 9.13375 0
      vertex 11.2606 10.1197 1
      vertex 11.1512 9.23318 0
    endloop
  endfacet
  facet normal -0.347702 -0.682404 0.642983
    outer loop
      vertex 11.2606 10.1197 1
      vertex 11.3464 9.13375 0
      vertex 11.846 9.82141 1
    endloop
  endfacet
  facet normal 0.347704 0.682403 0.642984
    outer loop
      vertex 9.55363 6.66625 0
      vertex 9.13067 5.93952 1
      vertex 9.78361 6.54907 0
    endloop
  endfacet
  facet normal 0.347701 0.682405 0.642983
    outer loop
      vertex 9.13067 5.93952 1
      vertex 9.55363 6.66625 0
      vertex 9.05401 5.97858 1
    endloop
  endfacet
  facet normal 0.541558 0.54156 0.642984
    outer loop
      vertex 9.39876 6.82111 0
      vertex 9.05401 5.97858 1
      vertex 9.55363 6.66625 0
    endloop
  endfacet
  facet normal 0.541559 0.541559 0.642983
    outer loop
      vertex 9.05401 5.97858 1
      vertex 9.39876 6.82111 0
      vertex 8.58942 6.44317 1
    endloop
  endfacet
  facet normal -0.756451 -0.119811 0.642983
    outer loop
      vertex 23.955 4.1 0
      vertex 24.7915 4.18498 1
      vertex 23.9146 4.35494 0
    endloop
  endfacet
  facet normal -0.75645 -0.119816 0.642983
    outer loop
      vertex 24.7915 4.18498 1
      vertex 23.955 4.1 0
      vertex 24.805 4.1 1
    endloop
  endfacet
  facet normal -0.11981 0.756451 0.642983
    outer loop
      vertex 22.6463 2.60926 0
      vertex 22.43 1.725 1
      vertex 23.0789 1.82778 1
    endloop
  endfacet
  facet normal -0.119811 0.756451 0.642983
    outer loop
      vertex 22.43 1.725 1
      vertex 22.6463 2.60926 0
      vertex 22.43 2.575 0
    endloop
  endfacet
  facet normal -0.756451 0.119808 0.642984
    outer loop
      vertex 23.8804 3.62875 0
      vertex 24.7915 4.01502 1
      vertex 23.9146 3.84506 0
    endloop
  endfacet
  facet normal -0.756451 0.11981 0.642983
    outer loop
      vertex 24.7915 4.01502 1
      vertex 23.8804 3.62875 0
      vertex 24.6888 3.36608 1
    endloop
  endfacet
  facet normal -0.682405 -0.347702 0.642983
    outer loop
      vertex 23.7809 4.76639 0
      vertex 24.6888 4.83391 1
      vertex 24.3905 5.41933 1
    endloop
  endfacet
  facet normal -0.682404 -0.347704 0.642983
    outer loop
      vertex 24.6888 4.83391 1
      vertex 23.7809 4.76639 0
      vertex 23.8804 4.57125 0
    endloop
  endfacet
  facet normal 0.756452 0.1198 0.642983
    outer loop
      vertex 20.0685 4.01502 1
      vertex 20.905 4.1 0
      vertex 20.055 4.1 1
    endloop
  endfacet
  facet normal 0.756451 0.119811 0.642983
    outer loop
      vertex 20.905 4.1 0
      vertex 20.0685 4.01502 1
      vertex 20.9454 3.84506 0
    endloop
  endfacet
  facet normal -0.11981 -0.756451 0.642983
    outer loop
      vertex 22.43 5.625 0
      vertex 22.515 6.46154 1
      vertex 22.43 6.475 1
    endloop
  endfacet
  facet normal -0.119811 -0.756451 0.642983
    outer loop
      vertex 22.515 6.46154 1
      vertex 22.43 5.625 0
      vertex 22.6849 5.58462 0
    endloop
  endfacet
  facet normal -0.756451 -0.119808 0.642984
    outer loop
      vertex 24.7915 4.18498 1
      vertex 23.8804 4.57125 0
      vertex 23.9146 4.35494 0
    endloop
  endfacet
  facet normal -0.756451 -0.11981 0.642983
    outer loop
      vertex 23.8804 4.57125 0
      vertex 24.7915 4.18498 1
      vertex 24.6888 4.83391 1
    endloop
  endfacet
  facet normal -0.54156 0.541558 0.642983
    outer loop
      vertex 23.5089 3.04876 0
      vertex 24.3514 2.70401 1
      vertex 23.6637 3.20363 0
    endloop
  endfacet
  facet normal -0.541559 0.541559 0.642983
    outer loop
      vertex 24.3514 2.70401 1
      vertex 23.5089 3.04876 0
      vertex 23.8868 2.23942 1
    endloop
  endfacet
  facet normal -0.682403 0.347705 0.642983
    outer loop
      vertex 23.7632 3.39876 0
      vertex 24.6888 3.36608 1
      vertex 23.8804 3.62875 0
    endloop
  endfacet
  facet normal -0.682405 0.3477 0.642984
    outer loop
      vertex 24.6888 3.36608 1
      vertex 23.7632 3.39876 0
      vertex 24.6497 3.28942 1
    endloop
  endfacet
  facet normal -0.347703 0.682404 0.642984
    outer loop
      vertex 23.0964 2.74907 0
      vertex 23.1639 1.84124 1
      vertex 23.7493 2.13952 1
    endloop
  endfacet
  facet normal -0.347703 0.682404 0.642983
    outer loop
      vertex 23.1639 1.84124 1
      vertex 23.0964 2.74907 0
      vertex 22.9013 2.64964 0
    endloop
  endfacet
  facet normal -0.119812 0.756451 0.642984
    outer loop
      vertex 22.9013 2.64964 0
      vertex 23.0789 1.82778 1
      vertex 23.1639 1.84124 1
    endloop
  endfacet
  facet normal -0.119812 0.756451 0.642984
    outer loop
      vertex 23.0789 1.82778 1
      vertex 22.9013 2.64964 0
      vertex 22.6463 2.60926 0
    endloop
  endfacet
  facet normal 0.682404 0.347704 0.642983
    outer loop
      vertex 20.2103 3.28942 1
      vertex 21.1962 3.20363 0
      vertex 21.0968 3.39876 0
    endloop
  endfacet
  facet normal 0.682404 0.347704 0.642983
    outer loop
      vertex 21.1962 3.20363 0
      vertex 20.2103 3.28942 1
      vertex 20.5086 2.70401 1
    endloop
  endfacet
  facet normal 0.756451 -0.11981 0.642984
    outer loop
      vertex 20.0685 4.18498 1
      vertex 20.9796 4.57125 0
      vertex 20.1712 4.83391 1
    endloop
  endfacet
  facet normal 0.756451 -0.119814 0.642983
    outer loop
      vertex 20.9796 4.57125 0
      vertex 20.0685 4.18498 1
      vertex 20.9454 4.35494 0
    endloop
  endfacet
  facet normal -0.541559 -0.541559 0.642983
    outer loop
      vertex 23.5089 5.15123 0
      vertex 24.3514 5.49599 1
      vertex 23.8868 5.96058 1
    endloop
  endfacet
  facet normal -0.54156 -0.541558 0.642983
    outer loop
      vertex 24.3514 5.49599 1
      vertex 23.5089 5.15123 0
      vertex 23.6637 4.99637 0
    endloop
  endfacet
  facet normal -0.119811 -0.756451 0.642983
    outer loop
      vertex 22.9013 5.55036 0
      vertex 22.515 6.46154 1
      vertex 22.6849 5.58462 0
    endloop
  endfacet
  facet normal -0.11981 -0.756451 0.642983
    outer loop
      vertex 22.515 6.46154 1
      vertex 22.9013 5.55036 0
      vertex 23.1639 6.35876 1
    endloop
  endfacet
  facet normal -0.347704 -0.682403 0.642984
    outer loop
      vertex 23.3264 5.33375 0
      vertex 23.7493 6.06048 1
      vertex 23.0964 5.45093 0
    endloop
  endfacet
  facet normal -0.347704 -0.682403 0.642984
    outer loop
      vertex 23.7493 6.06048 1
      vertex 23.3264 5.33375 0
      vertex 23.826 6.02141 1
    endloop
  endfacet
  facet normal -0.682397 -0.347714 0.642984
    outer loop
      vertex 23.6637 4.99637 0
      vertex 24.3905 5.41933 1
      vertex 24.3514 5.49599 1
    endloop
  endfacet
  facet normal -0.682402 -0.347705 0.642984
    outer loop
      vertex 24.3905 5.41933 1
      vertex 23.6637 4.99637 0
      vertex 23.7809 4.76639 0
    endloop
  endfacet
  facet normal -0.75645 0.119816 0.642983
    outer loop
      vertex 23.955 4.1 0
      vertex 24.7915 4.01502 1
      vertex 24.805 4.1 1
    endloop
  endfacet
  facet normal -0.756451 0.119811 0.642983
    outer loop
      vertex 24.7915 4.01502 1
      vertex 23.955 4.1 0
      vertex 23.9146 3.84506 0
    endloop
  endfacet
  facet normal -0.682404 0.347704 0.642983
    outer loop
      vertex 23.6637 3.20363 0
      vertex 24.6497 3.28942 1
      vertex 23.7632 3.39876 0
    endloop
  endfacet
  facet normal -0.682404 0.347704 0.642983
    outer loop
      vertex 24.6497 3.28942 1
      vertex 23.6637 3.20363 0
      vertex 24.3514 2.70401 1
    endloop
  endfacet
  facet normal -0.347706 0.682402 0.642983
    outer loop
      vertex 23.3264 2.86625 0
      vertex 23.7493 2.13952 1
      vertex 23.826 2.17858 1
    endloop
  endfacet
  facet normal -0.347701 0.682405 0.642983
    outer loop
      vertex 23.7493 2.13952 1
      vertex 23.3264 2.86625 0
      vertex 23.0964 2.74907 0
    endloop
  endfacet
  facet normal 0.54156 0.541559 0.642983
    outer loop
      vertex 21.1962 3.20363 0
      vertex 21.034 2.17858 1
      vertex 21.5336 2.86625 0
    endloop
  endfacet
  facet normal 0.541559 0.541559 0.642983
    outer loop
      vertex 21.034 2.17858 1
      vertex 21.1962 3.20363 0
      vertex 20.5086 2.70401 1
    endloop
  endfacet
  facet normal 0.347704 -0.682403 0.642984
    outer loop
      vertex 21.5336 5.33375 0
      vertex 21.1107 6.06048 1
      vertex 21.034 6.02141 1
    endloop
  endfacet
  facet normal 0.347704 -0.682403 0.642984
    outer loop
      vertex 21.1107 6.06048 1
      vertex 21.5336 5.33375 0
      vertex 21.7636 5.45093 0
    endloop
  endfacet
  facet normal 0.11981 -0.756451 0.642983
    outer loop
      vertex 21.9587 5.55036 0
      vertex 22.345 6.46154 1
      vertex 21.6961 6.35876 1
    endloop
  endfacet
  facet normal 0.119811 -0.756451 0.642983
    outer loop
      vertex 22.345 6.46154 1
      vertex 21.9587 5.55036 0
      vertex 22.1751 5.58462 0
    endloop
  endfacet
  facet normal 0.756453 -0.119799 0.642983
    outer loop
      vertex 20.905 4.1 0
      vertex 20.0685 4.18498 1
      vertex 20.055 4.1 1
    endloop
  endfacet
  facet normal 0.756451 -0.119811 0.642983
    outer loop
      vertex 20.0685 4.18498 1
      vertex 20.905 4.1 0
      vertex 20.9454 4.35494 0
    endloop
  endfacet
  facet normal -0.347702 -0.682404 0.642983
    outer loop
      vertex 23.0964 5.45093 0
      vertex 23.1639 6.35876 1
      vertex 22.9013 5.55036 0
    endloop
  endfacet
  facet normal -0.347703 -0.682404 0.642983
    outer loop
      vertex 23.1639 6.35876 1
      vertex 23.0964 5.45093 0
      vertex 23.7493 6.06048 1
    endloop
  endfacet
  facet normal -0.541559 0.541559 0.642983
    outer loop
      vertex 23.3264 2.86625 0
      vertex 23.8868 2.23942 1
      vertex 23.5089 3.04876 0
    endloop
  endfacet
  facet normal -0.541559 0.541559 0.642983
    outer loop
      vertex 23.8868 2.23942 1
      vertex 23.3264 2.86625 0
      vertex 23.826 2.17858 1
    endloop
  endfacet
  facet normal 0.682405 0.3477 0.642984
    outer loop
      vertex 20.1712 3.36608 1
      vertex 21.0968 3.39876 0
      vertex 20.9796 3.62875 0
    endloop
  endfacet
  facet normal 0.682405 0.3477 0.642984
    outer loop
      vertex 21.0968 3.39876 0
      vertex 20.1712 3.36608 1
      vertex 20.2103 3.28942 1
    endloop
  endfacet
  facet normal 0.756451 0.119814 0.642982
    outer loop
      vertex 20.0685 4.01502 1
      vertex 20.9796 3.62875 0
      vertex 20.9454 3.84506 0
    endloop
  endfacet
  facet normal 0.756451 0.11981 0.642984
    outer loop
      vertex 20.9796 3.62875 0
      vertex 20.0685 4.01502 1
      vertex 20.1712 3.36608 1
    endloop
  endfacet
  facet normal 0.119812 0.756451 0.642984
    outer loop
      vertex 21.9587 2.64964 0
      vertex 21.7811 1.82778 1
      vertex 22.2137 2.60926 0
    endloop
  endfacet
  facet normal 0.119812 0.756451 0.642984
    outer loop
      vertex 21.7811 1.82778 1
      vertex 21.9587 2.64964 0
      vertex 21.6961 1.84124 1
    endloop
  endfacet
  facet normal 0.11981 0.756451 0.642983
    outer loop
      vertex 22.2137 2.60926 0
      vertex 22.43 1.725 1
      vertex 22.43 2.575 0
    endloop
  endfacet
  facet normal 0.11981 0.756451 0.642983
    outer loop
      vertex 22.43 1.725 1
      vertex 22.2137 2.60926 0
      vertex 21.7811 1.82778 1
    endloop
  endfacet
  facet normal 0.11981 -0.756451 0.642983
    outer loop
      vertex 22.43 5.625 0
      vertex 22.345 6.46154 1
      vertex 22.1751 5.58462 0
    endloop
  endfacet
  facet normal 0.119807 -0.756451 0.642983
    outer loop
      vertex 22.345 6.46154 1
      vertex 22.43 5.625 0
      vertex 22.43 6.475 1
    endloop
  endfacet
  facet normal 0.347703 -0.682404 0.642983
    outer loop
      vertex 21.7636 5.45093 0
      vertex 21.6961 6.35876 1
      vertex 21.1107 6.06048 1
    endloop
  endfacet
  facet normal 0.347702 -0.682404 0.642983
    outer loop
      vertex 21.6961 6.35876 1
      vertex 21.7636 5.45093 0
      vertex 21.9587 5.55036 0
    endloop
  endfacet
  facet normal 0.682403 -0.347704 0.642984
    outer loop
      vertex 20.1712 4.83391 1
      vertex 21.0791 4.76639 0
      vertex 20.4695 5.41933 1
    endloop
  endfacet
  facet normal 0.682403 -0.347704 0.642983
    outer loop
      vertex 21.0791 4.76639 0
      vertex 20.1712 4.83391 1
      vertex 20.9796 4.57125 0
    endloop
  endfacet
  facet normal -0.541559 -0.541559 0.642983
    outer loop
      vertex 23.3264 5.33375 0
      vertex 23.8868 5.96058 1
      vertex 23.826 6.02141 1
    endloop
  endfacet
  facet normal -0.541559 -0.541559 0.642983
    outer loop
      vertex 23.8868 5.96058 1
      vertex 23.3264 5.33375 0
      vertex 23.5089 5.15123 0
    endloop
  endfacet
  facet normal 0.347701 0.682405 0.642984
    outer loop
      vertex 21.5336 2.86625 0
      vertex 21.6194 1.8803 1
      vertex 21.7288 2.76682 0
    endloop
  endfacet
  facet normal 0.347703 0.682404 0.642983
    outer loop
      vertex 21.6194 1.8803 1
      vertex 21.5336 2.86625 0
      vertex 21.034 2.17858 1
    endloop
  endfacet
  facet normal 0.347704 0.682403 0.642983
    outer loop
      vertex 21.7288 2.76682 0
      vertex 21.6961 1.84124 1
      vertex 21.9587 2.64964 0
    endloop
  endfacet
  facet normal 0.347706 0.682403 0.642983
    outer loop
      vertex 21.6961 1.84124 1
      vertex 21.7288 2.76682 0
      vertex 21.6194 1.8803 1
    endloop
  endfacet
  facet normal 0.682405 -0.347701 0.642983
    outer loop
      vertex 20.4695 5.41933 1
      vertex 21.1962 4.99637 0
      vertex 20.5086 5.49599 1
    endloop
  endfacet
  facet normal 0.682405 -0.347701 0.642983
    outer loop
      vertex 21.1962 4.99637 0
      vertex 20.4695 5.41933 1
      vertex 21.0791 4.76639 0
    endloop
  endfacet
  facet normal 0.54156 -0.541559 0.642983
    outer loop
      vertex 21.034 6.02141 1
      vertex 21.1962 4.99637 0
      vertex 21.5336 5.33375 0
    endloop
  endfacet
  facet normal 0.541559 -0.541559 0.642983
    outer loop
      vertex 21.1962 4.99637 0
      vertex 21.034 6.02141 1
      vertex 20.5086 5.49599 1
    endloop
  endfacet
  facet normal -0.756451 0.11981 0.642983
    outer loop
      vertex 37.8704 4.97875 0
      vertex 38.6922 4.80106 1
      vertex 37.9107 5.23369 0
    endloop
  endfacet
  facet normal -0.756453 0.1198 0.642983
    outer loop
      vertex 38.6922 4.80106 1
      vertex 37.8704 4.97875 0
      vertex 38.6788 4.71608 1
    endloop
  endfacet
  facet normal -0.756452 -0.119808 0.642983
    outer loop
      vertex 38.795 5.45 1
      vertex 37.9107 5.66631 0
      vertex 37.945 5.45 0
    endloop
  endfacet
  facet normal -0.756452 -0.119808 0.642983
    outer loop
      vertex 37.9107 5.66631 0
      vertex 38.795 5.45 1
      vertex 38.6922 6.09894 1
    endloop
  endfacet
  facet normal -0.756453 -0.1198 0.642983
    outer loop
      vertex 37.8704 5.92125 0
      vertex 38.6922 6.09894 1
      vertex 38.6788 6.18392 1
    endloop
  endfacet
  facet normal -0.756451 -0.119811 0.642983
    outer loop
      vertex 38.6922 6.09894 1
      vertex 37.8704 5.92125 0
      vertex 37.9107 5.66631 0
    endloop
  endfacet
  facet normal 0.119811 -0.756451 0.642983
    outer loop
      vertex 35.9487 6.90036 0
      vertex 36.335 7.81154 1
      vertex 35.6861 7.70876 1
    endloop
  endfacet
  facet normal 0.119809 -0.75645 0.642984
    outer loop
      vertex 36.335 7.81154 1
      vertex 35.9487 6.90036 0
      vertex 36.1651 6.93462 0
    endloop
  endfacet
  facet normal -0.11981 0.756451 0.642983
    outer loop
      vertex 36.8913 3.99964 0
      vertex 36.505 3.08846 1
      vertex 37.1539 3.19124 1
    endloop
  endfacet
  facet normal -0.11981 0.756451 0.642983
    outer loop
      vertex 36.505 3.08846 1
      vertex 36.8913 3.99964 0
      vertex 36.6749 3.96538 0
    endloop
  endfacet
  facet normal 0.11981 0.756451 0.642983
    outer loop
      vertex 35.9487 3.99964 0
      vertex 36.335 3.08846 1
      vertex 36.1651 3.96538 0
    endloop
  endfacet
  facet normal 0.119811 0.756451 0.642983
    outer loop
      vertex 36.335 3.08846 1
      vertex 35.9487 3.99964 0
      vertex 35.6861 3.19124 1
    endloop
  endfacet
  facet normal -0.756452 0.119808 0.642983
    outer loop
      vertex 37.9107 5.23369 0
      vertex 38.795 5.45 1
      vertex 37.945 5.45 0
    endloop
  endfacet
  facet normal -0.756452 0.119808 0.642983
    outer loop
      vertex 38.795 5.45 1
      vertex 37.9107 5.23369 0
      vertex 38.6922 4.80106 1
    endloop
  endfacet
  facet normal -0.541551 -0.541568 0.642982
    outer loop
      vertex 38.2806 6.90683 1
      vertex 37.6538 6.34637 0
      vertex 38.3414 6.84599 1
    endloop
  endfacet
  facet normal -0.541557 -0.541562 0.642982
    outer loop
      vertex 37.6538 6.34637 0
      vertex 38.2806 6.90683 1
      vertex 37.4712 6.52889 0
    endloop
  endfacet
  facet normal 0.541556 0.541561 0.642984
    outer loop
      vertex 34.9632 3.58942 1
      vertex 35.5236 4.21625 0
      vertex 35.3411 4.39876 0
    endloop
  endfacet
  facet normal 0.54155 0.541567 0.642985
    outer loop
      vertex 35.5236 4.21625 0
      vertex 34.9632 3.58942 1
      vertex 35.024 3.52858 1
    endloop
  endfacet
  facet normal 0.347702 0.682404 0.642984
    outer loop
      vertex 35.5236 4.21625 0
      vertex 35.1007 3.48952 1
      vertex 35.7536 4.09907 0
    endloop
  endfacet
  facet normal 0.347706 0.682402 0.642984
    outer loop
      vertex 35.1007 3.48952 1
      vertex 35.5236 4.21625 0
      vertex 35.024 3.52858 1
    endloop
  endfacet
  facet normal 0.347703 0.682404 0.642983
    outer loop
      vertex 35.7536 4.09907 0
      vertex 35.6861 3.19124 1
      vertex 35.9487 3.99964 0
    endloop
  endfacet
  facet normal 0.347701 0.682405 0.642984
    outer loop
      vertex 35.6861 3.19124 1
      vertex 35.7536 4.09907 0
      vertex 35.1007 3.48952 1
    endloop
  endfacet
  facet normal 0.682403 0.347705 0.642983
    outer loop
      vertex 34.1612 4.71608 1
      vertex 35.0868 4.74876 0
      vertex 34.9696 4.97875 0
    endloop
  endfacet
  facet normal 0.6824 0.347713 0.642981
    outer loop
      vertex 35.0868 4.74876 0
      vertex 34.1612 4.71608 1
      vertex 34.2003 4.63942 1
    endloop
  endfacet
  facet normal -0.347701 -0.682405 0.642984
    outer loop
      vertex 37.1212 6.78318 0
      vertex 37.1539 7.70876 1
      vertex 36.8913 6.90036 0
    endloop
  endfacet
  facet normal -0.347708 -0.682403 0.642982
    outer loop
      vertex 37.1539 7.70876 1
      vertex 37.1212 6.78318 0
      vertex 37.2306 7.6697 1
    endloop
  endfacet
  facet normal -0.347707 0.682403 0.642982
    outer loop
      vertex 37.1212 4.11682 0
      vertex 37.1539 3.19124 1
      vertex 37.2306 3.2303 1
    endloop
  endfacet
  facet normal -0.347701 0.682405 0.642983
    outer loop
      vertex 37.1539 3.19124 1
      vertex 37.1212 4.11682 0
      vertex 36.8913 3.99964 0
    endloop
  endfacet
  facet normal -0.119809 0.756451 0.642983
    outer loop
      vertex 36.42 3.925 0
      vertex 36.505 3.08846 1
      vertex 36.6749 3.96538 0
    endloop
  endfacet
  facet normal -0.119809 0.756451 0.642983
    outer loop
      vertex 36.505 3.08846 1
      vertex 36.42 3.925 0
      vertex 36.42 3.075 1
    endloop
  endfacet
  facet normal -0.347701 0.682405 0.642984
    outer loop
      vertex 37.3164 4.21625 0
      vertex 37.2306 3.2303 1
      vertex 37.816 3.52858 1
    endloop
  endfacet
  facet normal -0.347704 0.682404 0.642983
    outer loop
      vertex 37.2306 3.2303 1
      vertex 37.3164 4.21625 0
      vertex 37.1212 4.11682 0
    endloop
  endfacet
  facet normal 0.541561 0.541557 0.642983
    outer loop
      vertex 34.4986 4.05401 1
      vertex 35.3411 4.39876 0
      vertex 35.1862 4.55363 0
    endloop
  endfacet
  facet normal 0.541561 0.541558 0.642983
    outer loop
      vertex 35.3411 4.39876 0
      vertex 34.4986 4.05401 1
      vertex 34.9632 3.58942 1
    endloop
  endfacet
  facet normal 0.682405 0.347699 0.642984
    outer loop
      vertex 34.2003 4.63942 1
      vertex 35.1862 4.55363 0
      vertex 35.0868 4.74876 0
    endloop
  endfacet
  facet normal 0.682405 0.347702 0.642983
    outer loop
      vertex 35.1862 4.55363 0
      vertex 34.2003 4.63942 1
      vertex 34.4986 4.05401 1
    endloop
  endfacet
  facet normal 0.682405 -0.347702 0.642983
    outer loop
      vertex 34.2003 6.26058 1
      vertex 35.1862 6.34637 0
      vertex 34.4986 6.84599 1
    endloop
  endfacet
  facet normal 0.682405 -0.347699 0.642984
    outer loop
      vertex 35.1862 6.34637 0
      vertex 34.2003 6.26058 1
      vertex 35.0868 6.15123 0
    endloop
  endfacet
  facet normal 0.756451 0.11981 0.642983
    outer loop
      vertex 34.1478 4.80106 1
      vertex 34.9696 4.97875 0
      vertex 34.9293 5.23369 0
    endloop
  endfacet
  facet normal 0.756453 0.1198 0.642983
    outer loop
      vertex 34.9696 4.97875 0
      vertex 34.1478 4.80106 1
      vertex 34.1612 4.71608 1
    endloop
  endfacet
  facet normal 0.119812 -0.75645 0.642984
    outer loop
      vertex 36.42 6.975 0
      vertex 36.335 7.81154 1
      vertex 36.1651 6.93462 0
    endloop
  endfacet
  facet normal 0.119807 -0.756451 0.642984
    outer loop
      vertex 36.335 7.81154 1
      vertex 36.42 6.975 0
      vertex 36.42 7.825 1
    endloop
  endfacet
  facet normal 0.119809 0.756451 0.642983
    outer loop
      vertex 36.42 3.925 0
      vertex 36.335 3.08846 1
      vertex 36.42 3.075 1
    endloop
  endfacet
  facet normal 0.119811 0.756451 0.642983
    outer loop
      vertex 36.335 3.08846 1
      vertex 36.42 3.925 0
      vertex 36.1651 3.96538 0
    endloop
  endfacet
  facet normal -0.682403 0.347705 0.642983
    outer loop
      vertex 37.7532 4.74876 0
      vertex 38.6788 4.71608 1
      vertex 37.8704 4.97875 0
    endloop
  endfacet
  facet normal -0.6824 0.347713 0.642981
    outer loop
      vertex 38.6788 4.71608 1
      vertex 37.7532 4.74876 0
      vertex 38.6397 4.63942 1
    endloop
  endfacet
  facet normal -0.682405 0.347699 0.642984
    outer loop
      vertex 37.6538 4.55363 0
      vertex 38.6397 4.63942 1
      vertex 37.7532 4.74876 0
    endloop
  endfacet
  facet normal -0.682405 0.347702 0.642983
    outer loop
      vertex 38.6397 4.63942 1
      vertex 37.6538 4.55363 0
      vertex 38.3414 4.05401 1
    endloop
  endfacet
  facet normal -0.541559 0.541559 0.642983
    outer loop
      vertex 37.6538 4.55363 0
      vertex 37.816 3.52858 1
      vertex 38.3414 4.05401 1
    endloop
  endfacet
  facet normal -0.541558 0.54156 0.642984
    outer loop
      vertex 37.816 3.52858 1
      vertex 37.6538 4.55363 0
      vertex 37.3164 4.21625 0
    endloop
  endfacet
  facet normal 0.347701 -0.682405 0.642984
    outer loop
      vertex 35.5236 6.68375 0
      vertex 35.6094 7.6697 1
      vertex 35.024 7.37142 1
    endloop
  endfacet
  facet normal 0.347705 -0.682404 0.642982
    outer loop
      vertex 35.6094 7.6697 1
      vertex 35.5236 6.68375 0
      vertex 35.7188 6.78318 0
    endloop
  endfacet
  facet normal 0.541558 -0.54156 0.642984
    outer loop
      vertex 35.024 7.37142 1
      vertex 35.1862 6.34637 0
      vertex 35.5236 6.68375 0
    endloop
  endfacet
  facet normal 0.541559 -0.541559 0.642983
    outer loop
      vertex 35.1862 6.34637 0
      vertex 35.024 7.37142 1
      vertex 34.4986 6.84599 1
    endloop
  endfacet
  facet normal 0.75645 -0.119812 0.642984
    outer loop
      vertex 34.045 5.45 1
      vertex 34.9293 5.66631 0
      vertex 34.1478 6.09894 1
    endloop
  endfacet
  facet normal 0.75645 -0.119808 0.642984
    outer loop
      vertex 34.9293 5.66631 0
      vertex 34.045 5.45 1
      vertex 34.895 5.45 0
    endloop
  endfacet
  facet normal 0.75645 0.119808 0.642984
    outer loop
      vertex 34.045 5.45 1
      vertex 34.9293 5.23369 0
      vertex 34.895 5.45 0
    endloop
  endfacet
  facet normal 0.75645 0.119812 0.642984
    outer loop
      vertex 34.9293 5.23369 0
      vertex 34.045 5.45 1
      vertex 34.1478 4.80106 1
    endloop
  endfacet
  facet normal 0.756453 -0.1198 0.642983
    outer loop
      vertex 34.1478 6.09894 1
      vertex 34.9696 5.92125 0
      vertex 34.1612 6.18392 1
    endloop
  endfacet
  facet normal 0.756451 -0.119811 0.642983
    outer loop
      vertex 34.9696 5.92125 0
      vertex 34.1478 6.09894 1
      vertex 34.9293 5.66631 0
    endloop
  endfacet
  facet normal 0.6824 -0.347715 0.642981
    outer loop
      vertex 34.1612 6.18392 1
      vertex 35.0868 6.15123 0
      vertex 34.2003 6.26058 1
    endloop
  endfacet
  facet normal 0.682403 -0.347704 0.642984
    outer loop
      vertex 35.0868 6.15123 0
      vertex 34.1612 6.18392 1
      vertex 34.9696 5.92125 0
    endloop
  endfacet
  facet normal -0.119807 -0.756451 0.642984
    outer loop
      vertex 36.42 6.975 0
      vertex 36.505 7.81154 1
      vertex 36.42 7.825 1
    endloop
  endfacet
  facet normal -0.11981 -0.756451 0.642984
    outer loop
      vertex 36.505 7.81154 1
      vertex 36.42 6.975 0
      vertex 36.6749 6.93462 0
    endloop
  endfacet
  facet normal -0.119809 -0.756451 0.642984
    outer loop
      vertex 36.8913 6.90036 0
      vertex 36.505 7.81154 1
      vertex 36.6749 6.93462 0
    endloop
  endfacet
  facet normal -0.11981 -0.756451 0.642983
    outer loop
      vertex 36.505 7.81154 1
      vertex 36.8913 6.90036 0
      vertex 37.1539 7.70876 1
    endloop
  endfacet
  facet normal -0.54156 -0.541558 0.642984
    outer loop
      vertex 37.816 7.37142 1
      vertex 37.4712 6.52889 0
      vertex 38.2806 6.90683 1
    endloop
  endfacet
  facet normal -0.54156 -0.541558 0.642984
    outer loop
      vertex 37.4712 6.52889 0
      vertex 37.816 7.37142 1
      vertex 37.3164 6.68375 0
    endloop
  endfacet
  facet normal -0.347705 -0.682404 0.642982
    outer loop
      vertex 37.3164 6.68375 0
      vertex 37.2306 7.6697 1
      vertex 37.1212 6.78318 0
    endloop
  endfacet
  facet normal -0.347701 -0.682405 0.642984
    outer loop
      vertex 37.2306 7.6697 1
      vertex 37.3164 6.68375 0
      vertex 37.816 7.37142 1
    endloop
  endfacet
  facet normal -0.682405 -0.347702 0.642983
    outer loop
      vertex 37.6538 6.34637 0
      vertex 38.6397 6.26058 1
      vertex 38.3414 6.84599 1
    endloop
  endfacet
  facet normal -0.682405 -0.347699 0.642984
    outer loop
      vertex 38.6397 6.26058 1
      vertex 37.6538 6.34637 0
      vertex 37.7532 6.15123 0
    endloop
  endfacet
  facet normal -0.6824 -0.347715 0.642981
    outer loop
      vertex 37.7532 6.15123 0
      vertex 38.6788 6.18392 1
      vertex 38.6397 6.26058 1
    endloop
  endfacet
  facet normal -0.682403 -0.347704 0.642984
    outer loop
      vertex 38.6788 6.18392 1
      vertex 37.7532 6.15123 0
      vertex 37.8704 5.92125 0
    endloop
  endfacet
  facet normal 0.347708 -0.682403 0.642982
    outer loop
      vertex 35.7188 6.78318 0
      vertex 35.6861 7.70876 1
      vertex 35.6094 7.6697 1
    endloop
  endfacet
  facet normal 0.347701 -0.682405 0.642984
    outer loop
      vertex 35.6861 7.70876 1
      vertex 35.7188 6.78318 0
      vertex 35.9487 6.90036 0
    endloop
  endfacet
  facet normal 0.756451 0.119808 0.642984
    outer loop
      vertex 48.0485 11.065 1
      vertex 48.9596 10.6787 0
      vertex 48.9254 10.8951 0
    endloop
  endfacet
  facet normal 0.756451 0.119812 0.642982
    outer loop
      vertex 48.9596 10.6787 0
      vertex 48.0485 11.065 1
      vertex 48.1512 10.4161 1
    endloop
  endfacet
  facet normal -0.75645 -0.119807 0.642985
    outer loop
      vertex 52.785 11.15 1
      vertex 51.9007 11.3663 0
      vertex 51.935 11.15 0
    endloop
  endfacet
  facet normal -0.75645 -0.119812 0.642984
    outer loop
      vertex 51.9007 11.3663 0
      vertex 52.785 11.15 1
      vertex 52.6822 11.7989 1
    endloop
  endfacet
  facet normal -0.756453 -0.119799 0.642983
    outer loop
      vertex 51.8604 11.6213 0
      vertex 52.6822 11.7989 1
      vertex 52.6688 11.8839 1
    endloop
  endfacet
  facet normal -0.756451 -0.119811 0.642983
    outer loop
      vertex 52.6822 11.7989 1
      vertex 51.8604 11.6213 0
      vertex 51.9007 11.3663 0
    endloop
  endfacet
  facet normal -0.756451 0.119811 0.642983
    outer loop
      vertex 51.8604 10.6787 0
      vertex 52.6822 10.5011 1
      vertex 51.9007 10.9337 0
    endloop
  endfacet
  facet normal -0.756453 0.119799 0.642983
    outer loop
      vertex 52.6822 10.5011 1
      vertex 51.8604 10.6787 0
      vertex 52.6688 10.4161 1
    endloop
  endfacet
  facet normal -0.11981 0.756451 0.642983
    outer loop
      vertex 50.41 9.625 0
      vertex 50.495 8.78846 1
      vertex 50.6649 9.66538 0
    endloop
  endfacet
  facet normal -0.119807 0.756451 0.642983
    outer loop
      vertex 50.495 8.78846 1
      vertex 50.41 9.625 0
      vertex 50.41 8.775 1
    endloop
  endfacet
  facet normal 0.756453 0.119799 0.642983
    outer loop
      vertex 48.0485 11.065 1
      vertex 48.885 11.15 0
      vertex 48.035 11.15 1
    endloop
  endfacet
  facet normal 0.756451 0.119811 0.642983
    outer loop
      vertex 48.885 11.15 0
      vertex 48.0485 11.065 1
      vertex 48.9254 10.8951 0
    endloop
  endfacet
  facet normal -0.682406 0.347698 0.642984
    outer loop
      vertex 51.7609 10.4836 0
      vertex 52.6688 10.4161 1
      vertex 51.8604 10.6787 0
    endloop
  endfacet
  facet normal -0.682405 0.347702 0.642983
    outer loop
      vertex 52.6688 10.4161 1
      vertex 51.7609 10.4836 0
      vertex 52.3705 9.83067 1
    endloop
  endfacet
  facet normal -0.75645 0.119807 0.642985
    outer loop
      vertex 51.9007 10.9337 0
      vertex 52.785 11.15 1
      vertex 51.935 11.15 0
    endloop
  endfacet
  facet normal -0.75645 0.119812 0.642984
    outer loop
      vertex 52.785 11.15 1
      vertex 51.9007 10.9337 0
      vertex 52.6822 10.5011 1
    endloop
  endfacet
  facet normal 0.119807 0.756451 0.642983
    outer loop
      vertex 50.41 9.625 0
      vertex 50.325 8.78846 1
      vertex 50.41 8.775 1
    endloop
  endfacet
  facet normal 0.11981 0.756451 0.642983
    outer loop
      vertex 50.325 8.78846 1
      vertex 50.41 9.625 0
      vertex 50.1551 9.66538 0
    endloop
  endfacet
  facet normal 0.119811 0.756451 0.642983
    outer loop
      vertex 49.9387 9.69964 0
      vertex 50.325 8.78846 1
      vertex 50.1551 9.66538 0
    endloop
  endfacet
  facet normal 0.11981 0.756451 0.642983
    outer loop
      vertex 50.325 8.78846 1
      vertex 49.9387 9.69964 0
      vertex 49.6761 8.89124 1
    endloop
  endfacet
  facet normal -0.119811 -0.756451 0.642983
    outer loop
      vertex 50.6263 12.6407 0
      vertex 50.41 13.525 1
      vertex 50.41 12.675 0
    endloop
  endfacet
  facet normal -0.11981 -0.756451 0.642983
    outer loop
      vertex 50.41 13.525 1
      vertex 50.6263 12.6407 0
      vertex 51.0589 13.4222 1
    endloop
  endfacet
  facet normal 0.541557 -0.541562 0.642983
    outer loop
      vertex 48.5494 12.6068 1
      vertex 49.1762 12.0464 0
      vertex 49.3588 12.2289 0
    endloop
  endfacet
  facet normal 0.541551 -0.541568 0.642983
    outer loop
      vertex 49.1762 12.0464 0
      vertex 48.5494 12.6068 1
      vertex 48.4886 12.546 1
    endloop
  endfacet
  facet normal -0.682402 0.347706 0.642984
    outer loop
      vertex 51.6437 10.2536 0
      vertex 52.3705 9.83067 1
      vertex 51.7609 10.4836 0
    endloop
  endfacet
  facet normal -0.682399 0.347711 0.642984
    outer loop
      vertex 52.3705 9.83067 1
      vertex 51.6437 10.2536 0
      vertex 52.3314 9.75401 1
    endloop
  endfacet
  facet normal -0.11981 0.756451 0.642983
    outer loop
      vertex 50.8812 9.69964 0
      vertex 50.495 8.78846 1
      vertex 51.1439 8.89124 1
    endloop
  endfacet
  facet normal -0.119813 0.756451 0.642983
    outer loop
      vertex 50.495 8.78846 1
      vertex 50.8812 9.69964 0
      vertex 50.6649 9.66538 0
    endloop
  endfacet
  facet normal 0.682408 0.347698 0.642982
    outer loop
      vertex 48.4495 9.83067 1
      vertex 49.1762 10.2536 0
      vertex 49.0591 10.4836 0
    endloop
  endfacet
  facet normal 0.682415 0.347685 0.642982
    outer loop
      vertex 49.1762 10.2536 0
      vertex 48.4495 9.83067 1
      vertex 48.4886 9.75401 1
    endloop
  endfacet
  facet normal 0.682402 0.347709 0.642982
    outer loop
      vertex 48.1512 10.4161 1
      vertex 49.0591 10.4836 0
      vertex 48.9596 10.6787 0
    endloop
  endfacet
  facet normal 0.682405 0.347702 0.642983
    outer loop
      vertex 49.0591 10.4836 0
      vertex 48.1512 10.4161 1
      vertex 48.4495 9.83067 1
    endloop
  endfacet
  facet normal 0.347702 0.682404 0.642983
    outer loop
      vertex 49.7436 9.79907 0
      vertex 49.6761 8.89124 1
      vertex 49.9387 9.69964 0
    endloop
  endfacet
  facet normal 0.347704 0.682404 0.642983
    outer loop
      vertex 49.6761 8.89124 1
      vertex 49.7436 9.79907 0
      vertex 49.0907 9.18952 1
    endloop
  endfacet
  facet normal -0.347702 0.682405 0.642983
    outer loop
      vertex 51.0764 9.79907 0
      vertex 51.1439 8.89124 1
      vertex 51.7293 9.18952 1
    endloop
  endfacet
  facet normal -0.347697 0.682407 0.642984
    outer loop
      vertex 51.1439 8.89124 1
      vertex 51.0764 9.79907 0
      vertex 50.8812 9.69964 0
    endloop
  endfacet
  facet normal 0.347704 0.682403 0.642983
    outer loop
      vertex 49.5136 9.91625 0
      vertex 49.0907 9.18952 1
      vertex 49.7436 9.79907 0
    endloop
  endfacet
  facet normal 0.347704 0.682403 0.642983
    outer loop
      vertex 49.0907 9.18952 1
      vertex 49.5136 9.91625 0
      vertex 49.014 9.22858 1
    endloop
  endfacet
  facet normal -0.119812 -0.75645 0.642984
    outer loop
      vertex 50.8812 12.6004 0
      vertex 51.0589 13.4222 1
      vertex 50.6263 12.6407 0
    endloop
  endfacet
  facet normal -0.119821 -0.756449 0.642984
    outer loop
      vertex 51.0589 13.4222 1
      vertex 50.8812 12.6004 0
      vertex 51.1439 13.4088 1
    endloop
  endfacet
  facet normal -0.682403 -0.347705 0.642984
    outer loop
      vertex 51.6437 12.0464 0
      vertex 52.6297 11.9606 1
      vertex 52.3314 12.546 1
    endloop
  endfacet
  facet normal -0.682401 -0.347711 0.642982
    outer loop
      vertex 52.6297 11.9606 1
      vertex 51.6437 12.0464 0
      vertex 51.7432 11.8512 0
    endloop
  endfacet
  facet normal 0.682409 -0.347686 0.642986
    outer loop
      vertex 48.1512 11.8839 1
      vertex 49.0768 11.8512 0
      vertex 48.1903 11.9606 1
    endloop
  endfacet
  facet normal 0.682404 -0.347705 0.642982
    outer loop
      vertex 49.0768 11.8512 0
      vertex 48.1512 11.8839 1
      vertex 48.9596 11.6213 0
    endloop
  endfacet
  facet normal 0.682405 -0.347702 0.642983
    outer loop
      vertex 48.1903 11.9606 1
      vertex 49.1762 12.0464 0
      vertex 48.4886 12.546 1
    endloop
  endfacet
  facet normal 0.682405 -0.347699 0.642984
    outer loop
      vertex 49.1762 12.0464 0
      vertex 48.1903 11.9606 1
      vertex 49.0768 11.8512 0
    endloop
  endfacet
  facet normal 0.11981 -0.756451 0.642983
    outer loop
      vertex 50.1937 12.6407 0
      vertex 50.41 13.525 1
      vertex 49.7611 13.4222 1
    endloop
  endfacet
  facet normal 0.119811 -0.756451 0.642983
    outer loop
      vertex 50.41 13.525 1
      vertex 50.1937 12.6407 0
      vertex 50.41 12.675 0
    endloop
  endfacet
  facet normal -0.541559 0.541559 0.642984
    outer loop
      vertex 51.6437 10.2536 0
      vertex 51.806 9.22858 1
      vertex 52.3314 9.75401 1
    endloop
  endfacet
  facet normal -0.541562 0.541557 0.642982
    outer loop
      vertex 51.806 9.22858 1
      vertex 51.6437 10.2536 0
      vertex 51.3064 9.91625 0
    endloop
  endfacet
  facet normal -0.347704 0.682403 0.642983
    outer loop
      vertex 51.3064 9.91625 0
      vertex 51.7293 9.18952 1
      vertex 51.806 9.22858 1
    endloop
  endfacet
  facet normal -0.347704 0.682403 0.642983
    outer loop
      vertex 51.7293 9.18952 1
      vertex 51.3064 9.91625 0
      vertex 51.0764 9.79907 0
    endloop
  endfacet
  facet normal 0.541561 0.541558 0.642982
    outer loop
      vertex 49.3588 10.0711 0
      vertex 49.014 9.22858 1
      vertex 49.5136 9.91625 0
    endloop
  endfacet
  facet normal 0.541558 0.54156 0.642983
    outer loop
      vertex 49.014 9.22858 1
      vertex 49.3588 10.0711 0
      vertex 48.5494 9.69317 1
    endloop
  endfacet
  facet normal 0.541557 0.541562 0.642983
    outer loop
      vertex 49.1762 10.2536 0
      vertex 48.5494 9.69317 1
      vertex 49.3588 10.0711 0
    endloop
  endfacet
  facet normal 0.541551 0.541568 0.642983
    outer loop
      vertex 48.5494 9.69317 1
      vertex 49.1762 10.2536 0
      vertex 48.4886 9.75401 1
    endloop
  endfacet
  facet normal -0.682409 -0.347686 0.642986
    outer loop
      vertex 51.7432 11.8512 0
      vertex 52.6688 11.8839 1
      vertex 52.6297 11.9606 1
    endloop
  endfacet
  facet normal -0.682407 -0.347695 0.642984
    outer loop
      vertex 52.6688 11.8839 1
      vertex 51.7432 11.8512 0
      vertex 51.8604 11.6213 0
    endloop
  endfacet
  facet normal -0.541559 -0.541559 0.642984
    outer loop
      vertex 51.806 13.0714 1
      vertex 51.6437 12.0464 0
      vertex 52.3314 12.546 1
    endloop
  endfacet
  facet normal -0.541562 -0.541557 0.642982
    outer loop
      vertex 51.6437 12.0464 0
      vertex 51.806 13.0714 1
      vertex 51.3064 12.3837 0
    endloop
  endfacet
  facet normal 0.756453 -0.119799 0.642983
    outer loop
      vertex 48.885 11.15 0
      vertex 48.0485 11.235 1
      vertex 48.035 11.15 1
    endloop
  endfacet
  facet normal 0.756451 -0.119811 0.642983
    outer loop
      vertex 48.0485 11.235 1
      vertex 48.885 11.15 0
      vertex 48.9254 11.4049 0
    endloop
  endfacet
  facet normal 0.756451 -0.119812 0.642982
    outer loop
      vertex 48.0485 11.235 1
      vertex 48.9596 11.6213 0
      vertex 48.1512 11.8839 1
    endloop
  endfacet
  facet normal 0.756451 -0.119808 0.642984
    outer loop
      vertex 48.9596 11.6213 0
      vertex 48.0485 11.235 1
      vertex 48.9254 11.4049 0
    endloop
  endfacet
  facet normal 0.347705 -0.682404 0.642982
    outer loop
      vertex 49.7088 12.4832 0
      vertex 49.6761 13.4088 1
      vertex 49.5994 13.3697 1
    endloop
  endfacet
  facet normal 0.347702 -0.682405 0.642983
    outer loop
      vertex 49.6761 13.4088 1
      vertex 49.7088 12.4832 0
      vertex 49.9387 12.6004 0
    endloop
  endfacet
  facet normal 0.119816 -0.75645 0.642983
    outer loop
      vertex 49.9387 12.6004 0
      vertex 49.7611 13.4222 1
      vertex 49.6761 13.4088 1
    endloop
  endfacet
  facet normal 0.11981 -0.756451 0.642983
    outer loop
      vertex 49.7611 13.4222 1
      vertex 49.9387 12.6004 0
      vertex 50.1937 12.6407 0
    endloop
  endfacet
  facet normal 0.347703 -0.682404 0.642983
    outer loop
      vertex 49.5136 12.3837 0
      vertex 49.5994 13.3697 1
      vertex 49.014 13.0714 1
    endloop
  endfacet
  facet normal 0.347705 -0.682404 0.642982
    outer loop
      vertex 49.5994 13.3697 1
      vertex 49.5136 12.3837 0
      vertex 49.7088 12.4832 0
    endloop
  endfacet
  facet normal 0.541561 -0.541558 0.642982
    outer loop
      vertex 49.014 13.0714 1
      vertex 49.3588 12.2289 0
      vertex 49.5136 12.3837 0
    endloop
  endfacet
  facet normal 0.541558 -0.54156 0.642983
    outer loop
      vertex 49.3588 12.2289 0
      vertex 49.014 13.0714 1
      vertex 48.5494 12.6068 1
    endloop
  endfacet
  facet normal -0.347702 -0.682405 0.642983
    outer loop
      vertex 51.1112 12.4832 0
      vertex 51.1439 13.4088 1
      vertex 50.8812 12.6004 0
    endloop
  endfacet
  facet normal -0.34769 -0.682408 0.642986
    outer loop
      vertex 51.1439 13.4088 1
      vertex 51.1112 12.4832 0
      vertex 51.2206 13.3697 1
    endloop
  endfacet
  facet normal -0.347699 -0.682405 0.642984
    outer loop
      vertex 51.3064 12.3837 0
      vertex 51.2206 13.3697 1
      vertex 51.1112 12.4832 0
    endloop
  endfacet
  facet normal -0.347703 -0.682404 0.642983
    outer loop
      vertex 51.2206 13.3697 1
      vertex 51.3064 12.3837 0
      vertex 51.806 13.0714 1
    endloop
  endfacet
  facet normal -0.682398 0.347719 0.642981
    outer loop
      vertex 64.1537 16.4536 0
      vertex 65.1397 16.5394 1
      vertex 64.2532 16.6488 0
    endloop
  endfacet
  facet normal -0.682401 0.347705 0.642985
    outer loop
      vertex 65.1397 16.5394 1
      vertex 64.1537 16.4536 0
      vertex 64.8414 15.954 1
    endloop
  endfacet
  facet normal -0.756451 -0.119821 0.642982
    outer loop
      vertex 65.295 17.35 1
      vertex 64.4107 17.5663 0
      vertex 64.445 17.35 0
    endloop
  endfacet
  facet normal -0.75645 -0.119812 0.642984
    outer loop
      vertex 64.4107 17.5663 0
      vertex 65.295 17.35 1
      vertex 65.1922 17.9989 1
    endloop
  endfacet
  facet normal -0.756454 -0.119799 0.642981
    outer loop
      vertex 64.3704 17.8213 0
      vertex 65.1922 17.9989 1
      vertex 65.1788 18.0839 1
    endloop
  endfacet
  facet normal -0.756454 -0.119799 0.642981
    outer loop
      vertex 65.1922 17.9989 1
      vertex 64.3704 17.8213 0
      vertex 64.4107 17.5663 0
    endloop
  endfacet
  facet normal 0.682403 0.347704 0.642984
    outer loop
      vertex 60.6612 16.6161 1
      vertex 61.5868 16.6488 0
      vertex 61.4696 16.8787 0
    endloop
  endfacet
  facet normal 0.682401 0.347712 0.642982
    outer loop
      vertex 61.5868 16.6488 0
      vertex 60.6612 16.6161 1
      vertex 60.7003 16.5394 1
    endloop
  endfacet
  facet normal -0.11981 0.756451 0.642984
    outer loop
      vertex 63.3913 15.8996 0
      vertex 63.005 14.9885 1
      vertex 63.6539 15.0912 1
    endloop
  endfacet
  facet normal -0.119811 0.756451 0.642983
    outer loop
      vertex 63.005 14.9885 1
      vertex 63.3913 15.8996 0
      vertex 63.1749 15.8654 0
    endloop
  endfacet
  facet normal -0.75645 0.119822 0.642982
    outer loop
      vertex 64.4107 17.1337 0
      vertex 65.295 17.35 1
      vertex 64.445 17.35 0
    endloop
  endfacet
  facet normal -0.75645 0.119812 0.642984
    outer loop
      vertex 65.295 17.35 1
      vertex 64.4107 17.1337 0
      vertex 65.1922 16.7011 1
    endloop
  endfacet
  facet normal -0.11981 0.756451 0.642984
    outer loop
      vertex 62.92 15.825 0
      vertex 63.005 14.9885 1
      vertex 63.1749 15.8654 0
    endloop
  endfacet
  facet normal -0.119807 0.756451 0.642984
    outer loop
      vertex 63.005 14.9885 1
      vertex 62.92 15.825 0
      vertex 62.92 14.975 1
    endloop
  endfacet
  facet normal -0.119808 -0.756451 0.642984
    outer loop
      vertex 63.3913 18.8004 0
      vertex 63.005 19.7115 1
      vertex 63.1749 18.8346 0
    endloop
  endfacet
  facet normal -0.11981 -0.756451 0.642983
    outer loop
      vertex 63.005 19.7115 1
      vertex 63.3913 18.8004 0
      vertex 63.6539 19.6088 1
    endloop
  endfacet
  facet normal 0.75645 -0.119812 0.642984
    outer loop
      vertex 60.545 17.35 1
      vertex 61.4293 17.5663 0
      vertex 60.6478 17.9989 1
    endloop
  endfacet
  facet normal 0.75645 -0.119807 0.642985
    outer loop
      vertex 61.4293 17.5663 0
      vertex 60.545 17.35 1
      vertex 61.395 17.35 0
    endloop
  endfacet
  facet normal -0.541567 0.54155 0.642985
    outer loop
      vertex 64.1537 16.4536 0
      vertex 64.7806 15.8932 1
      vertex 64.8414 15.954 1
    endloop
  endfacet
  facet normal -0.541561 0.541555 0.642985
    outer loop
      vertex 64.7806 15.8932 1
      vertex 64.1537 16.4536 0
      vertex 63.9712 16.2711 0
    endloop
  endfacet
  facet normal -0.347703 0.682404 0.642983
    outer loop
      vertex 63.8164 16.1162 0
      vertex 63.7306 15.1303 1
      vertex 64.316 15.4286 1
    endloop
  endfacet
  facet normal -0.347705 0.682404 0.642982
    outer loop
      vertex 63.7306 15.1303 1
      vertex 63.8164 16.1162 0
      vertex 63.6212 16.0168 0
    endloop
  endfacet
  facet normal 0.541557 0.54156 0.642984
    outer loop
      vertex 61.6862 16.4536 0
      vertex 61.524 15.4286 1
      vertex 62.0236 16.1162 0
    endloop
  endfacet
  facet normal 0.54156 0.541559 0.642983
    outer loop
      vertex 61.524 15.4286 1
      vertex 61.6862 16.4536 0
      vertex 60.9986 15.954 1
    endloop
  endfacet
  facet normal 0.3477 0.682405 0.642984
    outer loop
      vertex 62.2188 16.0168 0
      vertex 62.1861 15.0912 1
      vertex 62.4487 15.8996 0
    endloop
  endfacet
  facet normal 0.347712 0.682401 0.642981
    outer loop
      vertex 62.1861 15.0912 1
      vertex 62.2188 16.0168 0
      vertex 62.1094 15.1303 1
    endloop
  endfacet
  facet normal -0.682407 -0.347699 0.642983
    outer loop
      vertex 64.2709 18.0164 0
      vertex 65.1788 18.0839 1
      vertex 64.8805 18.6693 1
    endloop
  endfacet
  facet normal -0.682406 -0.3477 0.642983
    outer loop
      vertex 65.1788 18.0839 1
      vertex 64.2709 18.0164 0
      vertex 64.3704 17.8213 0
    endloop
  endfacet
  facet normal 0.347701 -0.682405 0.642984
    outer loop
      vertex 62.2536 18.7009 0
      vertex 62.1861 19.6088 1
      vertex 61.6007 19.3105 1
    endloop
  endfacet
  facet normal 0.347705 -0.682403 0.642983
    outer loop
      vertex 62.1861 19.6088 1
      vertex 62.2536 18.7009 0
      vertex 62.4487 18.8004 0
    endloop
  endfacet
  facet normal 0.347717 -0.682395 0.642985
    outer loop
      vertex 62.0236 18.5837 0
      vertex 61.6007 19.3105 1
      vertex 61.524 19.2714 1
    endloop
  endfacet
  facet normal 0.347704 -0.682403 0.642984
    outer loop
      vertex 61.6007 19.3105 1
      vertex 62.0236 18.5837 0
      vertex 62.2536 18.7009 0
    endloop
  endfacet
  facet normal 0.756453 -0.119799 0.642983
    outer loop
      vertex 60.6478 17.9989 1
      vertex 61.4696 17.8213 0
      vertex 60.6612 18.0839 1
    endloop
  endfacet
  facet normal 0.756451 -0.11981 0.642983
    outer loop
      vertex 61.4696 17.8213 0
      vertex 60.6478 17.9989 1
      vertex 61.4293 17.5663 0
    endloop
  endfacet
  facet normal 0.75645 0.119808 0.642984
    outer loop
      vertex 60.545 17.35 1
      vertex 61.4293 17.1337 0
      vertex 61.395 17.35 0
    endloop
  endfacet
  facet normal 0.75645 0.119812 0.642984
    outer loop
      vertex 61.4293 17.1337 0
      vertex 60.545 17.35 1
      vertex 60.6478 16.7011 1
    endloop
  endfacet
  facet normal -0.756454 0.1198 0.642981
    outer loop
      vertex 64.3704 16.8787 0
      vertex 65.1922 16.7011 1
      vertex 64.4107 17.1337 0
    endloop
  endfacet
  facet normal -0.756454 0.119802 0.642981
    outer loop
      vertex 65.1922 16.7011 1
      vertex 64.3704 16.8787 0
      vertex 65.1788 16.6161 1
    endloop
  endfacet
  facet normal -0.682408 0.347695 0.642983
    outer loop
      vertex 64.2532 16.6488 0
      vertex 65.1788 16.6161 1
      vertex 64.3704 16.8787 0
    endloop
  endfacet
  facet normal -0.68242 0.347653 0.642993
    outer loop
      vertex 65.1788 16.6161 1
      vertex 64.2532 16.6488 0
      vertex 65.1397 16.5394 1
    endloop
  endfacet
  facet normal -0.347712 0.682401 0.642981
    outer loop
      vertex 63.6212 16.0168 0
      vertex 63.6539 15.0912 1
      vertex 63.7306 15.1303 1
    endloop
  endfacet
  facet normal -0.3477 0.682405 0.642984
    outer loop
      vertex 63.6539 15.0912 1
      vertex 63.6212 16.0168 0
      vertex 63.3913 15.8996 0
    endloop
  endfacet
  facet normal -0.541556 0.541562 0.642983
    outer loop
      vertex 63.9712 16.2711 0
      vertex 64.316 15.4286 1
      vertex 64.7806 15.8932 1
    endloop
  endfacet
  facet normal -0.541559 0.541559 0.642983
    outer loop
      vertex 64.316 15.4286 1
      vertex 63.9712 16.2711 0
      vertex 63.8164 16.1162 0
    endloop
  endfacet
  facet normal 0.756451 0.119811 0.642983
    outer loop
      vertex 60.6478 16.7011 1
      vertex 61.4696 16.8787 0
      vertex 61.4293 17.1337 0
    endloop
  endfacet
  facet normal 0.756452 0.119802 0.642983
    outer loop
      vertex 61.4696 16.8787 0
      vertex 60.6478 16.7011 1
      vertex 60.6612 16.6161 1
    endloop
  endfacet
  facet normal 0.347705 0.682404 0.642982
    outer loop
      vertex 62.0236 16.1162 0
      vertex 62.1094 15.1303 1
      vertex 62.2188 16.0168 0
    endloop
  endfacet
  facet normal 0.347701 0.682405 0.642984
    outer loop
      vertex 62.1094 15.1303 1
      vertex 62.0236 16.1162 0
      vertex 61.524 15.4286 1
    endloop
  endfacet
  facet normal 0.682406 0.347696 0.642985
    outer loop
      vertex 60.7003 16.5394 1
      vertex 61.6862 16.4536 0
      vertex 61.5868 16.6488 0
    endloop
  endfacet
  facet normal 0.682405 0.347702 0.642983
    outer loop
      vertex 61.6862 16.4536 0
      vertex 60.7003 16.5394 1
      vertex 60.9986 15.954 1
    endloop
  endfacet
  facet normal 0.11981 -0.756451 0.642983
    outer loop
      vertex 62.4487 18.8004 0
      vertex 62.835 19.7115 1
      vertex 62.1861 19.6088 1
    endloop
  endfacet
  facet normal 0.119808 -0.756451 0.642984
    outer loop
      vertex 62.835 19.7115 1
      vertex 62.4487 18.8004 0
      vertex 62.6651 18.8346 0
    endloop
  endfacet
  facet normal 0.682404 -0.347702 0.642983
    outer loop
      vertex 60.6612 18.0839 1
      vertex 61.5691 18.0164 0
      vertex 60.9595 18.6693 1
    endloop
  endfacet
  facet normal 0.682405 -0.347699 0.642984
    outer loop
      vertex 61.5691 18.0164 0
      vertex 60.6612 18.0839 1
      vertex 61.4696 17.8213 0
    endloop
  endfacet
  facet normal 0.682396 -0.347717 0.642984
    outer loop
      vertex 60.9595 18.6693 1
      vertex 61.6862 18.2464 0
      vertex 60.9986 18.746 1
    endloop
  endfacet
  facet normal 0.682403 -0.347704 0.642984
    outer loop
      vertex 61.6862 18.2464 0
      vertex 60.9595 18.6693 1
      vertex 61.5691 18.0164 0
    endloop
  endfacet
  facet normal 0.119807 0.756451 0.642984
    outer loop
      vertex 62.92 15.825 0
      vertex 62.835 14.9885 1
      vertex 62.92 14.975 1
    endloop
  endfacet
  facet normal 0.119812 0.75645 0.642984
    outer loop
      vertex 62.835 14.9885 1
      vertex 62.92 15.825 0
      vertex 62.6651 15.8654 0
    endloop
  endfacet
  facet normal 0.119811 0.75645 0.642984
    outer loop
      vertex 62.4487 15.8996 0
      vertex 62.835 14.9885 1
      vertex 62.6651 15.8654 0
    endloop
  endfacet
  facet normal 0.11981 0.75645 0.642984
    outer loop
      vertex 62.835 14.9885 1
      vertex 62.4487 15.8996 0
      vertex 62.1861 15.0912 1
    endloop
  endfacet
  facet normal -0.682394 -0.347717 0.642986
    outer loop
      vertex 64.1537 18.2464 0
      vertex 64.8805 18.6693 1
      vertex 64.8414 18.746 1
    endloop
  endfacet
  facet normal -0.682397 -0.347712 0.642986
    outer loop
      vertex 64.8805 18.6693 1
      vertex 64.1537 18.2464 0
      vertex 64.2709 18.0164 0
    endloop
  endfacet
  facet normal 0.119812 -0.756451 0.642983
    outer loop
      vertex 62.92 18.875 0
      vertex 62.835 19.7115 1
      vertex 62.6651 18.8346 0
    endloop
  endfacet
  facet normal 0.119816 -0.75645 0.642983
    outer loop
      vertex 62.835 19.7115 1
      vertex 62.92 18.875 0
      vertex 62.92 19.725 1
    endloop
  endfacet
  facet normal -0.119816 -0.75645 0.642983
    outer loop
      vertex 62.92 18.875 0
      vertex 63.005 19.7115 1
      vertex 62.92 19.725 1
    endloop
  endfacet
  facet normal -0.11981 -0.756451 0.642983
    outer loop
      vertex 63.005 19.7115 1
      vertex 62.92 18.875 0
      vertex 63.1749 18.8346 0
    endloop
  endfacet
  facet normal 0.541557 -0.54156 0.642984
    outer loop
      vertex 61.524 19.2714 1
      vertex 61.6862 18.2464 0
      vertex 62.0236 18.5837 0
    endloop
  endfacet
  facet normal 0.541559 -0.541559 0.642983
    outer loop
      vertex 61.6862 18.2464 0
      vertex 61.524 19.2714 1
      vertex 60.9986 18.746 1
    endloop
  endfacet
  facet normal -0.541556 -0.541562 0.642983
    outer loop
      vertex 64.316 19.2714 1
      vertex 63.9712 18.4289 0
      vertex 64.7806 18.8068 1
    endloop
  endfacet
  facet normal -0.54156 -0.54156 0.642982
    outer loop
      vertex 63.9712 18.4289 0
      vertex 64.316 19.2714 1
      vertex 63.8164 18.5837 0
    endloop
  endfacet
  facet normal -0.347704 -0.682403 0.642984
    outer loop
      vertex 63.8164 18.5837 0
      vertex 64.2393 19.3105 1
      vertex 63.5864 18.7009 0
    endloop
  endfacet
  facet normal -0.347718 -0.682396 0.642984
    outer loop
      vertex 64.2393 19.3105 1
      vertex 63.8164 18.5837 0
      vertex 64.316 19.2714 1
    endloop
  endfacet
  facet normal -0.347705 -0.682403 0.642983
    outer loop
      vertex 63.5864 18.7009 0
      vertex 63.6539 19.6088 1
      vertex 63.3913 18.8004 0
    endloop
  endfacet
  facet normal -0.347703 -0.682404 0.642983
    outer loop
      vertex 63.6539 19.6088 1
      vertex 63.5864 18.7009 0
      vertex 64.2393 19.3105 1
    endloop
  endfacet
  facet normal -0.541567 -0.54155 0.642985
    outer loop
      vertex 64.7806 18.8068 1
      vertex 64.1537 18.2464 0
      vertex 64.8414 18.746 1
    endloop
  endfacet
  facet normal -0.541561 -0.541555 0.642985
    outer loop
      vertex 64.1537 18.2464 0
      vertex 64.7806 18.8068 1
      vertex 63.9712 18.4289 0
    endloop
  endfacet
  facet normal 0.756449 0.119821 0.642984
    outer loop
      vertex 63.8078 25.7211 1
      vertex 64.6296 25.8987 0
      vertex 64.5893 26.1537 0
    endloop
  endfacet
  facet normal 0.756453 0.119799 0.642983
    outer loop
      vertex 64.6296 25.8987 0
      vertex 63.8078 25.7211 1
      vertex 63.8212 25.6361 1
    endloop
  endfacet
  facet normal -0.75645 -0.119794 0.642987
    outer loop
      vertex 68.455 26.37 1
      vertex 67.5707 26.5863 0
      vertex 67.605 26.37 0
    endloop
  endfacet
  facet normal -0.75645 -0.119812 0.642984
    outer loop
      vertex 67.5707 26.5863 0
      vertex 68.455 26.37 1
      vertex 68.3522 27.0189 1
    endloop
  endfacet
  facet normal -0.756452 -0.119799 0.642985
    outer loop
      vertex 67.5304 26.8412 0
      vertex 68.3522 27.0189 1
      vertex 68.3388 27.1039 1
    endloop
  endfacet
  facet normal -0.756447 -0.119822 0.642985
    outer loop
      vertex 68.3522 27.0189 1
      vertex 67.5304 26.8412 0
      vertex 67.5707 26.5863 0
    endloop
  endfacet
  facet normal 0.682406 0.3477 0.642982
    outer loop
      vertex 63.8603 25.5594 1
      vertex 64.8462 25.4736 0
      vertex 64.7468 25.6688 0
    endloop
  endfacet
  facet normal 0.682406 0.347703 0.642981
    outer loop
      vertex 64.8462 25.4736 0
      vertex 63.8603 25.5594 1
      vertex 64.1586 24.974 1
    endloop
  endfacet
  facet normal -0.11981 0.756451 0.642983
    outer loop
      vertex 66.5512 24.9196 0
      vertex 66.165 24.0085 1
      vertex 66.8139 24.1112 1
    endloop
  endfacet
  facet normal -0.11981 0.756451 0.642983
    outer loop
      vertex 66.165 24.0085 1
      vertex 66.5512 24.9196 0
      vertex 66.3349 24.8854 0
    endloop
  endfacet
  facet normal -0.119812 -0.75645 0.642984
    outer loop
      vertex 66.5512 27.8204 0
      vertex 66.7289 28.6422 1
      vertex 66.2963 27.8607 0
    endloop
  endfacet
  facet normal -0.119804 -0.756452 0.642983
    outer loop
      vertex 66.7289 28.6422 1
      vertex 66.5512 27.8204 0
      vertex 66.8139 28.6288 1
    endloop
  endfacet
  facet normal 0.54156 -0.54156 0.642981
    outer loop
      vertex 64.684 28.2914 1
      vertex 65.0288 27.4489 0
      vertex 65.1836 27.6038 0
    endloop
  endfacet
  facet normal 0.541556 -0.541563 0.642982
    outer loop
      vertex 65.0288 27.4489 0
      vertex 64.684 28.2914 1
      vertex 64.2194 27.8268 1
    endloop
  endfacet
  facet normal 0.3477 0.682406 0.642983
    outer loop
      vertex 65.3788 25.0368 0
      vertex 65.3461 24.1112 1
      vertex 65.6087 24.9196 0
    endloop
  endfacet
  facet normal 0.347705 0.682404 0.642982
    outer loop
      vertex 65.3461 24.1112 1
      vertex 65.3788 25.0368 0
      vertex 65.2694 24.1503 1
    endloop
  endfacet
  facet normal -0.682405 0.347699 0.642984
    outer loop
      vertex 67.3138 25.4736 0
      vertex 68.2997 25.5594 1
      vertex 67.4132 25.6688 0
    endloop
  endfacet
  facet normal -0.682404 0.347706 0.642982
    outer loop
      vertex 68.2997 25.5594 1
      vertex 67.3138 25.4736 0
      vertex 68.0014 24.974 1
    endloop
  endfacet
  facet normal -0.75645 0.119795 0.642987
    outer loop
      vertex 67.5707 26.1537 0
      vertex 68.455 26.37 1
      vertex 67.605 26.37 0
    endloop
  endfacet
  facet normal -0.75645 0.119812 0.642984
    outer loop
      vertex 68.455 26.37 1
      vertex 67.5707 26.1537 0
      vertex 68.3522 25.7211 1
    endloop
  endfacet
  facet normal -0.682401 -0.347712 0.642982
    outer loop
      vertex 67.4132 27.0712 0
      vertex 68.3388 27.1039 1
      vertex 68.2997 27.1806 1
    endloop
  endfacet
  facet normal -0.682406 -0.347694 0.642986
    outer loop
      vertex 68.3388 27.1039 1
      vertex 67.4132 27.0712 0
      vertex 67.5304 26.8412 0
    endloop
  endfacet
  facet normal 0.54156 0.54156 0.642981
    outer loop
      vertex 64.8462 25.4736 0
      vertex 64.684 24.4486 1
      vertex 65.1836 25.1362 0
    endloop
  endfacet
  facet normal 0.541559 0.541561 0.642982
    outer loop
      vertex 64.684 24.4486 1
      vertex 64.8462 25.4736 0
      vertex 64.1586 24.974 1
    endloop
  endfacet
  facet normal 0.3477 0.682406 0.642983
    outer loop
      vertex 65.1836 25.1362 0
      vertex 65.2694 24.1503 1
      vertex 65.3788 25.0368 0
    endloop
  endfacet
  facet normal 0.347704 0.682405 0.642982
    outer loop
      vertex 65.2694 24.1503 1
      vertex 65.1836 25.1362 0
      vertex 64.684 24.4486 1
    endloop
  endfacet
  facet normal 0.682407 0.347695 0.642984
    outer loop
      vertex 63.8212 25.6361 1
      vertex 64.7468 25.6688 0
      vertex 64.6296 25.8987 0
    endloop
  endfacet
  facet normal 0.6824 0.34772 0.642979
    outer loop
      vertex 64.7468 25.6688 0
      vertex 63.8212 25.6361 1
      vertex 63.8603 25.5594 1
    endloop
  endfacet
  facet normal 0.682406 -0.347703 0.642981
    outer loop
      vertex 63.8603 27.1806 1
      vertex 64.8462 27.2664 0
      vertex 64.1586 27.766 1
    endloop
  endfacet
  facet normal 0.682407 -0.347697 0.642983
    outer loop
      vertex 64.8462 27.2664 0
      vertex 63.8603 27.1806 1
      vertex 64.7468 27.0712 0
    endloop
  endfacet
  facet normal 0.119809 -0.756451 0.642983
    outer loop
      vertex 65.8637 27.8607 0
      vertex 66.08 28.745 1
      vertex 65.4311 28.6422 1
    endloop
  endfacet
  facet normal 0.119805 -0.756451 0.642984
    outer loop
      vertex 66.08 28.745 1
      vertex 65.8637 27.8607 0
      vertex 66.08 27.895 0
    endloop
  endfacet
  facet normal -0.682404 -0.347706 0.642982
    outer loop
      vertex 67.3138 27.2664 0
      vertex 68.2997 27.1806 1
      vertex 68.0014 27.766 1
    endloop
  endfacet
  facet normal -0.682406 -0.347696 0.642985
    outer loop
      vertex 68.2997 27.1806 1
      vertex 67.3138 27.2664 0
      vertex 67.4132 27.0712 0
    endloop
  endfacet
  facet normal -0.541556 0.541562 0.642983
    outer loop
      vertex 66.9764 25.1362 0
      vertex 67.5368 24.5094 1
      vertex 67.1589 25.3188 0
    endloop
  endfacet
  facet normal -0.541568 0.541551 0.642983
    outer loop
      vertex 67.5368 24.5094 1
      vertex 66.9764 25.1362 0
      vertex 67.476 24.4486 1
    endloop
  endfacet
  facet normal -0.3477 0.682406 0.642983
    outer loop
      vertex 66.7464 25.0191 0
      vertex 66.8139 24.1112 1
      vertex 67.3993 24.4095 1
    endloop
  endfacet
  facet normal -0.347694 0.682408 0.642984
    outer loop
      vertex 66.8139 24.1112 1
      vertex 66.7464 25.0191 0
      vertex 66.5512 24.9196 0
    endloop
  endfacet
  facet normal 0.11981 0.756451 0.642983
    outer loop
      vertex 65.6087 24.9196 0
      vertex 65.995 24.0085 1
      vertex 65.8251 24.8854 0
    endloop
  endfacet
  facet normal 0.11981 0.756451 0.642983
    outer loop
      vertex 65.995 24.0085 1
      vertex 65.6087 24.9196 0
      vertex 65.3461 24.1112 1
    endloop
  endfacet
  facet normal 0.756453 -0.119799 0.642983
    outer loop
      vertex 63.8078 27.0189 1
      vertex 64.6296 26.8412 0
      vertex 63.8212 27.1039 1
    endloop
  endfacet
  facet normal 0.756449 -0.119822 0.642984
    outer loop
      vertex 64.6296 26.8412 0
      vertex 63.8078 27.0189 1
      vertex 64.5893 26.5863 0
    endloop
  endfacet
  facet normal 0.347705 -0.682404 0.642982
    outer loop
      vertex 65.1836 27.6038 0
      vertex 65.2694 28.5897 1
      vertex 64.684 28.2914 1
    endloop
  endfacet
  facet normal 0.347705 -0.682404 0.642982
    outer loop
      vertex 65.2694 28.5897 1
      vertex 65.1836 27.6038 0
      vertex 65.3788 27.7032 0
    endloop
  endfacet
  facet normal 0.541557 -0.541563 0.642982
    outer loop
      vertex 64.2194 27.8268 1
      vertex 64.8462 27.2664 0
      vertex 65.0288 27.4489 0
    endloop
  endfacet
  facet normal 0.541568 -0.541551 0.642983
    outer loop
      vertex 64.8462 27.2664 0
      vertex 64.2194 27.8268 1
      vertex 64.1586 27.766 1
    endloop
  endfacet
  facet normal -0.347705 -0.682403 0.642984
    outer loop
      vertex 66.9764 27.6038 0
      vertex 66.8906 28.5897 1
      vertex 66.7812 27.7032 0
    endloop
  endfacet
  facet normal -0.347705 -0.682403 0.642984
    outer loop
      vertex 66.8906 28.5897 1
      vertex 66.9764 27.6038 0
      vertex 67.476 28.2914 1
    endloop
  endfacet
  facet normal -0.756448 0.119821 0.642985
    outer loop
      vertex 67.5304 25.8987 0
      vertex 68.3522 25.7211 1
      vertex 67.5707 26.1537 0
    endloop
  endfacet
  facet normal -0.756452 0.119799 0.642985
    outer loop
      vertex 68.3522 25.7211 1
      vertex 67.5304 25.8987 0
      vertex 68.3388 25.6361 1
    endloop
  endfacet
  facet normal -0.682406 0.347694 0.642986
    outer loop
      vertex 67.4132 25.6688 0
      vertex 68.3388 25.6361 1
      vertex 67.5304 25.8987 0
    endloop
  endfacet
  facet normal -0.682399 0.347719 0.64298
    outer loop
      vertex 68.3388 25.6361 1
      vertex 67.4132 25.6688 0
      vertex 68.2997 25.5594 1
    endloop
  endfacet
  facet normal -0.541563 0.541556 0.642982
    outer loop
      vertex 67.1589 25.3188 0
      vertex 68.0014 24.974 1
      vertex 67.3138 25.4736 0
    endloop
  endfacet
  facet normal -0.541562 0.541558 0.642982
    outer loop
      vertex 68.0014 24.974 1
      vertex 67.1589 25.3188 0
      vertex 67.5368 24.5094 1
    endloop
  endfacet
  facet normal -0.347704 0.682403 0.642984
    outer loop
      vertex 66.9764 25.1362 0
      vertex 67.3993 24.4095 1
      vertex 67.476 24.4486 1
    endloop
  endfacet
  facet normal -0.347704 0.682403 0.642984
    outer loop
      vertex 67.3993 24.4095 1
      vertex 66.9764 25.1362 0
      vertex 66.7464 25.0191 0
    endloop
  endfacet
  facet normal -0.119812 0.756451 0.642983
    outer loop
      vertex 66.08 24.845 0
      vertex 66.165 24.0085 1
      vertex 66.3349 24.8854 0
    endloop
  endfacet
  facet normal -0.119821 0.75645 0.642983
    outer loop
      vertex 66.165 24.0085 1
      vertex 66.08 24.845 0
      vertex 66.08 23.995 1
    endloop
  endfacet
  facet normal 0.11981 0.756451 0.642983
    outer loop
      vertex 66.08 24.845 0
      vertex 65.995 24.0085 1
      vertex 66.08 23.995 1
    endloop
  endfacet
  facet normal 0.119808 0.756451 0.642983
    outer loop
      vertex 65.995 24.0085 1
      vertex 66.08 24.845 0
      vertex 65.8251 24.8854 0
    endloop
  endfacet
  facet normal 0.756451 0.119795 0.642985
    outer loop
      vertex 63.705 26.37 1
      vertex 64.5893 26.1537 0
      vertex 64.555 26.37 0
    endloop
  endfacet
  facet normal 0.756452 0.119812 0.642982
    outer loop
      vertex 64.5893 26.1537 0
      vertex 63.705 26.37 1
      vertex 63.8078 25.7211 1
    endloop
  endfacet
  facet normal 0.347705 -0.682404 0.642982
    outer loop
      vertex 65.3788 27.7032 0
      vertex 65.3461 28.6288 1
      vertex 65.2694 28.5897 1
    endloop
  endfacet
  facet normal 0.347695 -0.682407 0.642984
    outer loop
      vertex 65.3461 28.6288 1
      vertex 65.3788 27.7032 0
      vertex 65.6087 27.8204 0
    endloop
  endfacet
  facet normal 0.119804 -0.756452 0.642983
    outer loop
      vertex 65.6087 27.8204 0
      vertex 65.4311 28.6422 1
      vertex 65.3461 28.6288 1
    endloop
  endfacet
  facet normal 0.119812 -0.75645 0.642984
    outer loop
      vertex 65.4311 28.6422 1
      vertex 65.6087 27.8204 0
      vertex 65.8637 27.8607 0
    endloop
  endfacet
  facet normal -0.11981 -0.756451 0.642984
    outer loop
      vertex 66.2963 27.8607 0
      vertex 66.08 28.745 1
      vertex 66.08 27.895 0
    endloop
  endfacet
  facet normal -0.11981 -0.756451 0.642983
    outer loop
      vertex 66.08 28.745 1
      vertex 66.2963 27.8607 0
      vertex 66.7289 28.6422 1
    endloop
  endfacet
  facet normal -0.541562 -0.541558 0.642982
    outer loop
      vertex 67.476 28.2914 1
      vertex 67.3138 27.2664 0
      vertex 68.0014 27.766 1
    endloop
  endfacet
  facet normal -0.541557 -0.54156 0.642984
    outer loop
      vertex 67.3138 27.2664 0
      vertex 67.476 28.2914 1
      vertex 66.9764 27.6038 0
    endloop
  endfacet
  facet normal -0.347695 -0.682407 0.642984
    outer loop
      vertex 66.7812 27.7032 0
      vertex 66.8139 28.6288 1
      vertex 66.5512 27.8204 0
    endloop
  endfacet
  facet normal -0.347675 -0.682413 0.642989
    outer loop
      vertex 66.8139 28.6288 1
      vertex 66.7812 27.7032 0
      vertex 66.8906 28.5897 1
    endloop
  endfacet
  facet normal 0.682402 -0.347712 0.64298
    outer loop
      vertex 63.8212 27.1039 1
      vertex 64.7468 27.0712 0
      vertex 63.8603 27.1806 1
    endloop
  endfacet
  facet normal 0.682407 -0.347695 0.642984
    outer loop
      vertex 64.7468 27.0712 0
      vertex 63.8212 27.1039 1
      vertex 64.6296 26.8412 0
    endloop
  endfacet
  facet normal 0.756452 -0.119812 0.642982
    outer loop
      vertex 63.705 26.37 1
      vertex 64.5893 26.5863 0
      vertex 63.8078 27.0189 1
    endloop
  endfacet
  facet normal 0.756452 -0.119794 0.642986
    outer loop
      vertex 64.5893 26.5863 0
      vertex 63.705 26.37 1
      vertex 64.555 26.37 0
    endloop
  endfacet
  facet normal -0.756453 -0.119801 0.642983
    outer loop
      vertex 68.085 38.65 0
      vertex 68.9215 38.735 1
      vertex 68.0446 38.9049 0
    endloop
  endfacet
  facet normal -0.756452 -0.119804 0.642983
    outer loop
      vertex 68.9215 38.735 1
      vertex 68.085 38.65 0
      vertex 68.935 38.65 1
    endloop
  endfacet
  facet normal 0.756451 0.119821 0.642982
    outer loop
      vertex 64.185 38.65 1
      vertex 65.0693 38.4337 0
      vertex 65.035 38.65 0
    endloop
  endfacet
  facet normal 0.75645 0.119812 0.642984
    outer loop
      vertex 65.0693 38.4337 0
      vertex 64.185 38.65 1
      vertex 64.2878 38.0011 1
    endloop
  endfacet
  facet normal 0.347691 -0.682411 0.642982
    outer loop
      vertex 65.6636 39.8838 0
      vertex 65.2407 40.6105 1
      vertex 65.164 40.5714 1
    endloop
  endfacet
  facet normal 0.3477 -0.682406 0.642983
    outer loop
      vertex 65.2407 40.6105 1
      vertex 65.6636 39.8838 0
      vertex 65.8936 40.0009 0
    endloop
  endfacet
  facet normal -0.682407 -0.347698 0.642983
    outer loop
      vertex 67.9109 39.3164 0
      vertex 68.8188 39.3839 1
      vertex 68.5205 39.9693 1
    endloop
  endfacet
  facet normal -0.682406 -0.3477 0.642983
    outer loop
      vertex 68.8188 39.3839 1
      vertex 67.9109 39.3164 0
      vertex 68.0104 39.1213 0
    endloop
  endfacet
  facet normal -0.347718 0.682396 0.642983
    outer loop
      vertex 67.4564 37.4162 0
      vertex 67.8793 36.6895 1
      vertex 67.956 36.7286 1
    endloop
  endfacet
  facet normal -0.3477 0.682406 0.642983
    outer loop
      vertex 67.8793 36.6895 1
      vertex 67.4564 37.4162 0
      vertex 67.2264 37.2991 0
    endloop
  endfacet
  facet normal 0.756448 0.119821 0.642985
    outer loop
      vertex 64.2878 38.0011 1
      vertex 65.1096 38.1787 0
      vertex 65.0693 38.4337 0
    endloop
  endfacet
  facet normal 0.756452 0.119799 0.642985
    outer loop
      vertex 65.1096 38.1787 0
      vertex 64.2878 38.0011 1
      vertex 64.3012 37.9161 1
    endloop
  endfacet
  facet normal -0.756452 -0.119821 0.64298
    outer loop
      vertex 68.9215 38.735 1
      vertex 68.0104 39.1213 0
      vertex 68.0446 38.9049 0
    endloop
  endfacet
  facet normal -0.756451 -0.119812 0.642982
    outer loop
      vertex 68.0104 39.1213 0
      vertex 68.9215 38.735 1
      vertex 68.8188 39.3839 1
    endloop
  endfacet
  facet normal -0.541556 0.54156 0.642985
    outer loop
      vertex 67.7937 37.7536 0
      vertex 67.956 36.7286 1
      vertex 68.4814 37.254 1
    endloop
  endfacet
  facet normal -0.541567 0.541555 0.64298
    outer loop
      vertex 67.956 36.7286 1
      vertex 67.7937 37.7536 0
      vertex 67.4564 37.4162 0
    endloop
  endfacet
  facet normal -0.119808 0.756451 0.642984
    outer loop
      vertex 67.0312 37.1996 0
      vertex 66.645 36.2885 1
      vertex 67.2939 36.3912 1
    endloop
  endfacet
  facet normal -0.11981 0.756451 0.642983
    outer loop
      vertex 66.645 36.2885 1
      vertex 67.0312 37.1996 0
      vertex 66.8149 37.1654 0
    endloop
  endfacet
  facet normal -0.347703 0.682404 0.642983
    outer loop
      vertex 67.2264 37.2991 0
      vertex 67.2939 36.3912 1
      vertex 67.8793 36.6895 1
    endloop
  endfacet
  facet normal -0.347699 0.682405 0.642984
    outer loop
      vertex 67.2939 36.3912 1
      vertex 67.2264 37.2991 0
      vertex 67.0312 37.1996 0
    endloop
  endfacet
  facet normal 0.119838 0.756448 0.642982
    outer loop
      vertex 66.56 37.125 0
      vertex 66.475 36.2885 1
      vertex 66.56 36.275 1
    endloop
  endfacet
  facet normal 0.119812 0.756451 0.642983
    outer loop
      vertex 66.475 36.2885 1
      vertex 66.56 37.125 0
      vertex 66.3051 37.1654 0
    endloop
  endfacet
  facet normal 0.119805 0.756451 0.642984
    outer loop
      vertex 66.0887 37.1996 0
      vertex 66.475 36.2885 1
      vertex 66.3051 37.1654 0
    endloop
  endfacet
  facet normal 0.119807 0.756451 0.642984
    outer loop
      vertex 66.475 36.2885 1
      vertex 66.0887 37.1996 0
      vertex 65.8261 36.3912 1
    endloop
  endfacet
  facet normal 0.75645 -0.119813 0.642984
    outer loop
      vertex 64.185 38.65 1
      vertex 65.0693 38.8663 0
      vertex 64.2878 39.2989 1
    endloop
  endfacet
  facet normal 0.75645 -0.119823 0.642982
    outer loop
      vertex 65.0693 38.8663 0
      vertex 64.185 38.65 1
      vertex 65.035 38.65 0
    endloop
  endfacet
  facet normal 0.119813 -0.75645 0.642984
    outer loop
      vertex 66.3437 40.1407 0
      vertex 66.56 41.025 1
      vertex 65.9111 40.9222 1
    endloop
  endfacet
  facet normal 0.11981 -0.75645 0.642984
    outer loop
      vertex 66.56 41.025 1
      vertex 66.3437 40.1407 0
      vertex 66.56 40.175 0
    endloop
  endfacet
  facet normal 0.347706 -0.682402 0.642984
    outer loop
      vertex 65.8936 40.0009 0
      vertex 65.8261 40.9088 1
      vertex 65.2407 40.6105 1
    endloop
  endfacet
  facet normal 0.34771 -0.6824 0.642983
    outer loop
      vertex 65.8261 40.9088 1
      vertex 65.8936 40.0009 0
      vertex 66.0887 40.1004 0
    endloop
  endfacet
  facet normal -0.682394 -0.347717 0.642986
    outer loop
      vertex 67.7937 39.5464 0
      vertex 68.5205 39.9693 1
      vertex 68.4814 40.046 1
    endloop
  endfacet
  facet normal -0.682397 -0.347712 0.642986
    outer loop
      vertex 68.5205 39.9693 1
      vertex 67.7937 39.5464 0
      vertex 67.9109 39.3164 0
    endloop
  endfacet
  facet normal -0.119805 -0.756451 0.642985
    outer loop
      vertex 66.7763 40.1407 0
      vertex 66.56 41.025 1
      vertex 66.56 40.175 0
    endloop
  endfacet
  facet normal -0.119811 -0.756451 0.642983
    outer loop
      vertex 66.56 41.025 1
      vertex 66.7763 40.1407 0
      vertex 67.2089 40.9222 1
    endloop
  endfacet
  facet normal -0.682406 0.3477 0.642983
    outer loop
      vertex 67.9109 37.9836 0
      vertex 68.8188 37.9161 1
      vertex 68.0104 38.1787 0
    endloop
  endfacet
  facet normal -0.682407 0.347698 0.642983
    outer loop
      vertex 68.8188 37.9161 1
      vertex 67.9109 37.9836 0
      vertex 68.5205 37.3307 1
    endloop
  endfacet
  facet normal -0.119808 0.756451 0.642983
    outer loop
      vertex 66.56 37.125 0
      vertex 66.645 36.2885 1
      vertex 66.8149 37.1654 0
    endloop
  endfacet
  facet normal -0.119827 0.756449 0.642983
    outer loop
      vertex 66.645 36.2885 1
      vertex 66.56 37.125 0
      vertex 66.56 36.275 1
    endloop
  endfacet
  facet normal 0.682408 0.347696 0.642982
    outer loop
      vertex 64.5995 37.3307 1
      vertex 65.3262 37.7536 0
      vertex 65.2091 37.9836 0
    endloop
  endfacet
  facet normal 0.682396 0.347718 0.642983
    outer loop
      vertex 65.3262 37.7536 0
      vertex 64.5995 37.3307 1
      vertex 64.6386 37.254 1
    endloop
  endfacet
  facet normal 0.682404 0.347699 0.642986
    outer loop
      vertex 64.3012 37.9161 1
      vertex 65.2091 37.9836 0
      vertex 65.1096 38.1787 0
    endloop
  endfacet
  facet normal 0.682402 0.347704 0.642984
    outer loop
      vertex 65.2091 37.9836 0
      vertex 64.3012 37.9161 1
      vertex 64.5995 37.3307 1
    endloop
  endfacet
  facet normal 0.347699 0.682405 0.642984
    outer loop
      vertex 65.8936 37.2991 0
      vertex 65.8261 36.3912 1
      vertex 66.0887 37.1996 0
    endloop
  endfacet
  facet normal 0.347703 0.682404 0.642983
    outer loop
      vertex 65.8261 36.3912 1
      vertex 65.8936 37.2991 0
      vertex 65.2407 36.6895 1
    endloop
  endfacet
  facet normal 0.682404 -0.347705 0.642982
    outer loop
      vertex 64.3403 39.4606 1
      vertex 65.3262 39.5464 0
      vertex 64.6386 40.046 1
    endloop
  endfacet
  facet normal 0.682405 -0.347699 0.642984
    outer loop
      vertex 65.3262 39.5464 0
      vertex 64.3403 39.4606 1
      vertex 65.2268 39.3512 0
    endloop
  endfacet
  facet normal 0.541559 -0.541559 0.642984
    outer loop
      vertex 65.164 40.5714 1
      vertex 65.3262 39.5464 0
      vertex 65.6636 39.8838 0
    endloop
  endfacet
  facet normal 0.541562 -0.541558 0.642983
    outer loop
      vertex 65.3262 39.5464 0
      vertex 65.164 40.5714 1
      vertex 64.6386 40.046 1
    endloop
  endfacet
  facet normal 0.119794 -0.756454 0.642983
    outer loop
      vertex 66.0887 40.1004 0
      vertex 65.9111 40.9222 1
      vertex 65.8261 40.9088 1
    endloop
  endfacet
  facet normal 0.119808 -0.756451 0.642983
    outer loop
      vertex 65.9111 40.9222 1
      vertex 66.0887 40.1004 0
      vertex 66.3437 40.1407 0
    endloop
  endfacet
  facet normal -0.34771 -0.6824 0.642983
    outer loop
      vertex 67.2264 40.0009 0
      vertex 67.2939 40.9088 1
      vertex 67.0312 40.1004 0
    endloop
  endfacet
  facet normal -0.347706 -0.682402 0.642984
    outer loop
      vertex 67.2939 40.9088 1
      vertex 67.2264 40.0009 0
      vertex 67.8793 40.6105 1
    endloop
  endfacet
  facet normal -0.541556 -0.54156 0.642985
    outer loop
      vertex 67.956 40.5714 1
      vertex 67.7937 39.5464 0
      vertex 68.4814 40.046 1
    endloop
  endfacet
  facet normal -0.541567 -0.541555 0.64298
    outer loop
      vertex 67.7937 39.5464 0
      vertex 67.956 40.5714 1
      vertex 67.4564 39.8838 0
    endloop
  endfacet
  facet normal -0.756453 0.119799 0.642983
    outer loop
      vertex 68.085 38.65 0
      vertex 68.9215 38.565 1
      vertex 68.935 38.65 1
    endloop
  endfacet
  facet normal -0.756453 0.119799 0.642983
    outer loop
      vertex 68.9215 38.565 1
      vertex 68.085 38.65 0
      vertex 68.0446 38.3951 0
    endloop
  endfacet
  facet normal -0.756452 0.119821 0.64298
    outer loop
      vertex 68.0104 38.1787 0
      vertex 68.9215 38.565 1
      vertex 68.0446 38.3951 0
    endloop
  endfacet
  facet normal -0.756451 0.119812 0.642982
    outer loop
      vertex 68.9215 38.565 1
      vertex 68.0104 38.1787 0
      vertex 68.8188 37.9161 1
    endloop
  endfacet
  facet normal 0.541559 0.541559 0.642984
    outer loop
      vertex 65.3262 37.7536 0
      vertex 65.164 36.7286 1
      vertex 65.6636 37.4162 0
    endloop
  endfacet
  facet normal 0.541562 0.541558 0.642983
    outer loop
      vertex 65.164 36.7286 1
      vertex 65.3262 37.7536 0
      vertex 64.6386 37.254 1
    endloop
  endfacet
  facet normal 0.682399 -0.347719 0.64298
    outer loop
      vertex 64.3012 39.3839 1
      vertex 65.2268 39.3512 0
      vertex 64.3403 39.4606 1
    endloop
  endfacet
  facet normal 0.682406 -0.347694 0.642986
    outer loop
      vertex 65.2268 39.3512 0
      vertex 64.3012 39.3839 1
      vertex 65.1096 39.1213 0
    endloop
  endfacet
  facet normal -0.347692 -0.682412 0.642981
    outer loop
      vertex 67.4564 39.8838 0
      vertex 67.8793 40.6105 1
      vertex 67.2264 40.0009 0
    endloop
  endfacet
  facet normal -0.347692 -0.682412 0.642981
    outer loop
      vertex 67.8793 40.6105 1
      vertex 67.4564 39.8838 0
      vertex 67.956 40.5714 1
    endloop
  endfacet
  facet normal -0.682397 0.347712 0.642986
    outer loop
      vertex 67.7937 37.7536 0
      vertex 68.5205 37.3307 1
      vertex 67.9109 37.9836 0
    endloop
  endfacet
  facet normal -0.682394 0.347717 0.642986
    outer loop
      vertex 68.5205 37.3307 1
      vertex 67.7937 37.7536 0
      vertex 68.4814 37.254 1
    endloop
  endfacet
  facet normal 0.347708 0.6824 0.642984
    outer loop
      vertex 65.6636 37.4162 0
      vertex 65.2407 36.6895 1
      vertex 65.8936 37.2991 0
    endloop
  endfacet
  facet normal 0.347717 0.682395 0.642985
    outer loop
      vertex 65.2407 36.6895 1
      vertex 65.6636 37.4162 0
      vertex 65.164 36.7286 1
    endloop
  endfacet
  facet normal 0.756452 -0.119799 0.642985
    outer loop
      vertex 64.2878 39.2989 1
      vertex 65.1096 39.1213 0
      vertex 64.3012 39.3839 1
    endloop
  endfacet
  facet normal 0.756448 -0.119821 0.642985
    outer loop
      vertex 65.1096 39.1213 0
      vertex 64.2878 39.2989 1
      vertex 65.0693 38.8663 0
    endloop
  endfacet
  facet normal -0.119812 -0.75645 0.642984
    outer loop
      vertex 67.0312 40.1004 0
      vertex 67.2089 40.9222 1
      vertex 66.7763 40.1407 0
    endloop
  endfacet
  facet normal -0.119804 -0.756452 0.642983
    outer loop
      vertex 67.2089 40.9222 1
      vertex 67.0312 40.1004 0
      vertex 67.2939 40.9088 1
    endloop
  endfacet
  facet normal -0.75645 -0.119823 0.642982
    outer loop
      vertex 67.625 49.65 1
      vertex 66.7407 49.8663 0
      vertex 66.775 49.65 0
    endloop
  endfacet
  facet normal -0.75645 -0.119813 0.642984
    outer loop
      vertex 66.7407 49.8663 0
      vertex 67.625 49.65 1
      vertex 67.5222 50.2989 1
    endloop
  endfacet
  facet normal -0.756454 -0.119799 0.642981
    outer loop
      vertex 66.7004 50.1213 0
      vertex 67.5222 50.2989 1
      vertex 67.5088 50.3839 1
    endloop
  endfacet
  facet normal -0.756454 -0.119799 0.642981
    outer loop
      vertex 67.5222 50.2989 1
      vertex 66.7004 50.1213 0
      vertex 66.7407 49.8663 0
    endloop
  endfacet
  facet normal 0.756451 0.11981 0.642983
    outer loop
      vertex 62.9778 49.0011 1
      vertex 63.7996 49.1787 0
      vertex 63.7593 49.4337 0
    endloop
  endfacet
  facet normal 0.756447 0.119832 0.642984
    outer loop
      vertex 63.7996 49.1787 0
      vertex 62.9778 49.0011 1
      vertex 62.9912 48.9161 1
    endloop
  endfacet
  facet normal 0.682402 0.347711 0.642982
    outer loop
      vertex 62.9912 48.9161 1
      vertex 63.8991 48.9836 0
      vertex 63.7996 49.1787 0
    endloop
  endfacet
  facet normal 0.682405 0.347701 0.642984
    outer loop
      vertex 63.8991 48.9836 0
      vertex 62.9912 48.9161 1
      vertex 63.2895 48.3307 1
    endloop
  endfacet
  facet normal 0.119805 0.756451 0.642984
    outer loop
      vertex 64.7787 48.1996 0
      vertex 65.165 47.2885 1
      vertex 64.9951 48.1654 0
    endloop
  endfacet
  facet normal 0.119807 0.756451 0.642984
    outer loop
      vertex 65.165 47.2885 1
      vertex 64.7787 48.1996 0
      vertex 64.5161 47.3912 1
    endloop
  endfacet
  facet normal 0.347708 0.6824 0.642984
    outer loop
      vertex 64.3536 48.4162 0
      vertex 63.9307 47.6895 1
      vertex 64.5836 48.2991 0
    endloop
  endfacet
  facet normal 0.347704 0.682403 0.642984
    outer loop
      vertex 63.9307 47.6895 1
      vertex 64.3536 48.4162 0
      vertex 63.854 47.7286 1
    endloop
  endfacet
  facet normal -0.756454 0.119799 0.642981
    outer loop
      vertex 66.7004 49.1787 0
      vertex 67.5222 49.0011 1
      vertex 66.7407 49.4337 0
    endloop
  endfacet
  facet normal -0.756454 0.119799 0.642981
    outer loop
      vertex 67.5222 49.0011 1
      vertex 66.7004 49.1787 0
      vertex 67.5088 48.9161 1
    endloop
  endfacet
  facet normal -0.756451 0.119821 0.642982
    outer loop
      vertex 66.7407 49.4337 0
      vertex 67.625 49.65 1
      vertex 66.775 49.65 0
    endloop
  endfacet
  facet normal -0.75645 0.119812 0.642984
    outer loop
      vertex 67.625 49.65 1
      vertex 66.7407 49.4337 0
      vertex 67.5222 49.0011 1
    endloop
  endfacet
  facet normal -0.682399 -0.347719 0.64298
    outer loop
      vertex 66.5832 50.3512 0
      vertex 67.5088 50.3839 1
      vertex 67.4697 50.4606 1
    endloop
  endfacet
  facet normal -0.6824 -0.347714 0.642981
    outer loop
      vertex 67.5088 50.3839 1
      vertex 66.5832 50.3512 0
      vertex 66.7004 50.1213 0
    endloop
  endfacet
  facet normal -0.541556 0.54156 0.642985
    outer loop
      vertex 66.4837 48.7536 0
      vertex 66.646 47.7286 1
      vertex 67.1714 48.254 1
    endloop
  endfacet
  facet normal -0.541559 0.541559 0.642984
    outer loop
      vertex 66.646 47.7286 1
      vertex 66.4837 48.7536 0
      vertex 66.1464 48.4162 0
    endloop
  endfacet
  facet normal 0.541558 0.541558 0.642985
    outer loop
      vertex 64.0163 48.7536 0
      vertex 63.854 47.7286 1
      vertex 64.3536 48.4162 0
    endloop
  endfacet
  facet normal 0.541558 0.541558 0.642985
    outer loop
      vertex 63.854 47.7286 1
      vertex 64.0163 48.7536 0
      vertex 63.3286 48.254 1
    endloop
  endfacet
  facet normal 0.682403 0.347704 0.642984
    outer loop
      vertex 63.2895 48.3307 1
      vertex 64.0163 48.7536 0
      vertex 63.8991 48.9836 0
    endloop
  endfacet
  facet normal 0.68241 0.347691 0.642984
    outer loop
      vertex 64.0163 48.7536 0
      vertex 63.2895 48.3307 1
      vertex 63.3286 48.254 1
    endloop
  endfacet
  facet normal 0.756452 0.119808 0.642983
    outer loop
      vertex 62.875 49.65 1
      vertex 63.7593 49.4337 0
      vertex 63.725 49.65 0
    endloop
  endfacet
  facet normal 0.756452 0.119808 0.642983
    outer loop
      vertex 63.7593 49.4337 0
      vertex 62.875 49.65 1
      vertex 62.9778 49.0011 1
    endloop
  endfacet
  facet normal 0.119813 -0.75645 0.642984
    outer loop
      vertex 65.0337 51.1407 0
      vertex 65.25 52.025 1
      vertex 64.6011 51.9222 1
    endloop
  endfacet
  facet normal 0.11981 -0.75645 0.642984
    outer loop
      vertex 65.25 52.025 1
      vertex 65.0337 51.1407 0
      vertex 65.25 51.175 0
    endloop
  endfacet
  facet normal -0.682406 -0.347697 0.642984
    outer loop
      vertex 66.4837 50.5464 0
      vertex 67.4697 50.4606 1
      vertex 67.1714 51.046 1
    endloop
  endfacet
  facet normal -0.682405 -0.347699 0.642984
    outer loop
      vertex 67.4697 50.4606 1
      vertex 66.4837 50.5464 0
      vertex 66.5832 50.3512 0
    endloop
  endfacet
  facet normal -0.682406 0.3477 0.642983
    outer loop
      vertex 66.6009 48.9836 0
      vertex 67.5088 48.9161 1
      vertex 66.7004 49.1787 0
    endloop
  endfacet
  facet normal -0.682407 0.347698 0.642983
    outer loop
      vertex 67.5088 48.9161 1
      vertex 66.6009 48.9836 0
      vertex 67.2105 48.3307 1
    endloop
  endfacet
  facet normal -0.682397 0.347712 0.642986
    outer loop
      vertex 66.4837 48.7536 0
      vertex 67.2105 48.3307 1
      vertex 66.6009 48.9836 0
    endloop
  endfacet
  facet normal -0.682394 0.347717 0.642986
    outer loop
      vertex 67.2105 48.3307 1
      vertex 66.4837 48.7536 0
      vertex 67.1714 48.254 1
    endloop
  endfacet
  facet normal -0.119807 0.756451 0.642984
    outer loop
      vertex 65.7213 48.1996 0
      vertex 65.335 47.2885 1
      vertex 65.9839 47.3912 1
    endloop
  endfacet
  facet normal -0.119805 0.756451 0.642984
    outer loop
      vertex 65.335 47.2885 1
      vertex 65.7213 48.1996 0
      vertex 65.5049 48.1654 0
    endloop
  endfacet
  facet normal -0.347703 0.682404 0.642983
    outer loop
      vertex 65.9164 48.2991 0
      vertex 65.9839 47.3912 1
      vertex 66.5693 47.6895 1
    endloop
  endfacet
  facet normal -0.347699 0.682405 0.642984
    outer loop
      vertex 65.9839 47.3912 1
      vertex 65.9164 48.2991 0
      vertex 65.7213 48.1996 0
    endloop
  endfacet
  facet normal -0.347717 0.682395 0.642985
    outer loop
      vertex 66.1464 48.4162 0
      vertex 66.5693 47.6895 1
      vertex 66.646 47.7286 1
    endloop
  endfacet
  facet normal -0.347708 0.6824 0.642984
    outer loop
      vertex 66.5693 47.6895 1
      vertex 66.1464 48.4162 0
      vertex 65.9164 48.2991 0
    endloop
  endfacet
  facet normal 0.347699 0.682405 0.642984
    outer loop
      vertex 64.5836 48.2991 0
      vertex 64.5161 47.3912 1
      vertex 64.7787 48.1996 0
    endloop
  endfacet
  facet normal 0.347703 0.682404 0.642983
    outer loop
      vertex 64.5161 47.3912 1
      vertex 64.5836 48.2991 0
      vertex 63.9307 47.6895 1
    endloop
  endfacet
  facet normal -0.119812 0.756451 0.642983
    outer loop
      vertex 65.25 48.125 0
      vertex 65.335 47.2885 1
      vertex 65.5049 48.1654 0
    endloop
  endfacet
  facet normal -0.119838 0.756448 0.642982
    outer loop
      vertex 65.335 47.2885 1
      vertex 65.25 48.125 0
      vertex 65.25 47.275 1
    endloop
  endfacet
  facet normal 0.119838 0.756448 0.642982
    outer loop
      vertex 65.25 48.125 0
      vertex 65.165 47.2885 1
      vertex 65.25 47.275 1
    endloop
  endfacet
  facet normal 0.119812 0.756451 0.642983
    outer loop
      vertex 65.165 47.2885 1
      vertex 65.25 48.125 0
      vertex 64.9951 48.1654 0
    endloop
  endfacet
  facet normal 0.756452 -0.119808 0.642983
    outer loop
      vertex 62.875 49.65 1
      vertex 63.7593 49.8663 0
      vertex 62.9778 50.2989 1
    endloop
  endfacet
  facet normal 0.756452 -0.11981 0.642983
    outer loop
      vertex 63.7593 49.8663 0
      vertex 62.875 49.65 1
      vertex 63.725 49.65 0
    endloop
  endfacet
  facet normal 0.682408 -0.34769 0.642986
    outer loop
      vertex 62.9912 50.3839 1
      vertex 63.9168 50.3512 0
      vertex 63.0303 50.4606 1
    endloop
  endfacet
  facet normal 0.682404 -0.347705 0.642982
    outer loop
      vertex 63.9168 50.3512 0
      vertex 62.9912 50.3839 1
      vertex 63.7996 50.1213 0
    endloop
  endfacet
  facet normal -0.11981 -0.75645 0.642984
    outer loop
      vertex 65.4663 51.1407 0
      vertex 65.25 52.025 1
      vertex 65.25 51.175 0
    endloop
  endfacet
  facet normal -0.119813 -0.75645 0.642984
    outer loop
      vertex 65.25 52.025 1
      vertex 65.4663 51.1407 0
      vertex 65.8989 51.9222 1
    endloop
  endfacet
  facet normal -0.541556 -0.54156 0.642985
    outer loop
      vertex 66.646 51.5714 1
      vertex 66.4837 50.5464 0
      vertex 67.1714 51.046 1
    endloop
  endfacet
  facet normal -0.541559 -0.541559 0.642984
    outer loop
      vertex 66.4837 50.5464 0
      vertex 66.646 51.5714 1
      vertex 66.1464 50.8838 0
    endloop
  endfacet
  facet normal 0.756447 -0.119832 0.642984
    outer loop
      vertex 62.9778 50.2989 1
      vertex 63.7996 50.1213 0
      vertex 62.9912 50.3839 1
    endloop
  endfacet
  facet normal 0.756451 -0.11981 0.642983
    outer loop
      vertex 63.7996 50.1213 0
      vertex 62.9778 50.2989 1
      vertex 63.7593 49.8663 0
    endloop
  endfacet
  facet normal 0.347701 -0.682404 0.642984
    outer loop
      vertex 64.3536 50.8838 0
      vertex 64.4394 51.8697 1
      vertex 63.854 51.5714 1
    endloop
  endfacet
  facet normal 0.347699 -0.682405 0.642985
    outer loop
      vertex 64.4394 51.8697 1
      vertex 64.3536 50.8838 0
      vertex 64.5488 50.9832 0
    endloop
  endfacet
  facet normal 0.541558 -0.541558 0.642985
    outer loop
      vertex 63.854 51.5714 1
      vertex 64.0163 50.5464 0
      vertex 64.3536 50.8838 0
    endloop
  endfacet
  facet normal 0.541558 -0.541558 0.642985
    outer loop
      vertex 64.0163 50.5464 0
      vertex 63.854 51.5714 1
      vertex 63.3286 51.046 1
    endloop
  endfacet
  facet normal 0.682404 -0.347701 0.642985
    outer loop
      vertex 63.0303 50.4606 1
      vertex 64.0163 50.5464 0
      vertex 63.3286 51.046 1
    endloop
  endfacet
  facet normal 0.682401 -0.347711 0.642982
    outer loop
      vertex 64.0163 50.5464 0
      vertex 63.0303 50.4606 1
      vertex 63.9168 50.3512 0
    endloop
  endfacet
  facet normal -0.347699 -0.682405 0.642985
    outer loop
      vertex 66.1464 50.8838 0
      vertex 66.0606 51.8697 1
      vertex 65.9512 50.9832 0
    endloop
  endfacet
  facet normal -0.347703 -0.682404 0.642983
    outer loop
      vertex 66.0606 51.8697 1
      vertex 66.1464 50.8838 0
      vertex 66.646 51.5714 1
    endloop
  endfacet
  facet normal -0.119808 -0.756451 0.642983
    outer loop
      vertex 65.7213 51.1004 0
      vertex 65.8989 51.9222 1
      vertex 65.4663 51.1407 0
    endloop
  endfacet
  facet normal -0.119794 -0.756454 0.642983
    outer loop
      vertex 65.8989 51.9222 1
      vertex 65.7213 51.1004 0
      vertex 65.9839 51.9088 1
    endloop
  endfacet
  facet normal 0.347719 -0.682398 0.642981
    outer loop
      vertex 64.5488 50.9832 0
      vertex 64.5161 51.9088 1
      vertex 64.4394 51.8697 1
    endloop
  endfacet
  facet normal 0.347709 -0.682401 0.642983
    outer loop
      vertex 64.5161 51.9088 1
      vertex 64.5488 50.9832 0
      vertex 64.7787 51.1004 0
    endloop
  endfacet
  facet normal 0.119794 -0.756454 0.642983
    outer loop
      vertex 64.7787 51.1004 0
      vertex 64.6011 51.9222 1
      vertex 64.5161 51.9088 1
    endloop
  endfacet
  facet normal 0.119808 -0.756451 0.642983
    outer loop
      vertex 64.6011 51.9222 1
      vertex 64.7787 51.1004 0
      vertex 65.0337 51.1407 0
    endloop
  endfacet
  facet normal -0.347709 -0.682401 0.642983
    outer loop
      vertex 65.9512 50.9832 0
      vertex 65.9839 51.9088 1
      vertex 65.7213 51.1004 0
    endloop
  endfacet
  facet normal -0.347719 -0.682398 0.642981
    outer loop
      vertex 65.9839 51.9088 1
      vertex 65.9512 50.9832 0
      vertex 66.0606 51.8697 1
    endloop
  endfacet
  facet normal -0.756453 -0.119801 0.642983
    outer loop
      vertex 65.825 60.65 0
      vertex 66.6615 60.735 1
      vertex 65.7846 60.9049 0
    endloop
  endfacet
  facet normal -0.756443 -0.119871 0.642981
    outer loop
      vertex 66.6615 60.735 1
      vertex 65.825 60.65 0
      vertex 66.675 60.65 1
    endloop
  endfacet
  facet normal 0.347703 -0.682404 0.642983
    outer loop
      vertex 63.4036 61.8838 0
      vertex 63.4894 62.8697 1
      vertex 62.904 62.5714 1
    endloop
  endfacet
  facet normal 0.347693 -0.682407 0.642986
    outer loop
      vertex 63.4894 62.8697 1
      vertex 63.4036 61.8838 0
      vertex 63.5988 61.9832 0
    endloop
  endfacet
  facet normal -0.541562 0.541557 0.642983
    outer loop
      vertex 65.3512 59.5711 0
      vertex 65.696 58.7286 1
      vertex 66.1606 59.1932 1
    endloop
  endfacet
  facet normal -0.541559 0.541559 0.642984
    outer loop
      vertex 65.696 58.7286 1
      vertex 65.3512 59.5711 0
      vertex 65.1964 59.4162 0
    endloop
  endfacet
  facet normal -0.682399 -0.347719 0.64298
    outer loop
      vertex 65.6332 61.3512 0
      vertex 66.5588 61.3839 1
      vertex 66.5197 61.4606 1
    endloop
  endfacet
  facet normal -0.682406 -0.347694 0.642986
    outer loop
      vertex 66.5588 61.3839 1
      vertex 65.6332 61.3512 0
      vertex 65.7504 61.1213 0
    endloop
  endfacet
  facet normal 0.756451 0.11981 0.642983
    outer loop
      vertex 62.0278 60.0011 1
      vertex 62.8496 60.1787 0
      vertex 62.8093 60.4337 0
    endloop
  endfacet
  facet normal 0.756453 0.119799 0.642983
    outer loop
      vertex 62.8496 60.1787 0
      vertex 62.0278 60.0011 1
      vertex 62.0412 59.9161 1
    endloop
  endfacet
  facet normal -0.756452 -0.119821 0.64298
    outer loop
      vertex 66.6615 60.735 1
      vertex 65.7504 61.1213 0
      vertex 65.7846 60.9049 0
    endloop
  endfacet
  facet normal -0.756451 -0.119803 0.642985
    outer loop
      vertex 65.7504 61.1213 0
      vertex 66.6615 60.735 1
      vertex 66.5588 61.3839 1
    endloop
  endfacet
  facet normal -0.756444 0.119866 0.642982
    outer loop
      vertex 65.825 60.65 0
      vertex 66.6615 60.565 1
      vertex 66.675 60.65 1
    endloop
  endfacet
  facet normal -0.756453 0.119799 0.642983
    outer loop
      vertex 66.6615 60.565 1
      vertex 65.825 60.65 0
      vertex 65.7846 60.3951 0
    endloop
  endfacet
  facet normal -0.756452 0.119821 0.64298
    outer loop
      vertex 65.7504 60.1787 0
      vertex 66.6615 60.565 1
      vertex 65.7846 60.3951 0
    endloop
  endfacet
  facet normal -0.756451 0.119803 0.642985
    outer loop
      vertex 66.6615 60.565 1
      vertex 65.7504 60.1787 0
      vertex 66.5588 59.9161 1
    endloop
  endfacet
  facet normal 0.347694 0.682407 0.642985
    outer loop
      vertex 63.6336 59.2991 0
      vertex 63.5661 58.3912 1
      vertex 63.8288 59.1996 0
    endloop
  endfacet
  facet normal 0.347701 0.682405 0.642983
    outer loop
      vertex 63.5661 58.3912 1
      vertex 63.6336 59.2991 0
      vertex 62.9807 58.6895 1
    endloop
  endfacet
  facet normal 0.541563 0.541557 0.642982
    outer loop
      vertex 63.0662 59.7536 0
      vertex 62.904 58.7286 1
      vertex 63.4036 59.4162 0
    endloop
  endfacet
  facet normal 0.541559 0.541559 0.642984
    outer loop
      vertex 62.904 58.7286 1
      vertex 63.0662 59.7536 0
      vertex 62.3786 59.254 1
    endloop
  endfacet
  facet normal 0.682403 -0.347705 0.642984
    outer loop
      vertex 62.0803 61.4606 1
      vertex 63.0662 61.5464 0
      vertex 62.3786 62.046 1
    endloop
  endfacet
  facet normal 0.682401 -0.347711 0.642982
    outer loop
      vertex 63.0662 61.5464 0
      vertex 62.0803 61.4606 1
      vertex 62.9668 61.3512 0
    endloop
  endfacet
  facet normal 0.75645 0.119807 0.642985
    outer loop
      vertex 61.925 60.65 1
      vertex 62.8093 60.4337 0
      vertex 62.775 60.65 0
    endloop
  endfacet
  facet normal 0.75645 0.119812 0.642984
    outer loop
      vertex 62.8093 60.4337 0
      vertex 61.925 60.65 1
      vertex 62.0278 60.0011 1
    endloop
  endfacet
  facet normal 0.541563 -0.541557 0.642982
    outer loop
      vertex 62.904 62.5714 1
      vertex 63.0662 61.5464 0
      vertex 63.4036 61.8838 0
    endloop
  endfacet
  facet normal 0.541559 -0.541559 0.642984
    outer loop
      vertex 63.0662 61.5464 0
      vertex 62.904 62.5714 1
      vertex 62.3786 62.046 1
    endloop
  endfacet
  facet normal -0.682404 -0.347705 0.642982
    outer loop
      vertex 65.5338 61.5464 0
      vertex 66.5197 61.4606 1
      vertex 66.2214 62.046 1
    endloop
  endfacet
  facet normal -0.682405 -0.347699 0.642984
    outer loop
      vertex 66.5197 61.4606 1
      vertex 65.5338 61.5464 0
      vertex 65.6332 61.3512 0
    endloop
  endfacet
  facet normal -0.11981 -0.75645 0.642984
    outer loop
      vertex 64.5163 62.1407 0
      vertex 64.3 63.025 1
      vertex 64.3 62.175 0
    endloop
  endfacet
  facet normal -0.119813 -0.75645 0.642984
    outer loop
      vertex 64.3 63.025 1
      vertex 64.5163 62.1407 0
      vertex 64.9489 62.9222 1
    endloop
  endfacet
  facet normal -0.3477 -0.682406 0.642983
    outer loop
      vertex 65.1964 61.8838 0
      vertex 65.1106 62.8697 1
      vertex 65.0012 61.9832 0
    endloop
  endfacet
  facet normal -0.3477 -0.682406 0.642983
    outer loop
      vertex 65.1106 62.8697 1
      vertex 65.1964 61.8838 0
      vertex 65.696 62.5714 1
    endloop
  endfacet
  facet normal -0.682404 0.347699 0.642986
    outer loop
      vertex 65.6509 59.9836 0
      vertex 66.5588 59.9161 1
      vertex 65.7504 60.1787 0
    endloop
  endfacet
  facet normal -0.682402 0.347704 0.642984
    outer loop
      vertex 66.5588 59.9161 1
      vertex 65.6509 59.9836 0
      vertex 66.2605 59.3307 1
    endloop
  endfacet
  facet normal -0.347717 0.682395 0.642985
    outer loop
      vertex 65.1964 59.4162 0
      vertex 65.6193 58.6895 1
      vertex 65.696 58.7286 1
    endloop
  endfacet
  facet normal -0.347699 0.682405 0.642984
    outer loop
      vertex 65.6193 58.6895 1
      vertex 65.1964 59.4162 0
      vertex 64.9664 59.2991 0
    endloop
  endfacet
  facet normal -0.347699 0.682405 0.642984
    outer loop
      vertex 64.9664 59.2991 0
      vertex 65.0339 58.3912 1
      vertex 65.6193 58.6895 1
    endloop
  endfacet
  facet normal -0.347699 0.682405 0.642984
    outer loop
      vertex 65.0339 58.3912 1
      vertex 64.9664 59.2991 0
      vertex 64.7712 59.1996 0
    endloop
  endfacet
  facet normal 0.11981 0.756451 0.642983
    outer loop
      vertex 63.8288 59.1996 0
      vertex 64.215 58.2885 1
      vertex 64.0451 59.1654 0
    endloop
  endfacet
  facet normal 0.119808 0.756451 0.642984
    outer loop
      vertex 64.215 58.2885 1
      vertex 63.8288 59.1996 0
      vertex 63.5661 58.3912 1
    endloop
  endfacet
  facet normal 0.682405 0.347699 0.642984
    outer loop
      vertex 62.0412 59.9161 1
      vertex 62.9491 59.9836 0
      vertex 62.8496 60.1787 0
    endloop
  endfacet
  facet normal 0.682405 0.347701 0.642984
    outer loop
      vertex 62.9491 59.9836 0
      vertex 62.0412 59.9161 1
      vertex 62.3395 59.3307 1
    endloop
  endfacet
  facet normal 0.347704 0.682403 0.642984
    outer loop
      vertex 63.4036 59.4162 0
      vertex 62.9807 58.6895 1
      vertex 63.6336 59.2991 0
    endloop
  endfacet
  facet normal 0.347718 0.682396 0.642984
    outer loop
      vertex 62.9807 58.6895 1
      vertex 63.4036 59.4162 0
      vertex 62.904 58.7286 1
    endloop
  endfacet
  facet normal 0.75645 -0.119813 0.642984
    outer loop
      vertex 61.925 60.65 1
      vertex 62.8093 60.8663 0
      vertex 62.0278 61.2989 1
    endloop
  endfacet
  facet normal 0.75645 -0.11981 0.642984
    outer loop
      vertex 62.8093 60.8663 0
      vertex 61.925 60.65 1
      vertex 62.775 60.65 0
    endloop
  endfacet
  facet normal 0.682408 -0.34769 0.642986
    outer loop
      vertex 62.0412 61.3839 1
      vertex 62.9668 61.3512 0
      vertex 62.0803 61.4606 1
    endloop
  endfacet
  facet normal 0.682407 -0.347695 0.642984
    outer loop
      vertex 62.9668 61.3512 0
      vertex 62.0412 61.3839 1
      vertex 62.8496 61.1213 0
    endloop
  endfacet
  facet normal 0.119811 -0.756451 0.642983
    outer loop
      vertex 64.0837 62.1407 0
      vertex 64.3 63.025 1
      vertex 63.6511 62.9222 1
    endloop
  endfacet
  facet normal 0.119805 -0.756451 0.642985
    outer loop
      vertex 64.3 63.025 1
      vertex 64.0837 62.1407 0
      vertex 64.3 62.175 0
    endloop
  endfacet
  facet normal 0.119804 -0.756452 0.642983
    outer loop
      vertex 63.8288 62.1004 0
      vertex 63.6511 62.9222 1
      vertex 63.5661 62.9088 1
    endloop
  endfacet
  facet normal 0.119812 -0.75645 0.642984
    outer loop
      vertex 63.6511 62.9222 1
      vertex 63.8288 62.1004 0
      vertex 64.0837 62.1407 0
    endloop
  endfacet
  facet normal -0.541562 -0.541557 0.642983
    outer loop
      vertex 65.696 62.5714 1
      vertex 65.3512 61.7289 0
      vertex 66.1606 62.1068 1
    endloop
  endfacet
  facet normal -0.541559 -0.541559 0.642984
    outer loop
      vertex 65.3512 61.7289 0
      vertex 65.696 62.5714 1
      vertex 65.1964 61.8838 0
    endloop
  endfacet
  facet normal -0.54156 -0.54156 0.642982
    outer loop
      vertex 66.1606 62.1068 1
      vertex 65.5338 61.5464 0
      vertex 66.2214 62.046 1
    endloop
  endfacet
  facet normal -0.54156 -0.54156 0.642982
    outer loop
      vertex 65.5338 61.5464 0
      vertex 66.1606 62.1068 1
      vertex 65.3512 61.7289 0
    endloop
  endfacet
  facet normal -0.682408 0.347696 0.642982
    outer loop
      vertex 65.5338 59.7536 0
      vertex 66.2605 59.3307 1
      vertex 65.6509 59.9836 0
    endloop
  endfacet
  facet normal -0.682396 0.347718 0.642983
    outer loop
      vertex 66.2605 59.3307 1
      vertex 65.5338 59.7536 0
      vertex 66.2214 59.254 1
    endloop
  endfacet
  facet normal -0.54156 0.54156 0.642982
    outer loop
      vertex 65.5338 59.7536 0
      vertex 66.1606 59.1932 1
      vertex 66.2214 59.254 1
    endloop
  endfacet
  facet normal -0.54156 0.54156 0.642982
    outer loop
      vertex 66.1606 59.1932 1
      vertex 65.5338 59.7536 0
      vertex 65.3512 59.5711 0
    endloop
  endfacet
  facet normal -0.119808 0.756451 0.642984
    outer loop
      vertex 64.7712 59.1996 0
      vertex 64.385 58.2885 1
      vertex 65.0339 58.3912 1
    endloop
  endfacet
  facet normal -0.11981 0.756451 0.642983
    outer loop
      vertex 64.385 58.2885 1
      vertex 64.7712 59.1996 0
      vertex 64.5549 59.1654 0
    endloop
  endfacet
  facet normal -0.119812 0.756451 0.642983
    outer loop
      vertex 64.3 59.125 0
      vertex 64.385 58.2885 1
      vertex 64.5549 59.1654 0
    endloop
  endfacet
  facet normal -0.119838 0.756448 0.642982
    outer loop
      vertex 64.385 58.2885 1
      vertex 64.3 59.125 0
      vertex 64.3 58.275 1
    endloop
  endfacet
  facet normal 0.682403 0.347704 0.642984
    outer loop
      vertex 62.3395 59.3307 1
      vertex 63.0662 59.7536 0
      vertex 62.9491 59.9836 0
    endloop
  endfacet
  facet normal 0.682395 0.347717 0.642985
    outer loop
      vertex 63.0662 59.7536 0
      vertex 62.3395 59.3307 1
      vertex 62.3786 59.254 1
    endloop
  endfacet
  facet normal 0.756453 -0.119799 0.642983
    outer loop
      vertex 62.0278 61.2989 1
      vertex 62.8496 61.1213 0
      vertex 62.0412 61.3839 1
    endloop
  endfacet
  facet normal 0.756451 -0.11981 0.642983
    outer loop
      vertex 62.8496 61.1213 0
      vertex 62.0278 61.2989 1
      vertex 62.8093 60.8663 0
    endloop
  endfacet
  facet normal 0.347704 -0.682403 0.642984
    outer loop
      vertex 63.5988 61.9832 0
      vertex 63.5661 62.9088 1
      vertex 63.4894 62.8697 1
    endloop
  endfacet
  facet normal 0.347704 -0.682403 0.642984
    outer loop
      vertex 63.5661 62.9088 1
      vertex 63.5988 61.9832 0
      vertex 63.8288 62.1004 0
    endloop
  endfacet
  facet normal -0.347699 -0.682405 0.642984
    outer loop
      vertex 65.0012 61.9832 0
      vertex 65.0339 62.9088 1
      vertex 64.7712 62.1004 0
    endloop
  endfacet
  facet normal -0.347719 -0.682399 0.642979
    outer loop
      vertex 65.0339 62.9088 1
      vertex 65.0012 61.9832 0
      vertex 65.1106 62.8697 1
    endloop
  endfacet
  facet normal 0.119827 0.756449 0.642983
    outer loop
      vertex 64.3 59.125 0
      vertex 64.215 58.2885 1
      vertex 64.3 58.275 1
    endloop
  endfacet
  facet normal 0.119808 0.756451 0.642983
    outer loop
      vertex 64.215 58.2885 1
      vertex 64.3 59.125 0
      vertex 64.0451 59.1654 0
    endloop
  endfacet
  facet normal -0.119812 -0.75645 0.642984
    outer loop
      vertex 64.7712 62.1004 0
      vertex 64.9489 62.9222 1
      vertex 64.5163 62.1407 0
    endloop
  endfacet
  facet normal -0.119804 -0.756452 0.642983
    outer loop
      vertex 64.9489 62.9222 1
      vertex 64.7712 62.1004 0
      vertex 65.0339 62.9088 1
    endloop
  endfacet
  facet normal 1 -0 0
    outer loop
      vertex 58.5 25 1
      vertex 58.5 30.5 0
      vertex 58.5 30.5 1
    endloop
  endfacet
  facet normal 1 0 0
    outer loop
      vertex 58.5 30.5 0
      vertex 58.5 25 1
      vertex 58.5 25 0
    endloop
  endfacet
  facet normal -1 0 0
    outer loop
      vertex 60 25 0
      vertex 60 30.5 1
      vertex 60 30.5 0
    endloop
  endfacet
  facet normal -1 -0 0
    outer loop
      vertex 60 30.5 1
      vertex 60 25 0
      vertex 60 25 1
    endloop
  endfacet
  facet normal 0 1 -0
    outer loop
      vertex 60 25 0
      vertex 58.5 25 1
      vertex 60 25 1
    endloop
  endfacet
  facet normal 0 1 0
    outer loop
      vertex 58.5 25 1
      vertex 60 25 0
      vertex 58.5 25 0
    endloop
  endfacet
  facet normal 0 -1 0
    outer loop
      vertex 58.5 30.5 0
      vertex 60 30.5 1
      vertex 58.5 30.5 1
    endloop
  endfacet
  facet normal 0 -1 -0
    outer loop
      vertex 60 30.5 1
      vertex 58.5 30.5 0
      vertex 60 30.5 0
    endloop
  endfacet
  facet normal 1 -0 0
    outer loop
      vertex 51.5 27 1
      vertex 51.5 28.5 0
      vertex 51.5 28.5 1
    endloop
  endfacet
  facet normal 1 0 0
    outer loop
      vertex 51.5 28.5 0
      vertex 51.5 27 1
      vertex 51.5 27 0
    endloop
  endfacet
  facet normal -1 0 0
    outer loop
      vertex 57 27 0
      vertex 57 28.5 1
      vertex 57 28.5 0
    endloop
  endfacet
  facet normal -1 -0 0
    outer loop
      vertex 57 28.5 1
      vertex 57 27 0
      vertex 57 27 1
    endloop
  endfacet
  facet normal 0 -1 0
    outer loop
      vertex 51.5 28.5 0
      vertex 57 28.5 1
      vertex 51.5 28.5 1
    endloop
  endfacet
  facet normal 0 -1 -0
    outer loop
      vertex 57 28.5 1
      vertex 51.5 28.5 0
      vertex 57 28.5 0
    endloop
  endfacet
  facet normal 0 1 -0
    outer loop
      vertex 57 27 0
      vertex 51.5 27 1
      vertex 57 27 1
    endloop
  endfacet
  facet normal 0 1 0
    outer loop
      vertex 51.5 27 1
      vertex 57 27 0
      vertex 51.5 27 0
    endloop
  endfacet
  facet normal 1 -0 0
    outer loop
      vertex 53.5 20 1
      vertex 53.5 25.5 0
      vertex 53.5 25.5 1
    endloop
  endfacet
  facet normal 1 0 0
    outer loop
      vertex 53.5 25.5 0
      vertex 53.5 20 1
      vertex 53.5 20 0
    endloop
  endfacet
  facet normal -1 0 0
    outer loop
      vertex 55 20 0
      vertex 55 25.5 1
      vertex 55 25.5 0
    endloop
  endfacet
  facet normal -1 -0 0
    outer loop
      vertex 55 25.5 1
      vertex 55 20 0
      vertex 55 20 1
    endloop
  endfacet
  facet normal 0 -1 0
    outer loop
      vertex 53.5 25.5 0
      vertex 55 25.5 1
      vertex 53.5 25.5 1
    endloop
  endfacet
  facet normal 0 -1 -0
    outer loop
      vertex 55 25.5 1
      vertex 53.5 25.5 0
      vertex 55 25.5 0
    endloop
  endfacet
  facet normal 0 1 -0
    outer loop
      vertex 55 20 0
      vertex 53.5 20 1
      vertex 55 20 1
    endloop
  endfacet
  facet normal 0 1 0
    outer loop
      vertex 53.5 20 1
      vertex 55 20 0
      vertex 53.5 20 0
    endloop
  endfacet
  facet normal 1 -0 0
    outer loop
      vertex 56.5 22 1
      vertex 56.5 23.5 0
      vertex 56.5 23.5 1
    endloop
  endfacet
  facet normal 1 0 0
    outer loop
      vertex 56.5 23.5 0
      vertex 56.5 22 1
      vertex 56.5 22 0
    endloop
  endfacet
  facet normal -1 0 0
    outer loop
      vertex 60.5 22 0
      vertex 60.5 23.5 1
      vertex 60.5 23.5 0
    endloop
  endfacet
  facet normal -1 -0 0
    outer loop
      vertex 60.5 23.5 1
      vertex 60.5 22 0
      vertex 60.5 22 1
    endloop
  endfacet
  facet normal 0 -1 0
    outer loop
      vertex 56.5 23.5 0
      vertex 60.5 23.5 1
      vertex 56.5 23.5 1
    endloop
  endfacet
  facet normal 0 -1 -0
    outer loop
      vertex 60.5 23.5 1
      vertex 56.5 23.5 0
      vertex 60.5 23.5 0
    endloop
  endfacet
  facet normal 0 1 -0
    outer loop
      vertex 60.5 22 0
      vertex 56.5 22 1
      vertex 60.5 22 1
    endloop
  endfacet
  facet normal 0 1 0
    outer loop
      vertex 56.5 22 1
      vertex 60.5 22 0
      vertex 56.5 22 0
    endloop
  endfacet
  facet normal 1 -0 0
    outer loop
      vertex 48.5 15 1
      vertex 48.5 20.5 0
      vertex 48.5 20.5 1
    endloop
  endfacet
  facet normal 1 0 0
    outer loop
      vertex 48.5 20.5 0
      vertex 48.5 15 1
      vertex 48.5 15 0
    endloop
  endfacet
  facet normal -1 0 0
    outer loop
      vertex 50 15 0
      vertex 50 20.5 1
      vertex 50 20.5 0
    endloop
  endfacet
  facet normal -1 -0 0
    outer loop
      vertex 50 20.5 1
      vertex 50 15 0
      vertex 50 15 1
    endloop
  endfacet
  facet normal 0 1 -0
    outer loop
      vertex 50 15 0
      vertex 48.5 15 1
      vertex 50 15 1
    endloop
  endfacet
  facet normal 0 1 0
    outer loop
      vertex 48.5 15 1
      vertex 50 15 0
      vertex 48.5 15 0
    endloop
  endfacet
  facet normal 0 -1 0
    outer loop
      vertex 48.5 20.5 0
      vertex 50 20.5 1
      vertex 48.5 20.5 1
    endloop
  endfacet
  facet normal 0 -1 -0
    outer loop
      vertex 50 20.5 1
      vertex 48.5 20.5 0
      vertex 50 20.5 0
    endloop
  endfacet
  facet normal 1 -0 0
    outer loop
      vertex 41.5 17 1
      vertex 41.5 18.5 0
      vertex 41.5 18.5 1
    endloop
  endfacet
  facet normal 1 0 0
    outer loop
      vertex 41.5 18.5 0
      vertex 41.5 17 1
      vertex 41.5 17 0
    endloop
  endfacet
  facet normal -1 0 0
    outer loop
      vertex 47 17 0
      vertex 47 18.5 1
      vertex 47 18.5 0
    endloop
  endfacet
  facet normal -1 -0 0
    outer loop
      vertex 47 18.5 1
      vertex 47 17 0
      vertex 47 17 1
    endloop
  endfacet
  facet normal 0 1 -0
    outer loop
      vertex 47 17 0
      vertex 41.5 17 1
      vertex 47 17 1
    endloop
  endfacet
  facet normal 0 1 0
    outer loop
      vertex 41.5 17 1
      vertex 47 17 0
      vertex 41.5 17 0
    endloop
  endfacet
  facet normal 0 -1 0
    outer loop
      vertex 41.5 18.5 0
      vertex 47 18.5 1
      vertex 41.5 18.5 1
    endloop
  endfacet
  facet normal 0 -1 -0
    outer loop
      vertex 47 18.5 1
      vertex 41.5 18.5 0
      vertex 47 18.5 0
    endloop
  endfacet
  facet normal 1 -0 0
    outer loop
      vertex 43.5 13 1
      vertex 43.5 15.5 0
      vertex 43.5 15.5 1
    endloop
  endfacet
  facet normal 1 0 0
    outer loop
      vertex 43.5 15.5 0
      vertex 43.5 13 1
      vertex 43.5 13 0
    endloop
  endfacet
  facet normal -1 0 0
    outer loop
      vertex 45 13 0
      vertex 45 15.5 1
      vertex 45 15.5 0
    endloop
  endfacet
  facet normal -1 -0 0
    outer loop
      vertex 45 15.5 1
      vertex 45 13 0
      vertex 45 13 1
    endloop
  endfacet
  facet normal 0 -1 0
    outer loop
      vertex 43.5 15.5 0
      vertex 45 15.5 1
      vertex 43.5 15.5 1
    endloop
  endfacet
  facet normal 0 -1 -0
    outer loop
      vertex 45 15.5 1
      vertex 43.5 15.5 0
      vertex 45 15.5 0
    endloop
  endfacet
  facet normal 0 1 -0
    outer loop
      vertex 45 13 0
      vertex 43.5 13 1
      vertex 45 13 1
    endloop
  endfacet
  facet normal 0 1 0
    outer loop
      vertex 43.5 13 1
      vertex 45 13 0
      vertex 43.5 13 0
    endloop
  endfacet
  facet normal 1 -0 0
    outer loop
      vertex 51.5 17 1
      vertex 51.5 18.5 0
      vertex 51.5 18.5 1
    endloop
  endfacet
  facet normal 1 0 0
    outer loop
      vertex 51.5 18.5 0
      vertex 51.5 17 1
      vertex 51.5 17 0
    endloop
  endfacet
  facet normal -1 0 0
    outer loop
      vertex 54.5 17 0
      vertex 54.5 18.5 1
      vertex 54.5 18.5 0
    endloop
  endfacet
  facet normal -1 -0 0
    outer loop
      vertex 54.5 18.5 1
      vertex 54.5 17 0
      vertex 54.5 17 1
    endloop
  endfacet
  facet normal 0 1 -0
    outer loop
      vertex 54.5 17 0
      vertex 51.5 17 1
      vertex 54.5 17 1
    endloop
  endfacet
  facet normal 0 1 0
    outer loop
      vertex 51.5 17 1
      vertex 54.5 17 0
      vertex 51.5 17 0
    endloop
  endfacet
  facet normal 0 -1 0
    outer loop
      vertex 51.5 18.5 0
      vertex 54.5 18.5 1
      vertex 51.5 18.5 1
    endloop
  endfacet
  facet normal 0 -1 -0
    outer loop
      vertex 54.5 18.5 1
      vertex 51.5 18.5 0
      vertex 54.5 18.5 0
    endloop
  endfacet
  facet normal 1 -0 0
    outer loop
      vertex 18.5 8 1
      vertex 18.5 10.5 0
      vertex 18.5 10.5 1
    endloop
  endfacet
  facet normal 1 0 0
    outer loop
      vertex 18.5 10.5 0
      vertex 18.5 8 1
      vertex 18.5 8 0
    endloop
  endfacet
  facet normal -1 0 0
    outer loop
      vertex 20 8 0
      vertex 20 10.5 1
      vertex 20 10.5 0
    endloop
  endfacet
  facet normal -1 -0 0
    outer loop
      vertex 20 10.5 1
      vertex 20 8 0
      vertex 20 8 1
    endloop
  endfacet
  facet normal 0 -1 0
    outer loop
      vertex 18.5 10.5 0
      vertex 20 10.5 1
      vertex 18.5 10.5 1
    endloop
  endfacet
  facet normal 0 -1 -0
    outer loop
      vertex 20 10.5 1
      vertex 18.5 10.5 0
      vertex 20 10.5 0
    endloop
  endfacet
  facet normal 0 1 -0
    outer loop
      vertex 20 8 0
      vertex 18.5 8 1
      vertex 20 8 1
    endloop
  endfacet
  facet normal 0 1 0
    outer loop
      vertex 18.5 8 1
      vertex 20 8 0
      vertex 18.5 8 0
    endloop
  endfacet
  facet normal 1 -0 0
    outer loop
      vertex 28.5 8 1
      vertex 28.5 10.5 0
      vertex 28.5 10.5 1
    endloop
  endfacet
  facet normal 1 0 0
    outer loop
      vertex 28.5 10.5 0
      vertex 28.5 8 1
      vertex 28.5 8 0
    endloop
  endfacet
  facet normal -1 0 0
    outer loop
      vertex 30 8 0
      vertex 30 10.5 1
      vertex 30 10.5 0
    endloop
  endfacet
  facet normal -1 -0 0
    outer loop
      vertex 30 10.5 1
      vertex 30 8 0
      vertex 30 8 1
    endloop
  endfacet
  facet normal 0 1 -0
    outer loop
      vertex 30 8 0
      vertex 28.5 8 1
      vertex 30 8 1
    endloop
  endfacet
  facet normal 0 1 0
    outer loop
      vertex 28.5 8 1
      vertex 30 8 0
      vertex 28.5 8 0
    endloop
  endfacet
  facet normal 0 -1 0
    outer loop
      vertex 28.5 10.5 0
      vertex 30 10.5 1
      vertex 28.5 10.5 1
    endloop
  endfacet
  facet normal 0 -1 -0
    outer loop
      vertex 30 10.5 1
      vertex 28.5 10.5 0
      vertex 30 10.5 0
    endloop
  endfacet
  facet normal 1 -0 0
    outer loop
      vertex 9.5 22 1
      vertex 9.5 23.5 0
      vertex 9.5 23.5 1
    endloop
  endfacet
  facet normal 1 0 0
    outer loop
      vertex 9.5 23.5 0
      vertex 9.5 22 1
      vertex 9.5 22 0
    endloop
  endfacet
  facet normal -1 0 0
    outer loop
      vertex 12 22 0
      vertex 12 23.5 1
      vertex 12 23.5 0
    endloop
  endfacet
  facet normal -1 -0 0
    outer loop
      vertex 12 23.5 1
      vertex 12 22 0
      vertex 12 22 1
    endloop
  endfacet
  facet normal 0 1 -0
    outer loop
      vertex 12 22 0
      vertex 9.5 22 1
      vertex 12 22 1
    endloop
  endfacet
  facet normal 0 1 0
    outer loop
      vertex 9.5 22 1
      vertex 12 22 0
      vertex 9.5 22 0
    endloop
  endfacet
  facet normal 0 -1 0
    outer loop
      vertex 9.5 23.5 0
      vertex 12 23.5 1
      vertex 9.5 23.5 1
    endloop
  endfacet
  facet normal 0 -1 -0
    outer loop
      vertex 12 23.5 1
      vertex 9.5 23.5 0
      vertex 12 23.5 0
    endloop
  endfacet
  facet normal 1 -0 0
    outer loop
      vertex 9 32 1
      vertex 9 33.5 0
      vertex 9 33.5 1
    endloop
  endfacet
  facet normal 1 0 0
    outer loop
      vertex 9 33.5 0
      vertex 9 32 1
      vertex 9 32 0
    endloop
  endfacet
  facet normal -1 0 0
    outer loop
      vertex 12 32 0
      vertex 12 33.5 1
      vertex 12 33.5 0
    endloop
  endfacet
  facet normal -1 -0 0
    outer loop
      vertex 12 33.5 1
      vertex 12 32 0
      vertex 12 32 1
    endloop
  endfacet
  facet normal 0 -1 0
    outer loop
      vertex 9 33.5 0
      vertex 12 33.5 1
      vertex 9 33.5 1
    endloop
  endfacet
  facet normal 0 -1 -0
    outer loop
      vertex 12 33.5 1
      vertex 9 33.5 0
      vertex 12 33.5 0
    endloop
  endfacet
  facet normal 0 1 -0
    outer loop
      vertex 12 32 0
      vertex 9 32 1
      vertex 12 32 1
    endloop
  endfacet
  facet normal 0 1 0
    outer loop
      vertex 9 32 1
      vertex 12 32 0
      vertex 9 32 0
    endloop
  endfacet
  facet normal 1 -0 0
    outer loop
      vertex 10 42 1
      vertex 10 43.5 0
      vertex 10 43.5 1
    endloop
  endfacet
  facet normal 1 0 0
    outer loop
      vertex 10 43.5 0
      vertex 10 42 1
      vertex 10 42 0
    endloop
  endfacet
  facet normal -1 0 0
    outer loop
      vertex 12 42 0
      vertex 12 43.5 1
      vertex 12 43.5 0
    endloop
  endfacet
  facet normal -1 -0 0
    outer loop
      vertex 12 43.5 1
      vertex 12 42 0
      vertex 12 42 1
    endloop
  endfacet
  facet normal 0 1 -0
    outer loop
      vertex 12 42 0
      vertex 10 42 1
      vertex 12 42 1
    endloop
  endfacet
  facet normal 0 1 0
    outer loop
      vertex 10 42 1
      vertex 12 42 0
      vertex 10 42 0
    endloop
  endfacet
  facet normal 0 -1 0
    outer loop
      vertex 10 43.5 0
      vertex 12 43.5 1
      vertex 10 43.5 1
    endloop
  endfacet
  facet normal 0 -1 -0
    outer loop
      vertex 12 43.5 1
      vertex 10 43.5 0
      vertex 12 43.5 0
    endloop
  endfacet
  facet normal 1 -0 0
    outer loop
      vertex 11 52 1
      vertex 11 53.5 0
      vertex 11 53.5 1
    endloop
  endfacet
  facet normal 1 0 0
    outer loop
      vertex 11 53.5 0
      vertex 11 52 1
      vertex 11 52 0
    endloop
  endfacet
  facet normal -1 0 0
    outer loop
      vertex 12 52 0
      vertex 12 53.5 1
      vertex 12 53.5 0
    endloop
  endfacet
  facet normal -1 -0 0
    outer loop
      vertex 12 53.5 1
      vertex 12 52 0
      vertex 12 52 1
    endloop
  endfacet
  facet normal 0 -1 0
    outer loop
      vertex 11 53.5 0
      vertex 12 53.5 1
      vertex 11 53.5 1
    endloop
  endfacet
  facet normal 0 -1 -0
    outer loop
      vertex 12 53.5 1
      vertex 11 53.5 0
      vertex 12 53.5 0
    endloop
  endfacet
  facet normal 0 1 -0
    outer loop
      vertex 12 52 0
      vertex 11 52 1
      vertex 12 52 1
    endloop
  endfacet
  facet normal 0 1 0
    outer loop
      vertex 11 52 1
      vertex 12 52 0
      vertex 11 52 0
    endloop
  endfacet
  facet normal 1 -0 0
    outer loop
      vertex 61.5 47 1
      vertex 61.5 48.5 0
      vertex 61.5 48.5 1
    endloop
  endfacet
  facet normal 1 0 0
    outer loop
      vertex 61.5 48.5 0
      vertex 61.5 47 1
      vertex 61.5 47 0
    endloop
  endfacet
  facet normal -1 0 0
    outer loop
      vertex 62.5 47 0
      vertex 62.5 48.5 1
      vertex 62.5 48.5 0
    endloop
  endfacet
  facet normal -1 -0 0
    outer loop
      vertex 62.5 48.5 1
      vertex 62.5 47 0
      vertex 62.5 47 1
    endloop
  endfacet
  facet normal 0 -1 0
    outer loop
      vertex 61.5 48.5 0
      vertex 62.5 48.5 1
      vertex 61.5 48.5 1
    endloop
  endfacet
  facet normal 0 -1 -0
    outer loop
      vertex 62.5 48.5 1
      vertex 61.5 48.5 0
      vertex 62.5 48.5 0
    endloop
  endfacet
  facet normal 0 1 -0
    outer loop
      vertex 62.5 47 0
      vertex 61.5 47 1
      vertex 62.5 47 1
    endloop
  endfacet
  facet normal 0 1 0
    outer loop
      vertex 61.5 47 1
      vertex 62.5 47 0
      vertex 61.5 47 0
    endloop
  endfacet
  facet normal 1 -0 0
    outer loop
      vertex 61.5 37 1
      vertex 61.5 38.5 0
      vertex 61.5 38.5 1
    endloop
  endfacet
  facet normal 1 0 0
    outer loop
      vertex 61.5 38.5 0
      vertex 61.5 37 1
      vertex 61.5 37 0
    endloop
  endfacet
  facet normal -1 0 0
    outer loop
      vertex 63.5 37 0
      vertex 63.5 38.5 1
      vertex 63.5 38.5 0
    endloop
  endfacet
  facet normal -1 -0 0
    outer loop
      vertex 63.5 38.5 1
      vertex 63.5 37 0
      vertex 63.5 37 1
    endloop
  endfacet
  facet normal 0 -1 0
    outer loop
      vertex 61.5 38.5 0
      vertex 63.5 38.5 1
      vertex 61.5 38.5 1
    endloop
  endfacet
  facet normal 0 -1 -0
    outer loop
      vertex 63.5 38.5 1
      vertex 61.5 38.5 0
      vertex 63.5 38.5 0
    endloop
  endfacet
  facet normal 0 1 -0
    outer loop
      vertex 63.5 37 0
      vertex 61.5 37 1
      vertex 63.5 37 1
    endloop
  endfacet
  facet normal 0 1 0
    outer loop
      vertex 61.5 37 1
      vertex 63.5 37 0
      vertex 61.5 37 0
    endloop
  endfacet
  facet normal 1 -0 0
    outer loop
      vertex 61.5 27 1
      vertex 61.5 28.5 0
      vertex 61.5 28.5 1
    endloop
  endfacet
  facet normal 1 0 0
    outer loop
      vertex 61.5 28.5 0
      vertex 61.5 27 1
      vertex 61.5 27 0
    endloop
  endfacet
  facet normal -1 0 0
    outer loop
      vertex 62.5 27 0
      vertex 62.5 28.5 1
      vertex 62.5 28.5 0
    endloop
  endfacet
  facet normal -1 -0 0
    outer loop
      vertex 62.5 28.5 1
      vertex 62.5 27 0
      vertex 62.5 27 1
    endloop
  endfacet
  facet normal 0 1 -0
    outer loop
      vertex 62.5 27 0
      vertex 61.5 27 1
      vertex 62.5 27 1
    endloop
  endfacet
  facet normal 0 1 0
    outer loop
      vertex 61.5 27 1
      vertex 62.5 27 0
      vertex 61.5 27 0
    endloop
  endfacet
  facet normal 0 -1 0
    outer loop
      vertex 61.5 28.5 0
      vertex 62.5 28.5 1
      vertex 61.5 28.5 1
    endloop
  endfacet
  facet normal 0 -1 -0
    outer loop
      vertex 62.5 28.5 1
      vertex 61.5 28.5 0
      vertex 62.5 28.5 0
    endloop
  endfacet
endsolid OpenSCAD_Model
